ISO-10303-21;
HEADER;
/* Generated by software containing ST-Developer
 * from STEP Tools, Inc. (www.steptools.com) 
 */
/* OPTION: using custom renumber hook */

FILE_DESCRIPTION(
/* description */ ('STEP AP242 Edition 2',
'CAx-IF Rec.Pracs.---Representation and Presentation of Product Manufa
cturing Information (PMI)---4.0---2014-10-13',
'CAx-IF Rec.Pracs.---3D Tessellated Geometry---0.4---2014-09-14','2;1',
'CAx-IF Rec.Pracs.---User Defined Attributes---1.5---2016-08-15'),
/* implementation_level */ '2;1');

FILE_NAME(
/* name */ 
'Housing-Back____Master-Open-Flight-Monitor_-_Fillet20_ - back-pi-disp
lay2',
/* time_stamp */ '2026-09-10T17:29:07Z',
/* author */ (''),
/* organization */ (''),
/* preprocessor_version */ 'ST-DEVELOPER v20',
/* originating_system */ 'ONSHAPE BY PTC INC, 1.220',
/* authorisation */ '  ');

FILE_SCHEMA (('AP242_MANAGED_MODEL_BASED_3D_ENGINEERING_MIM_LF { 1 0 10303 442 3 1 4 }'));
ENDSEC;

DATA;
#10=SHAPE_REPRESENTATION_RELATIONSHIP('','',#10455,#11);
#11=ADVANCED_BREP_SHAPE_REPRESENTATION('',(#10453),#18982);
#12=B_SPLINE_SURFACE_WITH_KNOTS('',3,3,((#16921,#16922,#16923,#16924,#16925,
#16926),(#16927,#16928,#16929,#16930,#16931,#16932),(#16933,#16934,#16935,
#16936,#16937,#16938),(#16939,#16940,#16941,#16942,#16943,#16944),(#16945,
#16946,#16947,#16948,#16949,#16950),(#16951,#16952,#16953,#16954,#16955,
#16956)),.UNSPECIFIED.,.F.,.F.,.F.,(4,2,4),(4,2,4),(0.,0.00192924497934208,
0.00385848995868415),(0.,0.503046069380695,1.00609213876139),
 .UNSPECIFIED.);
#13=B_SPLINE_SURFACE_WITH_KNOTS('',3,3,((#17128,#17129,#17130,#17131,#17132,
#17133),(#17134,#17135,#17136,#17137,#17138,#17139),(#17140,#17141,#17142,
#17143,#17144,#17145),(#17146,#17147,#17148,#17149,#17150,#17151),(#17152,
#17153,#17154,#17155,#17156,#17157),(#17158,#17159,#17160,#17161,#17162,
#17163)),.UNSPECIFIED.,.F.,.F.,.F.,(4,2,4),(4,2,4),(0.,0.00319167048578995,
0.0063833409715799),(-0.00605543259240816,0.496972283703796,1.),
 .UNSPECIFIED.);
#14=B_SPLINE_SURFACE_WITH_KNOTS('',3,1,((#17517,#17518),(#17519,#17520),
(#17521,#17522),(#17523,#17524),(#17525,#17526),(#17527,#17528),(#17529,
#17530),(#17531,#17532),(#17533,#17534),(#17535,#17536),(#17537,#17538)),
 .SURF_OF_LINEAR_EXTRUSION.,.T.,.F.,.F.,(1,1,1,1,1,1,1,1,1,1,1,1,1,1,1),
(2,2),(-2.35619449019234,-1.5707963267949,-0.785398163397448,0.,0.785398163397448,
1.5707963267949,2.35619449019234,3.14159265358979,3.92699081698724,4.71238898038469,
5.49778714378214,6.28318530717959,7.06858347057703,7.85398163397448,8.63937979737193),
(0.,1.),.UNSPECIFIED.);
#15=B_SPLINE_SURFACE_WITH_KNOTS('',3,1,((#17550,#17551),(#17552,#17553),
(#17554,#17555),(#17556,#17557),(#17558,#17559),(#17560,#17561),(#17562,
#17563),(#17564,#17565),(#17566,#17567),(#17568,#17569),(#17570,#17571)),
 .SURF_OF_LINEAR_EXTRUSION.,.T.,.F.,.F.,(1,1,1,1,1,1,1,1,1,1,1,1,1,1,1),
(2,2),(-2.35619449019234,-1.5707963267949,-0.785398163397448,0.,0.785398163397448,
1.5707963267949,2.35619449019234,3.14159265358979,3.92699081698724,4.71238898038469,
5.49778714378214,6.28318530717959,7.06858347057703,7.85398163397448,8.63937979737193),
(0.,1.),.UNSPECIFIED.);
#16=B_SPLINE_SURFACE_WITH_KNOTS('',3,1,((#17950,#17951),(#17952,#17953),
(#17954,#17955),(#17956,#17957),(#17958,#17959),(#17960,#17961),(#17962,
#17963),(#17964,#17965),(#17966,#17967),(#17968,#17969),(#17970,#17971)),
 .SURF_OF_LINEAR_EXTRUSION.,.T.,.F.,.F.,(1,1,1,1,1,1,1,1,1,1,1,1,1,1,1),
(2,2),(-2.35619449019234,-1.5707963267949,-0.785398163397448,0.,0.785398163397448,
1.5707963267949,2.35619449019234,3.14159265358979,3.92699081698724,4.71238898038469,
5.49778714378214,6.28318530717959,7.06858347057703,7.85398163397448,8.63937979737193),
(0.,1.),.UNSPECIFIED.);
#17=B_SPLINE_SURFACE_WITH_KNOTS('',3,1,((#17974,#17975),(#17976,#17977),
(#17978,#17979),(#17980,#17981),(#17982,#17983),(#17984,#17985),(#17986,
#17987),(#17988,#17989),(#17990,#17991),(#17992,#17993),(#17994,#17995)),
 .SURF_OF_LINEAR_EXTRUSION.,.T.,.F.,.F.,(1,1,1,1,1,1,1,1,1,1,1,1,1,1,1),
(2,2),(-2.35619449019234,-1.5707963267949,-0.785398163397448,0.,0.785398163397448,
1.5707963267949,2.35619449019234,3.14159265358979,3.92699081698724,4.71238898038469,
5.49778714378214,6.28318530717959,7.06858347057703,7.85398163397448,8.63937979737193),
(0.,1.),.UNSPECIFIED.);
#18=B_SPLINE_SURFACE_WITH_KNOTS('',3,1,((#18031,#18032),(#18033,#18034),
(#18035,#18036),(#18037,#18038),(#18039,#18040),(#18041,#18042),(#18043,
#18044),(#18045,#18046),(#18047,#18048),(#18049,#18050),(#18051,#18052)),
 .SURF_OF_LINEAR_EXTRUSION.,.T.,.F.,.F.,(1,1,1,1,1,1,1,1,1,1,1,1,1,1,1),
(2,2),(-2.35619449019234,-1.5707963267949,-0.785398163397448,0.,0.785398163397448,
1.5707963267949,2.35619449019234,3.14159265358979,3.92699081698724,4.71238898038469,
5.49778714378214,6.28318530717959,7.06858347057703,7.85398163397448,8.63937979737193),
(0.,1.),.UNSPECIFIED.);
#19=B_SPLINE_SURFACE_WITH_KNOTS('',3,1,((#18055,#18056),(#18057,#18058),
(#18059,#18060),(#18061,#18062),(#18063,#18064),(#18065,#18066),(#18067,
#18068),(#18069,#18070),(#18071,#18072),(#18073,#18074),(#18075,#18076)),
 .SURF_OF_LINEAR_EXTRUSION.,.T.,.F.,.F.,(1,1,1,1,1,1,1,1,1,1,1,1,1,1,1),
(2,2),(-2.35619449019234,-1.5707963267949,-0.785398163397448,0.,0.785398163397448,
1.5707963267949,2.35619449019234,3.14159265358979,3.92699081698724,4.71238898038469,
5.49778714378214,6.28318530717959,7.06858347057703,7.85398163397448,8.63937979737193),
(0.,1.),.UNSPECIFIED.);
#20=B_SPLINE_SURFACE_WITH_KNOTS('',3,1,((#18112,#18113),(#18114,#18115),
(#18116,#18117),(#18118,#18119),(#18120,#18121),(#18122,#18123),(#18124,
#18125),(#18126,#18127),(#18128,#18129),(#18130,#18131),(#18132,#18133)),
 .SURF_OF_LINEAR_EXTRUSION.,.T.,.F.,.F.,(1,1,1,1,1,1,1,1,1,1,1,1,1,1,1),
(2,2),(-2.35619449019234,-1.5707963267949,-0.785398163397448,0.,0.785398163397448,
1.5707963267949,2.35619449019234,3.14159265358979,3.92699081698724,4.71238898038469,
5.49778714378214,6.28318530717959,7.06858347057703,7.85398163397448,8.63937979737193),
(0.,1.),.UNSPECIFIED.);
#21=B_SPLINE_SURFACE_WITH_KNOTS('',3,1,((#18167,#18168),(#18169,#18170),
(#18171,#18172),(#18173,#18174),(#18175,#18176),(#18177,#18178),(#18179,
#18180),(#18181,#18182),(#18183,#18184),(#18185,#18186),(#18187,#18188)),
 .SURF_OF_LINEAR_EXTRUSION.,.T.,.F.,.F.,(1,1,1,1,1,1,1,1,1,1,1,1,1,1,1),
(2,2),(-2.35619449019234,-1.5707963267949,-0.785398163397448,0.,0.785398163397448,
1.5707963267949,2.35619449019234,3.14159265358979,3.92699081698724,4.71238898038469,
5.49778714378214,6.28318530717959,7.06858347057703,7.85398163397448,8.63937979737193),
(0.,1.),.UNSPECIFIED.);
#22=B_SPLINE_SURFACE_WITH_KNOTS('',1,3,((#18616,#18617,#18618,#18619,#18620,
#18621,#18622,#18623,#18624,#18625,#18626,#18627,#18628,#18629,#18630,#18631,
#18632,#18633),(#18634,#18635,#18636,#18637,#18638,#18639,#18640,#18641,
#18642,#18643,#18644,#18645,#18646,#18647,#18648,#18649,#18650,#18651)),
 .RULED_SURF.,.F.,.T.,.F.,(2,2),(2,2,2,2,2,2,2,2,2,2,2),(0.,1.),(-0.0122016228621194,
-0.0108256851826197,-0.00944974750311998,-0.00807380982362028,-0.00669787214412058,
-0.00532193446462087,-0.00394599678512117,-0.00257005910562147,-0.00119412142612176,
0.000181816253377943,0.00155775393287764),.UNSPECIFIED.);
#23=B_SPLINE_SURFACE_WITH_KNOTS('',1,3,((#18652,#18653,#18654,#18655,#18656,
#18657,#18658,#18659,#18660,#18661,#18662,#18663,#18664,#18665,#18666,#18667,
#18668,#18669),(#18670,#18671,#18672,#18673,#18674,#18675,#18676,#18677,
#18678,#18679,#18680,#18681,#18682,#18683,#18684,#18685,#18686,#18687)),
 .RULED_SURF.,.F.,.T.,.F.,(2,2),(2,2,2,2,2,2,2,2,2,2,2),(0.,1.),(-0.0122016228621194,
-0.0108256851826197,-0.00944974750311997,-0.00807380982362027,-0.00669787214412056,
-0.00532193446462086,-0.00394599678512116,-0.00257005910562146,-0.00119412142612176,
0.000181816253377943,0.00155775393287764),.UNSPECIFIED.);
#24=B_SPLINE_SURFACE_WITH_KNOTS('',1,3,((#18688,#18689,#18690,#18691,#18692,
#18693,#18694,#18695,#18696,#18697,#18698,#18699,#18700,#18701,#18702,#18703,
#18704,#18705),(#18706,#18707,#18708,#18709,#18710,#18711,#18712,#18713,
#18714,#18715,#18716,#18717,#18718,#18719,#18720,#18721,#18722,#18723)),
 .RULED_SURF.,.F.,.T.,.F.,(2,2),(2,2,2,2,2,2,2,2,2,2,2),(0.,1.),(-0.0122016228621196,
-0.0108256851826198,-0.00944974750312011,-0.00807380982362039,-0.00669787214412067,
-0.00532193446462095,-0.00394599678512122,-0.0025700591056215,-0.00119412142612178,
0.000181816253377945,0.00155775393287767),.UNSPECIFIED.);
#25=B_SPLINE_SURFACE_WITH_KNOTS('',1,3,((#18724,#18725,#18726,#18727,#18728,
#18729,#18730,#18731,#18732,#18733,#18734,#18735,#18736,#18737,#18738,#18739,
#18740,#18741),(#18742,#18743,#18744,#18745,#18746,#18747,#18748,#18749,
#18750,#18751,#18752,#18753,#18754,#18755,#18756,#18757,#18758,#18759)),
 .RULED_SURF.,.F.,.T.,.F.,(2,2),(2,2,2,2,2,2,2,2,2,2,2),(0.,1.),(-0.0122016228621193,
-0.0108256851826196,-0.00944974750311991,-0.00807380982362021,-0.00669787214412051,
-0.00532193446462081,-0.0039459967851211,-0.0025700591056214,-0.0011941214261217,
0.000181816253377998,0.0015577539328777),.UNSPECIFIED.);
#26=(
BOUNDED_SURFACE()
B_SPLINE_SURFACE(3,2,((#16701,#16702,#16703),(#16704,#16705,#16706),(#16707,
#16708,#16709),(#16710,#16711,#16712),(#16713,#16714,#16715),(#16716,#16717,
#16718),(#16719,#16720,#16721),(#16722,#16723,#16724),(#16725,#16726,#16727),
(#16728,#16729,#16730)),.UNSPECIFIED.,.F.,.F.,.F.)
B_SPLINE_SURFACE_WITH_KNOTS((4,2,2,2,4),(3,3),(0.,0.000964622489671037,
0.00192924497934207,0.00289386746901311,0.00385848995868415),(0.,1.),
 .UNSPECIFIED.)
GEOMETRIC_REPRESENTATION_ITEM()
RATIONAL_B_SPLINE_SURFACE(((1.,0.707106781186552,1.),(1.,0.729248266126098,
1.),(1.,0.755270521197191,1.),(1.,0.814071963826346,1.),(1.,0.846121000575434,
1.),(1.,0.909952370030562,1.),(1.,0.940974178095584,1.),(1.,0.986273291034122,
1.),(1.,1.00025024343234,1.),(1.,1.,1.)))
REPRESENTATION_ITEM('')
SURFACE()
);
#27=(
BOUNDED_SURFACE()
B_SPLINE_SURFACE(3,2,((#16963,#16964,#16965),(#16966,#16967,#16968),(#16969,
#16970,#16971),(#16972,#16973,#16974),(#16975,#16976,#16977),(#16978,#16979,
#16980),(#16981,#16982,#16983),(#16984,#16985,#16986),(#16987,#16988,#16989),
(#16990,#16991,#16992)),.UNSPECIFIED.,.F.,.F.,.F.)
B_SPLINE_SURFACE_WITH_KNOTS((4,2,2,2,4),(3,3),(0.,0.00159583524289498,0.00319167048578995,
0.00478750572868493,0.0063833409715799),(0.,1.),.UNSPECIFIED.)
GEOMETRIC_REPRESENTATION_ITEM()
RATIONAL_B_SPLINE_SURFACE(((1.,0.707106781186548,1.),(1.,0.73578808902873,
1.),(1.,0.76720266084156,1.),(1.,0.832390454243813,1.),(1.,0.86512746578482,
1.),(1.,0.924990942954076,1.),(1.,0.951892407516321,1.),(1.,0.989445441693984,
1.),(1.,1.00013050271287,1.),(1.,1.,1.)))
REPRESENTATION_ITEM('')
SURFACE()
);
#28=(
BOUNDED_SURFACE()
B_SPLINE_SURFACE(3,2,((#18963,#18964,#18965),(#18966,#18967,#18968),(#18969,
#18970,#18971),(#18972,#18973,#18974),(#18975,#18976,#18977)),
 .UNSPECIFIED.,.F.,.F.,.F.)
B_SPLINE_SURFACE_WITH_KNOTS((4,1,4),(3,3),(4.71238898038469,5.49778714378214,
6.28318530717959),(0.,1.),.UNSPECIFIED.)
GEOMETRIC_REPRESENTATION_ITEM()
RATIONAL_B_SPLINE_SURFACE(((1.,0.707106781186548,1.),(1.,0.704406152662262,
1.),(1.,0.698988547481671,1.),(1.,0.696714777827793,1.),(1.,0.696714777841309,
1.)))
REPRESENTATION_ITEM('')
SURFACE()
);
#29=CONICAL_SURFACE('',#10883,0.014,0.785398163397466);
#30=CONICAL_SURFACE('',#10886,0.014,0.785398163397459);
#31=CONICAL_SURFACE('',#10975,0.0113,0.785398163397434);
#32=CONICAL_SURFACE('',#10979,0.0113,0.785398163397435);
#33=CONICAL_SURFACE('',#10982,0.0138499847695156,0.0174532925199433);
#34=CONICAL_SURFACE('',#10985,0.0138499847695156,0.0174532925199433);
#35=CONICAL_SURFACE('',#10988,0.004,0.785398163397436);
#36=CONICAL_SURFACE('',#10990,0.004,0.785398163397435);
#37=CONICAL_SURFACE('',#11179,0.0138499847695156,0.0174532925199433);
#38=CONICAL_SURFACE('',#11182,0.0138499847695156,0.0174532925199433);
#39=CONICAL_SURFACE('',#11187,0.015,0.785398163397462);
#40=CONICAL_SURFACE('',#11189,0.015,0.785398163397462);
#41=CONICAL_SURFACE('',#11449,0.001575,0.785398163397466);
#42=CONICAL_SURFACE('',#11450,0.001575,0.785398163397457);
#43=CONICAL_SURFACE('',#11451,0.001575,0.785398163397457);
#44=CONICAL_SURFACE('',#11452,0.001575,0.785398163397457);
#45=CONICAL_SURFACE('',#11453,0.001575,0.785398163397457);
#46=CONICAL_SURFACE('',#11454,0.001575,0.785398163397457);
#47=CONICAL_SURFACE('',#11455,0.001575,0.785398163397457);
#48=CONICAL_SURFACE('',#11456,0.001575,0.785398163397457);
#49=CONICAL_SURFACE('',#11457,0.00157499999999992,0.78539816339749);
#50=CONICAL_SURFACE('',#11458,0.001575,0.785398163397463);
#51=CONICAL_SURFACE('',#11459,0.00157499999999993,0.785398163397476);
#52=CONICAL_SURFACE('',#11460,0.00157500000000043,0.785398163397449);
#53=CONICAL_SURFACE('',#11461,0.001575,0.785398163397462);
#54=CONICAL_SURFACE('',#11462,0.001575,0.785398163397462);
#55=CONICAL_SURFACE('',#11463,0.001575,0.785398163397462);
#56=CONICAL_SURFACE('',#11464,0.001575,0.785398163397462);
#57=SPHERICAL_SURFACE('',#10624,0.0004);
#58=SPHERICAL_SURFACE('',#10629,0.0004);
#59=SPHERICAL_SURFACE('',#10672,0.0004);
#60=SPHERICAL_SURFACE('',#10677,0.0004);
#61=SPHERICAL_SURFACE('',#11143,0.004);
#62=SPHERICAL_SURFACE('',#11147,0.004);
#63=SPHERICAL_SURFACE('',#11151,0.004);
#64=SPHERICAL_SURFACE('',#11160,0.004);
#65=SPHERICAL_SURFACE('',#11164,0.004);
#66=SPHERICAL_SURFACE('',#11168,0.004);
#67=SPHERICAL_SURFACE('',#11538,0.001);
#68=SPHERICAL_SURFACE('',#11550,0.001);
#69=SPHERICAL_SURFACE('',#11566,0.001);
#70=SPHERICAL_SURFACE('',#11577,0.001);
#71=ELLIPSE('',#10596,0.051631709605514,0.0045);
#72=ELLIPSE('',#10615,0.0516317096055141,0.0045);
#73=ELLIPSE('',#10794,0.413874477477643,0.0125);
#74=ELLIPSE('',#10801,0.0125228672113706,0.0125);
#75=ELLIPSE('',#10808,0.413874477477643,0.0125);
#76=ELLIPSE('',#11048,0.00825125670636224,0.00825);
#77=ELLIPSE('',#11058,0.00304627983565724,0.003);
#78=ELLIPSE('',#11064,0.00304627983565724,0.003);
#79=ELLIPSE('',#11068,0.00304627983565724,0.003);
#80=ELLIPSE('',#11072,0.00304627983565724,0.003);
#81=ELLIPSE('',#11073,0.00304627983565724,0.003);
#82=ELLIPSE('',#11081,0.00137082592604576,0.00135);
#83=ELLIPSE('',#11085,0.00200085184338811,0.002);
#84=ELLIPSE('',#11099,0.00304627983565724,0.003);
#85=ELLIPSE('',#11178,0.00825125670636224,0.00825);
#86=ELLIPSE('',#11208,0.00304627983565724,0.003);
#87=ELLIPSE('',#11209,0.00137082592604576,0.00135);
#88=ELLIPSE('',#11211,0.00304627983565724,0.003);
#89=ELLIPSE('',#11212,0.00137082592604576,0.00135);
#90=ELLIPSE('',#11215,0.00137082592604576,0.00135);
#91=ELLIPSE('',#11582,0.00100170260017112,0.001);
#92=TOROIDAL_SURFACE('',#10476,0.0115,0.001);
#93=TOROIDAL_SURFACE('',#10481,0.0115,0.001);
#94=TOROIDAL_SURFACE('',#10604,0.0114817755504148,0.00100000494052542);
#95=TOROIDAL_SURFACE('',#10606,0.00848650173936776,0.000999988914288147);
#96=TOROIDAL_SURFACE('',#10646,0.0008,0.0004);
#97=TOROIDAL_SURFACE('',#10652,0.0008,0.0004);
#98=TOROIDAL_SURFACE('',#10662,0.00648970620610625,0.00100000093119135);
#99=TOROIDAL_SURFACE('',#10664,0.0134785710124867,0.000999984913380027);
#100=TOROIDAL_SURFACE('',#10666,0.0135054098775751,0.000999983146632155);
#101=TOROIDAL_SURFACE('',#10668,0.0114817755504182,0.0010000049405254);
#102=TOROIDAL_SURFACE('',#10696,0.0008,0.0004);
#103=TOROIDAL_SURFACE('',#10701,0.0008,0.0004);
#104=TOROIDAL_SURFACE('',#10711,0.00530372736873003,0.000999968549720338);
#105=TOROIDAL_SURFACE('',#10714,0.0118,0.001);
#106=TOROIDAL_SURFACE('',#10723,0.0118,0.001);
#107=TOROIDAL_SURFACE('',#10727,0.00530372736872607,0.000999968549710241);
#108=TOROIDAL_SURFACE('',#10730,0.00848650173938034,0.000999988914290449);
#109=TOROIDAL_SURFACE('',#10732,0.0088,0.0015);
#110=TOROIDAL_SURFACE('',#10742,0.0088,0.0015);
#111=TOROIDAL_SURFACE('',#10747,0.00830583886122303,0.00149995203025952);
#112=TOROIDAL_SURFACE('',#10749,0.0114817352884841,0.00149998437193019);
#113=TOROIDAL_SURFACE('',#10751,0.00848654197587644,0.00150000039480819);
#114=TOROIDAL_SURFACE('',#10753,0.00848654197588645,0.00150000039480599);
#115=TOROIDAL_SURFACE('',#10755,0.0114817352884912,0.00149998437193208);
#116=TOROIDAL_SURFACE('',#10757,0.00830583886121921,0.00149995203024888);
#117=TOROIDAL_SURFACE('',#10766,0.0035,0.001);
#118=TOROIDAL_SURFACE('',#10769,0.000612371843358885,0.000399907750038224);
#119=TOROIDAL_SURFACE('',#10776,0.000612371842980767,0.000399907750045095);
#120=TOROIDAL_SURFACE('',#10799,0.0114817755504182,0.0010000049405254);
#121=TOROIDAL_SURFACE('',#10838,0.000612371842980614,0.000399907750045265);
#122=TOROIDAL_SURFACE('',#10843,0.000612371843057049,0.000399907750036091);
#123=TOROIDAL_SURFACE('',#10846,0.0035,0.001);
#124=TOROIDAL_SURFACE('',#10848,0.0065,0.0015);
#125=TOROIDAL_SURFACE('',#10865,0.0065,0.0015);
#126=TOROIDAL_SURFACE('',#10895,0.000816530489375525,0.000399650205326452);
#127=TOROIDAL_SURFACE('',#10897,0.000816530489380388,0.000399650205324934);
#128=TOROIDAL_SURFACE('',#10900,0.00330236348248228,0.000999988367686193);
#129=TOROIDAL_SURFACE('',#10913,0.0134816705875025,0.000999955644664907);
#130=TOROIDAL_SURFACE('',#10915,0.00648970620610706,0.00100000093119146);
#131=TOROIDAL_SURFACE('',#10923,0.00330236348248131,0.000999988367686162);
#132=TOROIDAL_SURFACE('',#10933,0.000816530489379815,0.000399650205324565);
#133=TOROIDAL_SURFACE('',#10935,0.000816530489379861,0.000399650205324589);
#134=TOROIDAL_SURFACE('',#10945,0.00530379310434313,0.00149998335971451);
#135=TOROIDAL_SURFACE('',#10947,0.00848654197586861,0.00150000039480969);
#136=TOROIDAL_SURFACE('',#10949,0.011481735288477,0.00149998437192923);
#137=TOROIDAL_SURFACE('',#10951,0.0114817352884847,0.00149998437193088);
#138=TOROIDAL_SURFACE('',#10953,0.00848654197586794,0.0015000003948087);
#139=TOROIDAL_SURFACE('',#10955,0.005303793104412,0.00149998335970987);
#140=TOROIDAL_SURFACE('',#10960,0.0138,0.001);
#141=TOROIDAL_SURFACE('',#10967,0.0138,0.001);
#142=TOROIDAL_SURFACE('',#10971,0.0015,0.001);
#143=TOROIDAL_SURFACE('',#10973,0.0015,0.001);
#144=TOROIDAL_SURFACE('',#11155,0.008,0.004);
#145=TOROIDAL_SURFACE('',#11172,0.008,0.004);
#146=TOROIDAL_SURFACE('',#11540,0.005875,0.001);
#147=TOROIDAL_SURFACE('',#11548,0.002,0.001);
#148=TOROIDAL_SURFACE('',#11558,0.0115,0.001);
#149=TOROIDAL_SURFACE('',#11560,0.002,0.001);
#150=TOROIDAL_SURFACE('',#11568,0.005875,0.001);
#151=TOROIDAL_SURFACE('',#11575,0.002,0.001);
#152=TOROIDAL_SURFACE('',#11585,0.0115,0.001);
#153=CYLINDRICAL_SURFACE('',#10462,0.001);
#154=CYLINDRICAL_SURFACE('',#10465,0.001);
#155=CYLINDRICAL_SURFACE('',#10467,0.001);
#156=CYLINDRICAL_SURFACE('',#10470,0.001);
#157=CYLINDRICAL_SURFACE('',#10474,0.001);
#158=CYLINDRICAL_SURFACE('',#10484,0.0125);
#159=CYLINDRICAL_SURFACE('',#10488,0.001);
#160=CYLINDRICAL_SURFACE('',#10491,0.0125);
#161=CYLINDRICAL_SURFACE('',#10530,0.001);
#162=CYLINDRICAL_SURFACE('',#10537,0.001);
#163=CYLINDRICAL_SURFACE('',#10563,0.00350000000000095);
#164=CYLINDRICAL_SURFACE('',#10567,0.0035);
#165=CYLINDRICAL_SURFACE('',#10571,0.0035);
#166=CYLINDRICAL_SURFACE('',#10575,0.0035);
#167=CYLINDRICAL_SURFACE('',#10579,0.004);
#168=CYLINDRICAL_SURFACE('',#10582,0.004);
#169=CYLINDRICAL_SURFACE('',#10585,0.004);
#170=CYLINDRICAL_SURFACE('',#10588,0.004);
#171=CYLINDRICAL_SURFACE('',#10594,0.0004);
#172=CYLINDRICAL_SURFACE('',#10600,0.0004);
#173=CYLINDRICAL_SURFACE('',#10605,0.001);
#174=CYLINDRICAL_SURFACE('',#10607,0.0125);
#175=CYLINDRICAL_SURFACE('',#10608,0.001);
#176=CYLINDRICAL_SURFACE('',#10610,0.0004);
#177=CYLINDRICAL_SURFACE('',#10616,0.0004);
#178=CYLINDRICAL_SURFACE('',#10621,0.0004);
#179=CYLINDRICAL_SURFACE('',#10627,0.0004);
#180=CYLINDRICAL_SURFACE('',#10632,0.0004);
#181=CYLINDRICAL_SURFACE('',#10634,0.0075);
#182=CYLINDRICAL_SURFACE('',#10637,0.0045);
#183=CYLINDRICAL_SURFACE('',#10639,0.0004);
#184=CYLINDRICAL_SURFACE('',#10640,0.0045);
#185=CYLINDRICAL_SURFACE('',#10643,0.0075);
#186=CYLINDRICAL_SURFACE('',#10645,0.0004);
#187=CYLINDRICAL_SURFACE('',#10650,0.0004);
#188=CYLINDRICAL_SURFACE('',#10655,0.0004);
#189=CYLINDRICAL_SURFACE('',#10656,0.0004);
#190=CYLINDRICAL_SURFACE('',#10657,0.0075);
#191=CYLINDRICAL_SURFACE('',#10658,0.001);
#192=CYLINDRICAL_SURFACE('',#10660,0.001);
#193=CYLINDRICAL_SURFACE('',#10663,0.001);
#194=CYLINDRICAL_SURFACE('',#10665,0.001);
#195=CYLINDRICAL_SURFACE('',#10669,0.0004);
#196=CYLINDRICAL_SURFACE('',#10675,0.0004);
#197=CYLINDRICAL_SURFACE('',#10680,0.0004);
#198=CYLINDRICAL_SURFACE('',#10683,0.0075);
#199=CYLINDRICAL_SURFACE('',#10685,0.0004);
#200=CYLINDRICAL_SURFACE('',#10686,0.0045);
#201=CYLINDRICAL_SURFACE('',#10689,0.0045);
#202=CYLINDRICAL_SURFACE('',#10691,0.0004);
#203=CYLINDRICAL_SURFACE('',#10692,0.0075);
#204=CYLINDRICAL_SURFACE('',#10694,0.0004);
#205=CYLINDRICAL_SURFACE('',#10699,0.0004);
#206=CYLINDRICAL_SURFACE('',#10704,0.0004);
#207=CYLINDRICAL_SURFACE('',#10705,0.00315000000000005);
#208=CYLINDRICAL_SURFACE('',#10708,0.00315000000000005);
#209=CYLINDRICAL_SURFACE('',#10712,0.001);
#210=CYLINDRICAL_SURFACE('',#10718,0.001);
#211=CYLINDRICAL_SURFACE('',#10720,0.001);
#212=CYLINDRICAL_SURFACE('',#10728,0.001);
#213=CYLINDRICAL_SURFACE('',#10731,0.001);
#214=CYLINDRICAL_SURFACE('',#10737,0.0015);
#215=CYLINDRICAL_SURFACE('',#10739,0.0015);
#216=CYLINDRICAL_SURFACE('',#10746,0.0015);
#217=CYLINDRICAL_SURFACE('',#10748,0.0015);
#218=CYLINDRICAL_SURFACE('',#10750,0.0015);
#219=CYLINDRICAL_SURFACE('',#10752,0.0015);
#220=CYLINDRICAL_SURFACE('',#10754,0.0015);
#221=CYLINDRICAL_SURFACE('',#10756,0.0015);
#222=CYLINDRICAL_SURFACE('',#10758,0.0015);
#223=CYLINDRICAL_SURFACE('',#10764,0.001);
#224=CYLINDRICAL_SURFACE('',#10771,0.0004);
#225=CYLINDRICAL_SURFACE('',#10773,0.0004);
#226=CYLINDRICAL_SURFACE('',#10777,0.0043);
#227=CYLINDRICAL_SURFACE('',#10780,0.001);
#228=CYLINDRICAL_SURFACE('',#10783,0.001);
#229=CYLINDRICAL_SURFACE('',#10803,0.0124787267321124);
#230=CYLINDRICAL_SURFACE('',#10807,0.0125);
#231=CYLINDRICAL_SURFACE('',#10810,0.0075);
#232=CYLINDRICAL_SURFACE('',#10811,0.0043);
#233=CYLINDRICAL_SURFACE('',#10813,0.001);
#234=CYLINDRICAL_SURFACE('',#10829,0.001);
#235=CYLINDRICAL_SURFACE('',#10831,0.001);
#236=CYLINDRICAL_SURFACE('',#10832,0.001);
#237=CYLINDRICAL_SURFACE('',#10839,0.0004);
#238=CYLINDRICAL_SURFACE('',#10841,0.0004);
#239=CYLINDRICAL_SURFACE('',#10852,0.0068);
#240=CYLINDRICAL_SURFACE('',#10854,0.01);
#241=CYLINDRICAL_SURFACE('',#10856,0.01);
#242=CYLINDRICAL_SURFACE('',#10858,0.01);
#243=CYLINDRICAL_SURFACE('',#10860,0.01);
#244=CYLINDRICAL_SURFACE('',#10862,0.0068);
#245=CYLINDRICAL_SURFACE('',#10868,0.0128);
#246=CYLINDRICAL_SURFACE('',#10872,0.0128);
#247=CYLINDRICAL_SURFACE('',#10874,0.0103);
#248=CYLINDRICAL_SURFACE('',#10878,0.0103);
#249=CYLINDRICAL_SURFACE('',#10890,0.0025);
#250=CYLINDRICAL_SURFACE('',#10893,0.001);
#251=CYLINDRICAL_SURFACE('',#10894,0.0004);
#252=CYLINDRICAL_SURFACE('',#10896,0.0004);
#253=CYLINDRICAL_SURFACE('',#10898,0.0004);
#254=CYLINDRICAL_SURFACE('',#10899,0.001);
#255=CYLINDRICAL_SURFACE('',#10901,0.004875);
#256=CYLINDRICAL_SURFACE('',#10907,0.001);
#257=CYLINDRICAL_SURFACE('',#10914,0.001);
#258=CYLINDRICAL_SURFACE('',#10916,0.001);
#259=CYLINDRICAL_SURFACE('',#10917,0.004875);
#260=CYLINDRICAL_SURFACE('',#10924,0.001);
#261=CYLINDRICAL_SURFACE('',#10931,0.001);
#262=CYLINDRICAL_SURFACE('',#10932,0.0004);
#263=CYLINDRICAL_SURFACE('',#10934,0.0004);
#264=CYLINDRICAL_SURFACE('',#10936,0.0004);
#265=CYLINDRICAL_SURFACE('',#10937,0.001);
#266=CYLINDRICAL_SURFACE('',#10939,0.0025);
#267=CYLINDRICAL_SURFACE('',#10941,0.005);
#268=CYLINDRICAL_SURFACE('',#10944,0.0015);
#269=CYLINDRICAL_SURFACE('',#10946,0.0015);
#270=CYLINDRICAL_SURFACE('',#10948,0.0015);
#271=CYLINDRICAL_SURFACE('',#10950,0.0015);
#272=CYLINDRICAL_SURFACE('',#10952,0.0015);
#273=CYLINDRICAL_SURFACE('',#10954,0.0015);
#274=CYLINDRICAL_SURFACE('',#10956,0.0015);
#275=CYLINDRICAL_SURFACE('',#10958,0.005);
#276=CYLINDRICAL_SURFACE('',#10962,0.001);
#277=CYLINDRICAL_SURFACE('',#10964,0.001);
#278=CYLINDRICAL_SURFACE('',#10969,0.001);
#279=CYLINDRICAL_SURFACE('',#10992,0.0138500152328044);
#280=CYLINDRICAL_SURFACE('',#10994,0.0138500152328044);
#281=CYLINDRICAL_SURFACE('',#10996,0.015);
#282=CYLINDRICAL_SURFACE('',#10999,0.015);
#283=CYLINDRICAL_SURFACE('',#11001,0.0138718340639647);
#284=CYLINDRICAL_SURFACE('',#11004,0.0138718340639647);
#285=CYLINDRICAL_SURFACE('',#11006,0.001);
#286=CYLINDRICAL_SURFACE('',#11057,0.003);
#287=CYLINDRICAL_SURFACE('',#11062,0.003);
#288=CYLINDRICAL_SURFACE('',#11067,0.003);
#289=CYLINDRICAL_SURFACE('',#11074,0.0015);
#290=CYLINDRICAL_SURFACE('',#11080,0.00135);
#291=CYLINDRICAL_SURFACE('',#11087,0.004875);
#292=CYLINDRICAL_SURFACE('',#11091,0.004875);
#293=CYLINDRICAL_SURFACE('',#11095,0.003);
#294=CYLINDRICAL_SURFACE('',#11101,0.015);
#295=CYLINDRICAL_SURFACE('',#11105,0.015);
#296=CYLINDRICAL_SURFACE('',#11117,0.0125);
#297=CYLINDRICAL_SURFACE('',#11119,0.0125);
#298=CYLINDRICAL_SURFACE('',#11129,0.004);
#299=CYLINDRICAL_SURFACE('',#11132,0.004);
#300=CYLINDRICAL_SURFACE('',#11135,0.004);
#301=CYLINDRICAL_SURFACE('',#11138,0.004);
#302=CYLINDRICAL_SURFACE('',#11141,0.004);
#303=CYLINDRICAL_SURFACE('',#11145,0.004);
#304=CYLINDRICAL_SURFACE('',#11149,0.004);
#305=CYLINDRICAL_SURFACE('',#11153,0.004);
#306=CYLINDRICAL_SURFACE('',#11157,0.004);
#307=CYLINDRICAL_SURFACE('',#11158,0.004);
#308=CYLINDRICAL_SURFACE('',#11162,0.004);
#309=CYLINDRICAL_SURFACE('',#11166,0.004);
#310=CYLINDRICAL_SURFACE('',#11170,0.004);
#311=CYLINDRICAL_SURFACE('',#11174,0.004);
#312=CYLINDRICAL_SURFACE('',#11175,0.003);
#313=CYLINDRICAL_SURFACE('',#11176,0.003);
#314=CYLINDRICAL_SURFACE('',#11185,0.001);
#315=CYLINDRICAL_SURFACE('',#11200,0.0138500152328044);
#316=CYLINDRICAL_SURFACE('',#11203,0.0138500152328044);
#317=CYLINDRICAL_SURFACE('',#11204,0.0138718340639647);
#318=CYLINDRICAL_SURFACE('',#11207,0.0138718340639647);
#319=CYLINDRICAL_SURFACE('',#11219,0.0015);
#320=CYLINDRICAL_SURFACE('',#11224,0.00135);
#321=CYLINDRICAL_SURFACE('',#11228,0.0015);
#322=CYLINDRICAL_SURFACE('',#11232,0.00135);
#323=CYLINDRICAL_SURFACE('',#11236,0.0015);
#324=CYLINDRICAL_SURFACE('',#11241,0.00135);
#325=CYLINDRICAL_SURFACE('',#11281,0.001);
#326=CYLINDRICAL_SURFACE('',#11282,0.001);
#327=CYLINDRICAL_SURFACE('',#11283,0.001);
#328=CYLINDRICAL_SURFACE('',#11284,0.001);
#329=CYLINDRICAL_SURFACE('',#11285,0.001);
#330=CYLINDRICAL_SURFACE('',#11286,0.001);
#331=CYLINDRICAL_SURFACE('',#11287,0.001);
#332=CYLINDRICAL_SURFACE('',#11288,0.001);
#333=CYLINDRICAL_SURFACE('',#11289,0.00825);
#334=CYLINDRICAL_SURFACE('',#11290,0.001575);
#335=CYLINDRICAL_SURFACE('',#11294,0.001575);
#336=CYLINDRICAL_SURFACE('',#11300,0.001575);
#337=CYLINDRICAL_SURFACE('',#11306,0.001575);
#338=CYLINDRICAL_SURFACE('',#11316,0.00157500000000043);
#339=CYLINDRICAL_SURFACE('',#11322,0.00157499999999992);
#340=CYLINDRICAL_SURFACE('',#11328,0.001575);
#341=CYLINDRICAL_SURFACE('',#11334,0.00157499999999993);
#342=CYLINDRICAL_SURFACE('',#11352,0.004);
#343=CYLINDRICAL_SURFACE('',#11354,0.004);
#344=CYLINDRICAL_SURFACE('',#11356,0.004);
#345=CYLINDRICAL_SURFACE('',#11358,0.004);
#346=CYLINDRICAL_SURFACE('',#11360,0.004);
#347=CYLINDRICAL_SURFACE('',#11362,0.004);
#348=CYLINDRICAL_SURFACE('',#11364,0.004);
#349=CYLINDRICAL_SURFACE('',#11366,0.004);
#350=CYLINDRICAL_SURFACE('',#11368,0.003625);
#351=CYLINDRICAL_SURFACE('',#11379,0.0015);
#352=CYLINDRICAL_SURFACE('',#11383,0.001575);
#353=CYLINDRICAL_SURFACE('',#11387,0.0015);
#354=CYLINDRICAL_SURFACE('',#11391,0.001575);
#355=CYLINDRICAL_SURFACE('',#11395,0.0015);
#356=CYLINDRICAL_SURFACE('',#11399,0.001575);
#357=CYLINDRICAL_SURFACE('',#11403,0.0015);
#358=CYLINDRICAL_SURFACE('',#11407,0.001575);
#359=CYLINDRICAL_SURFACE('',#11419,0.0015);
#360=CYLINDRICAL_SURFACE('',#11423,0.001575);
#361=CYLINDRICAL_SURFACE('',#11427,0.0015);
#362=CYLINDRICAL_SURFACE('',#11431,0.001575);
#363=CYLINDRICAL_SURFACE('',#11435,0.0015);
#364=CYLINDRICAL_SURFACE('',#11439,0.001575);
#365=CYLINDRICAL_SURFACE('',#11443,0.0015);
#366=CYLINDRICAL_SURFACE('',#11447,0.001575);
#367=CYLINDRICAL_SURFACE('',#11466,0.0025);
#368=CYLINDRICAL_SURFACE('',#11468,0.0025);
#369=CYLINDRICAL_SURFACE('',#11470,0.00249999999999995);
#370=CYLINDRICAL_SURFACE('',#11472,0.00249999999999995);
#371=CYLINDRICAL_SURFACE('',#11473,0.001575);
#372=CYLINDRICAL_SURFACE('',#11475,0.001575);
#373=CYLINDRICAL_SURFACE('',#11477,0.004);
#374=CYLINDRICAL_SURFACE('',#11480,0.004);
#375=CYLINDRICAL_SURFACE('',#11494,0.003);
#376=CYLINDRICAL_SURFACE('',#11498,0.003);
#377=CYLINDRICAL_SURFACE('',#11502,0.003);
#378=CYLINDRICAL_SURFACE('',#11506,0.003);
#379=CYLINDRICAL_SURFACE('',#11507,0.002375);
#380=CYLINDRICAL_SURFACE('',#11508,0.002375);
#381=CYLINDRICAL_SURFACE('',#11509,0.002375);
#382=CYLINDRICAL_SURFACE('',#11510,0.002375);
#383=CYLINDRICAL_SURFACE('',#11535,0.001);
#384=CYLINDRICAL_SURFACE('',#11542,0.001);
#385=CYLINDRICAL_SURFACE('',#11544,0.001);
#386=CYLINDRICAL_SURFACE('',#11546,0.001);
#387=CYLINDRICAL_SURFACE('',#11552,0.001);
#388=CYLINDRICAL_SURFACE('',#11554,0.001);
#389=CYLINDRICAL_SURFACE('',#11556,0.001);
#390=CYLINDRICAL_SURFACE('',#11562,0.001);
#391=CYLINDRICAL_SURFACE('',#11563,0.001);
#392=CYLINDRICAL_SURFACE('',#11569,0.001);
#393=CYLINDRICAL_SURFACE('',#11571,0.001);
#394=CYLINDRICAL_SURFACE('',#11573,0.001);
#395=CYLINDRICAL_SURFACE('',#11579,0.001);
#396=CYLINDRICAL_SURFACE('',#11581,0.001);
#397=CYLINDRICAL_SURFACE('',#11583,0.001);
#398=CYLINDRICAL_SURFACE('',#11588,0.001);
#399=CYLINDRICAL_SURFACE('',#11589,0.00625);
#400=B_SPLINE_CURVE_WITH_KNOTS('',3,(#14618,#14619,#14620,#14621),
 .UNSPECIFIED.,.F.,.F.,(4,4),(3.10819154037666,3.66440037127221),
 .UNSPECIFIED.);
#401=B_SPLINE_CURVE_WITH_KNOTS('',3,(#14636,#14637,#14638,#14639,#14640,
#14641,#14642),.UNSPECIFIED.,.F.,.F.,(4,1,1,1,4),(-1.06581410364015E-14,
0.392699081698716,0.785398163397442,1.17809724509617,1.5707963267949),
 .UNSPECIFIED.);
#402=B_SPLINE_CURVE_WITH_KNOTS('',3,(#14661,#14662,#14663,#14664,#14665),
 .UNSPECIFIED.,.F.,.F.,(4,1,4),(93.,136.5,180.),.UNSPECIFIED.);
#403=B_SPLINE_CURVE_WITH_KNOTS('',3,(#14680,#14681,#14682,#14683,#14684),
 .UNSPECIFIED.,.F.,.F.,(4,1,4),(93.,136.5,180.),.UNSPECIFIED.);
#404=B_SPLINE_CURVE_WITH_KNOTS('',3,(#14734,#14735,#14736,#14737,#14738),
 .UNSPECIFIED.,.F.,.F.,(4,1,4),(90.,135.,180.),.UNSPECIFIED.);
#405=B_SPLINE_CURVE_WITH_KNOTS('',3,(#14743,#14744,#14745,#14746,#14747),
 .UNSPECIFIED.,.F.,.F.,(4,1,4),(0.00331269418272262,0.00409563336558816,
0.00487857254845369),.UNSPECIFIED.);
#406=B_SPLINE_CURVE_WITH_KNOTS('',3,(#14751,#14752,#14753,#14754,#14755),
 .UNSPECIFIED.,.F.,.F.,(4,1,4),(0.0053382321417277,0.00612061079669227,
0.00690298945165683),.UNSPECIFIED.);
#407=B_SPLINE_CURVE_WITH_KNOTS('',3,(#14767,#14768,#14769,#14770,#14771,
#14772,#14773),.UNSPECIFIED.,.F.,.F.,(4,1,1,1,4),(4.7123889803847,5.10508806208342,
5.49778714378215,5.89048622548087,6.28318530717959),.UNSPECIFIED.);
#408=B_SPLINE_CURVE_WITH_KNOTS('',3,(#14779,#14780,#14781,#14782,#14783),
 .UNSPECIFIED.,.F.,.F.,(4,1,4),(0.0053382321417277,0.00612061079669227,
0.00690298945165684),.UNSPECIFIED.);
#409=B_SPLINE_CURVE_WITH_KNOTS('',3,(#14784,#14785,#14786,#14787,#14788),
 .UNSPECIFIED.,.F.,.F.,(4,1,4),(0.00533823214172799,0.00612061079669268,
0.00690298945165737),.UNSPECIFIED.);
#410=B_SPLINE_CURVE_WITH_KNOTS('',3,(#14940,#14941,#14942,#14943,#14944),
 .UNSPECIFIED.,.F.,.F.,(4,1,4),(-8.94427191002241E-6,0.00192097923756445,
0.00385090274703892),.UNSPECIFIED.);
#411=B_SPLINE_CURVE_WITH_KNOTS('',3,(#14950,#14951,#14952,#14953,#14954),
 .UNSPECIFIED.,.F.,.F.,(4,1,4),(1.5707963267949,2.35619449019235,3.1415926535898),
 .UNSPECIFIED.);
#412=B_SPLINE_CURVE_WITH_KNOTS('',3,(#14958,#14959,#14960,#14961,#14962),
 .UNSPECIFIED.,.F.,.F.,(4,1,4),(0.,0.785398163397448,1.5707963267949),
 .UNSPECIFIED.);
#413=B_SPLINE_CURVE_WITH_KNOTS('',3,(#14992,#14993,#14994,#14995,#14996,
#14997,#14998),.UNSPECIFIED.,.F.,.F.,(4,1,1,1,4),(4.71238898038469,5.07324005791486,
5.43409113544504,5.79494221297521,6.15579329050538),.UNSPECIFIED.);
#414=B_SPLINE_CURVE_WITH_KNOTS('',3,(#15004,#15005,#15006,#15007,#15008),
 .UNSPECIFIED.,.F.,.F.,(4,1,4),(2.61878493590737,3.14159265358979,3.66440037127221),
 .UNSPECIFIED.);
#415=B_SPLINE_CURVE_WITH_KNOTS('',3,(#15012,#15013,#15014,#15015,#15016),
 .UNSPECIFIED.,.F.,.F.,(4,1,4),(2.61878493590737,2.95821547391385,3.29764601192032),
 .UNSPECIFIED.);
#416=B_SPLINE_CURVE_WITH_KNOTS('',3,(#15036,#15037,#15038,#15039,#15040,
#15041,#15042),.UNSPECIFIED.,.F.,.F.,(4,1,1,1,4),(0.127392021621192,0.488243097914616,
0.849094174208041,1.20994525050147,1.57079632679489),.UNSPECIFIED.);
#417=B_SPLINE_CURVE_WITH_KNOTS('',3,(#15048,#15049,#15050,#15051,#15052),
 .UNSPECIFIED.,.F.,.F.,(4,1,4),(4.71238898038469,5.49778714378214,6.28318530717959),
 .UNSPECIFIED.);
#418=B_SPLINE_CURVE_WITH_KNOTS('',3,(#15056,#15057,#15058,#15059,#15060),
 .UNSPECIFIED.,.F.,.F.,(4,1,4),(3.1415926535898,3.92699081698724,4.71238898038469),
 .UNSPECIFIED.);
#419=B_SPLINE_CURVE_WITH_KNOTS('',3,(#15066,#15067,#15068,#15069,#15070),
 .UNSPECIFIED.,.F.,.F.,(4,1,4),(0.,0.00192924497934208,0.00385848995868415),
 .UNSPECIFIED.);
#420=B_SPLINE_CURVE_WITH_KNOTS('',3,(#15142,#15143,#15144,#15145,#15146),
 .UNSPECIFIED.,.F.,.F.,(4,1,4),(2.61878493590737,3.14159265358979,3.66440037127221),
 .UNSPECIFIED.);
#421=B_SPLINE_CURVE_WITH_KNOTS('',3,(#15150,#15151,#15152,#15153),
 .UNSPECIFIED.,.F.,.F.,(4,4),(2.61878493590737,2.96818053662296),
 .UNSPECIFIED.);
#422=B_SPLINE_CURVE_WITH_KNOTS('',3,(#15189,#15190,#15191,#15192),
 .UNSPECIFIED.,.F.,.F.,(4,4),(3.41433109715049,3.66440037127221),
 .UNSPECIFIED.);
#423=B_SPLINE_CURVE_WITH_KNOTS('',3,(#15196,#15197,#15198,#15199,#15200,
#15201,#15202),.UNSPECIFIED.,.F.,.F.,(4,1,1,1,4),(2.61878493590737,2.88018879474858,
3.14159265358979,3.40299651243101,3.66440037127221),.UNSPECIFIED.);
#424=B_SPLINE_CURVE_WITH_KNOTS('',3,(#15206,#15207,#15208,#15209,#15210),
 .UNSPECIFIED.,.F.,.F.,(4,1,4),(2.61878493590737,3.14159265358979,3.66440037127221),
 .UNSPECIFIED.);
#425=B_SPLINE_CURVE_WITH_KNOTS('',3,(#15350,#15351,#15352,#15353),
 .UNSPECIFIED.,.F.,.F.,(4,4),(0.,0.000591462209966814),.UNSPECIFIED.);
#426=B_SPLINE_CURVE_WITH_KNOTS('',3,(#15355,#15356,#15357,#15358),
 .UNSPECIFIED.,.F.,.F.,(4,4),(5.42101086242752E-20,0.000593729340023561),
 .UNSPECIFIED.);
#427=B_SPLINE_CURVE_WITH_KNOTS('',3,(#15362,#15363,#15364,#15365),
 .UNSPECIFIED.,.F.,.F.,(4,4),(0.,1.),.UNSPECIFIED.);
#428=B_SPLINE_CURVE_WITH_KNOTS('',3,(#15380,#15381,#15382,#15383),
 .UNSPECIFIED.,.F.,.F.,(4,4),(1.84314369322536E-18,0.00059379617998303),
 .UNSPECIFIED.);
#429=B_SPLINE_CURVE_WITH_KNOTS('',3,(#15385,#15386,#15387,#15388),
 .UNSPECIFIED.,.F.,.F.,(4,4),(5.42101086242752E-20,0.000591437405340709),
 .UNSPECIFIED.);
#430=B_SPLINE_CURVE_WITH_KNOTS('',3,(#15392,#15393,#15394,#15395),
 .UNSPECIFIED.,.F.,.F.,(4,4),(0.,1.),.UNSPECIFIED.);
#431=B_SPLINE_CURVE_WITH_KNOTS('',3,(#15397,#15398,#15399,#15400),
 .UNSPECIFIED.,.F.,.F.,(4,4),(0.,1.),.UNSPECIFIED.);
#432=B_SPLINE_CURVE_WITH_KNOTS('',3,(#15422,#15423,#15424,#15425,#15426),
 .UNSPECIFIED.,.F.,.F.,(4,1,4),(93.,136.5,180.),.UNSPECIFIED.);
#433=B_SPLINE_CURVE_WITH_KNOTS('',3,(#15428,#15429,#15430,#15431,#15432),
 .UNSPECIFIED.,.F.,.F.,(4,1,4),(3.,46.5,90.),.UNSPECIFIED.);
#434=B_SPLINE_CURVE_WITH_KNOTS('',3,(#15433,#15434,#15435,#15436,#15437,
#15438,#15439),.UNSPECIFIED.,.F.,.F.,(4,1,1,1,4),(2.61878493590737,2.88018879474858,
3.14159265358979,3.40299651243101,3.66440037127221),.UNSPECIFIED.);
#435=B_SPLINE_CURVE_WITH_KNOTS('',3,(#15441,#15442,#15443,#15444,#15445),
 .UNSPECIFIED.,.F.,.F.,(4,1,4),(3.,46.5,90.),.UNSPECIFIED.);
#436=B_SPLINE_CURVE_WITH_KNOTS('',3,(#15447,#15448,#15449,#15450,#15451),
 .UNSPECIFIED.,.F.,.F.,(4,1,4),(93.,136.5,180.),.UNSPECIFIED.);
#437=B_SPLINE_CURVE_WITH_KNOTS('',3,(#15452,#15453,#15454,#15455,#15456),
 .UNSPECIFIED.,.F.,.F.,(4,1,4),(2.61878493590737,3.14159265358979,3.66440037127221),
 .UNSPECIFIED.);
#438=B_SPLINE_CURVE_WITH_KNOTS('',3,(#15458,#15459,#15460,#15461,#15462,
#15463,#15464),.UNSPECIFIED.,.F.,.F.,(4,1,1,1,4),(2.61878493590737,2.88018879474858,
3.14159265358979,3.402996512431,3.66440037127221),.UNSPECIFIED.);
#439=B_SPLINE_CURVE_WITH_KNOTS('',3,(#15468,#15469,#15470,#15471,#15472),
 .UNSPECIFIED.,.F.,.F.,(4,1,4),(93.,136.5,180.),.UNSPECIFIED.);
#440=B_SPLINE_CURVE_WITH_KNOTS('',3,(#15476,#15477,#15478,#15479),
 .UNSPECIFIED.,.F.,.F.,(4,4),(0.,1.),.UNSPECIFIED.);
#441=B_SPLINE_CURVE_WITH_KNOTS('',3,(#15484,#15485,#15486,#15487),
 .UNSPECIFIED.,.F.,.F.,(4,4),(0.,1.),.UNSPECIFIED.);
#442=B_SPLINE_CURVE_WITH_KNOTS('',3,(#15491,#15492,#15493,#15494),
 .UNSPECIFIED.,.F.,.F.,(4,4),(5.42101086242752E-20,0.000591437405340731),
 .UNSPECIFIED.);
#443=B_SPLINE_CURVE_WITH_KNOTS('',3,(#15496,#15497,#15498,#15499),
 .UNSPECIFIED.,.F.,.F.,(4,4),(2.71050543121376E-18,0.000593796179983077),
 .UNSPECIFIED.);
#444=B_SPLINE_CURVE_WITH_KNOTS('',3,(#15509,#15510,#15511,#15512),
 .UNSPECIFIED.,.F.,.F.,(4,4),(0.,1.),.UNSPECIFIED.);
#445=B_SPLINE_CURVE_WITH_KNOTS('',3,(#15521,#15522,#15523,#15524),
 .UNSPECIFIED.,.F.,.F.,(4,4),(5.42101086242752E-20,0.000593729340023583),
 .UNSPECIFIED.);
#446=B_SPLINE_CURVE_WITH_KNOTS('',3,(#15526,#15527,#15528,#15529),
 .UNSPECIFIED.,.F.,.F.,(4,4),(0.,0.000591462209966881),.UNSPECIFIED.);
#447=B_SPLINE_CURVE_WITH_KNOTS('',3,(#15570,#15571,#15572,#15573),
 .UNSPECIFIED.,.F.,.F.,(4,4),(5.42101086242752E-20,0.000590316821027864),
 .UNSPECIFIED.);
#448=B_SPLINE_CURVE_WITH_KNOTS('',3,(#15585,#15586,#15587,#15588),
 .UNSPECIFIED.,.F.,.F.,(4,4),(5.53620734325411E-18,0.000590572904405464),
 .UNSPECIFIED.);
#449=B_SPLINE_CURVE_WITH_KNOTS('',3,(#15592,#15593,#15594,#15595),
 .UNSPECIFIED.,.F.,.F.,(4,4),(0.,0.000590571929675508),.UNSPECIFIED.);
#450=B_SPLINE_CURVE_WITH_KNOTS('',3,(#15607,#15608,#15609,#15610),
 .UNSPECIFIED.,.F.,.F.,(4,4),(5.9292306307801E-18,0.000590317147434016),
 .UNSPECIFIED.);
#451=B_SPLINE_CURVE_WITH_KNOTS('',3,(#15628,#15629,#15630,#15631),
 .UNSPECIFIED.,.F.,.F.,(4,4),(90.,180.),.UNSPECIFIED.);
#452=B_SPLINE_CURVE_WITH_KNOTS('',3,(#15637,#15638,#15639,#15640),
 .UNSPECIFIED.,.F.,.F.,(4,4),(0.,90.),.UNSPECIFIED.);
#453=B_SPLINE_CURVE_WITH_KNOTS('',3,(#15646,#15647,#15648,#15649,#15650),
 .UNSPECIFIED.,.F.,.F.,(4,1,4),(2.61878493590737,3.14159265358979,3.66440037127221),
 .UNSPECIFIED.);
#454=B_SPLINE_CURVE_WITH_KNOTS('',3,(#15655,#15656,#15657,#15658,#15659),
 .UNSPECIFIED.,.F.,.F.,(4,1,4),(180.,223.5,267.),.UNSPECIFIED.);
#455=B_SPLINE_CURVE_WITH_KNOTS('',3,(#15661,#15662,#15663,#15664,#15665),
 .UNSPECIFIED.,.F.,.F.,(4,1,4),(270.,313.5,357.),.UNSPECIFIED.);
#456=B_SPLINE_CURVE_WITH_KNOTS('',3,(#15667,#15668,#15669,#15670,#15671),
 .UNSPECIFIED.,.F.,.F.,(4,1,4),(270.,313.5,357.),.UNSPECIFIED.);
#457=B_SPLINE_CURVE_WITH_KNOTS('',3,(#15673,#15674,#15675,#15676,#15677),
 .UNSPECIFIED.,.F.,.F.,(4,1,4),(180.,223.5,267.),.UNSPECIFIED.);
#458=B_SPLINE_CURVE_WITH_KNOTS('',3,(#15679,#15680,#15681,#15682,#15683),
 .UNSPECIFIED.,.F.,.F.,(4,1,4),(180.,223.5,267.),.UNSPECIFIED.);
#459=B_SPLINE_CURVE_WITH_KNOTS('',3,(#15687,#15688,#15689,#15690,#15691),
 .UNSPECIFIED.,.F.,.F.,(4,1,4),(6.58756529166166E-15,0.000765370636617939,
0.00153074127322929),.UNSPECIFIED.);
#460=B_SPLINE_CURVE_WITH_KNOTS('',3,(#15693,#15694,#15695,#15696),
 .UNSPECIFIED.,.F.,.F.,(4,4),(2.61878493590737,2.88933161679048),
 .UNSPECIFIED.);
#461=B_SPLINE_CURVE_WITH_KNOTS('',3,(#15700,#15701,#15702,#15703,#15704),
 .UNSPECIFIED.,.F.,.F.,(4,1,4),(0.00156821460975723,0.00234406940364849,
0.00311992419753975),.UNSPECIFIED.);
#462=B_SPLINE_CURVE_WITH_KNOTS('',3,(#15706,#15707,#15708,#15709),
 .UNSPECIFIED.,.F.,.F.,(4,4),(3.34327466471015,3.66440037127221),
 .UNSPECIFIED.);
#463=B_SPLINE_CURVE_WITH_KNOTS('',3,(#15741,#15742,#15743,#15744),
 .UNSPECIFIED.,.F.,.F.,(4,4),(1.18042511529359E-17,0.000590317147434027),
 .UNSPECIFIED.);
#464=B_SPLINE_CURVE_WITH_KNOTS('',3,(#15748,#15749,#15750,#15751),
 .UNSPECIFIED.,.F.,.F.,(4,4),(1.0842021724855E-19,0.000590571929675485),
 .UNSPECIFIED.);
#465=B_SPLINE_CURVE_WITH_KNOTS('',3,(#15763,#15764,#15765,#15766),
 .UNSPECIFIED.,.F.,.F.,(4,4),(2.63257840006637E-17,0.000590572904405437),
 .UNSPECIFIED.);
#466=B_SPLINE_CURVE_WITH_KNOTS('',3,(#15770,#15771,#15772,#15773),
 .UNSPECIFIED.,.F.,.F.,(4,4),(5.42101086242752E-20,0.000590316821027799),
 .UNSPECIFIED.);
#467=B_SPLINE_CURVE_WITH_KNOTS('',3,(#15781,#15782,#15783,#15784),
 .UNSPECIFIED.,.F.,.F.,(4,4),(270.,360.),.UNSPECIFIED.);
#468=B_SPLINE_CURVE_WITH_KNOTS('',3,(#15802,#15803,#15804,#15805),
 .UNSPECIFIED.,.F.,.F.,(4,4),(180.,270.),.UNSPECIFIED.);
#469=B_SPLINE_CURVE_WITH_KNOTS('',3,(#15819,#15820,#15821,#15822,#15823),
 .UNSPECIFIED.,.F.,.F.,(4,1,4),(270.,315.,360.),.UNSPECIFIED.);
#470=B_SPLINE_CURVE_WITH_KNOTS('',3,(#15825,#15826,#15827,#15828,#15829,
#15830,#15831),.UNSPECIFIED.,.F.,.F.,(4,1,1,1,4),(4.92067402669794E-35,
0.392699081698722,0.785398163397445,1.17809724509617,1.57079632679489),
 .UNSPECIFIED.);
#471=B_SPLINE_CURVE_WITH_KNOTS('',3,(#15863,#15864,#15865,#15866,#15867),
 .UNSPECIFIED.,.F.,.F.,(4,1,4),(93.,136.5,180.),.UNSPECIFIED.);
#472=B_SPLINE_CURVE_WITH_KNOTS('',3,(#15868,#15869,#15870,#15871,#15872,
#15873,#15874),.UNSPECIFIED.,.F.,.F.,(4,1,1,1,4),(4.71238898038469,5.10508806208342,
5.49778714378214,5.89048622548087,6.28318530717959),.UNSPECIFIED.);
#473=B_SPLINE_CURVE_WITH_KNOTS('',3,(#15878,#15879,#15880,#15881,#15882),
 .UNSPECIFIED.,.F.,.F.,(4,1,4),(3.,46.5,90.),.UNSPECIFIED.);
#474=B_SPLINE_CURVE_WITH_KNOTS('',3,(#15884,#15885,#15886,#15887,#15888),
 .UNSPECIFIED.,.F.,.F.,(4,1,4),(2.61878493590737,3.14159265358979,3.66440037127221),
 .UNSPECIFIED.);
#475=B_SPLINE_CURVE_WITH_KNOTS('',3,(#15890,#15891,#15892,#15893,#15894),
 .UNSPECIFIED.,.F.,.F.,(4,1,4),(3.00000000000017,46.5000000000001,90.),
 .UNSPECIFIED.);
#476=B_SPLINE_CURVE_WITH_KNOTS('',3,(#15930,#15931,#15932,#15933,#15934),
 .UNSPECIFIED.,.F.,.F.,(4,1,4),(270.,315.,360.),.UNSPECIFIED.);
#477=B_SPLINE_CURVE_WITH_KNOTS('',3,(#15938,#15939,#15940,#15941,#15942,
#15943,#15944),.UNSPECIFIED.,.F.,.F.,(4,1,1,1,4),(2.06550678641991E-16,
0.392699081698723,0.785398163397445,1.17809724509617,1.57079632679489),
 .UNSPECIFIED.);
#478=B_SPLINE_CURVE_WITH_KNOTS('',3,(#15946,#15947,#15948,#15949,#15950),
 .UNSPECIFIED.,.F.,.F.,(4,1,4),(93.,136.5,180.),.UNSPECIFIED.);
#479=B_SPLINE_CURVE_WITH_KNOTS('',3,(#15952,#15953,#15954,#15955,#15956,
#15957,#15958),.UNSPECIFIED.,.F.,.F.,(4,1,1,1,4),(4.7123889803847,5.10508806208342,
5.49778714378215,5.89048622548087,6.28318530717959),.UNSPECIFIED.);
#480=B_SPLINE_CURVE_WITH_KNOTS('',3,(#15962,#15963,#15964,#15965,#15966),
 .UNSPECIFIED.,.F.,.F.,(4,1,4),(93.,136.5,180.),.UNSPECIFIED.);
#481=B_SPLINE_CURVE_WITH_KNOTS('',3,(#15970,#15971,#15972,#15973,#15974),
 .UNSPECIFIED.,.F.,.F.,(4,1,4),(2.61878493590737,3.14159265358979,3.66440037127221),
 .UNSPECIFIED.);
#482=B_SPLINE_CURVE_WITH_KNOTS('',3,(#15976,#15977,#15978,#15979,#15980),
 .UNSPECIFIED.,.F.,.F.,(4,1,4),(2.99999999999988,46.4999999999999,90.),
 .UNSPECIFIED.);
#483=B_SPLINE_CURVE_WITH_KNOTS('',3,(#15982,#15983,#15984,#15985,#15986),
 .UNSPECIFIED.,.F.,.F.,(4,1,4),(2.61878493590737,3.14159265358979,3.66440037127221),
 .UNSPECIFIED.);
#484=B_SPLINE_CURVE_WITH_KNOTS('',3,(#15990,#15991,#15992,#15993,#15994),
 .UNSPECIFIED.,.F.,.F.,(4,1,4),(3.00000000000031,46.5000000000001,90.),
 .UNSPECIFIED.);
#485=B_SPLINE_CURVE_WITH_KNOTS('',3,(#15998,#15999,#16000,#16001,#16002),
 .UNSPECIFIED.,.F.,.F.,(4,1,4),(2.61878493590737,3.14159265358979,3.66440037127221),
 .UNSPECIFIED.);
#486=B_SPLINE_CURVE_WITH_KNOTS('',3,(#16004,#16005,#16006,#16007,#16008),
 .UNSPECIFIED.,.F.,.F.,(4,1,4),(93.,136.5,180.),.UNSPECIFIED.);
#487=B_SPLINE_CURVE_WITH_KNOTS('',3,(#16010,#16011,#16012,#16013,#16014),
 .UNSPECIFIED.,.F.,.F.,(4,1,4),(2.61878493590737,3.14159265358979,3.66440037127221),
 .UNSPECIFIED.);
#488=B_SPLINE_CURVE_WITH_KNOTS('',3,(#16018,#16019,#16020,#16021,#16022),
 .UNSPECIFIED.,.F.,.F.,(4,1,4),(93.,136.5,180.),.UNSPECIFIED.);
#489=B_SPLINE_CURVE_WITH_KNOTS('',3,(#16026,#16027,#16028,#16029,#16030),
 .UNSPECIFIED.,.F.,.F.,(4,1,4),(2.61878493590737,3.14159265358979,3.66440037127221),
 .UNSPECIFIED.);
#490=B_SPLINE_CURVE_WITH_KNOTS('',3,(#16032,#16033,#16034,#16035,#16036),
 .UNSPECIFIED.,.F.,.F.,(4,1,4),(2.9999999999999,46.5,90.),.UNSPECIFIED.);
#491=B_SPLINE_CURVE_WITH_KNOTS('',3,(#16038,#16039,#16040,#16041,#16042),
 .UNSPECIFIED.,.F.,.F.,(4,1,4),(2.61878493590737,3.14159265358979,3.66440037127221),
 .UNSPECIFIED.);
#492=B_SPLINE_CURVE_WITH_KNOTS('',3,(#16046,#16047,#16048,#16049,#16050),
 .UNSPECIFIED.,.F.,.F.,(4,1,4),(3.00000000000009,46.5,90.),
 .UNSPECIFIED.);
#493=B_SPLINE_CURVE_WITH_KNOTS('',3,(#16054,#16055,#16056,#16057,#16058),
 .UNSPECIFIED.,.F.,.F.,(4,1,4),(2.61878493590737,3.14159265358979,3.66440037127221),
 .UNSPECIFIED.);
#494=B_SPLINE_CURVE_WITH_KNOTS('',3,(#16060,#16061,#16062,#16063,#16064),
 .UNSPECIFIED.,.F.,.F.,(4,1,4),(93.,136.5,180.),.UNSPECIFIED.);
#495=B_SPLINE_CURVE_WITH_KNOTS('',3,(#16066,#16067,#16068,#16069,#16070),
 .UNSPECIFIED.,.F.,.F.,(4,1,4),(2.61878493590737,3.14159265358979,3.66440037127221),
 .UNSPECIFIED.);
#496=B_SPLINE_CURVE_WITH_KNOTS('',3,(#16074,#16075,#16076,#16077,#16078),
 .UNSPECIFIED.,.F.,.F.,(4,1,4),(93.,136.5,180.),.UNSPECIFIED.);
#497=B_SPLINE_CURVE_WITH_KNOTS('',3,(#16082,#16083,#16084,#16085,#16086,
#16087,#16088),.UNSPECIFIED.,.F.,.F.,(4,1,1,1,4),(4.71238898038469,5.10508806208342,
5.49778714378214,5.89048622548087,6.28318530717959),.UNSPECIFIED.);
#498=B_SPLINE_CURVE_WITH_KNOTS('',3,(#16090,#16091,#16092,#16093,#16094),
 .UNSPECIFIED.,.F.,.F.,(4,1,4),(90.,135.,180.),.UNSPECIFIED.);
#499=B_SPLINE_CURVE_WITH_KNOTS('',3,(#16096,#16097,#16098,#16099,#16100,
#16101,#16102),.UNSPECIFIED.,.F.,.F.,(4,1,1,1,4),(0.,0.392699081698724,
0.785398163397448,1.17809724509617,1.5707963267949),.UNSPECIFIED.);
#500=B_SPLINE_CURVE_WITH_KNOTS('',3,(#16121,#16122,#16123,#16124,#16125,
#16126),.UNSPECIFIED.,.F.,.F.,(4,1,1,4),(0.,0.00174467133045346,0.00261700699568019,
0.00348934266090692),.UNSPECIFIED.);
#501=B_SPLINE_CURVE_WITH_KNOTS('',3,(#16130,#16131,#16132,#16133),
 .UNSPECIFIED.,.F.,.F.,(4,4),(180.,255.),.UNSPECIFIED.);
#502=B_SPLINE_CURVE_WITH_KNOTS('',3,(#16135,#16136,#16137,#16138,#16139),
 .UNSPECIFIED.,.F.,.F.,(4,1,4),(1.57079632679489,2.35619449019234,3.1415926535898),
 .UNSPECIFIED.);
#503=B_SPLINE_CURVE_WITH_KNOTS('',3,(#16140,#16141,#16142,#16143,#16144),
 .UNSPECIFIED.,.F.,.F.,(4,1,4),(3.1415926535898,3.92699081698724,4.71238898038469),
 .UNSPECIFIED.);
#504=B_SPLINE_CURVE_WITH_KNOTS('',3,(#16150,#16151,#16152,#16153,#16154),
 .UNSPECIFIED.,.F.,.F.,(4,1,4),(3.1415926535898,3.92699081698724,4.71238898038469),
 .UNSPECIFIED.);
#505=B_SPLINE_CURVE_WITH_KNOTS('',3,(#16162,#16163,#16164,#16165,#16166),
 .UNSPECIFIED.,.F.,.F.,(4,1,4),(4.71238898038469,5.49778714378214,6.28318530717959),
 .UNSPECIFIED.);
#506=B_SPLINE_CURVE_WITH_KNOTS('',3,(#16170,#16171,#16172,#16173,#16174),
 .UNSPECIFIED.,.F.,.F.,(4,1,4),(8.25070432462E-16,0.78539816339745,1.5707963267949),
 .UNSPECIFIED.);
#507=B_SPLINE_CURVE_WITH_KNOTS('',3,(#16184,#16185,#16186,#16187),
 .UNSPECIFIED.,.F.,.F.,(4,4),(105.,180.),.UNSPECIFIED.);
#508=B_SPLINE_CURVE_WITH_KNOTS('',3,(#16188,#16189,#16190,#16191,#16192),
 .UNSPECIFIED.,.F.,.F.,(4,1,4),(4.71238898038469,5.49778714378214,6.28318530717959),
 .UNSPECIFIED.);
#509=B_SPLINE_CURVE_WITH_KNOTS('',3,(#16194,#16195,#16196,#16197,#16198,
#16199,#16200),.UNSPECIFIED.,.F.,.F.,(4,1,1,1,4),(4.7123889803847,5.10508806208342,
5.49778714378215,5.89048622548087,6.28318530717959),.UNSPECIFIED.);
#510=B_SPLINE_CURVE_WITH_KNOTS('',3,(#16251,#16252,#16253,#16254),
 .UNSPECIFIED.,.F.,.F.,(4,4),(4.98293566430106,5.02173505468099),
 .UNSPECIFIED.);
#511=B_SPLINE_CURVE_WITH_KNOTS('',3,(#16271,#16272,#16273,#16274,#16275),
 .UNSPECIFIED.,.F.,.F.,(4,1,4),(0.00317059242239342,0.00396972948087181,
0.00476886653935019),.UNSPECIFIED.);
#512=B_SPLINE_CURVE_WITH_KNOTS('',3,(#16277,#16278,#16279,#16280,#16281),
 .UNSPECIFIED.,.F.,.F.,(4,1,4),(2.61878493590737,2.91745737917883,3.21612982245028),
 .UNSPECIFIED.);
#513=B_SPLINE_CURVE_WITH_KNOTS('',3,(#16291,#16292,#16293,#16294),
 .UNSPECIFIED.,.F.,.F.,(4,4),(3.2260398204801,3.35505429697591),
 .UNSPECIFIED.);
#514=B_SPLINE_CURVE_WITH_KNOTS('',3,(#16302,#16303,#16304,#16305),
 .UNSPECIFIED.,.F.,.F.,(4,4),(1.13243577600278,1.17313200217783),
 .UNSPECIFIED.);
#515=B_SPLINE_CURVE_WITH_KNOTS('',3,(#16307,#16308,#16309,#16310,#16311),
 .UNSPECIFIED.,.F.,.F.,(4,1,4),(3.01644925986308,3.34042481556765,3.66440037127221),
 .UNSPECIFIED.);
#516=B_SPLINE_CURVE_WITH_KNOTS('',3,(#16320,#16321,#16322,#16323,#16324),
 .UNSPECIFIED.,.F.,.F.,(4,1,4),(2.61878493590737,3.14159265358979,3.66440037127221),
 .UNSPECIFIED.);
#517=B_SPLINE_CURVE_WITH_KNOTS('',3,(#16326,#16327,#16328,#16329,#16330,
#16331,#16332),.UNSPECIFIED.,.F.,.F.,(4,1,1,1,4),(-1.33226762955019E-14,
0.392699081698714,0.785398163397441,1.17809724509617,1.5707963267949),
 .UNSPECIFIED.);
#518=B_SPLINE_CURVE_WITH_KNOTS('',3,(#16345,#16346,#16347,#16348,#16349),
 .UNSPECIFIED.,.F.,.F.,(4,1,4),(0.,0.000941217919016167,0.00188243583803233),
 .UNSPECIFIED.);
#519=B_SPLINE_CURVE_WITH_KNOTS('',3,(#16398,#16399,#16400,#16401,#16402),
 .UNSPECIFIED.,.F.,.F.,(4,1,4),(0.,0.000819985480865358,0.00163997096173072),
 .UNSPECIFIED.);
#520=B_SPLINE_CURVE_WITH_KNOTS('',3,(#16406,#16407,#16408,#16409,#16410),
 .UNSPECIFIED.,.F.,.F.,(4,1,4),(0.,0.000820458171363502,0.001640916342727),
 .UNSPECIFIED.);
#521=B_SPLINE_CURVE_WITH_KNOTS('',3,(#16418,#16419,#16420,#16421,#16422),
 .UNSPECIFIED.,.F.,.F.,(4,1,4),(0.,0.000941217919016185,0.00188243583803237),
 .UNSPECIFIED.);
#522=B_SPLINE_CURVE_WITH_KNOTS('',3,(#16423,#16424,#16425,#16426,#16427),
 .UNSPECIFIED.,.F.,.F.,(4,1,4),(0.,0.000947393403056417,0.00189478680611283),
 .UNSPECIFIED.);
#523=B_SPLINE_CURVE_WITH_KNOTS('',3,(#16429,#16430,#16431,#16432,#16433),
 .UNSPECIFIED.,.F.,.F.,(4,1,4),(0.,0.000947393403056391,0.00189478680611278),
 .UNSPECIFIED.);
#524=B_SPLINE_CURVE_WITH_KNOTS('',3,(#16449,#16450,#16451,#16452,#16453),
 .UNSPECIFIED.,.F.,.F.,(4,1,4),(1.5707963267949,2.35619449019235,3.1415926535898),
 .UNSPECIFIED.);
#525=B_SPLINE_CURVE_WITH_KNOTS('',3,(#16459,#16460,#16461,#16462,#16463),
 .UNSPECIFIED.,.F.,.F.,(4,1,4),(3.1415926535898,3.92699081698724,4.71238898038469),
 .UNSPECIFIED.);
#526=B_SPLINE_CURVE_WITH_KNOTS('',3,(#16464,#16465,#16466,#16467),
 .UNSPECIFIED.,.F.,.F.,(4,4),(105.,180.),.UNSPECIFIED.);
#527=B_SPLINE_CURVE_WITH_KNOTS('',3,(#16469,#16470,#16471,#16472,#16473),
 .UNSPECIFIED.,.F.,.F.,(4,1,4),(4.71238898038469,5.49778714378214,6.28318530717959),
 .UNSPECIFIED.);
#528=B_SPLINE_CURVE_WITH_KNOTS('',3,(#16481,#16482,#16483,#16484,#16485),
 .UNSPECIFIED.,.F.,.F.,(4,1,4),(3.1415926535898,3.92699081698724,4.71238898038469),
 .UNSPECIFIED.);
#529=B_SPLINE_CURVE_WITH_KNOTS('',3,(#16491,#16492,#16493,#16494,#16495),
 .UNSPECIFIED.,.F.,.F.,(4,1,4),(0.,0.785398163397452,1.5707963267949),
 .UNSPECIFIED.);
#530=B_SPLINE_CURVE_WITH_KNOTS('',3,(#16497,#16498,#16499,#16500),
 .UNSPECIFIED.,.F.,.F.,(4,4),(180.,255.),.UNSPECIFIED.);
#531=B_SPLINE_CURVE_WITH_KNOTS('',3,(#16501,#16502,#16503,#16504,#16505),
 .UNSPECIFIED.,.F.,.F.,(4,1,4),(4.71238898038469,5.49778714378214,6.28318530717959),
 .UNSPECIFIED.);
#532=B_SPLINE_CURVE_WITH_KNOTS('',3,(#16514,#16515,#16516,#16517,#16518,
#16519),.UNSPECIFIED.,.F.,.F.,(4,1,1,4),(-1.02715953974518E-5,0.000865091744413587,
0.00174045508422463,0.0034911817638467),.UNSPECIFIED.);
#533=B_SPLINE_CURVE_WITH_KNOTS('',3,(#16524,#16525,#16526,#16527,#16528,
#16529),.UNSPECIFIED.,.F.,.F.,(4,1,1,4),(0.,0.00296113136018451,0.00444169704027676,
0.00592226272036901),.UNSPECIFIED.);
#534=B_SPLINE_CURVE_WITH_KNOTS('',3,(#16537,#16538,#16539,#16540,#16541,
#16542,#16543),.UNSPECIFIED.,.F.,.F.,(4,1,1,1,4),(4.71238898038469,5.10508806208342,
5.49778714378214,5.89048622548087,6.28318530717959),.UNSPECIFIED.);
#535=B_SPLINE_CURVE_WITH_KNOTS('',3,(#16551,#16552,#16553,#16554,#16555),
 .UNSPECIFIED.,.F.,.F.,(4,1,4),(2.61878493590737,3.14159265358979,3.66440037127221),
 .UNSPECIFIED.);
#536=B_SPLINE_CURVE_WITH_KNOTS('',3,(#16563,#16564,#16565,#16566,#16567),
 .UNSPECIFIED.,.F.,.F.,(4,1,4),(2.61878493590737,3.14159265358979,3.66440037127221),
 .UNSPECIFIED.);
#537=B_SPLINE_CURVE_WITH_KNOTS('',3,(#16575,#16576,#16577,#16578,#16579),
 .UNSPECIFIED.,.F.,.F.,(4,1,4),(2.61878493590737,3.14159265358979,3.66440037127221),
 .UNSPECIFIED.);
#538=B_SPLINE_CURVE_WITH_KNOTS('',3,(#16587,#16588,#16589,#16590,#16591),
 .UNSPECIFIED.,.F.,.F.,(4,1,4),(2.61878493590737,3.14159265358979,3.66440037127221),
 .UNSPECIFIED.);
#539=B_SPLINE_CURVE_WITH_KNOTS('',3,(#16599,#16600,#16601,#16602,#16603,
#16604,#16605),.UNSPECIFIED.,.F.,.F.,(4,1,1,1,4),(0.,0.392699081698722,
0.785398163397445,1.17809724509617,1.57079632679489),.UNSPECIFIED.);
#540=B_SPLINE_CURVE_WITH_KNOTS('',3,(#16613,#16614,#16615,#16616,#16617,
#16618),.UNSPECIFIED.,.F.,.F.,(4,1,1,4),(-1.43950619050008E-5,0.00147289248117954,
0.00296018002426408,0.00593475511043316),.UNSPECIFIED.);
#541=B_SPLINE_CURVE_WITH_KNOTS('',3,(#16734,#16735,#16736,#16737),
 .UNSPECIFIED.,.F.,.F.,(4,4),(0.,75.),.UNSPECIFIED.);
#542=B_SPLINE_CURVE_WITH_KNOTS('',3,(#16739,#16740,#16741,#16742),
 .UNSPECIFIED.,.F.,.F.,(4,4),(0.,90.),.UNSPECIFIED.);
#543=B_SPLINE_CURVE_WITH_KNOTS('',3,(#16744,#16745,#16746,#16747),
 .UNSPECIFIED.,.F.,.F.,(4,4),(90.,180.),.UNSPECIFIED.);
#544=B_SPLINE_CURVE_WITH_KNOTS('',3,(#16749,#16750,#16751,#16752),
 .UNSPECIFIED.,.F.,.F.,(4,4),(285.,360.),.UNSPECIFIED.);
#545=B_SPLINE_CURVE_WITH_KNOTS('',3,(#16755,#16756,#16757,#16758,#16759),
 .UNSPECIFIED.,.F.,.F.,(4,1,4),(0.,45.,90.),.UNSPECIFIED.);
#546=B_SPLINE_CURVE_WITH_KNOTS('',3,(#16761,#16762,#16763,#16764),
 .UNSPECIFIED.,.F.,.F.,(4,4),(190.06443269485,267.),.UNSPECIFIED.);
#547=B_SPLINE_CURVE_WITH_KNOTS('',3,(#16766,#16767,#16768,#16769),
 .UNSPECIFIED.,.F.,.F.,(4,4),(1.02745814786958E-13,0.000465436107006208),
 .UNSPECIFIED.);
#548=B_SPLINE_CURVE_WITH_KNOTS('',3,(#16787,#16788,#16789,#16790,#16791),
 .UNSPECIFIED.,.F.,.F.,(4,1,4),(0.,0.0021559184149693,0.00431183682993861),
 .UNSPECIFIED.);
#549=B_SPLINE_CURVE_WITH_KNOTS('',3,(#16807,#16808,#16809,#16810,#16811),
 .UNSPECIFIED.,.F.,.F.,(4,1,4),(3.7738838847228E-10,0.000781950851602754,
0.00156390132581712),.UNSPECIFIED.);
#550=B_SPLINE_CURVE_WITH_KNOTS('',3,(#16813,#16814,#16815,#16816,#16817),
 .UNSPECIFIED.,.F.,.F.,(4,1,4),(270.,313.5,357.),.UNSPECIFIED.);
#551=B_SPLINE_CURVE_WITH_KNOTS('',3,(#16819,#16820,#16821,#16822,#16823),
 .UNSPECIFIED.,.F.,.F.,(4,1,4),(270.,313.5,357.),.UNSPECIFIED.);
#552=B_SPLINE_CURVE_WITH_KNOTS('',3,(#16825,#16826,#16827,#16828,#16829),
 .UNSPECIFIED.,.F.,.F.,(4,1,4),(180.,223.5,267.),.UNSPECIFIED.);
#553=B_SPLINE_CURVE_WITH_KNOTS('',3,(#16831,#16832,#16833,#16834),
 .UNSPECIFIED.,.F.,.F.,(4,4),(280.06443269485,357.),.UNSPECIFIED.);
#554=B_SPLINE_CURVE_WITH_KNOTS('',3,(#16836,#16837,#16838,#16839,#16840),
 .UNSPECIFIED.,.F.,.F.,(4,1,4),(0.,0.00215396686864279,0.00430793373728558),
 .UNSPECIFIED.);
#555=B_SPLINE_CURVE_WITH_KNOTS('',3,(#16858,#16859,#16860,#16861),
 .UNSPECIFIED.,.F.,.F.,(4,4),(0.,0.000465429968073935),.UNSPECIFIED.);
#556=B_SPLINE_CURVE_WITH_KNOTS('',3,(#16865,#16866,#16867,#16868,#16869),
 .UNSPECIFIED.,.F.,.F.,(4,1,4),(180.,225.,270.),.UNSPECIFIED.);
#557=B_SPLINE_CURVE_WITH_KNOTS('',3,(#16871,#16872,#16873,#16874,#16875),
 .UNSPECIFIED.,.F.,.F.,(4,1,4),(0.,0.000819985480865375,0.00163997096173075),
 .UNSPECIFIED.);
#558=B_SPLINE_CURVE_WITH_KNOTS('',3,(#16893,#16894,#16895,#16896,#16897),
 .UNSPECIFIED.,.F.,.F.,(4,1,4),(0.,0.000820458171363476,0.00164091634272695),
 .UNSPECIFIED.);
#559=B_SPLINE_CURVE_WITH_KNOTS('',3,(#16899,#16900,#16901,#16902),
 .UNSPECIFIED.,.F.,.F.,(4,4),(105.,180.),.UNSPECIFIED.);
#560=B_SPLINE_CURVE_WITH_KNOTS('',3,(#16904,#16905,#16906,#16907),
 .UNSPECIFIED.,.F.,.F.,(4,4),(90.,180.),.UNSPECIFIED.);
#561=B_SPLINE_CURVE_WITH_KNOTS('',3,(#16909,#16910,#16911,#16912),
 .UNSPECIFIED.,.F.,.F.,(4,4),(0.,90.),.UNSPECIFIED.);
#562=B_SPLINE_CURVE_WITH_KNOTS('',3,(#16914,#16915,#16916,#16917),
 .UNSPECIFIED.,.F.,.F.,(4,4),(180.,255.),.UNSPECIFIED.);
#563=B_SPLINE_CURVE_WITH_KNOTS('',3,(#16993,#16994,#16995,#16996,#16997),
 .UNSPECIFIED.,.F.,.F.,(4,1,4),(0.,0.00319167048578995,0.0063833409715799),
 .UNSPECIFIED.);
#564=B_SPLINE_CURVE_WITH_KNOTS('',3,(#17001,#17002,#17003,#17004,#17005),
 .UNSPECIFIED.,.F.,.F.,(4,1,4),(180.,225.,270.),.UNSPECIFIED.);
#565=B_SPLINE_CURVE_WITH_KNOTS('',3,(#17009,#17010,#17011,#17012,#17013),
 .UNSPECIFIED.,.F.,.F.,(4,1,4),(180.,223.5,267.),.UNSPECIFIED.);
#566=B_SPLINE_CURVE_WITH_KNOTS('',3,(#17015,#17016,#17017,#17018,#17019,
#17020,#17021),.UNSPECIFIED.,.F.,.F.,(4,1,1,1,4),(0.,0.392699081698722,
0.785398163397445,1.17809724509617,1.57079632679489),.UNSPECIFIED.);
#567=B_SPLINE_CURVE_WITH_KNOTS('',3,(#17023,#17024,#17025,#17026,#17027),
 .UNSPECIFIED.,.F.,.F.,(4,1,4),(180.,223.5,267.),.UNSPECIFIED.);
#568=B_SPLINE_CURVE_WITH_KNOTS('',3,(#17031,#17032,#17033,#17034,#17035),
 .UNSPECIFIED.,.F.,.F.,(4,1,4),(270.,313.5,357.),.UNSPECIFIED.);
#569=B_SPLINE_CURVE_WITH_KNOTS('',3,(#17037,#17038,#17039,#17040,#17041),
 .UNSPECIFIED.,.F.,.F.,(4,1,4),(2.61878493590737,3.14159265358979,3.66440037127221),
 .UNSPECIFIED.);
#570=B_SPLINE_CURVE_WITH_KNOTS('',3,(#17043,#17044,#17045,#17046,#17047),
 .UNSPECIFIED.,.F.,.F.,(4,1,4),(270.,313.5,357.),.UNSPECIFIED.);
#571=B_SPLINE_CURVE_WITH_KNOTS('',3,(#17051,#17052,#17053,#17054,#17055),
 .UNSPECIFIED.,.F.,.F.,(4,1,4),(180.,223.5,267.),.UNSPECIFIED.);
#572=B_SPLINE_CURVE_WITH_KNOTS('',3,(#17057,#17058,#17059,#17060,#17061),
 .UNSPECIFIED.,.F.,.F.,(4,1,4),(2.61878493590737,3.14159265358979,3.66440037127221),
 .UNSPECIFIED.);
#573=B_SPLINE_CURVE_WITH_KNOTS('',3,(#17063,#17064,#17065,#17066,#17067),
 .UNSPECIFIED.,.F.,.F.,(4,1,4),(180.,223.5,267.),.UNSPECIFIED.);
#574=B_SPLINE_CURVE_WITH_KNOTS('',3,(#17071,#17072,#17073,#17074,#17075),
 .UNSPECIFIED.,.F.,.F.,(4,1,4),(270.,313.5,357.),.UNSPECIFIED.);
#575=B_SPLINE_CURVE_WITH_KNOTS('',3,(#17077,#17078,#17079,#17080,#17081),
 .UNSPECIFIED.,.F.,.F.,(4,1,4),(2.61878493590737,3.14159265358979,3.66440037127221),
 .UNSPECIFIED.);
#576=B_SPLINE_CURVE_WITH_KNOTS('',3,(#17083,#17084,#17085,#17086,#17087),
 .UNSPECIFIED.,.F.,.F.,(4,1,4),(270.,313.5,357.),.UNSPECIFIED.);
#577=B_SPLINE_CURVE_WITH_KNOTS('',3,(#17091,#17092,#17093,#17094,#17095),
 .UNSPECIFIED.,.F.,.F.,(4,1,4),(180.,223.5,267.),.UNSPECIFIED.);
#578=B_SPLINE_CURVE_WITH_KNOTS('',3,(#17097,#17098,#17099,#17100,#17101),
 .UNSPECIFIED.,.F.,.F.,(4,1,4),(2.61878493590737,3.14159265358979,3.66440037127221),
 .UNSPECIFIED.);
#579=B_SPLINE_CURVE_WITH_KNOTS('',3,(#17103,#17104,#17105,#17106,#17107),
 .UNSPECIFIED.,.F.,.F.,(4,1,4),(180.,223.5,267.),.UNSPECIFIED.);
#580=B_SPLINE_CURVE_WITH_KNOTS('',3,(#17111,#17112,#17113,#17114,#17115),
 .UNSPECIFIED.,.F.,.F.,(4,1,4),(0.,45.,90.),.UNSPECIFIED.);
#581=B_SPLINE_CURVE_WITH_KNOTS('',3,(#17117,#17118,#17119,#17120,#17121,
#17122,#17123),.UNSPECIFIED.,.F.,.F.,(4,1,1,1,4),(4.7123889803847,5.10508806208342,
5.49778714378215,5.89048622548087,6.28318530717959),.UNSPECIFIED.);
#582=B_SPLINE_CURVE_WITH_KNOTS('',3,(#17164,#17165,#17166,#17167,#17168),
 .UNSPECIFIED.,.F.,.F.,(4,1,4),(-1.18321595662361E-5,0.00319004331022349,
0.00639191878001321),.UNSPECIFIED.);
#583=B_SPLINE_CURVE_WITH_KNOTS('',3,(#17541,#17542,#17543,#17544),
 .UNSPECIFIED.,.F.,.F.,(4,4),(0.,0.000144564666228062),.UNSPECIFIED.);
#584=B_SPLINE_CURVE_WITH_KNOTS('',3,(#17546,#17547,#17548,#17549),
 .UNSPECIFIED.,.F.,.F.,(4,4),(0.,0.000823831715903476),.UNSPECIFIED.);
#585=B_SPLINE_CURVE_WITH_KNOTS('',3,(#17574,#17575,#17576,#17577),
 .UNSPECIFIED.,.F.,.F.,(4,4),(0.,0.000144564666228064),.UNSPECIFIED.);
#586=B_SPLINE_CURVE_WITH_KNOTS('',3,(#17579,#17580,#17581,#17582),
 .UNSPECIFIED.,.F.,.F.,(4,4),(0.,0.000823831715903482),.UNSPECIFIED.);
#587=B_SPLINE_CURVE_WITH_KNOTS('',3,(#17669,#17670,#17671,#17672,#17673),
 .UNSPECIFIED.,.F.,.F.,(4,1,4),(6.50521303491303E-19,0.00167439022551514,
0.00334878045103028),.UNSPECIFIED.);
#588=B_SPLINE_CURVE_WITH_KNOTS('',3,(#17677,#17678,#17679,#17680,#17681,
#17682,#17683,#17684,#17685,#17686,#17687,#17688),.UNSPECIFIED.,.F.,.F.,
(4,1,1,1,1,1,1,1,1,4),(6.50521303491303E-19,0.000807803218656268,0.00161560643731253,
0.00201950804664067,0.0024234096559688,0.00262536046063287,0.00282731126529693,
0.003029262069961,0.00313023747229304,0.00323121287462507),
 .UNSPECIFIED.);
#589=B_SPLINE_CURVE_WITH_KNOTS('',3,(#17699,#17700,#17701,#17702,#17703),
 .UNSPECIFIED.,.F.,.F.,(4,1,4),(0.,0.00167439022551506,0.00334878045103013),
 .UNSPECIFIED.);
#590=B_SPLINE_CURVE_WITH_KNOTS('',3,(#17707,#17708,#17709,#17710,#17711),
 .UNSPECIFIED.,.F.,.F.,(4,1,4),(0.,0.00167439022551491,0.00334878045102983),
 .UNSPECIFIED.);
#591=B_SPLINE_CURVE_WITH_KNOTS('',3,(#17996,#17997,#17998,#17999,#18000,
#18001,#18002,#18003,#18004,#18005,#18006),.UNSPECIFIED.,.T.,.F.,(1,1,1,
1,1,1,1,1,1,1,1,1,1,1,1),(-0.375,-0.25,-0.125,0.,0.125,0.25,0.375,0.5,0.625,
0.75,0.875,1.,1.125,1.25,1.375),.UNSPECIFIED.);
#592=B_SPLINE_CURVE_WITH_KNOTS('',3,(#18011,#18012,#18013,#18014,#18015,
#18016,#18017,#18018,#18019,#18020,#18021,#18022,#18023,#18024,#18025,#18026,
#18027,#18028,#18029),.UNSPECIFIED.,.T.,.F.,(1,1,1,1,1,1,1,1,1,1,1,1,1,
1,1,1,1,1,1,1,1,1,1),(-0.190789473684211,-0.128289473684211,-0.0657894736842105,
0.,0.059375,0.12171875,0.1842109375,0.246710546875,0.30921052734375,0.371710526367187,
0.434210526318359,0.496710526315918,0.559210526315796,0.62171052631579,
0.684210526315789,0.746710526315789,0.809210526315789,0.871710526315789,
0.934210526315789,1.,1.059375,1.12171875,1.1842109375),.UNSPECIFIED.);
#593=B_SPLINE_CURVE_WITH_KNOTS('',3,(#18077,#18078,#18079,#18080,#18081,
#18082,#18083,#18084,#18085,#18086,#18087),.UNSPECIFIED.,.T.,.F.,(1,1,1,
1,1,1,1,1,1,1,1,1,1,1,1),(-0.375,-0.25,-0.125,0.,0.125,0.25,0.375,0.5,0.625,
0.75,0.875,1.,1.125,1.25,1.375),.UNSPECIFIED.);
#594=B_SPLINE_CURVE_WITH_KNOTS('',3,(#18092,#18093,#18094,#18095,#18096,
#18097,#18098,#18099,#18100,#18101,#18102,#18103,#18104,#18105,#18106,#18107,
#18108,#18109,#18110),.UNSPECIFIED.,.T.,.F.,(1,1,1,1,1,1,1,1,1,1,1,1,1,
1,1,1,1,1,1,1,1,1,1),(-0.190789473684211,-0.128289473684211,-0.0657894736842105,
0.,0.059375,0.12171875,0.1842109375,0.246710546875,0.30921052734375,0.371710526367187,
0.434210526318359,0.496710526315918,0.559210526315796,0.62171052631579,
0.684210526315789,0.746710526315789,0.809210526315789,0.871710526315789,
0.934210526315789,1.,1.059375,1.12171875,1.1842109375),.UNSPECIFIED.);
#595=B_SPLINE_CURVE_WITH_KNOTS('',3,(#18134,#18135,#18136,#18137,#18138,
#18139,#18140,#18141,#18142,#18143,#18144),.UNSPECIFIED.,.T.,.F.,(1,1,1,
1,1,1,1,1,1,1,1,1,1,1,1),(-0.375,-0.25,-0.125,0.,0.125,0.25,0.375,0.5,0.625,
0.75,0.875,1.,1.125,1.25,1.375),.UNSPECIFIED.);
#596=B_SPLINE_CURVE_WITH_KNOTS('',3,(#18147,#18148,#18149,#18150,#18151,
#18152,#18153,#18154,#18155,#18156,#18157,#18158,#18159,#18160,#18161,#18162,
#18163,#18164,#18165),.UNSPECIFIED.,.T.,.F.,(1,1,1,1,1,1,1,1,1,1,1,1,1,
1,1,1,1,1,1,1,1,1,1),(-0.190789473684211,-0.128289473684211,-0.0657894736842105,
0.,0.059375,0.12171875,0.1842109375,0.246710546875,0.30921052734375,0.371710526367187,
0.434210526318359,0.496710526315918,0.559210526315796,0.62171052631579,
0.684210526315789,0.746710526315789,0.809210526315789,0.871710526315789,
0.934210526315789,1.,1.059375,1.12171875,1.1842109375),.UNSPECIFIED.);
#597=B_SPLINE_CURVE_WITH_KNOTS('',3,(#18189,#18190,#18191,#18192,#18193,
#18194,#18195,#18196,#18197,#18198,#18199),.UNSPECIFIED.,.T.,.F.,(1,1,1,
1,1,1,1,1,1,1,1,1,1,1,1),(-0.375,-0.25,-0.125,0.,0.125,0.25,0.375,0.5,0.625,
0.75,0.875,1.,1.125,1.25,1.375),.UNSPECIFIED.);
#598=B_SPLINE_CURVE_WITH_KNOTS('',3,(#18204,#18205,#18206,#18207,#18208,
#18209,#18210,#18211,#18212,#18213,#18214,#18215,#18216,#18217,#18218,#18219,
#18220,#18221,#18222),.UNSPECIFIED.,.T.,.F.,(1,1,1,1,1,1,1,1,1,1,1,1,1,
1,1,1,1,1,1,1,1,1,1),(-0.190789473684211,-0.128289473684211,-0.0657894736842105,
0.,0.059375,0.12171875,0.1842109375,0.246710546875,0.30921052734375,0.371710526367187,
0.434210526318359,0.496710526315918,0.559210526315796,0.62171052631579,
0.684210526315789,0.746710526315789,0.809210526315789,0.871710526315789,
0.934210526315789,1.,1.059375,1.12171875,1.1842109375),.UNSPECIFIED.);
#599=B_SPLINE_CURVE_WITH_KNOTS('',3,(#18940,#18941,#18942,#18943,#18944),
 .UNSPECIFIED.,.F.,.F.,(4,1,4),(0.,0.000781193945869325,0.00156238789173865),
 .UNSPECIFIED.);
#600=CIRCLE('',#10458,0.004);
#601=CIRCLE('',#10459,0.00848659006901678);
#602=CIRCLE('',#10461,0.0115);
#603=CIRCLE('',#10463,0.001);
#604=CIRCLE('',#10464,0.001);
#605=CIRCLE('',#10466,0.001);
#606=CIRCLE('',#10468,0.001);
#607=CIRCLE('',#10469,0.001);
#608=CIRCLE('',#10471,0.001);
#609=CIRCLE('',#10475,0.001);
#610=CIRCLE('',#10477,0.0125);
#611=CIRCLE('',#10478,0.0115);
#612=CIRCLE('',#10482,0.0125);
#613=CIRCLE('',#10485,0.0125);
#614=CIRCLE('',#10486,0.0125);
#615=CIRCLE('',#10487,0.0125);
#616=CIRCLE('',#10489,0.001);
#617=CIRCLE('',#10490,0.001);
#618=CIRCLE('',#10492,0.0125);
#619=CIRCLE('',#10493,0.0125);
#620=CIRCLE('',#10494,0.0125);
#621=CIRCLE('',#10496,0.002);
#622=CIRCLE('',#10497,0.0015);
#623=CIRCLE('',#10498,0.0138);
#624=CIRCLE('',#10500,0.004);
#625=CIRCLE('',#10501,0.004);
#626=CIRCLE('',#10502,0.00249999999999995);
#627=CIRCLE('',#10503,0.00249999999999995);
#628=CIRCLE('',#10504,0.004);
#629=CIRCLE('',#10505,0.004);
#630=CIRCLE('',#10506,0.004);
#631=CIRCLE('',#10507,0.0025);
#632=CIRCLE('',#10508,0.0025);
#633=CIRCLE('',#10509,0.004);
#634=CIRCLE('',#10510,0.004);
#635=CIRCLE('',#10511,0.004);
#636=CIRCLE('',#10512,0.0035);
#637=CIRCLE('',#10513,0.0035);
#638=CIRCLE('',#10514,0.0035);
#639=CIRCLE('',#10515,0.00350000000000095);
#640=CIRCLE('',#10516,0.005875);
#641=CIRCLE('',#10517,0.004);
#642=CIRCLE('',#10518,0.004);
#643=CIRCLE('',#10519,0.004);
#644=CIRCLE('',#10520,0.003625);
#645=CIRCLE('',#10521,0.004);
#646=CIRCLE('',#10522,0.004875);
#647=CIRCLE('',#10523,0.004);
#648=CIRCLE('',#10524,0.004);
#649=CIRCLE('',#10525,0.004);
#650=CIRCLE('',#10526,0.004875);
#651=CIRCLE('',#10527,0.005875);
#652=CIRCLE('',#10528,0.003);
#653=CIRCLE('',#10529,0.003);
#654=CIRCLE('',#10531,0.001);
#655=CIRCLE('',#10532,0.001);
#656=CIRCLE('',#10534,0.002);
#657=CIRCLE('',#10535,0.0138);
#658=CIRCLE('',#10536,0.0015);
#659=CIRCLE('',#10538,0.001);
#660=CIRCLE('',#10539,0.001);
#661=CIRCLE('',#10541,0.004);
#662=CIRCLE('',#10542,0.00848659006900324);
#663=CIRCLE('',#10544,0.004);
#664=CIRCLE('',#10545,0.004);
#665=CIRCLE('',#10547,0.004);
#666=CIRCLE('',#10548,0.004);
#667=CIRCLE('',#10549,0.004);
#668=CIRCLE('',#10551,0.004);
#669=CIRCLE('',#10552,0.004);
#670=CIRCLE('',#10553,0.004);
#671=CIRCLE('',#10554,0.004);
#672=CIRCLE('',#10556,0.004);
#673=CIRCLE('',#10557,0.004);
#674=CIRCLE('',#10559,0.0035);
#675=CIRCLE('',#10560,0.00350000000000095);
#676=CIRCLE('',#10561,0.0035);
#677=CIRCLE('',#10562,0.0035);
#678=CIRCLE('',#10564,0.00350000000000095);
#679=CIRCLE('',#10565,0.00350000000000095);
#680=CIRCLE('',#10566,0.0035);
#681=CIRCLE('',#10568,0.0035);
#682=CIRCLE('',#10569,0.0035);
#683=CIRCLE('',#10570,0.00349999999999898);
#684=CIRCLE('',#10572,0.0035);
#685=CIRCLE('',#10573,0.00349999999999892);
#686=CIRCLE('',#10574,0.0035);
#687=CIRCLE('',#10576,0.0035);
#688=CIRCLE('',#10577,0.0035);
#689=CIRCLE('',#10578,0.0035);
#690=CIRCLE('',#10580,0.004);
#691=CIRCLE('',#10581,0.004);
#692=CIRCLE('',#10583,0.004);
#693=CIRCLE('',#10584,0.004);
#694=CIRCLE('',#10586,0.004);
#695=CIRCLE('',#10587,0.004);
#696=CIRCLE('',#10589,0.004);
#697=CIRCLE('',#10590,0.004);
#698=CIRCLE('',#10592,0.0045);
#699=CIRCLE('',#10593,0.0075);
#700=CIRCLE('',#10598,0.0075);
#701=CIRCLE('',#10599,0.0045);
#702=CIRCLE('',#10612,0.0075);
#703=CIRCLE('',#10613,0.0045);
#704=CIRCLE('',#10618,0.0045);
#705=CIRCLE('',#10619,0.0075);
#706=CIRCLE('',#10622,0.0004);
#707=CIRCLE('',#10623,0.0004);
#708=CIRCLE('',#10625,0.0004);
#709=CIRCLE('',#10626,0.0004);
#710=CIRCLE('',#10628,0.0004);
#711=CIRCLE('',#10630,0.0004);
#712=CIRCLE('',#10631,0.0004);
#713=CIRCLE('',#10633,0.0004);
#714=CIRCLE('',#10635,0.0075);
#715=CIRCLE('',#10638,0.0045);
#716=CIRCLE('',#10641,0.0045);
#717=CIRCLE('',#10644,0.0075);
#718=CIRCLE('',#10647,0.0004);
#719=CIRCLE('',#10648,0.0008);
#720=CIRCLE('',#10649,0.0004);
#721=CIRCLE('',#10651,0.0004);
#722=CIRCLE('',#10653,0.0004);
#723=CIRCLE('',#10654,0.0008);
#724=CIRCLE('',#10659,0.001);
#725=CIRCLE('',#10661,0.001);
#726=CIRCLE('',#10670,0.0004);
#727=CIRCLE('',#10671,0.0004);
#728=CIRCLE('',#10673,0.0004);
#729=CIRCLE('',#10674,0.0004);
#730=CIRCLE('',#10676,0.0004);
#731=CIRCLE('',#10678,0.0004);
#732=CIRCLE('',#10679,0.0004);
#733=CIRCLE('',#10681,0.0004);
#734=CIRCLE('',#10684,0.0075);
#735=CIRCLE('',#10687,0.0045);
#736=CIRCLE('',#10690,0.0045);
#737=CIRCLE('',#10693,0.0075);
#738=CIRCLE('',#10695,0.0004);
#739=CIRCLE('',#10697,0.0008);
#740=CIRCLE('',#10698,0.0004);
#741=CIRCLE('',#10700,0.0004);
#742=CIRCLE('',#10702,0.0008);
#743=CIRCLE('',#10703,0.0004);
#744=CIRCLE('',#10706,0.00315000000000005);
#745=CIRCLE('',#10707,0.00315000000000005);
#746=CIRCLE('',#10709,0.00315000000000005);
#747=CIRCLE('',#10710,0.00315000000000005);
#748=CIRCLE('',#10713,0.001);
#749=CIRCLE('',#10715,0.0128);
#750=CIRCLE('',#10716,0.001);
#751=CIRCLE('',#10717,0.0118);
#752=CIRCLE('',#10719,0.001);
#753=CIRCLE('',#10721,0.001);
#754=CIRCLE('',#10722,0.001);
#755=CIRCLE('',#10724,0.001);
#756=CIRCLE('',#10725,0.0118);
#757=CIRCLE('',#10726,0.0128);
#758=CIRCLE('',#10729,0.001);
#759=CIRCLE('',#10733,0.0015);
#760=CIRCLE('',#10734,0.0103);
#761=CIRCLE('',#10735,0.0015);
#762=CIRCLE('',#10736,0.0088);
#763=CIRCLE('',#10738,0.0015);
#764=CIRCLE('',#10740,0.0015);
#765=CIRCLE('',#10741,0.0015);
#766=CIRCLE('',#10743,0.0103);
#767=CIRCLE('',#10744,0.0015);
#768=CIRCLE('',#10745,0.0088);
#769=CIRCLE('',#10761,0.004);
#770=CIRCLE('',#10763,0.001);
#771=CIRCLE('',#10765,0.001);
#772=CIRCLE('',#10767,0.0025);
#773=CIRCLE('',#10768,0.0035);
#774=CIRCLE('',#10781,0.001);
#775=CIRCLE('',#10782,0.001);
#776=CIRCLE('',#10784,0.001);
#777=CIRCLE('',#10785,0.001);
#778=CIRCLE('',#10787,0.004);
#779=CIRCLE('',#10790,0.004);
#780=CIRCLE('',#10791,0.004);
#781=CIRCLE('',#10796,0.004);
#782=CIRCLE('',#10797,0.004);
#783=CIRCLE('',#10802,0.0124787359627101);
#784=CIRCLE('',#10805,0.004);
#785=CIRCLE('',#10806,0.004);
#786=CIRCLE('',#10814,0.001);
#787=CIRCLE('',#10816,0.004);
#788=CIRCLE('',#10817,0.004);
#789=CIRCLE('',#10818,0.003625);
#790=CIRCLE('',#10821,0.004);
#791=CIRCLE('',#10822,0.004);
#792=CIRCLE('',#10826,0.004);
#793=CIRCLE('',#10827,0.004);
#794=CIRCLE('',#10834,0.004);
#795=CIRCLE('',#10835,0.004);
#796=CIRCLE('',#10845,0.0035);
#797=CIRCLE('',#10847,0.0025);
#798=CIRCLE('',#10849,0.005);
#799=CIRCLE('',#10850,0.0065);
#800=CIRCLE('',#10864,0.0065);
#801=CIRCLE('',#10866,0.005);
#802=CIRCLE('',#10869,0.0128);
#803=CIRCLE('',#10873,0.0128);
#804=CIRCLE('',#10875,0.0103);
#805=CIRCLE('',#10879,0.0103);
#806=CIRCLE('',#10881,0.014);
#807=CIRCLE('',#10882,0.014);
#808=CIRCLE('',#10884,0.015);
#809=CIRCLE('',#10887,0.015);
#810=CIRCLE('',#10891,0.0025);
#811=CIRCLE('',#10892,0.001);
#812=CIRCLE('',#10902,0.004875);
#813=CIRCLE('',#10903,0.004875);
#814=CIRCLE('',#10904,0.004875);
#815=CIRCLE('',#10905,0.004875);
#816=CIRCLE('',#10906,0.004875);
#817=CIRCLE('',#10908,0.001);
#818=CIRCLE('',#10918,0.004875);
#819=CIRCLE('',#10919,0.004875);
#820=CIRCLE('',#10920,0.004875);
#821=CIRCLE('',#10921,0.004875);
#822=CIRCLE('',#10922,0.004875);
#823=CIRCLE('',#10938,0.001);
#824=CIRCLE('',#10940,0.0025);
#825=CIRCLE('',#10942,0.005);
#826=CIRCLE('',#10943,0.0015);
#827=CIRCLE('',#10957,0.0015);
#828=CIRCLE('',#10959,0.005);
#829=CIRCLE('',#10961,0.001);
#830=CIRCLE('',#10963,0.001);
#831=CIRCLE('',#10965,0.001);
#832=CIRCLE('',#10966,0.001);
#833=CIRCLE('',#10968,0.001);
#834=CIRCLE('',#10970,0.001);
#835=CIRCLE('',#10972,0.001);
#836=CIRCLE('',#10976,0.0113);
#837=CIRCLE('',#10980,0.0113);
#838=CIRCLE('',#10983,0.0138718340639647);
#839=CIRCLE('',#10984,0.0138500152328044);
#840=CIRCLE('',#10986,0.0138718340639647);
#841=CIRCLE('',#10987,0.0138500152328044);
#842=CIRCLE('',#10989,0.004);
#843=CIRCLE('',#10991,0.004);
#844=CIRCLE('',#10993,0.0138500152328044);
#845=CIRCLE('',#10995,0.0138500152328044);
#846=CIRCLE('',#10997,0.015);
#847=CIRCLE('',#11000,0.015);
#848=CIRCLE('',#11002,0.0138718340639647);
#849=CIRCLE('',#11005,0.0138718340639647);
#850=CIRCLE('',#11007,0.001);
#851=CIRCLE('',#11011,0.0138718340639647);
#852=CIRCLE('',#11012,0.0138718340639647);
#853=CIRCLE('',#11013,0.015);
#854=CIRCLE('',#11014,0.015);
#855=CIRCLE('',#11024,0.003);
#856=CIRCLE('',#11025,0.003);
#857=CIRCLE('',#11026,0.003);
#858=CIRCLE('',#11027,0.003);
#859=CIRCLE('',#11028,0.001575);
#860=CIRCLE('',#11029,0.001575);
#861=CIRCLE('',#11030,0.001575);
#862=CIRCLE('',#11031,0.001575);
#863=CIRCLE('',#11032,0.00249999999999995);
#864=CIRCLE('',#11033,0.0025);
#865=CIRCLE('',#11034,0.0025);
#866=CIRCLE('',#11035,0.00249999999999995);
#867=CIRCLE('',#11036,0.014);
#868=CIRCLE('',#11037,0.014);
#869=CIRCLE('',#11038,0.004);
#870=CIRCLE('',#11039,0.004);
#871=CIRCLE('',#11040,0.004);
#872=CIRCLE('',#11041,0.004);
#873=CIRCLE('',#11043,0.0138500152328044);
#874=CIRCLE('',#11044,0.0138500152328044);
#875=CIRCLE('',#11045,0.0125);
#876=CIRCLE('',#11046,0.0125);
#877=CIRCLE('',#11050,0.00625);
#878=CIRCLE('',#11051,0.003);
#879=CIRCLE('',#11052,0.003);
#880=CIRCLE('',#11053,0.003);
#881=CIRCLE('',#11054,0.003);
#882=CIRCLE('',#11055,0.003);
#883=CIRCLE('',#11056,0.003);
#884=CIRCLE('',#11059,0.003);
#885=CIRCLE('',#11060,0.003);
#886=CIRCLE('',#11061,0.003);
#887=CIRCLE('',#11063,0.003);
#888=CIRCLE('',#11065,0.003);
#889=CIRCLE('',#11066,0.003);
#890=CIRCLE('',#11069,0.003);
#891=CIRCLE('',#11070,0.003);
#892=CIRCLE('',#11071,0.003);
#893=CIRCLE('',#11075,0.0015);
#894=CIRCLE('',#11076,0.0015);
#895=CIRCLE('',#11077,0.0015);
#896=CIRCLE('',#11079,0.00135);
#897=CIRCLE('',#11082,0.00135);
#898=CIRCLE('',#11084,0.002);
#899=CIRCLE('',#11086,0.00825);
#900=CIRCLE('',#11088,0.004875);
#901=CIRCLE('',#11089,0.004875);
#902=CIRCLE('',#11090,0.004875);
#903=CIRCLE('',#11092,0.004875);
#904=CIRCLE('',#11093,0.004875);
#905=CIRCLE('',#11094,0.004875);
#906=CIRCLE('',#11096,0.003);
#907=CIRCLE('',#11097,0.003);
#908=CIRCLE('',#11098,0.003);
#909=CIRCLE('',#11102,0.015);
#910=CIRCLE('',#11104,0.00825);
#911=CIRCLE('',#11106,0.015);
#912=CIRCLE('',#11109,0.00625);
#913=CIRCLE('',#11114,0.008);
#914=CIRCLE('',#11116,0.008);
#915=CIRCLE('',#11118,0.0125);
#916=CIRCLE('',#11120,0.0125);
#917=CIRCLE('',#11123,0.001);
#918=CIRCLE('',#11124,0.001);
#919=CIRCLE('',#11125,0.001);
#920=CIRCLE('',#11127,0.001);
#921=CIRCLE('',#11128,0.001);
#922=CIRCLE('',#11130,0.004);
#923=CIRCLE('',#11131,0.004);
#924=CIRCLE('',#11133,0.004);
#925=CIRCLE('',#11134,0.004);
#926=CIRCLE('',#11136,0.004);
#927=CIRCLE('',#11137,0.004);
#928=CIRCLE('',#11139,0.004);
#929=CIRCLE('',#11140,0.004);
#930=CIRCLE('',#11142,0.004);
#931=CIRCLE('',#11144,0.004);
#932=CIRCLE('',#11146,0.004);
#933=CIRCLE('',#11148,0.004);
#934=CIRCLE('',#11150,0.004);
#935=CIRCLE('',#11152,0.004);
#936=CIRCLE('',#11154,0.004);
#937=CIRCLE('',#11156,0.004);
#938=CIRCLE('',#11159,0.004);
#939=CIRCLE('',#11161,0.004);
#940=CIRCLE('',#11163,0.004);
#941=CIRCLE('',#11165,0.004);
#942=CIRCLE('',#11167,0.004);
#943=CIRCLE('',#11169,0.004);
#944=CIRCLE('',#11171,0.004);
#945=CIRCLE('',#11173,0.004);
#946=CIRCLE('',#11180,0.0138718340639647);
#947=CIRCLE('',#11181,0.0138500152328044);
#948=CIRCLE('',#11183,0.0138718340639647);
#949=CIRCLE('',#11184,0.0138500152328044);
#950=CIRCLE('',#11186,0.001);
#951=CIRCLE('',#11202,0.00825);
#952=CIRCLE('',#11206,0.00825);
#953=CIRCLE('',#11218,0.0015);
#954=CIRCLE('',#11220,0.0015);
#955=CIRCLE('',#11221,0.0015);
#956=CIRCLE('',#11223,0.00135);
#957=CIRCLE('',#11225,0.00135);
#958=CIRCLE('',#11227,0.0015);
#959=CIRCLE('',#11229,0.0015);
#960=CIRCLE('',#11231,0.00135);
#961=CIRCLE('',#11235,0.0015);
#962=CIRCLE('',#11237,0.0015);
#963=CIRCLE('',#11238,0.0015);
#964=CIRCLE('',#11240,0.00135);
#965=CIRCLE('',#11260,0.001);
#966=CIRCLE('',#11261,0.001);
#967=CIRCLE('',#11263,0.001);
#968=CIRCLE('',#11264,0.001);
#969=CIRCLE('',#11266,0.001);
#970=CIRCLE('',#11267,0.001);
#971=CIRCLE('',#11269,0.001);
#972=CIRCLE('',#11270,0.001);
#973=CIRCLE('',#11272,0.001);
#974=CIRCLE('',#11273,0.001);
#975=CIRCLE('',#11275,0.001);
#976=CIRCLE('',#11276,0.001);
#977=CIRCLE('',#11291,0.001575);
#978=CIRCLE('',#11293,0.001975);
#979=CIRCLE('',#11295,0.001575);
#980=CIRCLE('',#11296,0.001575);
#981=CIRCLE('',#11298,0.001975);
#982=CIRCLE('',#11301,0.001575);
#983=CIRCLE('',#11302,0.001575);
#984=CIRCLE('',#11304,0.001975);
#985=CIRCLE('',#11307,0.001575);
#986=CIRCLE('',#11309,0.001975);
#987=CIRCLE('',#11317,0.00157500000000043);
#988=CIRCLE('',#11318,0.00157500000000043);
#989=CIRCLE('',#11320,0.00197500000000042);
#990=CIRCLE('',#11323,0.00157499999999992);
#991=CIRCLE('',#11324,0.00157499999999992);
#992=CIRCLE('',#11326,0.00197499999999995);
#993=CIRCLE('',#11329,0.001575);
#994=CIRCLE('',#11330,0.001575);
#995=CIRCLE('',#11332,0.001975);
#996=CIRCLE('',#11335,0.00157499999999993);
#997=CIRCLE('',#11336,0.00157499999999993);
#998=CIRCLE('',#11338,0.00197499999999995);
#999=CIRCLE('',#11353,0.004);
#1000=CIRCLE('',#11355,0.004);
#1001=CIRCLE('',#11357,0.004);
#1002=CIRCLE('',#11359,0.004);
#1003=CIRCLE('',#11361,0.004);
#1004=CIRCLE('',#11363,0.004);
#1005=CIRCLE('',#11365,0.004);
#1006=CIRCLE('',#11367,0.004);
#1007=CIRCLE('',#11370,0.001975);
#1008=CIRCLE('',#11372,0.001975);
#1009=CIRCLE('',#11374,0.001975);
#1010=CIRCLE('',#11376,0.001975);
#1011=CIRCLE('',#11378,0.0015);
#1012=CIRCLE('',#11380,0.0015);
#1013=CIRCLE('',#11382,0.001575);
#1014=CIRCLE('',#11384,0.001575);
#1015=CIRCLE('',#11386,0.0015);
#1016=CIRCLE('',#11388,0.0015);
#1017=CIRCLE('',#11390,0.001575);
#1018=CIRCLE('',#11392,0.001575);
#1019=CIRCLE('',#11394,0.0015);
#1020=CIRCLE('',#11396,0.0015);
#1021=CIRCLE('',#11398,0.001575);
#1022=CIRCLE('',#11400,0.001575);
#1023=CIRCLE('',#11402,0.0015);
#1024=CIRCLE('',#11404,0.0015);
#1025=CIRCLE('',#11406,0.001575);
#1026=CIRCLE('',#11408,0.001575);
#1027=CIRCLE('',#11410,0.001975);
#1028=CIRCLE('',#11412,0.001975);
#1029=CIRCLE('',#11414,0.001975);
#1030=CIRCLE('',#11416,0.001975);
#1031=CIRCLE('',#11418,0.0015);
#1032=CIRCLE('',#11420,0.0015);
#1033=CIRCLE('',#11422,0.001575);
#1034=CIRCLE('',#11424,0.001575);
#1035=CIRCLE('',#11426,0.0015);
#1036=CIRCLE('',#11428,0.0015);
#1037=CIRCLE('',#11430,0.001575);
#1038=CIRCLE('',#11432,0.001575);
#1039=CIRCLE('',#11434,0.0015);
#1040=CIRCLE('',#11436,0.0015);
#1041=CIRCLE('',#11438,0.001575);
#1042=CIRCLE('',#11440,0.001575);
#1043=CIRCLE('',#11442,0.0015);
#1044=CIRCLE('',#11444,0.0015);
#1045=CIRCLE('',#11446,0.001575);
#1046=CIRCLE('',#11448,0.001575);
#1047=CIRCLE('',#11474,0.001575);
#1048=CIRCLE('',#11476,0.001575);
#1049=CIRCLE('',#11478,0.004);
#1050=CIRCLE('',#11481,0.004);
#1051=CIRCLE('',#11484,0.002375);
#1052=CIRCLE('',#11486,0.002375);
#1053=CIRCLE('',#11488,0.002375);
#1054=CIRCLE('',#11490,0.002375);
#1055=CIRCLE('',#11492,0.003);
#1056=CIRCLE('',#11493,0.002375);
#1057=CIRCLE('',#11496,0.003);
#1058=CIRCLE('',#11497,0.002375);
#1059=CIRCLE('',#11500,0.003);
#1060=CIRCLE('',#11501,0.002375);
#1061=CIRCLE('',#11504,0.003);
#1062=CIRCLE('',#11505,0.002375);
#1063=CIRCLE('',#11513,0.0115);
#1064=CIRCLE('',#11518,0.0115);
#1065=CIRCLE('',#11536,0.001);
#1066=CIRCLE('',#11537,0.001);
#1067=CIRCLE('',#11539,0.001);
#1068=CIRCLE('',#11541,0.001);
#1069=CIRCLE('',#11543,0.001);
#1070=CIRCLE('',#11545,0.001);
#1071=CIRCLE('',#11547,0.001);
#1072=CIRCLE('',#11549,0.001);
#1073=CIRCLE('',#11551,0.001);
#1074=CIRCLE('',#11553,0.001);
#1075=CIRCLE('',#11555,0.001);
#1076=CIRCLE('',#11557,0.001);
#1077=CIRCLE('',#11559,0.001);
#1078=CIRCLE('',#11561,0.001);
#1079=CIRCLE('',#11564,0.001);
#1080=CIRCLE('',#11565,0.001);
#1081=CIRCLE('',#11567,0.001);
#1082=CIRCLE('',#11570,0.001);
#1083=CIRCLE('',#11572,0.001);
#1084=CIRCLE('',#11574,0.001);
#1085=CIRCLE('',#11576,0.001);
#1086=CIRCLE('',#11578,0.001);
#1087=CIRCLE('',#11580,0.001);
#1088=CIRCLE('',#11584,0.001);
#1089=CIRCLE('',#11586,0.001);
#1090=CIRCLE('',#11587,0.001);
#1091=ORIENTED_EDGE('',*,*,#4009,.F.);
#1092=ORIENTED_EDGE('',*,*,#4010,.T.);
#1093=ORIENTED_EDGE('',*,*,#4011,.T.);
#1094=ORIENTED_EDGE('',*,*,#4012,.F.);
#1095=ORIENTED_EDGE('',*,*,#4013,.T.);
#1096=ORIENTED_EDGE('',*,*,#4014,.T.);
#1097=ORIENTED_EDGE('',*,*,#4015,.T.);
#1098=ORIENTED_EDGE('',*,*,#4016,.T.);
#1099=ORIENTED_EDGE('',*,*,#4017,.T.);
#1100=ORIENTED_EDGE('',*,*,#4018,.T.);
#1101=ORIENTED_EDGE('',*,*,#4019,.T.);
#1102=ORIENTED_EDGE('',*,*,#4020,.T.);
#1103=ORIENTED_EDGE('',*,*,#4021,.T.);
#1104=ORIENTED_EDGE('',*,*,#4022,.T.);
#1105=ORIENTED_EDGE('',*,*,#4023,.F.);
#1106=ORIENTED_EDGE('',*,*,#4024,.F.);
#1107=ORIENTED_EDGE('',*,*,#4025,.T.);
#1108=ORIENTED_EDGE('',*,*,#4026,.F.);
#1109=ORIENTED_EDGE('',*,*,#4027,.F.);
#1110=ORIENTED_EDGE('',*,*,#4028,.F.);
#1111=ORIENTED_EDGE('',*,*,#4029,.T.);
#1112=ORIENTED_EDGE('',*,*,#4017,.F.);
#1113=ORIENTED_EDGE('',*,*,#4030,.F.);
#1114=ORIENTED_EDGE('',*,*,#4031,.F.);
#1115=ORIENTED_EDGE('',*,*,#4032,.F.);
#1116=ORIENTED_EDGE('',*,*,#4033,.T.);
#1117=ORIENTED_EDGE('',*,*,#4010,.F.);
#1118=ORIENTED_EDGE('',*,*,#4034,.F.);
#1119=ORIENTED_EDGE('',*,*,#4035,.T.);
#1120=ORIENTED_EDGE('',*,*,#4036,.F.);
#1121=ORIENTED_EDGE('',*,*,#4037,.F.);
#1122=ORIENTED_EDGE('',*,*,#4038,.F.);
#1123=ORIENTED_EDGE('',*,*,#4034,.T.);
#1124=ORIENTED_EDGE('',*,*,#4039,.F.);
#1125=ORIENTED_EDGE('',*,*,#4040,.T.);
#1126=ORIENTED_EDGE('',*,*,#4041,.T.);
#1127=ORIENTED_EDGE('',*,*,#4042,.F.);
#1128=ORIENTED_EDGE('',*,*,#4043,.T.);
#1129=ORIENTED_EDGE('',*,*,#4044,.T.);
#1130=ORIENTED_EDGE('',*,*,#4045,.F.);
#1131=ORIENTED_EDGE('',*,*,#4046,.T.);
#1132=ORIENTED_EDGE('',*,*,#4047,.T.);
#1133=ORIENTED_EDGE('',*,*,#4048,.F.);
#1134=ORIENTED_EDGE('',*,*,#4049,.T.);
#1135=ORIENTED_EDGE('',*,*,#4050,.T.);
#1136=ORIENTED_EDGE('',*,*,#4051,.T.);
#1137=ORIENTED_EDGE('',*,*,#4052,.T.);
#1138=ORIENTED_EDGE('',*,*,#4053,.F.);
#1139=ORIENTED_EDGE('',*,*,#4028,.T.);
#1140=ORIENTED_EDGE('',*,*,#4054,.F.);
#1141=ORIENTED_EDGE('',*,*,#4055,.T.);
#1142=ORIENTED_EDGE('',*,*,#4056,.F.);
#1143=ORIENTED_EDGE('',*,*,#4057,.T.);
#1144=ORIENTED_EDGE('',*,*,#4058,.T.);
#1145=ORIENTED_EDGE('',*,*,#4059,.T.);
#1146=ORIENTED_EDGE('',*,*,#4060,.F.);
#1147=ORIENTED_EDGE('',*,*,#4061,.T.);
#1148=ORIENTED_EDGE('',*,*,#4022,.F.);
#1149=ORIENTED_EDGE('',*,*,#4062,.F.);
#1150=ORIENTED_EDGE('',*,*,#4063,.F.);
#1151=ORIENTED_EDGE('',*,*,#4064,.T.);
#1152=ORIENTED_EDGE('',*,*,#4065,.F.);
#1153=ORIENTED_EDGE('',*,*,#4066,.F.);
#1154=ORIENTED_EDGE('',*,*,#4067,.F.);
#1155=ORIENTED_EDGE('',*,*,#4068,.T.);
#1156=ORIENTED_EDGE('',*,*,#4069,.F.);
#1157=ORIENTED_EDGE('',*,*,#4026,.T.);
#1158=ORIENTED_EDGE('',*,*,#4065,.T.);
#1159=ORIENTED_EDGE('',*,*,#4070,.T.);
#1160=ORIENTED_EDGE('',*,*,#4071,.T.);
#1161=ORIENTED_EDGE('',*,*,#4072,.T.);
#1162=ORIENTED_EDGE('',*,*,#4036,.T.);
#1163=ORIENTED_EDGE('',*,*,#4073,.F.);
#1164=ORIENTED_EDGE('',*,*,#4074,.F.);
#1165=ORIENTED_EDGE('',*,*,#4075,.T.);
#1166=ORIENTED_EDGE('',*,*,#4018,.F.);
#1167=ORIENTED_EDGE('',*,*,#4076,.F.);
#1168=ORIENTED_EDGE('',*,*,#4077,.F.);
#1169=ORIENTED_EDGE('',*,*,#4078,.T.);
#1170=ORIENTED_EDGE('',*,*,#4079,.F.);
#1171=ORIENTED_EDGE('',*,*,#4080,.F.);
#1172=ORIENTED_EDGE('',*,*,#4081,.F.);
#1173=ORIENTED_EDGE('',*,*,#4082,.T.);
#1174=ORIENTED_EDGE('',*,*,#4083,.F.);
#1175=ORIENTED_EDGE('',*,*,#4084,.F.);
#1176=ORIENTED_EDGE('',*,*,#4085,.F.);
#1177=ORIENTED_EDGE('',*,*,#4032,.T.);
#1178=ORIENTED_EDGE('',*,*,#4086,.T.);
#1179=ORIENTED_EDGE('',*,*,#4087,.F.);
#1180=ORIENTED_EDGE('',*,*,#4088,.F.);
#1181=ORIENTED_EDGE('',*,*,#4089,.F.);
#1182=ORIENTED_EDGE('',*,*,#4090,.T.);
#1183=ORIENTED_EDGE('',*,*,#4091,.F.);
#1184=ORIENTED_EDGE('',*,*,#4092,.T.);
#1185=ORIENTED_EDGE('',*,*,#4093,.T.);
#1186=ORIENTED_EDGE('',*,*,#4063,.T.);
#1187=ORIENTED_EDGE('',*,*,#4094,.F.);
#1188=ORIENTED_EDGE('',*,*,#4095,.T.);
#1189=ORIENTED_EDGE('',*,*,#4090,.F.);
#1190=ORIENTED_EDGE('',*,*,#4096,.F.);
#1191=ORIENTED_EDGE('',*,*,#4097,.T.);
#1192=ORIENTED_EDGE('',*,*,#4098,.F.);
#1193=ORIENTED_EDGE('',*,*,#4099,.F.);
#1194=ORIENTED_EDGE('',*,*,#4100,.T.);
#1195=ORIENTED_EDGE('',*,*,#4068,.F.);
#1196=ORIENTED_EDGE('',*,*,#4101,.T.);
#1197=ORIENTED_EDGE('',*,*,#4102,.T.);
#1198=ORIENTED_EDGE('',*,*,#4074,.T.);
#1199=ORIENTED_EDGE('',*,*,#4103,.F.);
#1200=ORIENTED_EDGE('',*,*,#4104,.T.);
#1201=ORIENTED_EDGE('',*,*,#4105,.F.);
#1202=ORIENTED_EDGE('',*,*,#4106,.F.);
#1203=ORIENTED_EDGE('',*,*,#4088,.T.);
#1204=ORIENTED_EDGE('',*,*,#4107,.T.);
#1205=ORIENTED_EDGE('',*,*,#4108,.T.);
#1206=ORIENTED_EDGE('',*,*,#4109,.F.);
#1207=ORIENTED_EDGE('',*,*,#4110,.T.);
#1208=ORIENTED_EDGE('',*,*,#4111,.T.);
#1209=ORIENTED_EDGE('',*,*,#4112,.T.);
#1210=ORIENTED_EDGE('',*,*,#4113,.T.);
#1211=ORIENTED_EDGE('',*,*,#4114,.T.);
#1212=ORIENTED_EDGE('',*,*,#4099,.T.);
#1213=ORIENTED_EDGE('',*,*,#4115,.T.);
#1214=ORIENTED_EDGE('',*,*,#4116,.F.);
#1215=ORIENTED_EDGE('',*,*,#4097,.F.);
#1216=ORIENTED_EDGE('',*,*,#4117,.F.);
#1217=ORIENTED_EDGE('',*,*,#4118,.F.);
#1218=ORIENTED_EDGE('',*,*,#4119,.F.);
#1219=ORIENTED_EDGE('',*,*,#4120,.F.);
#1220=ORIENTED_EDGE('',*,*,#4121,.F.);
#1221=ORIENTED_EDGE('',*,*,#4122,.T.);
#1222=ORIENTED_EDGE('',*,*,#4123,.F.);
#1223=ORIENTED_EDGE('',*,*,#4124,.T.);
#1224=ORIENTED_EDGE('',*,*,#4125,.F.);
#1225=ORIENTED_EDGE('',*,*,#4126,.F.);
#1226=ORIENTED_EDGE('',*,*,#4127,.F.);
#1227=ORIENTED_EDGE('',*,*,#4128,.T.);
#1228=ORIENTED_EDGE('',*,*,#4129,.F.);
#1229=ORIENTED_EDGE('',*,*,#4130,.T.);
#1230=ORIENTED_EDGE('',*,*,#4131,.F.);
#1231=ORIENTED_EDGE('',*,*,#4132,.F.);
#1232=ORIENTED_EDGE('',*,*,#4133,.F.);
#1233=ORIENTED_EDGE('',*,*,#4134,.F.);
#1234=ORIENTED_EDGE('',*,*,#4135,.F.);
#1235=ORIENTED_EDGE('',*,*,#4136,.F.);
#1236=ORIENTED_EDGE('',*,*,#4137,.F.);
#1237=ORIENTED_EDGE('',*,*,#4138,.T.);
#1238=ORIENTED_EDGE('',*,*,#4139,.F.);
#1239=ORIENTED_EDGE('',*,*,#4140,.F.);
#1240=ORIENTED_EDGE('',*,*,#4141,.F.);
#1241=ORIENTED_EDGE('',*,*,#4142,.F.);
#1242=ORIENTED_EDGE('',*,*,#4143,.F.);
#1243=ORIENTED_EDGE('',*,*,#4144,.T.);
#1244=ORIENTED_EDGE('',*,*,#4145,.F.);
#1245=ORIENTED_EDGE('',*,*,#4146,.T.);
#1246=ORIENTED_EDGE('',*,*,#4147,.F.);
#1247=ORIENTED_EDGE('',*,*,#4148,.T.);
#1248=ORIENTED_EDGE('',*,*,#4149,.T.);
#1249=ORIENTED_EDGE('',*,*,#4150,.T.);
#1250=ORIENTED_EDGE('',*,*,#4151,.T.);
#1251=ORIENTED_EDGE('',*,*,#4152,.T.);
#1252=ORIENTED_EDGE('',*,*,#4153,.F.);
#1253=ORIENTED_EDGE('',*,*,#4154,.T.);
#1254=ORIENTED_EDGE('',*,*,#4155,.T.);
#1255=ORIENTED_EDGE('',*,*,#4156,.T.);
#1256=ORIENTED_EDGE('',*,*,#4157,.F.);
#1257=ORIENTED_EDGE('',*,*,#4158,.T.);
#1258=ORIENTED_EDGE('',*,*,#4159,.F.);
#1259=ORIENTED_EDGE('',*,*,#4160,.T.);
#1260=ORIENTED_EDGE('',*,*,#4161,.T.);
#1261=ORIENTED_EDGE('',*,*,#4162,.T.);
#1262=ORIENTED_EDGE('',*,*,#4163,.T.);
#1263=ORIENTED_EDGE('',*,*,#4164,.T.);
#1264=ORIENTED_EDGE('',*,*,#4165,.T.);
#1265=ORIENTED_EDGE('',*,*,#4166,.T.);
#1266=ORIENTED_EDGE('',*,*,#4167,.T.);
#1267=ORIENTED_EDGE('',*,*,#4168,.T.);
#1268=ORIENTED_EDGE('',*,*,#4169,.F.);
#1269=ORIENTED_EDGE('',*,*,#4170,.T.);
#1270=ORIENTED_EDGE('',*,*,#4171,.T.);
#1271=ORIENTED_EDGE('',*,*,#4172,.T.);
#1272=ORIENTED_EDGE('',*,*,#4173,.T.);
#1273=ORIENTED_EDGE('',*,*,#4174,.T.);
#1274=ORIENTED_EDGE('',*,*,#4175,.T.);
#1275=ORIENTED_EDGE('',*,*,#4176,.T.);
#1276=ORIENTED_EDGE('',*,*,#4177,.T.);
#1277=ORIENTED_EDGE('',*,*,#4178,.T.);
#1278=ORIENTED_EDGE('',*,*,#4179,.T.);
#1279=ORIENTED_EDGE('',*,*,#4180,.T.);
#1280=ORIENTED_EDGE('',*,*,#4181,.T.);
#1281=ORIENTED_EDGE('',*,*,#4182,.T.);
#1282=ORIENTED_EDGE('',*,*,#4183,.T.);
#1283=ORIENTED_EDGE('',*,*,#4184,.T.);
#1284=ORIENTED_EDGE('',*,*,#4185,.T.);
#1285=ORIENTED_EDGE('',*,*,#4186,.T.);
#1286=ORIENTED_EDGE('',*,*,#4187,.T.);
#1287=ORIENTED_EDGE('',*,*,#4188,.T.);
#1288=ORIENTED_EDGE('',*,*,#4189,.T.);
#1289=ORIENTED_EDGE('',*,*,#4190,.T.);
#1290=ORIENTED_EDGE('',*,*,#4191,.T.);
#1291=ORIENTED_EDGE('',*,*,#4192,.F.);
#1292=ORIENTED_EDGE('',*,*,#4193,.T.);
#1293=ORIENTED_EDGE('',*,*,#4194,.F.);
#1294=ORIENTED_EDGE('',*,*,#4195,.T.);
#1295=ORIENTED_EDGE('',*,*,#4196,.T.);
#1296=ORIENTED_EDGE('',*,*,#4197,.T.);
#1297=ORIENTED_EDGE('',*,*,#4198,.F.);
#1298=ORIENTED_EDGE('',*,*,#4199,.T.);
#1299=ORIENTED_EDGE('',*,*,#4200,.T.);
#1300=ORIENTED_EDGE('',*,*,#4201,.T.);
#1301=ORIENTED_EDGE('',*,*,#4202,.T.);
#1302=ORIENTED_EDGE('',*,*,#4203,.T.);
#1303=ORIENTED_EDGE('',*,*,#4204,.F.);
#1304=ORIENTED_EDGE('',*,*,#4205,.T.);
#1305=ORIENTED_EDGE('',*,*,#4206,.F.);
#1306=ORIENTED_EDGE('',*,*,#4207,.T.);
#1307=ORIENTED_EDGE('',*,*,#4208,.T.);
#1308=ORIENTED_EDGE('',*,*,#4152,.F.);
#1309=ORIENTED_EDGE('',*,*,#4209,.T.);
#1310=ORIENTED_EDGE('',*,*,#4210,.F.);
#1311=ORIENTED_EDGE('',*,*,#4211,.T.);
#1312=ORIENTED_EDGE('',*,*,#4212,.F.);
#1313=ORIENTED_EDGE('',*,*,#4213,.T.);
#1314=ORIENTED_EDGE('',*,*,#4214,.F.);
#1315=ORIENTED_EDGE('',*,*,#4215,.F.);
#1316=ORIENTED_EDGE('',*,*,#4105,.T.);
#1317=ORIENTED_EDGE('',*,*,#4216,.F.);
#1318=ORIENTED_EDGE('',*,*,#4217,.F.);
#1319=ORIENTED_EDGE('',*,*,#4218,.T.);
#1320=ORIENTED_EDGE('',*,*,#4219,.T.);
#1321=ORIENTED_EDGE('',*,*,#4220,.T.);
#1322=ORIENTED_EDGE('',*,*,#4221,.T.);
#1323=ORIENTED_EDGE('',*,*,#4210,.T.);
#1324=ORIENTED_EDGE('',*,*,#4222,.T.);
#1325=ORIENTED_EDGE('',*,*,#4203,.F.);
#1326=ORIENTED_EDGE('',*,*,#4223,.T.);
#1327=ORIENTED_EDGE('',*,*,#4224,.F.);
#1328=ORIENTED_EDGE('',*,*,#4225,.F.);
#1329=ORIENTED_EDGE('',*,*,#4226,.F.);
#1330=ORIENTED_EDGE('',*,*,#4227,.T.);
#1331=ORIENTED_EDGE('',*,*,#4228,.T.);
#1332=ORIENTED_EDGE('',*,*,#4229,.T.);
#1333=ORIENTED_EDGE('',*,*,#4230,.T.);
#1334=ORIENTED_EDGE('',*,*,#4231,.T.);
#1335=ORIENTED_EDGE('',*,*,#4232,.T.);
#1336=ORIENTED_EDGE('',*,*,#4233,.T.);
#1337=ORIENTED_EDGE('',*,*,#4234,.T.);
#1338=ORIENTED_EDGE('',*,*,#4235,.T.);
#1339=ORIENTED_EDGE('',*,*,#4236,.T.);
#1340=ORIENTED_EDGE('',*,*,#4237,.T.);
#1341=ORIENTED_EDGE('',*,*,#4238,.T.);
#1342=ORIENTED_EDGE('',*,*,#4239,.T.);
#1343=ORIENTED_EDGE('',*,*,#4240,.T.);
#1344=ORIENTED_EDGE('',*,*,#4241,.T.);
#1345=ORIENTED_EDGE('',*,*,#4242,.T.);
#1346=ORIENTED_EDGE('',*,*,#4243,.T.);
#1347=ORIENTED_EDGE('',*,*,#4244,.T.);
#1348=ORIENTED_EDGE('',*,*,#4245,.T.);
#1349=ORIENTED_EDGE('',*,*,#4246,.T.);
#1350=ORIENTED_EDGE('',*,*,#4247,.T.);
#1351=ORIENTED_EDGE('',*,*,#4248,.T.);
#1352=ORIENTED_EDGE('',*,*,#4249,.T.);
#1353=ORIENTED_EDGE('',*,*,#4250,.T.);
#1354=ORIENTED_EDGE('',*,*,#4251,.T.);
#1355=ORIENTED_EDGE('',*,*,#4252,.T.);
#1356=ORIENTED_EDGE('',*,*,#4253,.T.);
#1357=ORIENTED_EDGE('',*,*,#4254,.T.);
#1358=ORIENTED_EDGE('',*,*,#4255,.T.);
#1359=ORIENTED_EDGE('',*,*,#4256,.T.);
#1360=ORIENTED_EDGE('',*,*,#4257,.T.);
#1361=ORIENTED_EDGE('',*,*,#4258,.F.);
#1362=ORIENTED_EDGE('',*,*,#4259,.T.);
#1363=ORIENTED_EDGE('',*,*,#4260,.F.);
#1364=ORIENTED_EDGE('',*,*,#4261,.T.);
#1365=ORIENTED_EDGE('',*,*,#4262,.F.);
#1366=ORIENTED_EDGE('',*,*,#4263,.T.);
#1367=ORIENTED_EDGE('',*,*,#4264,.F.);
#1368=ORIENTED_EDGE('',*,*,#4265,.T.);
#1369=ORIENTED_EDGE('',*,*,#4266,.T.);
#1370=ORIENTED_EDGE('',*,*,#4267,.T.);
#1371=ORIENTED_EDGE('',*,*,#4268,.T.);
#1372=ORIENTED_EDGE('',*,*,#4269,.T.);
#1373=ORIENTED_EDGE('',*,*,#4270,.F.);
#1374=ORIENTED_EDGE('',*,*,#4271,.T.);
#1375=ORIENTED_EDGE('',*,*,#4272,.F.);
#1376=ORIENTED_EDGE('',*,*,#4273,.F.);
#1377=ORIENTED_EDGE('',*,*,#4274,.F.);
#1378=ORIENTED_EDGE('',*,*,#4275,.F.);
#1379=ORIENTED_EDGE('',*,*,#4276,.F.);
#1380=ORIENTED_EDGE('',*,*,#4277,.T.);
#1381=ORIENTED_EDGE('',*,*,#4278,.F.);
#1382=ORIENTED_EDGE('',*,*,#4279,.F.);
#1383=ORIENTED_EDGE('',*,*,#4280,.T.);
#1384=ORIENTED_EDGE('',*,*,#4281,.T.);
#1385=ORIENTED_EDGE('',*,*,#4147,.T.);
#1386=ORIENTED_EDGE('',*,*,#4282,.F.);
#1387=ORIENTED_EDGE('',*,*,#4283,.T.);
#1388=ORIENTED_EDGE('',*,*,#4284,.T.);
#1389=ORIENTED_EDGE('',*,*,#4272,.T.);
#1390=ORIENTED_EDGE('',*,*,#4285,.F.);
#1391=ORIENTED_EDGE('',*,*,#4286,.F.);
#1392=ORIENTED_EDGE('',*,*,#4287,.T.);
#1393=ORIENTED_EDGE('',*,*,#4288,.T.);
#1394=ORIENTED_EDGE('',*,*,#4276,.T.);
#1395=ORIENTED_EDGE('',*,*,#4289,.F.);
#1396=ORIENTED_EDGE('',*,*,#4290,.T.);
#1397=ORIENTED_EDGE('',*,*,#4291,.T.);
#1398=ORIENTED_EDGE('',*,*,#4143,.T.);
#1399=ORIENTED_EDGE('',*,*,#4292,.F.);
#1400=ORIENTED_EDGE('',*,*,#4293,.F.);
#1401=ORIENTED_EDGE('',*,*,#4294,.T.);
#1402=ORIENTED_EDGE('',*,*,#4295,.T.);
#1403=ORIENTED_EDGE('',*,*,#4270,.T.);
#1404=ORIENTED_EDGE('',*,*,#4296,.F.);
#1405=ORIENTED_EDGE('',*,*,#4297,.T.);
#1406=ORIENTED_EDGE('',*,*,#4298,.T.);
#1407=ORIENTED_EDGE('',*,*,#4141,.T.);
#1408=ORIENTED_EDGE('',*,*,#4299,.F.);
#1409=ORIENTED_EDGE('',*,*,#4300,.F.);
#1410=ORIENTED_EDGE('',*,*,#4301,.T.);
#1411=ORIENTED_EDGE('',*,*,#4302,.T.);
#1412=ORIENTED_EDGE('',*,*,#4145,.T.);
#1413=ORIENTED_EDGE('',*,*,#4303,.F.);
#1414=ORIENTED_EDGE('',*,*,#4304,.T.);
#1415=ORIENTED_EDGE('',*,*,#4305,.T.);
#1416=ORIENTED_EDGE('',*,*,#4274,.T.);
#1417=ORIENTED_EDGE('',*,*,#4306,.F.);
#1418=ORIENTED_EDGE('',*,*,#4307,.F.);
#1419=ORIENTED_EDGE('',*,*,#4308,.T.);
#1420=ORIENTED_EDGE('',*,*,#4309,.T.);
#1421=ORIENTED_EDGE('',*,*,#4127,.T.);
#1422=ORIENTED_EDGE('',*,*,#4310,.F.);
#1423=ORIENTED_EDGE('',*,*,#4311,.F.);
#1424=ORIENTED_EDGE('',*,*,#4312,.T.);
#1425=ORIENTED_EDGE('',*,*,#4313,.T.);
#1426=ORIENTED_EDGE('',*,*,#4135,.T.);
#1427=ORIENTED_EDGE('',*,*,#4139,.T.);
#1428=ORIENTED_EDGE('',*,*,#4314,.F.);
#1429=ORIENTED_EDGE('',*,*,#4315,.F.);
#1430=ORIENTED_EDGE('',*,*,#4316,.T.);
#1431=ORIENTED_EDGE('',*,*,#4317,.T.);
#1432=ORIENTED_EDGE('',*,*,#4125,.T.);
#1433=ORIENTED_EDGE('',*,*,#4129,.T.);
#1434=ORIENTED_EDGE('',*,*,#4318,.F.);
#1435=ORIENTED_EDGE('',*,*,#4319,.F.);
#1436=ORIENTED_EDGE('',*,*,#4320,.T.);
#1437=ORIENTED_EDGE('',*,*,#4321,.T.);
#1438=ORIENTED_EDGE('',*,*,#4137,.T.);
#1439=ORIENTED_EDGE('',*,*,#4322,.T.);
#1440=ORIENTED_EDGE('',*,*,#4323,.T.);
#1441=ORIENTED_EDGE('',*,*,#4324,.T.);
#1442=ORIENTED_EDGE('',*,*,#4325,.T.);
#1443=ORIENTED_EDGE('',*,*,#4326,.F.);
#1444=ORIENTED_EDGE('',*,*,#4323,.F.);
#1445=ORIENTED_EDGE('',*,*,#4327,.F.);
#1446=ORIENTED_EDGE('',*,*,#4328,.F.);
#1447=ORIENTED_EDGE('',*,*,#4329,.F.);
#1448=ORIENTED_EDGE('',*,*,#4328,.T.);
#1449=ORIENTED_EDGE('',*,*,#4330,.T.);
#1450=ORIENTED_EDGE('',*,*,#4331,.T.);
#1451=ORIENTED_EDGE('',*,*,#4332,.T.);
#1452=ORIENTED_EDGE('',*,*,#4333,.T.);
#1453=ORIENTED_EDGE('',*,*,#4334,.T.);
#1454=ORIENTED_EDGE('',*,*,#4335,.T.);
#1455=ORIENTED_EDGE('',*,*,#4336,.F.);
#1456=ORIENTED_EDGE('',*,*,#4333,.F.);
#1457=ORIENTED_EDGE('',*,*,#4337,.F.);
#1458=ORIENTED_EDGE('',*,*,#4338,.F.);
#1459=ORIENTED_EDGE('',*,*,#4339,.F.);
#1460=ORIENTED_EDGE('',*,*,#4338,.T.);
#1461=ORIENTED_EDGE('',*,*,#4340,.F.);
#1462=ORIENTED_EDGE('',*,*,#4341,.T.);
#1463=ORIENTED_EDGE('',*,*,#4342,.T.);
#1464=ORIENTED_EDGE('',*,*,#4343,.T.);
#1465=ORIENTED_EDGE('',*,*,#4344,.T.);
#1466=ORIENTED_EDGE('',*,*,#4345,.T.);
#1467=ORIENTED_EDGE('',*,*,#4346,.F.);
#1468=ORIENTED_EDGE('',*,*,#4347,.T.);
#1469=ORIENTED_EDGE('',*,*,#4348,.F.);
#1470=ORIENTED_EDGE('',*,*,#4349,.T.);
#1471=ORIENTED_EDGE('',*,*,#4350,.T.);
#1472=ORIENTED_EDGE('',*,*,#4233,.F.);
#1473=ORIENTED_EDGE('',*,*,#4351,.F.);
#1474=ORIENTED_EDGE('',*,*,#4352,.F.);
#1475=ORIENTED_EDGE('',*,*,#4351,.T.);
#1476=ORIENTED_EDGE('',*,*,#4232,.F.);
#1477=ORIENTED_EDGE('',*,*,#4353,.F.);
#1478=ORIENTED_EDGE('',*,*,#4349,.F.);
#1479=ORIENTED_EDGE('',*,*,#4353,.T.);
#1480=ORIENTED_EDGE('',*,*,#4231,.F.);
#1481=ORIENTED_EDGE('',*,*,#4354,.F.);
#1482=ORIENTED_EDGE('',*,*,#4355,.F.);
#1483=ORIENTED_EDGE('',*,*,#4348,.T.);
#1484=ORIENTED_EDGE('',*,*,#4356,.T.);
#1485=ORIENTED_EDGE('',*,*,#4357,.T.);
#1486=ORIENTED_EDGE('',*,*,#4352,.T.);
#1487=ORIENTED_EDGE('',*,*,#4358,.T.);
#1488=ORIENTED_EDGE('',*,*,#4234,.F.);
#1489=ORIENTED_EDGE('',*,*,#4350,.F.);
#1490=ORIENTED_EDGE('',*,*,#4359,.F.);
#1491=ORIENTED_EDGE('',*,*,#4360,.F.);
#1492=ORIENTED_EDGE('',*,*,#4361,.T.);
#1493=ORIENTED_EDGE('',*,*,#4362,.F.);
#1494=ORIENTED_EDGE('',*,*,#4363,.T.);
#1495=ORIENTED_EDGE('',*,*,#4364,.F.);
#1496=ORIENTED_EDGE('',*,*,#4361,.F.);
#1497=ORIENTED_EDGE('',*,*,#4365,.F.);
#1498=ORIENTED_EDGE('',*,*,#4366,.F.);
#1499=ORIENTED_EDGE('',*,*,#4367,.F.);
#1500=ORIENTED_EDGE('',*,*,#4366,.T.);
#1501=ORIENTED_EDGE('',*,*,#4368,.F.);
#1502=ORIENTED_EDGE('',*,*,#4369,.F.);
#1503=ORIENTED_EDGE('',*,*,#4370,.F.);
#1504=ORIENTED_EDGE('',*,*,#4371,.T.);
#1505=ORIENTED_EDGE('',*,*,#4372,.T.);
#1506=ORIENTED_EDGE('',*,*,#4373,.T.);
#1507=ORIENTED_EDGE('',*,*,#4374,.F.);
#1508=ORIENTED_EDGE('',*,*,#4371,.F.);
#1509=ORIENTED_EDGE('',*,*,#4375,.F.);
#1510=ORIENTED_EDGE('',*,*,#4376,.F.);
#1511=ORIENTED_EDGE('',*,*,#4377,.F.);
#1512=ORIENTED_EDGE('',*,*,#4376,.T.);
#1513=ORIENTED_EDGE('',*,*,#4378,.F.);
#1514=ORIENTED_EDGE('',*,*,#4379,.F.);
#1515=ORIENTED_EDGE('',*,*,#4380,.T.);
#1516=ORIENTED_EDGE('',*,*,#4381,.T.);
#1517=ORIENTED_EDGE('',*,*,#4382,.T.);
#1518=ORIENTED_EDGE('',*,*,#4383,.T.);
#1519=ORIENTED_EDGE('',*,*,#4384,.T.);
#1520=ORIENTED_EDGE('',*,*,#4343,.F.);
#1521=ORIENTED_EDGE('',*,*,#4385,.F.);
#1522=ORIENTED_EDGE('',*,*,#4386,.F.);
#1523=ORIENTED_EDGE('',*,*,#4387,.T.);
#1524=ORIENTED_EDGE('',*,*,#4388,.T.);
#1525=ORIENTED_EDGE('',*,*,#4384,.F.);
#1526=ORIENTED_EDGE('',*,*,#4388,.F.);
#1527=ORIENTED_EDGE('',*,*,#4389,.F.);
#1528=ORIENTED_EDGE('',*,*,#4390,.F.);
#1529=ORIENTED_EDGE('',*,*,#4344,.F.);
#1530=ORIENTED_EDGE('',*,*,#4390,.T.);
#1531=ORIENTED_EDGE('',*,*,#4391,.T.);
#1532=ORIENTED_EDGE('',*,*,#4392,.F.);
#1533=ORIENTED_EDGE('',*,*,#4392,.T.);
#1534=ORIENTED_EDGE('',*,*,#4393,.F.);
#1535=ORIENTED_EDGE('',*,*,#4394,.F.);
#1536=ORIENTED_EDGE('',*,*,#4345,.F.);
#1537=ORIENTED_EDGE('',*,*,#4324,.F.);
#1538=ORIENTED_EDGE('',*,*,#4326,.T.);
#1539=ORIENTED_EDGE('',*,*,#4329,.T.);
#1540=ORIENTED_EDGE('',*,*,#4395,.T.);
#1541=ORIENTED_EDGE('',*,*,#4396,.T.);
#1542=ORIENTED_EDGE('',*,*,#4397,.F.);
#1543=ORIENTED_EDGE('',*,*,#4398,.T.);
#1544=ORIENTED_EDGE('',*,*,#4399,.F.);
#1545=ORIENTED_EDGE('',*,*,#4325,.F.);
#1546=ORIENTED_EDGE('',*,*,#4397,.T.);
#1547=ORIENTED_EDGE('',*,*,#4330,.F.);
#1548=ORIENTED_EDGE('',*,*,#4327,.T.);
#1549=ORIENTED_EDGE('',*,*,#4322,.F.);
#1550=ORIENTED_EDGE('',*,*,#4399,.T.);
#1551=ORIENTED_EDGE('',*,*,#4400,.T.);
#1552=ORIENTED_EDGE('',*,*,#4401,.T.);
#1553=ORIENTED_EDGE('',*,*,#4395,.F.);
#1554=ORIENTED_EDGE('',*,*,#4331,.F.);
#1555=ORIENTED_EDGE('',*,*,#4401,.F.);
#1556=ORIENTED_EDGE('',*,*,#4402,.F.);
#1557=ORIENTED_EDGE('',*,*,#4334,.F.);
#1558=ORIENTED_EDGE('',*,*,#4336,.T.);
#1559=ORIENTED_EDGE('',*,*,#4339,.T.);
#1560=ORIENTED_EDGE('',*,*,#4403,.T.);
#1561=ORIENTED_EDGE('',*,*,#4404,.T.);
#1562=ORIENTED_EDGE('',*,*,#4405,.F.);
#1563=ORIENTED_EDGE('',*,*,#4406,.T.);
#1564=ORIENTED_EDGE('',*,*,#4407,.F.);
#1565=ORIENTED_EDGE('',*,*,#4335,.F.);
#1566=ORIENTED_EDGE('',*,*,#4405,.T.);
#1567=ORIENTED_EDGE('',*,*,#4340,.T.);
#1568=ORIENTED_EDGE('',*,*,#4337,.T.);
#1569=ORIENTED_EDGE('',*,*,#4332,.F.);
#1570=ORIENTED_EDGE('',*,*,#4407,.T.);
#1571=ORIENTED_EDGE('',*,*,#4408,.T.);
#1572=ORIENTED_EDGE('',*,*,#4409,.T.);
#1573=ORIENTED_EDGE('',*,*,#4403,.F.);
#1574=ORIENTED_EDGE('',*,*,#4341,.F.);
#1575=ORIENTED_EDGE('',*,*,#4409,.F.);
#1576=ORIENTED_EDGE('',*,*,#4410,.F.);
#1577=ORIENTED_EDGE('',*,*,#4411,.T.);
#1578=ORIENTED_EDGE('',*,*,#4412,.T.);
#1579=ORIENTED_EDGE('',*,*,#4413,.F.);
#1580=ORIENTED_EDGE('',*,*,#4394,.T.);
#1581=ORIENTED_EDGE('',*,*,#4414,.T.);
#1582=ORIENTED_EDGE('',*,*,#4342,.F.);
#1583=ORIENTED_EDGE('',*,*,#4413,.T.);
#1584=ORIENTED_EDGE('',*,*,#4415,.F.);
#1585=ORIENTED_EDGE('',*,*,#4416,.T.);
#1586=ORIENTED_EDGE('',*,*,#4385,.T.);
#1587=ORIENTED_EDGE('',*,*,#4414,.F.);
#1588=ORIENTED_EDGE('',*,*,#4417,.T.);
#1589=ORIENTED_EDGE('',*,*,#4418,.T.);
#1590=ORIENTED_EDGE('',*,*,#4419,.F.);
#1591=ORIENTED_EDGE('',*,*,#4416,.F.);
#1592=ORIENTED_EDGE('',*,*,#4420,.F.);
#1593=ORIENTED_EDGE('',*,*,#4421,.T.);
#1594=ORIENTED_EDGE('',*,*,#4422,.F.);
#1595=ORIENTED_EDGE('',*,*,#4411,.F.);
#1596=ORIENTED_EDGE('',*,*,#4423,.F.);
#1597=ORIENTED_EDGE('',*,*,#4045,.T.);
#1598=ORIENTED_EDGE('',*,*,#4424,.T.);
#1599=ORIENTED_EDGE('',*,*,#4346,.T.);
#1600=ORIENTED_EDGE('',*,*,#4355,.T.);
#1601=ORIENTED_EDGE('',*,*,#4425,.F.);
#1602=ORIENTED_EDGE('',*,*,#4046,.F.);
#1603=ORIENTED_EDGE('',*,*,#4354,.T.);
#1604=ORIENTED_EDGE('',*,*,#4230,.F.);
#1605=ORIENTED_EDGE('',*,*,#4426,.F.);
#1606=ORIENTED_EDGE('',*,*,#4257,.F.);
#1607=ORIENTED_EDGE('',*,*,#4427,.T.);
#1608=ORIENTED_EDGE('',*,*,#4044,.F.);
#1609=ORIENTED_EDGE('',*,*,#4428,.T.);
#1610=ORIENTED_EDGE('',*,*,#4424,.F.);
#1611=ORIENTED_EDGE('',*,*,#4427,.F.);
#1612=ORIENTED_EDGE('',*,*,#4256,.F.);
#1613=ORIENTED_EDGE('',*,*,#4429,.T.);
#1614=ORIENTED_EDGE('',*,*,#4347,.F.);
#1615=ORIENTED_EDGE('',*,*,#4428,.F.);
#1616=ORIENTED_EDGE('',*,*,#4255,.F.);
#1617=ORIENTED_EDGE('',*,*,#4430,.T.);
#1618=ORIENTED_EDGE('',*,*,#4356,.F.);
#1619=ORIENTED_EDGE('',*,*,#4429,.F.);
#1620=ORIENTED_EDGE('',*,*,#4254,.F.);
#1621=ORIENTED_EDGE('',*,*,#4431,.T.);
#1622=ORIENTED_EDGE('',*,*,#4432,.F.);
#1623=ORIENTED_EDGE('',*,*,#4430,.F.);
#1624=ORIENTED_EDGE('',*,*,#4253,.F.);
#1625=ORIENTED_EDGE('',*,*,#4433,.F.);
#1626=ORIENTED_EDGE('',*,*,#4434,.F.);
#1627=ORIENTED_EDGE('',*,*,#4431,.F.);
#1628=ORIENTED_EDGE('',*,*,#4252,.F.);
#1629=ORIENTED_EDGE('',*,*,#4357,.F.);
#1630=ORIENTED_EDGE('',*,*,#4432,.T.);
#1631=ORIENTED_EDGE('',*,*,#4435,.F.);
#1632=ORIENTED_EDGE('',*,*,#4359,.T.);
#1633=ORIENTED_EDGE('',*,*,#4436,.F.);
#1634=ORIENTED_EDGE('',*,*,#4235,.F.);
#1635=ORIENTED_EDGE('',*,*,#4358,.F.);
#1636=ORIENTED_EDGE('',*,*,#4437,.F.);
#1637=ORIENTED_EDGE('',*,*,#4438,.T.);
#1638=ORIENTED_EDGE('',*,*,#4439,.F.);
#1639=ORIENTED_EDGE('',*,*,#4440,.F.);
#1640=ORIENTED_EDGE('',*,*,#4383,.F.);
#1641=ORIENTED_EDGE('',*,*,#4441,.T.);
#1642=ORIENTED_EDGE('',*,*,#4440,.T.);
#1643=ORIENTED_EDGE('',*,*,#4442,.F.);
#1644=ORIENTED_EDGE('',*,*,#4443,.F.);
#1645=ORIENTED_EDGE('',*,*,#4380,.F.);
#1646=ORIENTED_EDGE('',*,*,#4441,.F.);
#1647=ORIENTED_EDGE('',*,*,#4444,.F.);
#1648=ORIENTED_EDGE('',*,*,#4445,.T.);
#1649=ORIENTED_EDGE('',*,*,#4443,.T.);
#1650=ORIENTED_EDGE('',*,*,#4446,.F.);
#1651=ORIENTED_EDGE('',*,*,#4447,.T.);
#1652=ORIENTED_EDGE('',*,*,#4381,.F.);
#1653=ORIENTED_EDGE('',*,*,#4445,.F.);
#1654=ORIENTED_EDGE('',*,*,#4448,.F.);
#1655=ORIENTED_EDGE('',*,*,#4449,.F.);
#1656=ORIENTED_EDGE('',*,*,#4450,.F.);
#1657=ORIENTED_EDGE('',*,*,#4369,.T.);
#1658=ORIENTED_EDGE('',*,*,#4451,.T.);
#1659=ORIENTED_EDGE('',*,*,#4362,.T.);
#1660=ORIENTED_EDGE('',*,*,#4364,.T.);
#1661=ORIENTED_EDGE('',*,*,#4367,.T.);
#1662=ORIENTED_EDGE('',*,*,#4450,.T.);
#1663=ORIENTED_EDGE('',*,*,#4452,.F.);
#1664=ORIENTED_EDGE('',*,*,#4453,.T.);
#1665=ORIENTED_EDGE('',*,*,#4453,.F.);
#1666=ORIENTED_EDGE('',*,*,#4454,.F.);
#1667=ORIENTED_EDGE('',*,*,#4455,.F.);
#1668=ORIENTED_EDGE('',*,*,#4363,.F.);
#1669=ORIENTED_EDGE('',*,*,#4368,.T.);
#1670=ORIENTED_EDGE('',*,*,#4365,.T.);
#1671=ORIENTED_EDGE('',*,*,#4360,.T.);
#1672=ORIENTED_EDGE('',*,*,#4455,.T.);
#1673=ORIENTED_EDGE('',*,*,#4456,.F.);
#1674=ORIENTED_EDGE('',*,*,#4451,.F.);
#1675=ORIENTED_EDGE('',*,*,#4457,.F.);
#1676=ORIENTED_EDGE('',*,*,#4458,.F.);
#1677=ORIENTED_EDGE('',*,*,#4379,.T.);
#1678=ORIENTED_EDGE('',*,*,#4459,.T.);
#1679=ORIENTED_EDGE('',*,*,#4372,.F.);
#1680=ORIENTED_EDGE('',*,*,#4374,.T.);
#1681=ORIENTED_EDGE('',*,*,#4377,.T.);
#1682=ORIENTED_EDGE('',*,*,#4458,.T.);
#1683=ORIENTED_EDGE('',*,*,#4460,.F.);
#1684=ORIENTED_EDGE('',*,*,#4461,.T.);
#1685=ORIENTED_EDGE('',*,*,#4461,.F.);
#1686=ORIENTED_EDGE('',*,*,#4462,.F.);
#1687=ORIENTED_EDGE('',*,*,#4463,.F.);
#1688=ORIENTED_EDGE('',*,*,#4373,.F.);
#1689=ORIENTED_EDGE('',*,*,#4378,.T.);
#1690=ORIENTED_EDGE('',*,*,#4375,.T.);
#1691=ORIENTED_EDGE('',*,*,#4370,.T.);
#1692=ORIENTED_EDGE('',*,*,#4463,.T.);
#1693=ORIENTED_EDGE('',*,*,#4464,.F.);
#1694=ORIENTED_EDGE('',*,*,#4459,.F.);
#1695=ORIENTED_EDGE('',*,*,#4465,.T.);
#1696=ORIENTED_EDGE('',*,*,#4466,.F.);
#1697=ORIENTED_EDGE('',*,*,#4467,.F.);
#1698=ORIENTED_EDGE('',*,*,#4468,.F.);
#1699=ORIENTED_EDGE('',*,*,#4469,.T.);
#1700=ORIENTED_EDGE('',*,*,#4470,.T.);
#1701=ORIENTED_EDGE('',*,*,#4447,.F.);
#1702=ORIENTED_EDGE('',*,*,#4465,.F.);
#1703=ORIENTED_EDGE('',*,*,#4470,.F.);
#1704=ORIENTED_EDGE('',*,*,#4471,.F.);
#1705=ORIENTED_EDGE('',*,*,#4472,.F.);
#1706=ORIENTED_EDGE('',*,*,#4382,.F.);
#1707=ORIENTED_EDGE('',*,*,#4472,.T.);
#1708=ORIENTED_EDGE('',*,*,#4473,.T.);
#1709=ORIENTED_EDGE('',*,*,#4474,.F.);
#1710=ORIENTED_EDGE('',*,*,#4438,.F.);
#1711=ORIENTED_EDGE('',*,*,#4474,.T.);
#1712=ORIENTED_EDGE('',*,*,#4475,.F.);
#1713=ORIENTED_EDGE('',*,*,#4476,.F.);
#1714=ORIENTED_EDGE('',*,*,#4477,.F.);
#1715=ORIENTED_EDGE('',*,*,#4478,.F.);
#1716=ORIENTED_EDGE('',*,*,#4479,.T.);
#1717=ORIENTED_EDGE('',*,*,#4480,.T.);
#1718=ORIENTED_EDGE('',*,*,#4481,.F.);
#1719=ORIENTED_EDGE('',*,*,#4037,.T.);
#1720=ORIENTED_EDGE('',*,*,#4072,.F.);
#1721=ORIENTED_EDGE('',*,*,#4482,.F.);
#1722=ORIENTED_EDGE('',*,*,#4483,.F.);
#1723=ORIENTED_EDGE('',*,*,#4484,.F.);
#1724=ORIENTED_EDGE('',*,*,#4485,.F.);
#1725=ORIENTED_EDGE('',*,*,#4482,.T.);
#1726=ORIENTED_EDGE('',*,*,#4071,.F.);
#1727=ORIENTED_EDGE('',*,*,#4027,.T.);
#1728=ORIENTED_EDGE('',*,*,#4486,.F.);
#1729=ORIENTED_EDGE('',*,*,#4487,.F.);
#1730=ORIENTED_EDGE('',*,*,#4488,.F.);
#1731=ORIENTED_EDGE('',*,*,#4487,.T.);
#1732=ORIENTED_EDGE('',*,*,#4489,.F.);
#1733=ORIENTED_EDGE('',*,*,#4490,.F.);
#1734=ORIENTED_EDGE('',*,*,#4491,.F.);
#1735=ORIENTED_EDGE('',*,*,#4492,.T.);
#1736=ORIENTED_EDGE('',*,*,#4493,.F.);
#1737=ORIENTED_EDGE('',*,*,#4494,.F.);
#1738=ORIENTED_EDGE('',*,*,#4495,.F.);
#1739=ORIENTED_EDGE('',*,*,#4496,.T.);
#1740=ORIENTED_EDGE('',*,*,#4497,.F.);
#1741=ORIENTED_EDGE('',*,*,#4492,.F.);
#1742=ORIENTED_EDGE('',*,*,#4498,.F.);
#1743=ORIENTED_EDGE('',*,*,#4062,.T.);
#1744=ORIENTED_EDGE('',*,*,#4021,.F.);
#1745=ORIENTED_EDGE('',*,*,#4499,.F.);
#1746=ORIENTED_EDGE('',*,*,#4500,.F.);
#1747=ORIENTED_EDGE('',*,*,#4501,.F.);
#1748=ORIENTED_EDGE('',*,*,#4057,.F.);
#1749=ORIENTED_EDGE('',*,*,#4499,.T.);
#1750=ORIENTED_EDGE('',*,*,#4020,.F.);
#1751=ORIENTED_EDGE('',*,*,#4030,.T.);
#1752=ORIENTED_EDGE('',*,*,#4016,.F.);
#1753=ORIENTED_EDGE('',*,*,#4502,.F.);
#1754=ORIENTED_EDGE('',*,*,#4503,.F.);
#1755=ORIENTED_EDGE('',*,*,#4502,.T.);
#1756=ORIENTED_EDGE('',*,*,#4015,.F.);
#1757=ORIENTED_EDGE('',*,*,#4504,.F.);
#1758=ORIENTED_EDGE('',*,*,#4505,.F.);
#1759=ORIENTED_EDGE('',*,*,#4506,.T.);
#1760=ORIENTED_EDGE('',*,*,#4507,.F.);
#1761=ORIENTED_EDGE('',*,*,#4508,.F.);
#1762=ORIENTED_EDGE('',*,*,#4509,.F.);
#1763=ORIENTED_EDGE('',*,*,#4508,.T.);
#1764=ORIENTED_EDGE('',*,*,#4510,.F.);
#1765=ORIENTED_EDGE('',*,*,#4511,.F.);
#1766=ORIENTED_EDGE('',*,*,#4512,.F.);
#1767=ORIENTED_EDGE('',*,*,#4513,.T.);
#1768=ORIENTED_EDGE('',*,*,#4514,.F.);
#1769=ORIENTED_EDGE('',*,*,#4515,.F.);
#1770=ORIENTED_EDGE('',*,*,#4516,.F.);
#1771=ORIENTED_EDGE('',*,*,#4513,.F.);
#1772=ORIENTED_EDGE('',*,*,#4517,.F.);
#1773=ORIENTED_EDGE('',*,*,#4518,.F.);
#1774=ORIENTED_EDGE('',*,*,#4519,.F.);
#1775=ORIENTED_EDGE('',*,*,#4518,.T.);
#1776=ORIENTED_EDGE('',*,*,#4520,.F.);
#1777=ORIENTED_EDGE('',*,*,#4521,.F.);
#1778=ORIENTED_EDGE('',*,*,#4522,.F.);
#1779=ORIENTED_EDGE('',*,*,#4521,.T.);
#1780=ORIENTED_EDGE('',*,*,#4523,.F.);
#1781=ORIENTED_EDGE('',*,*,#4524,.F.);
#1782=ORIENTED_EDGE('',*,*,#4525,.F.);
#1783=ORIENTED_EDGE('',*,*,#4524,.T.);
#1784=ORIENTED_EDGE('',*,*,#4526,.F.);
#1785=ORIENTED_EDGE('',*,*,#4527,.F.);
#1786=ORIENTED_EDGE('',*,*,#4528,.F.);
#1787=ORIENTED_EDGE('',*,*,#4527,.T.);
#1788=ORIENTED_EDGE('',*,*,#4529,.F.);
#1789=ORIENTED_EDGE('',*,*,#4530,.F.);
#1790=ORIENTED_EDGE('',*,*,#4531,.F.);
#1791=ORIENTED_EDGE('',*,*,#4530,.T.);
#1792=ORIENTED_EDGE('',*,*,#4532,.F.);
#1793=ORIENTED_EDGE('',*,*,#4533,.F.);
#1794=ORIENTED_EDGE('',*,*,#4534,.F.);
#1795=ORIENTED_EDGE('',*,*,#4533,.T.);
#1796=ORIENTED_EDGE('',*,*,#4535,.F.);
#1797=ORIENTED_EDGE('',*,*,#4536,.F.);
#1798=ORIENTED_EDGE('',*,*,#4537,.F.);
#1799=ORIENTED_EDGE('',*,*,#4536,.T.);
#1800=ORIENTED_EDGE('',*,*,#4538,.F.);
#1801=ORIENTED_EDGE('',*,*,#4539,.F.);
#1802=ORIENTED_EDGE('',*,*,#4540,.F.);
#1803=ORIENTED_EDGE('',*,*,#4539,.T.);
#1804=ORIENTED_EDGE('',*,*,#4541,.F.);
#1805=ORIENTED_EDGE('',*,*,#4542,.F.);
#1806=ORIENTED_EDGE('',*,*,#4543,.F.);
#1807=ORIENTED_EDGE('',*,*,#4542,.T.);
#1808=ORIENTED_EDGE('',*,*,#4544,.F.);
#1809=ORIENTED_EDGE('',*,*,#4545,.F.);
#1810=ORIENTED_EDGE('',*,*,#4546,.F.);
#1811=ORIENTED_EDGE('',*,*,#4545,.T.);
#1812=ORIENTED_EDGE('',*,*,#4547,.F.);
#1813=ORIENTED_EDGE('',*,*,#4548,.F.);
#1814=ORIENTED_EDGE('',*,*,#4549,.F.);
#1815=ORIENTED_EDGE('',*,*,#4548,.T.);
#1816=ORIENTED_EDGE('',*,*,#4550,.F.);
#1817=ORIENTED_EDGE('',*,*,#4551,.F.);
#1818=ORIENTED_EDGE('',*,*,#4552,.F.);
#1819=ORIENTED_EDGE('',*,*,#4551,.T.);
#1820=ORIENTED_EDGE('',*,*,#4553,.F.);
#1821=ORIENTED_EDGE('',*,*,#4554,.F.);
#1822=ORIENTED_EDGE('',*,*,#4555,.F.);
#1823=ORIENTED_EDGE('',*,*,#4554,.T.);
#1824=ORIENTED_EDGE('',*,*,#4556,.F.);
#1825=ORIENTED_EDGE('',*,*,#4506,.F.);
#1826=ORIENTED_EDGE('',*,*,#4557,.F.);
#1827=ORIENTED_EDGE('',*,*,#4558,.F.);
#1828=ORIENTED_EDGE('',*,*,#4011,.F.);
#1829=ORIENTED_EDGE('',*,*,#4033,.F.);
#1830=ORIENTED_EDGE('',*,*,#4085,.T.);
#1831=ORIENTED_EDGE('',*,*,#4559,.F.);
#1832=ORIENTED_EDGE('',*,*,#4560,.F.);
#1833=ORIENTED_EDGE('',*,*,#4559,.T.);
#1834=ORIENTED_EDGE('',*,*,#4084,.T.);
#1835=ORIENTED_EDGE('',*,*,#4561,.T.);
#1836=ORIENTED_EDGE('',*,*,#4562,.F.);
#1837=ORIENTED_EDGE('',*,*,#4561,.F.);
#1838=ORIENTED_EDGE('',*,*,#4083,.T.);
#1839=ORIENTED_EDGE('',*,*,#4563,.F.);
#1840=ORIENTED_EDGE('',*,*,#4227,.F.);
#1841=ORIENTED_EDGE('',*,*,#4082,.F.);
#1842=ORIENTED_EDGE('',*,*,#4564,.T.);
#1843=ORIENTED_EDGE('',*,*,#4228,.F.);
#1844=ORIENTED_EDGE('',*,*,#4563,.T.);
#1845=ORIENTED_EDGE('',*,*,#4490,.T.);
#1846=ORIENTED_EDGE('',*,*,#4565,.F.);
#1847=ORIENTED_EDGE('',*,*,#4566,.F.);
#1848=ORIENTED_EDGE('',*,*,#4567,.F.);
#1849=ORIENTED_EDGE('',*,*,#4568,.T.);
#1850=ORIENTED_EDGE('',*,*,#4569,.F.);
#1851=ORIENTED_EDGE('',*,*,#4418,.F.);
#1852=ORIENTED_EDGE('',*,*,#4570,.F.);
#1853=ORIENTED_EDGE('',*,*,#4386,.T.);
#1854=ORIENTED_EDGE('',*,*,#4419,.T.);
#1855=ORIENTED_EDGE('',*,*,#4569,.T.);
#1856=ORIENTED_EDGE('',*,*,#4571,.T.);
#1857=ORIENTED_EDGE('',*,*,#4572,.T.);
#1858=ORIENTED_EDGE('',*,*,#4573,.T.);
#1859=ORIENTED_EDGE('',*,*,#4574,.F.);
#1860=ORIENTED_EDGE('',*,*,#4387,.F.);
#1861=ORIENTED_EDGE('',*,*,#4572,.F.);
#1862=ORIENTED_EDGE('',*,*,#4575,.T.);
#1863=ORIENTED_EDGE('',*,*,#4389,.T.);
#1864=ORIENTED_EDGE('',*,*,#4574,.T.);
#1865=ORIENTED_EDGE('',*,*,#4576,.T.);
#1866=ORIENTED_EDGE('',*,*,#4577,.T.);
#1867=ORIENTED_EDGE('',*,*,#4578,.F.);
#1868=ORIENTED_EDGE('',*,*,#4391,.F.);
#1869=ORIENTED_EDGE('',*,*,#4575,.F.);
#1870=ORIENTED_EDGE('',*,*,#4579,.T.);
#1871=ORIENTED_EDGE('',*,*,#4423,.T.);
#1872=ORIENTED_EDGE('',*,*,#4393,.T.);
#1873=ORIENTED_EDGE('',*,*,#4578,.T.);
#1874=ORIENTED_EDGE('',*,*,#4580,.T.);
#1875=ORIENTED_EDGE('',*,*,#4485,.T.);
#1876=ORIENTED_EDGE('',*,*,#4581,.F.);
#1877=ORIENTED_EDGE('',*,*,#4024,.T.);
#1878=ORIENTED_EDGE('',*,*,#4488,.T.);
#1879=ORIENTED_EDGE('',*,*,#4491,.T.);
#1880=ORIENTED_EDGE('',*,*,#4567,.T.);
#1881=ORIENTED_EDGE('',*,*,#4582,.T.);
#1882=ORIENTED_EDGE('',*,*,#4420,.T.);
#1883=ORIENTED_EDGE('',*,*,#4417,.F.);
#1884=ORIENTED_EDGE('',*,*,#4415,.T.);
#1885=ORIENTED_EDGE('',*,*,#4412,.F.);
#1886=ORIENTED_EDGE('',*,*,#4422,.T.);
#1887=ORIENTED_EDGE('',*,*,#4583,.T.);
#1888=ORIENTED_EDGE('',*,*,#4584,.F.);
#1889=ORIENTED_EDGE('',*,*,#4410,.T.);
#1890=ORIENTED_EDGE('',*,*,#4408,.F.);
#1891=ORIENTED_EDGE('',*,*,#4406,.F.);
#1892=ORIENTED_EDGE('',*,*,#4404,.F.);
#1893=ORIENTED_EDGE('',*,*,#4402,.T.);
#1894=ORIENTED_EDGE('',*,*,#4400,.F.);
#1895=ORIENTED_EDGE('',*,*,#4398,.F.);
#1896=ORIENTED_EDGE('',*,*,#4396,.F.);
#1897=ORIENTED_EDGE('',*,*,#4480,.F.);
#1898=ORIENTED_EDGE('',*,*,#4585,.T.);
#1899=ORIENTED_EDGE('',*,*,#4586,.F.);
#1900=ORIENTED_EDGE('',*,*,#4421,.F.);
#1901=ORIENTED_EDGE('',*,*,#4579,.F.);
#1902=ORIENTED_EDGE('',*,*,#4584,.T.);
#1903=ORIENTED_EDGE('',*,*,#4587,.T.);
#1904=ORIENTED_EDGE('',*,*,#4039,.T.);
#1905=ORIENTED_EDGE('',*,*,#4483,.T.);
#1906=ORIENTED_EDGE('',*,*,#4588,.F.);
#1907=ORIENTED_EDGE('',*,*,#4589,.T.);
#1908=ORIENTED_EDGE('',*,*,#4590,.T.);
#1909=ORIENTED_EDGE('',*,*,#4042,.T.);
#1910=ORIENTED_EDGE('',*,*,#4591,.F.);
#1911=ORIENTED_EDGE('',*,*,#4048,.T.);
#1912=ORIENTED_EDGE('',*,*,#4592,.F.);
#1913=ORIENTED_EDGE('',*,*,#4589,.F.);
#1914=ORIENTED_EDGE('',*,*,#4593,.F.);
#1915=ORIENTED_EDGE('',*,*,#4050,.F.);
#1916=ORIENTED_EDGE('',*,*,#4594,.F.);
#1917=ORIENTED_EDGE('',*,*,#4595,.F.);
#1918=ORIENTED_EDGE('',*,*,#4078,.F.);
#1919=ORIENTED_EDGE('',*,*,#4596,.T.);
#1920=ORIENTED_EDGE('',*,*,#4597,.F.);
#1921=ORIENTED_EDGE('',*,*,#4598,.T.);
#1922=ORIENTED_EDGE('',*,*,#4599,.T.);
#1923=ORIENTED_EDGE('',*,*,#4600,.T.);
#1924=ORIENTED_EDGE('',*,*,#4601,.T.);
#1925=ORIENTED_EDGE('',*,*,#4080,.T.);
#1926=ORIENTED_EDGE('',*,*,#4602,.F.);
#1927=ORIENTED_EDGE('',*,*,#4245,.F.);
#1928=ORIENTED_EDGE('',*,*,#4426,.T.);
#1929=ORIENTED_EDGE('',*,*,#4043,.F.);
#1930=ORIENTED_EDGE('',*,*,#4590,.F.);
#1931=ORIENTED_EDGE('',*,*,#4592,.T.);
#1932=ORIENTED_EDGE('',*,*,#4047,.F.);
#1933=ORIENTED_EDGE('',*,*,#4425,.T.);
#1934=ORIENTED_EDGE('',*,*,#4229,.F.);
#1935=ORIENTED_EDGE('',*,*,#4564,.F.);
#1936=ORIENTED_EDGE('',*,*,#4081,.T.);
#1937=ORIENTED_EDGE('',*,*,#4601,.F.);
#1938=ORIENTED_EDGE('',*,*,#4603,.T.);
#1939=ORIENTED_EDGE('',*,*,#4604,.T.);
#1940=ORIENTED_EDGE('',*,*,#4605,.T.);
#1941=ORIENTED_EDGE('',*,*,#4606,.T.);
#1942=ORIENTED_EDGE('',*,*,#4607,.F.);
#1943=ORIENTED_EDGE('',*,*,#4603,.F.);
#1944=ORIENTED_EDGE('',*,*,#4608,.F.);
#1945=ORIENTED_EDGE('',*,*,#4247,.F.);
#1946=ORIENTED_EDGE('',*,*,#4609,.F.);
#1947=ORIENTED_EDGE('',*,*,#4236,.F.);
#1948=ORIENTED_EDGE('',*,*,#4436,.T.);
#1949=ORIENTED_EDGE('',*,*,#4610,.T.);
#1950=ORIENTED_EDGE('',*,*,#4611,.T.);
#1951=ORIENTED_EDGE('',*,*,#4612,.T.);
#1952=ORIENTED_EDGE('',*,*,#4613,.F.);
#1953=ORIENTED_EDGE('',*,*,#4433,.T.);
#1954=ORIENTED_EDGE('',*,*,#4251,.F.);
#1955=ORIENTED_EDGE('',*,*,#4614,.F.);
#1956=ORIENTED_EDGE('',*,*,#4615,.F.);
#1957=ORIENTED_EDGE('',*,*,#4616,.T.);
#1958=ORIENTED_EDGE('',*,*,#4617,.T.);
#1959=ORIENTED_EDGE('',*,*,#4618,.T.);
#1960=ORIENTED_EDGE('',*,*,#4619,.T.);
#1961=ORIENTED_EDGE('',*,*,#4620,.F.);
#1962=ORIENTED_EDGE('',*,*,#4616,.F.);
#1963=ORIENTED_EDGE('',*,*,#4621,.F.);
#1964=ORIENTED_EDGE('',*,*,#4249,.F.);
#1965=ORIENTED_EDGE('',*,*,#4622,.F.);
#1966=ORIENTED_EDGE('',*,*,#4623,.F.);
#1967=ORIENTED_EDGE('',*,*,#4504,.T.);
#1968=ORIENTED_EDGE('',*,*,#4014,.F.);
#1969=ORIENTED_EDGE('',*,*,#4624,.F.);
#1970=ORIENTED_EDGE('',*,*,#4625,.F.);
#1971=ORIENTED_EDGE('',*,*,#4626,.T.);
#1972=ORIENTED_EDGE('',*,*,#4611,.F.);
#1973=ORIENTED_EDGE('',*,*,#4626,.F.);
#1974=ORIENTED_EDGE('',*,*,#4627,.T.);
#1975=ORIENTED_EDGE('',*,*,#4628,.T.);
#1976=ORIENTED_EDGE('',*,*,#4612,.F.);
#1977=ORIENTED_EDGE('',*,*,#4629,.T.);
#1978=ORIENTED_EDGE('',*,*,#4630,.T.);
#1979=ORIENTED_EDGE('',*,*,#4615,.T.);
#1980=ORIENTED_EDGE('',*,*,#4631,.T.);
#1981=ORIENTED_EDGE('',*,*,#4610,.F.);
#1982=ORIENTED_EDGE('',*,*,#4437,.T.);
#1983=ORIENTED_EDGE('',*,*,#4435,.T.);
#1984=ORIENTED_EDGE('',*,*,#4434,.T.);
#1985=ORIENTED_EDGE('',*,*,#4613,.T.);
#1986=ORIENTED_EDGE('',*,*,#4628,.F.);
#1987=ORIENTED_EDGE('',*,*,#4632,.T.);
#1988=ORIENTED_EDGE('',*,*,#4633,.T.);
#1989=ORIENTED_EDGE('',*,*,#4634,.T.);
#1990=ORIENTED_EDGE('',*,*,#4623,.T.);
#1991=ORIENTED_EDGE('',*,*,#4635,.F.);
#1992=ORIENTED_EDGE('',*,*,#4624,.T.);
#1993=ORIENTED_EDGE('',*,*,#4634,.F.);
#1994=ORIENTED_EDGE('',*,*,#4636,.T.);
#1995=ORIENTED_EDGE('',*,*,#4637,.F.);
#1996=ORIENTED_EDGE('',*,*,#4505,.T.);
#1997=ORIENTED_EDGE('',*,*,#4637,.T.);
#1998=ORIENTED_EDGE('',*,*,#4638,.T.);
#1999=ORIENTED_EDGE('',*,*,#4054,.T.);
#2000=ORIENTED_EDGE('',*,*,#4503,.T.);
#2001=ORIENTED_EDGE('',*,*,#4056,.T.);
#2002=ORIENTED_EDGE('',*,*,#4639,.T.);
#2003=ORIENTED_EDGE('',*,*,#4640,.T.);
#2004=ORIENTED_EDGE('',*,*,#4500,.T.);
#2005=ORIENTED_EDGE('',*,*,#4641,.F.);
#2006=ORIENTED_EDGE('',*,*,#4642,.T.);
#2007=ORIENTED_EDGE('',*,*,#4643,.F.);
#2008=ORIENTED_EDGE('',*,*,#4060,.T.);
#2009=ORIENTED_EDGE('',*,*,#4640,.F.);
#2010=ORIENTED_EDGE('',*,*,#4644,.T.);
#2011=ORIENTED_EDGE('',*,*,#4645,.F.);
#2012=ORIENTED_EDGE('',*,*,#4642,.F.);
#2013=ORIENTED_EDGE('',*,*,#4646,.F.);
#2014=ORIENTED_EDGE('',*,*,#4239,.F.);
#2015=ORIENTED_EDGE('',*,*,#4647,.F.);
#2016=ORIENTED_EDGE('',*,*,#4648,.F.);
#2017=ORIENTED_EDGE('',*,*,#4649,.F.);
#2018=ORIENTED_EDGE('',*,*,#4650,.T.);
#2019=ORIENTED_EDGE('',*,*,#4651,.T.);
#2020=ORIENTED_EDGE('',*,*,#4652,.T.);
#2021=ORIENTED_EDGE('',*,*,#4653,.T.);
#2022=ORIENTED_EDGE('',*,*,#4654,.T.);
#2023=ORIENTED_EDGE('',*,*,#4648,.T.);
#2024=ORIENTED_EDGE('',*,*,#4655,.T.);
#2025=ORIENTED_EDGE('',*,*,#4258,.T.);
#2026=ORIENTED_EDGE('',*,*,#4656,.T.);
#2027=ORIENTED_EDGE('',*,*,#4657,.F.);
#2028=ORIENTED_EDGE('',*,*,#4658,.T.);
#2029=ORIENTED_EDGE('',*,*,#4659,.F.);
#2030=ORIENTED_EDGE('',*,*,#4660,.F.);
#2031=ORIENTED_EDGE('',*,*,#4260,.T.);
#2032=ORIENTED_EDGE('',*,*,#4661,.T.);
#2033=ORIENTED_EDGE('',*,*,#4660,.T.);
#2034=ORIENTED_EDGE('',*,*,#4662,.T.);
#2035=ORIENTED_EDGE('',*,*,#4264,.T.);
#2036=ORIENTED_EDGE('',*,*,#4663,.T.);
#2037=ORIENTED_EDGE('',*,*,#4664,.T.);
#2038=ORIENTED_EDGE('',*,*,#4665,.T.);
#2039=ORIENTED_EDGE('',*,*,#4666,.F.);
#2040=ORIENTED_EDGE('',*,*,#4667,.T.);
#2041=ORIENTED_EDGE('',*,*,#4668,.F.);
#2042=ORIENTED_EDGE('',*,*,#4664,.F.);
#2043=ORIENTED_EDGE('',*,*,#4669,.F.);
#2044=ORIENTED_EDGE('',*,*,#4266,.F.);
#2045=ORIENTED_EDGE('',*,*,#4670,.F.);
#2046=ORIENTED_EDGE('',*,*,#4667,.F.);
#2047=ORIENTED_EDGE('',*,*,#4268,.F.);
#2048=ORIENTED_EDGE('',*,*,#4671,.T.);
#2049=ORIENTED_EDGE('',*,*,#4672,.F.);
#2050=ORIENTED_EDGE('',*,*,#4673,.T.);
#2051=ORIENTED_EDGE('',*,*,#4674,.F.);
#2052=ORIENTED_EDGE('',*,*,#4675,.T.);
#2053=ORIENTED_EDGE('',*,*,#4676,.F.);
#2054=ORIENTED_EDGE('',*,*,#4672,.T.);
#2055=ORIENTED_EDGE('',*,*,#4677,.F.);
#2056=ORIENTED_EDGE('',*,*,#4241,.F.);
#2057=ORIENTED_EDGE('',*,*,#4678,.F.);
#2058=ORIENTED_EDGE('',*,*,#4675,.F.);
#2059=ORIENTED_EDGE('',*,*,#4679,.F.);
#2060=ORIENTED_EDGE('',*,*,#4680,.F.);
#2061=ORIENTED_EDGE('',*,*,#4496,.F.);
#2062=ORIENTED_EDGE('',*,*,#4243,.F.);
#2063=ORIENTED_EDGE('',*,*,#4681,.F.);
#2064=ORIENTED_EDGE('',*,*,#4682,.F.);
#2065=ORIENTED_EDGE('',*,*,#4683,.F.);
#2066=ORIENTED_EDGE('',*,*,#4684,.T.);
#2067=ORIENTED_EDGE('',*,*,#4682,.T.);
#2068=ORIENTED_EDGE('',*,*,#4685,.T.);
#2069=ORIENTED_EDGE('',*,*,#4262,.T.);
#2070=ORIENTED_EDGE('',*,*,#4686,.T.);
#2071=ORIENTED_EDGE('',*,*,#4687,.T.);
#2072=ORIENTED_EDGE('',*,*,#4688,.T.);
#2073=ORIENTED_EDGE('',*,*,#4689,.T.);
#2074=ORIENTED_EDGE('',*,*,#4439,.T.);
#2075=ORIENTED_EDGE('',*,*,#4477,.T.);
#2076=ORIENTED_EDGE('',*,*,#4476,.T.);
#2077=ORIENTED_EDGE('',*,*,#4690,.F.);
#2078=ORIENTED_EDGE('',*,*,#4691,.F.);
#2079=ORIENTED_EDGE('',*,*,#4687,.F.);
#2080=ORIENTED_EDGE('',*,*,#4442,.T.);
#2081=ORIENTED_EDGE('',*,*,#4689,.F.);
#2082=ORIENTED_EDGE('',*,*,#4692,.F.);
#2083=ORIENTED_EDGE('',*,*,#4693,.F.);
#2084=ORIENTED_EDGE('',*,*,#4694,.T.);
#2085=ORIENTED_EDGE('',*,*,#4695,.T.);
#2086=ORIENTED_EDGE('',*,*,#4444,.T.);
#2087=ORIENTED_EDGE('',*,*,#4693,.T.);
#2088=ORIENTED_EDGE('',*,*,#4446,.T.);
#2089=ORIENTED_EDGE('',*,*,#4695,.F.);
#2090=ORIENTED_EDGE('',*,*,#4696,.F.);
#2091=ORIENTED_EDGE('',*,*,#4697,.F.);
#2092=ORIENTED_EDGE('',*,*,#4697,.T.);
#2093=ORIENTED_EDGE('',*,*,#4698,.T.);
#2094=ORIENTED_EDGE('',*,*,#4699,.T.);
#2095=ORIENTED_EDGE('',*,*,#4466,.T.);
#2096=ORIENTED_EDGE('',*,*,#4448,.T.);
#2097=ORIENTED_EDGE('',*,*,#4467,.T.);
#2098=ORIENTED_EDGE('',*,*,#4699,.F.);
#2099=ORIENTED_EDGE('',*,*,#4700,.F.);
#2100=ORIENTED_EDGE('',*,*,#4701,.F.);
#2101=ORIENTED_EDGE('',*,*,#4702,.F.);
#2102=ORIENTED_EDGE('',*,*,#4703,.T.);
#2103=ORIENTED_EDGE('',*,*,#4475,.T.);
#2104=ORIENTED_EDGE('',*,*,#4473,.F.);
#2105=ORIENTED_EDGE('',*,*,#4471,.T.);
#2106=ORIENTED_EDGE('',*,*,#4469,.F.);
#2107=ORIENTED_EDGE('',*,*,#4468,.T.);
#2108=ORIENTED_EDGE('',*,*,#4704,.T.);
#2109=ORIENTED_EDGE('',*,*,#4705,.T.);
#2110=ORIENTED_EDGE('',*,*,#4493,.T.);
#2111=ORIENTED_EDGE('',*,*,#4497,.T.);
#2112=ORIENTED_EDGE('',*,*,#4680,.T.);
#2113=ORIENTED_EDGE('',*,*,#4464,.T.);
#2114=ORIENTED_EDGE('',*,*,#4462,.T.);
#2115=ORIENTED_EDGE('',*,*,#4460,.T.);
#2116=ORIENTED_EDGE('',*,*,#4457,.T.);
#2117=ORIENTED_EDGE('',*,*,#4456,.T.);
#2118=ORIENTED_EDGE('',*,*,#4454,.T.);
#2119=ORIENTED_EDGE('',*,*,#4452,.T.);
#2120=ORIENTED_EDGE('',*,*,#4449,.T.);
#2121=ORIENTED_EDGE('',*,*,#4479,.F.);
#2122=ORIENTED_EDGE('',*,*,#4494,.T.);
#2123=ORIENTED_EDGE('',*,*,#4705,.F.);
#2124=ORIENTED_EDGE('',*,*,#4706,.F.);
#2125=ORIENTED_EDGE('',*,*,#4707,.F.);
#2126=ORIENTED_EDGE('',*,*,#4511,.T.);
#2127=ORIENTED_EDGE('',*,*,#4708,.F.);
#2128=ORIENTED_EDGE('',*,*,#4709,.F.);
#2129=ORIENTED_EDGE('',*,*,#4710,.F.);
#2130=ORIENTED_EDGE('',*,*,#4478,.T.);
#2131=ORIENTED_EDGE('',*,*,#4710,.T.);
#2132=ORIENTED_EDGE('',*,*,#4711,.T.);
#2133=ORIENTED_EDGE('',*,*,#4712,.T.);
#2134=ORIENTED_EDGE('',*,*,#4557,.T.);
#2135=ORIENTED_EDGE('',*,*,#4509,.T.);
#2136=ORIENTED_EDGE('',*,*,#4512,.T.);
#2137=ORIENTED_EDGE('',*,*,#4712,.F.);
#2138=ORIENTED_EDGE('',*,*,#4713,.T.);
#2139=ORIENTED_EDGE('',*,*,#4714,.F.);
#2140=ORIENTED_EDGE('',*,*,#4555,.T.);
#2141=ORIENTED_EDGE('',*,*,#4714,.T.);
#2142=ORIENTED_EDGE('',*,*,#4715,.T.);
#2143=ORIENTED_EDGE('',*,*,#4716,.T.);
#2144=ORIENTED_EDGE('',*,*,#4552,.T.);
#2145=ORIENTED_EDGE('',*,*,#4716,.F.);
#2146=ORIENTED_EDGE('',*,*,#4717,.T.);
#2147=ORIENTED_EDGE('',*,*,#4718,.F.);
#2148=ORIENTED_EDGE('',*,*,#4549,.T.);
#2149=ORIENTED_EDGE('',*,*,#4718,.T.);
#2150=ORIENTED_EDGE('',*,*,#4719,.T.);
#2151=ORIENTED_EDGE('',*,*,#4720,.T.);
#2152=ORIENTED_EDGE('',*,*,#4546,.T.);
#2153=ORIENTED_EDGE('',*,*,#4720,.F.);
#2154=ORIENTED_EDGE('',*,*,#4721,.T.);
#2155=ORIENTED_EDGE('',*,*,#4722,.F.);
#2156=ORIENTED_EDGE('',*,*,#4543,.T.);
#2157=ORIENTED_EDGE('',*,*,#4722,.T.);
#2158=ORIENTED_EDGE('',*,*,#4723,.T.);
#2159=ORIENTED_EDGE('',*,*,#4724,.T.);
#2160=ORIENTED_EDGE('',*,*,#4540,.T.);
#2161=ORIENTED_EDGE('',*,*,#4724,.F.);
#2162=ORIENTED_EDGE('',*,*,#4725,.T.);
#2163=ORIENTED_EDGE('',*,*,#4726,.F.);
#2164=ORIENTED_EDGE('',*,*,#4537,.T.);
#2165=ORIENTED_EDGE('',*,*,#4726,.T.);
#2166=ORIENTED_EDGE('',*,*,#4727,.T.);
#2167=ORIENTED_EDGE('',*,*,#4728,.T.);
#2168=ORIENTED_EDGE('',*,*,#4534,.T.);
#2169=ORIENTED_EDGE('',*,*,#4728,.F.);
#2170=ORIENTED_EDGE('',*,*,#4729,.T.);
#2171=ORIENTED_EDGE('',*,*,#4730,.F.);
#2172=ORIENTED_EDGE('',*,*,#4531,.T.);
#2173=ORIENTED_EDGE('',*,*,#4730,.T.);
#2174=ORIENTED_EDGE('',*,*,#4731,.T.);
#2175=ORIENTED_EDGE('',*,*,#4732,.T.);
#2176=ORIENTED_EDGE('',*,*,#4528,.T.);
#2177=ORIENTED_EDGE('',*,*,#4732,.F.);
#2178=ORIENTED_EDGE('',*,*,#4733,.T.);
#2179=ORIENTED_EDGE('',*,*,#4734,.F.);
#2180=ORIENTED_EDGE('',*,*,#4525,.T.);
#2181=ORIENTED_EDGE('',*,*,#4734,.T.);
#2182=ORIENTED_EDGE('',*,*,#4735,.T.);
#2183=ORIENTED_EDGE('',*,*,#4736,.T.);
#2184=ORIENTED_EDGE('',*,*,#4514,.T.);
#2185=ORIENTED_EDGE('',*,*,#4519,.T.);
#2186=ORIENTED_EDGE('',*,*,#4522,.T.);
#2187=ORIENTED_EDGE('',*,*,#4481,.T.);
#2188=ORIENTED_EDGE('',*,*,#4515,.T.);
#2189=ORIENTED_EDGE('',*,*,#4736,.F.);
#2190=ORIENTED_EDGE('',*,*,#4737,.F.);
#2191=ORIENTED_EDGE('',*,*,#4738,.F.);
#2192=ORIENTED_EDGE('',*,*,#4597,.T.);
#2193=ORIENTED_EDGE('',*,*,#4739,.T.);
#2194=ORIENTED_EDGE('',*,*,#4595,.T.);
#2195=ORIENTED_EDGE('',*,*,#4740,.T.);
#2196=ORIENTED_EDGE('',*,*,#4069,.T.);
#2197=ORIENTED_EDGE('',*,*,#4741,.T.);
#2198=ORIENTED_EDGE('',*,*,#4742,.F.);
#2199=ORIENTED_EDGE('',*,*,#4486,.T.);
#2200=ORIENTED_EDGE('',*,*,#4742,.T.);
#2201=ORIENTED_EDGE('',*,*,#4743,.T.);
#2202=ORIENTED_EDGE('',*,*,#4744,.F.);
#2203=ORIENTED_EDGE('',*,*,#4489,.T.);
#2204=ORIENTED_EDGE('',*,*,#4745,.F.);
#2205=ORIENTED_EDGE('',*,*,#4746,.T.);
#2206=ORIENTED_EDGE('',*,*,#4747,.F.);
#2207=ORIENTED_EDGE('',*,*,#4495,.T.);
#2208=ORIENTED_EDGE('',*,*,#4747,.T.);
#2209=ORIENTED_EDGE('',*,*,#4748,.T.);
#2210=ORIENTED_EDGE('',*,*,#4244,.F.);
#2211=ORIENTED_EDGE('',*,*,#4498,.T.);
#2212=ORIENTED_EDGE('',*,*,#4749,.T.);
#2213=ORIENTED_EDGE('',*,*,#4750,.T.);
#2214=ORIENTED_EDGE('',*,*,#4751,.F.);
#2215=ORIENTED_EDGE('',*,*,#4507,.T.);
#2216=ORIENTED_EDGE('',*,*,#4751,.T.);
#2217=ORIENTED_EDGE('',*,*,#4752,.T.);
#2218=ORIENTED_EDGE('',*,*,#4753,.T.);
#2219=ORIENTED_EDGE('',*,*,#4510,.T.);
#2220=ORIENTED_EDGE('',*,*,#4754,.T.);
#2221=ORIENTED_EDGE('',*,*,#4755,.T.);
#2222=ORIENTED_EDGE('',*,*,#4756,.F.);
#2223=ORIENTED_EDGE('',*,*,#4516,.T.);
#2224=ORIENTED_EDGE('',*,*,#4756,.T.);
#2225=ORIENTED_EDGE('',*,*,#4757,.T.);
#2226=ORIENTED_EDGE('',*,*,#4758,.F.);
#2227=ORIENTED_EDGE('',*,*,#4517,.T.);
#2228=ORIENTED_EDGE('',*,*,#4759,.T.);
#2229=ORIENTED_EDGE('',*,*,#4760,.T.);
#2230=ORIENTED_EDGE('',*,*,#4749,.F.);
#2231=ORIENTED_EDGE('',*,*,#4556,.T.);
#2232=ORIENTED_EDGE('',*,*,#4553,.T.);
#2233=ORIENTED_EDGE('',*,*,#4550,.T.);
#2234=ORIENTED_EDGE('',*,*,#4547,.T.);
#2235=ORIENTED_EDGE('',*,*,#4544,.T.);
#2236=ORIENTED_EDGE('',*,*,#4541,.T.);
#2237=ORIENTED_EDGE('',*,*,#4538,.T.);
#2238=ORIENTED_EDGE('',*,*,#4535,.T.);
#2239=ORIENTED_EDGE('',*,*,#4532,.T.);
#2240=ORIENTED_EDGE('',*,*,#4529,.T.);
#2241=ORIENTED_EDGE('',*,*,#4526,.T.);
#2242=ORIENTED_EDGE('',*,*,#4523,.T.);
#2243=ORIENTED_EDGE('',*,*,#4520,.T.);
#2244=ORIENTED_EDGE('',*,*,#4758,.T.);
#2245=ORIENTED_EDGE('',*,*,#4761,.T.);
#2246=ORIENTED_EDGE('',*,*,#4762,.T.);
#2247=ORIENTED_EDGE('',*,*,#4763,.T.);
#2248=ORIENTED_EDGE('',*,*,#4764,.T.);
#2249=ORIENTED_EDGE('',*,*,#4765,.F.);
#2250=ORIENTED_EDGE('',*,*,#4766,.F.);
#2251=ORIENTED_EDGE('',*,*,#4762,.F.);
#2252=ORIENTED_EDGE('',*,*,#4766,.T.);
#2253=ORIENTED_EDGE('',*,*,#4767,.F.);
#2254=ORIENTED_EDGE('',*,*,#4768,.F.);
#2255=ORIENTED_EDGE('',*,*,#4763,.F.);
#2256=ORIENTED_EDGE('',*,*,#4768,.T.);
#2257=ORIENTED_EDGE('',*,*,#4769,.F.);
#2258=ORIENTED_EDGE('',*,*,#4770,.F.);
#2259=ORIENTED_EDGE('',*,*,#4759,.F.);
#2260=ORIENTED_EDGE('',*,*,#4771,.T.);
#2261=ORIENTED_EDGE('',*,*,#4772,.T.);
#2262=ORIENTED_EDGE('',*,*,#4773,.F.);
#2263=ORIENTED_EDGE('',*,*,#4774,.F.);
#2264=ORIENTED_EDGE('',*,*,#4774,.T.);
#2265=ORIENTED_EDGE('',*,*,#4775,.F.);
#2266=ORIENTED_EDGE('',*,*,#4776,.F.);
#2267=ORIENTED_EDGE('',*,*,#4777,.T.);
#2268=ORIENTED_EDGE('',*,*,#4744,.T.);
#2269=ORIENTED_EDGE('',*,*,#4778,.T.);
#2270=ORIENTED_EDGE('',*,*,#4198,.T.);
#2271=ORIENTED_EDGE('',*,*,#4565,.T.);
#2272=ORIENTED_EDGE('',*,*,#4566,.T.);
#2273=ORIENTED_EDGE('',*,*,#4197,.F.);
#2274=ORIENTED_EDGE('',*,*,#4779,.F.);
#2275=ORIENTED_EDGE('',*,*,#4196,.F.);
#2276=ORIENTED_EDGE('',*,*,#4570,.T.);
#2277=ORIENTED_EDGE('',*,*,#4582,.F.);
#2278=ORIENTED_EDGE('',*,*,#4779,.T.);
#2279=ORIENTED_EDGE('',*,*,#4780,.T.);
#2280=ORIENTED_EDGE('',*,*,#4571,.F.);
#2281=ORIENTED_EDGE('',*,*,#4568,.F.);
#2282=ORIENTED_EDGE('',*,*,#4195,.F.);
#2283=ORIENTED_EDGE('',*,*,#4194,.T.);
#2284=ORIENTED_EDGE('',*,*,#4781,.T.);
#2285=ORIENTED_EDGE('',*,*,#4573,.F.);
#2286=ORIENTED_EDGE('',*,*,#4780,.F.);
#2287=ORIENTED_EDGE('',*,*,#4781,.F.);
#2288=ORIENTED_EDGE('',*,*,#4193,.F.);
#2289=ORIENTED_EDGE('',*,*,#4782,.F.);
#2290=ORIENTED_EDGE('',*,*,#4576,.F.);
#2291=ORIENTED_EDGE('',*,*,#4782,.T.);
#2292=ORIENTED_EDGE('',*,*,#4192,.T.);
#2293=ORIENTED_EDGE('',*,*,#4783,.F.);
#2294=ORIENTED_EDGE('',*,*,#4577,.F.);
#2295=ORIENTED_EDGE('',*,*,#4783,.T.);
#2296=ORIENTED_EDGE('',*,*,#4191,.F.);
#2297=ORIENTED_EDGE('',*,*,#4585,.F.);
#2298=ORIENTED_EDGE('',*,*,#4580,.F.);
#2299=ORIENTED_EDGE('',*,*,#4586,.T.);
#2300=ORIENTED_EDGE('',*,*,#4190,.F.);
#2301=ORIENTED_EDGE('',*,*,#4784,.T.);
#2302=ORIENTED_EDGE('',*,*,#4583,.F.);
#2303=ORIENTED_EDGE('',*,*,#4785,.T.);
#2304=ORIENTED_EDGE('',*,*,#4587,.F.);
#2305=ORIENTED_EDGE('',*,*,#4784,.F.);
#2306=ORIENTED_EDGE('',*,*,#4189,.F.);
#2307=ORIENTED_EDGE('',*,*,#4786,.F.);
#2308=ORIENTED_EDGE('',*,*,#4787,.F.);
#2309=ORIENTED_EDGE('',*,*,#4788,.T.);
#2310=ORIENTED_EDGE('',*,*,#4789,.F.);
#2311=ORIENTED_EDGE('',*,*,#4790,.F.);
#2312=ORIENTED_EDGE('',*,*,#4791,.F.);
#2313=ORIENTED_EDGE('',*,*,#4792,.T.);
#2314=ORIENTED_EDGE('',*,*,#4793,.F.);
#2315=ORIENTED_EDGE('',*,*,#4794,.F.);
#2316=ORIENTED_EDGE('',*,*,#4188,.F.);
#2317=ORIENTED_EDGE('',*,*,#4795,.T.);
#2318=ORIENTED_EDGE('',*,*,#4786,.T.);
#2319=ORIENTED_EDGE('',*,*,#4796,.F.);
#2320=ORIENTED_EDGE('',*,*,#4797,.F.);
#2321=ORIENTED_EDGE('',*,*,#4040,.F.);
#2322=ORIENTED_EDGE('',*,*,#4785,.F.);
#2323=ORIENTED_EDGE('',*,*,#4795,.F.);
#2324=ORIENTED_EDGE('',*,*,#4187,.F.);
#2325=ORIENTED_EDGE('',*,*,#4798,.F.);
#2326=ORIENTED_EDGE('',*,*,#4599,.F.);
#2327=ORIENTED_EDGE('',*,*,#4079,.T.);
#2328=ORIENTED_EDGE('',*,*,#4598,.F.);
#2329=ORIENTED_EDGE('',*,*,#4740,.F.);
#2330=ORIENTED_EDGE('',*,*,#4594,.T.);
#2331=ORIENTED_EDGE('',*,*,#4049,.F.);
#2332=ORIENTED_EDGE('',*,*,#4591,.T.);
#2333=ORIENTED_EDGE('',*,*,#4588,.T.);
#2334=ORIENTED_EDGE('',*,*,#4041,.F.);
#2335=ORIENTED_EDGE('',*,*,#4797,.T.);
#2336=ORIENTED_EDGE('',*,*,#4186,.F.);
#2337=ORIENTED_EDGE('',*,*,#4799,.F.);
#2338=ORIENTED_EDGE('',*,*,#4184,.F.);
#2339=ORIENTED_EDGE('',*,*,#4800,.F.);
#2340=ORIENTED_EDGE('',*,*,#4605,.F.);
#2341=ORIENTED_EDGE('',*,*,#4801,.F.);
#2342=ORIENTED_EDGE('',*,*,#4182,.F.);
#2343=ORIENTED_EDGE('',*,*,#4802,.F.);
#2344=ORIENTED_EDGE('',*,*,#4618,.F.);
#2345=ORIENTED_EDGE('',*,*,#4803,.F.);
#2346=ORIENTED_EDGE('',*,*,#4629,.F.);
#2347=ORIENTED_EDGE('',*,*,#4804,.F.);
#2348=ORIENTED_EDGE('',*,*,#4180,.F.);
#2349=ORIENTED_EDGE('',*,*,#4805,.T.);
#2350=ORIENTED_EDGE('',*,*,#4632,.F.);
#2351=ORIENTED_EDGE('',*,*,#4627,.F.);
#2352=ORIENTED_EDGE('',*,*,#4625,.T.);
#2353=ORIENTED_EDGE('',*,*,#4635,.T.);
#2354=ORIENTED_EDGE('',*,*,#4622,.T.);
#2355=ORIENTED_EDGE('',*,*,#4013,.F.);
#2356=ORIENTED_EDGE('',*,*,#4805,.F.);
#2357=ORIENTED_EDGE('',*,*,#4179,.F.);
#2358=ORIENTED_EDGE('',*,*,#4806,.T.);
#2359=ORIENTED_EDGE('',*,*,#4633,.F.);
#2360=ORIENTED_EDGE('',*,*,#4807,.T.);
#2361=ORIENTED_EDGE('',*,*,#4636,.F.);
#2362=ORIENTED_EDGE('',*,*,#4806,.F.);
#2363=ORIENTED_EDGE('',*,*,#4178,.F.);
#2364=ORIENTED_EDGE('',*,*,#4808,.T.);
#2365=ORIENTED_EDGE('',*,*,#4638,.F.);
#2366=ORIENTED_EDGE('',*,*,#4807,.F.);
#2367=ORIENTED_EDGE('',*,*,#4177,.F.);
#2368=ORIENTED_EDGE('',*,*,#4809,.T.);
#2369=ORIENTED_EDGE('',*,*,#4055,.F.);
#2370=ORIENTED_EDGE('',*,*,#4808,.F.);
#2371=ORIENTED_EDGE('',*,*,#4176,.F.);
#2372=ORIENTED_EDGE('',*,*,#4810,.F.);
#2373=ORIENTED_EDGE('',*,*,#4811,.F.);
#2374=ORIENTED_EDGE('',*,*,#4812,.T.);
#2375=ORIENTED_EDGE('',*,*,#4813,.F.);
#2376=ORIENTED_EDGE('',*,*,#4814,.F.);
#2377=ORIENTED_EDGE('',*,*,#4815,.F.);
#2378=ORIENTED_EDGE('',*,*,#4816,.T.);
#2379=ORIENTED_EDGE('',*,*,#4817,.F.);
#2380=ORIENTED_EDGE('',*,*,#4818,.F.);
#2381=ORIENTED_EDGE('',*,*,#4175,.F.);
#2382=ORIENTED_EDGE('',*,*,#4819,.T.);
#2383=ORIENTED_EDGE('',*,*,#4810,.T.);
#2384=ORIENTED_EDGE('',*,*,#4820,.F.);
#2385=ORIENTED_EDGE('',*,*,#4821,.T.);
#2386=ORIENTED_EDGE('',*,*,#4639,.F.);
#2387=ORIENTED_EDGE('',*,*,#4809,.F.);
#2388=ORIENTED_EDGE('',*,*,#4819,.F.);
#2389=ORIENTED_EDGE('',*,*,#4174,.F.);
#2390=ORIENTED_EDGE('',*,*,#4173,.F.);
#2391=ORIENTED_EDGE('',*,*,#4822,.T.);
#2392=ORIENTED_EDGE('',*,*,#4644,.F.);
#2393=ORIENTED_EDGE('',*,*,#4821,.F.);
#2394=ORIENTED_EDGE('',*,*,#4823,.F.);
#2395=ORIENTED_EDGE('',*,*,#4171,.F.);
#2396=ORIENTED_EDGE('',*,*,#4824,.T.);
#2397=ORIENTED_EDGE('',*,*,#4650,.F.);
#2398=ORIENTED_EDGE('',*,*,#4170,.F.);
#2399=ORIENTED_EDGE('',*,*,#4825,.T.);
#2400=ORIENTED_EDGE('',*,*,#4651,.F.);
#2401=ORIENTED_EDGE('',*,*,#4824,.F.);
#2402=ORIENTED_EDGE('',*,*,#4826,.T.);
#2403=ORIENTED_EDGE('',*,*,#4653,.F.);
#2404=ORIENTED_EDGE('',*,*,#4827,.T.);
#2405=ORIENTED_EDGE('',*,*,#4168,.F.);
#2406=ORIENTED_EDGE('',*,*,#4828,.F.);
#2407=ORIENTED_EDGE('',*,*,#4654,.F.);
#2408=ORIENTED_EDGE('',*,*,#4826,.F.);
#2409=ORIENTED_EDGE('',*,*,#4167,.F.);
#2410=ORIENTED_EDGE('',*,*,#4829,.F.);
#2411=ORIENTED_EDGE('',*,*,#4165,.F.);
#2412=ORIENTED_EDGE('',*,*,#4830,.F.);
#2413=ORIENTED_EDGE('',*,*,#4658,.F.);
#2414=ORIENTED_EDGE('',*,*,#4831,.F.);
#2415=ORIENTED_EDGE('',*,*,#4684,.F.);
#2416=ORIENTED_EDGE('',*,*,#4832,.F.);
#2417=ORIENTED_EDGE('',*,*,#4163,.F.);
#2418=ORIENTED_EDGE('',*,*,#4703,.F.);
#2419=ORIENTED_EDGE('',*,*,#4833,.T.);
#2420=ORIENTED_EDGE('',*,*,#4161,.F.);
#2421=ORIENTED_EDGE('',*,*,#4690,.T.);
#2422=ORIENTED_EDGE('',*,*,#4691,.T.);
#2423=ORIENTED_EDGE('',*,*,#4160,.F.);
#2424=ORIENTED_EDGE('',*,*,#4834,.F.);
#2425=ORIENTED_EDGE('',*,*,#4688,.F.);
#2426=ORIENTED_EDGE('',*,*,#4834,.T.);
#2427=ORIENTED_EDGE('',*,*,#4159,.T.);
#2428=ORIENTED_EDGE('',*,*,#4835,.F.);
#2429=ORIENTED_EDGE('',*,*,#4692,.T.);
#2430=ORIENTED_EDGE('',*,*,#4836,.T.);
#2431=ORIENTED_EDGE('',*,*,#4694,.F.);
#2432=ORIENTED_EDGE('',*,*,#4835,.T.);
#2433=ORIENTED_EDGE('',*,*,#4158,.F.);
#2434=ORIENTED_EDGE('',*,*,#4837,.T.);
#2435=ORIENTED_EDGE('',*,*,#4696,.T.);
#2436=ORIENTED_EDGE('',*,*,#4836,.F.);
#2437=ORIENTED_EDGE('',*,*,#4157,.T.);
#2438=ORIENTED_EDGE('',*,*,#4700,.T.);
#2439=ORIENTED_EDGE('',*,*,#4698,.F.);
#2440=ORIENTED_EDGE('',*,*,#4837,.F.);
#2441=ORIENTED_EDGE('',*,*,#4156,.F.);
#2442=ORIENTED_EDGE('',*,*,#4704,.F.);
#2443=ORIENTED_EDGE('',*,*,#4701,.T.);
#2444=ORIENTED_EDGE('',*,*,#4155,.F.);
#2445=ORIENTED_EDGE('',*,*,#4838,.T.);
#2446=ORIENTED_EDGE('',*,*,#4154,.F.);
#2447=ORIENTED_EDGE('',*,*,#4706,.T.);
#2448=ORIENTED_EDGE('',*,*,#4838,.F.);
#2449=ORIENTED_EDGE('',*,*,#4153,.T.);
#2450=ORIENTED_EDGE('',*,*,#4839,.T.);
#2451=ORIENTED_EDGE('',*,*,#4745,.T.);
#2452=ORIENTED_EDGE('',*,*,#4707,.T.);
#2453=ORIENTED_EDGE('',*,*,#4753,.F.);
#2454=ORIENTED_EDGE('',*,*,#4840,.T.);
#2455=ORIENTED_EDGE('',*,*,#4841,.F.);
#2456=ORIENTED_EDGE('',*,*,#4708,.T.);
#2457=ORIENTED_EDGE('',*,*,#4709,.T.);
#2458=ORIENTED_EDGE('',*,*,#4842,.F.);
#2459=ORIENTED_EDGE('',*,*,#4843,.T.);
#2460=ORIENTED_EDGE('',*,*,#4844,.T.);
#2461=ORIENTED_EDGE('',*,*,#4711,.F.);
#2462=ORIENTED_EDGE('',*,*,#4843,.F.);
#2463=ORIENTED_EDGE('',*,*,#4845,.F.);
#2464=ORIENTED_EDGE('',*,*,#4846,.T.);
#2465=ORIENTED_EDGE('',*,*,#4713,.F.);
#2466=ORIENTED_EDGE('',*,*,#4844,.F.);
#2467=ORIENTED_EDGE('',*,*,#4847,.F.);
#2468=ORIENTED_EDGE('',*,*,#4848,.T.);
#2469=ORIENTED_EDGE('',*,*,#4715,.F.);
#2470=ORIENTED_EDGE('',*,*,#4846,.F.);
#2471=ORIENTED_EDGE('',*,*,#4849,.F.);
#2472=ORIENTED_EDGE('',*,*,#4850,.T.);
#2473=ORIENTED_EDGE('',*,*,#4717,.F.);
#2474=ORIENTED_EDGE('',*,*,#4848,.F.);
#2475=ORIENTED_EDGE('',*,*,#4851,.F.);
#2476=ORIENTED_EDGE('',*,*,#4852,.T.);
#2477=ORIENTED_EDGE('',*,*,#4719,.F.);
#2478=ORIENTED_EDGE('',*,*,#4850,.F.);
#2479=ORIENTED_EDGE('',*,*,#4853,.F.);
#2480=ORIENTED_EDGE('',*,*,#4854,.T.);
#2481=ORIENTED_EDGE('',*,*,#4721,.F.);
#2482=ORIENTED_EDGE('',*,*,#4852,.F.);
#2483=ORIENTED_EDGE('',*,*,#4855,.F.);
#2484=ORIENTED_EDGE('',*,*,#4856,.T.);
#2485=ORIENTED_EDGE('',*,*,#4723,.F.);
#2486=ORIENTED_EDGE('',*,*,#4854,.F.);
#2487=ORIENTED_EDGE('',*,*,#4857,.F.);
#2488=ORIENTED_EDGE('',*,*,#4858,.T.);
#2489=ORIENTED_EDGE('',*,*,#4725,.F.);
#2490=ORIENTED_EDGE('',*,*,#4856,.F.);
#2491=ORIENTED_EDGE('',*,*,#4859,.F.);
#2492=ORIENTED_EDGE('',*,*,#4860,.T.);
#2493=ORIENTED_EDGE('',*,*,#4727,.F.);
#2494=ORIENTED_EDGE('',*,*,#4858,.F.);
#2495=ORIENTED_EDGE('',*,*,#4861,.F.);
#2496=ORIENTED_EDGE('',*,*,#4862,.T.);
#2497=ORIENTED_EDGE('',*,*,#4729,.F.);
#2498=ORIENTED_EDGE('',*,*,#4860,.F.);
#2499=ORIENTED_EDGE('',*,*,#4863,.F.);
#2500=ORIENTED_EDGE('',*,*,#4864,.T.);
#2501=ORIENTED_EDGE('',*,*,#4731,.F.);
#2502=ORIENTED_EDGE('',*,*,#4862,.F.);
#2503=ORIENTED_EDGE('',*,*,#4865,.F.);
#2504=ORIENTED_EDGE('',*,*,#4866,.T.);
#2505=ORIENTED_EDGE('',*,*,#4733,.F.);
#2506=ORIENTED_EDGE('',*,*,#4864,.F.);
#2507=ORIENTED_EDGE('',*,*,#4867,.F.);
#2508=ORIENTED_EDGE('',*,*,#4868,.T.);
#2509=ORIENTED_EDGE('',*,*,#4735,.F.);
#2510=ORIENTED_EDGE('',*,*,#4866,.F.);
#2511=ORIENTED_EDGE('',*,*,#4869,.F.);
#2512=ORIENTED_EDGE('',*,*,#4870,.F.);
#2513=ORIENTED_EDGE('',*,*,#4737,.T.);
#2514=ORIENTED_EDGE('',*,*,#4868,.F.);
#2515=ORIENTED_EDGE('',*,*,#4871,.F.);
#2516=ORIENTED_EDGE('',*,*,#4872,.T.);
#2517=ORIENTED_EDGE('',*,*,#4754,.F.);
#2518=ORIENTED_EDGE('',*,*,#4738,.T.);
#2519=ORIENTED_EDGE('',*,*,#4873,.T.);
#2520=ORIENTED_EDGE('',*,*,#4741,.F.);
#2521=ORIENTED_EDGE('',*,*,#4100,.F.);
#2522=ORIENTED_EDGE('',*,*,#4114,.F.);
#2523=ORIENTED_EDGE('',*,*,#4874,.T.);
#2524=ORIENTED_EDGE('',*,*,#4743,.F.);
#2525=ORIENTED_EDGE('',*,*,#4873,.F.);
#2526=ORIENTED_EDGE('',*,*,#4113,.F.);
#2527=ORIENTED_EDGE('',*,*,#4875,.T.);
#2528=ORIENTED_EDGE('',*,*,#4746,.F.);
#2529=ORIENTED_EDGE('',*,*,#4876,.F.);
#2530=ORIENTED_EDGE('',*,*,#4220,.F.);
#2531=ORIENTED_EDGE('',*,*,#4877,.T.);
#2532=ORIENTED_EDGE('',*,*,#4748,.F.);
#2533=ORIENTED_EDGE('',*,*,#4875,.F.);
#2534=ORIENTED_EDGE('',*,*,#4219,.F.);
#2535=ORIENTED_EDGE('',*,*,#4218,.F.);
#2536=ORIENTED_EDGE('',*,*,#4878,.T.);
#2537=ORIENTED_EDGE('',*,*,#4237,.F.);
#2538=ORIENTED_EDGE('',*,*,#4877,.F.);
#2539=ORIENTED_EDGE('',*,*,#4879,.T.);
#2540=ORIENTED_EDGE('',*,*,#4778,.F.);
#2541=ORIENTED_EDGE('',*,*,#4874,.F.);
#2542=ORIENTED_EDGE('',*,*,#4112,.F.);
#2543=ORIENTED_EDGE('',*,*,#4876,.T.);
#2544=ORIENTED_EDGE('',*,*,#4839,.F.);
#2545=ORIENTED_EDGE('',*,*,#4211,.F.);
#2546=ORIENTED_EDGE('',*,*,#4221,.F.);
#2547=ORIENTED_EDGE('',*,*,#4770,.T.);
#2548=ORIENTED_EDGE('',*,*,#4880,.F.);
#2549=ORIENTED_EDGE('',*,*,#4881,.T.);
#2550=ORIENTED_EDGE('',*,*,#4760,.F.);
#2551=ORIENTED_EDGE('',*,*,#4882,.T.);
#2552=ORIENTED_EDGE('',*,*,#4750,.F.);
#2553=ORIENTED_EDGE('',*,*,#4881,.F.);
#2554=ORIENTED_EDGE('',*,*,#4883,.F.);
#2555=ORIENTED_EDGE('',*,*,#4884,.T.);
#2556=ORIENTED_EDGE('',*,*,#4752,.F.);
#2557=ORIENTED_EDGE('',*,*,#4882,.F.);
#2558=ORIENTED_EDGE('',*,*,#4885,.F.);
#2559=ORIENTED_EDGE('',*,*,#4886,.T.);
#2560=ORIENTED_EDGE('',*,*,#4887,.F.);
#2561=ORIENTED_EDGE('',*,*,#4888,.F.);
#2562=ORIENTED_EDGE('',*,*,#4755,.F.);
#2563=ORIENTED_EDGE('',*,*,#4888,.T.);
#2564=ORIENTED_EDGE('',*,*,#4889,.F.);
#2565=ORIENTED_EDGE('',*,*,#4890,.F.);
#2566=ORIENTED_EDGE('',*,*,#4757,.F.);
#2567=ORIENTED_EDGE('',*,*,#4890,.T.);
#2568=ORIENTED_EDGE('',*,*,#4891,.F.);
#2569=ORIENTED_EDGE('',*,*,#4764,.F.);
#2570=ORIENTED_EDGE('',*,*,#4761,.F.);
#2571=ORIENTED_EDGE('',*,*,#4892,.T.);
#2572=ORIENTED_EDGE('',*,*,#4893,.T.);
#2573=ORIENTED_EDGE('',*,*,#4771,.F.);
#2574=ORIENTED_EDGE('',*,*,#4894,.F.);
#2575=ORIENTED_EDGE('',*,*,#4773,.T.);
#2576=ORIENTED_EDGE('',*,*,#4895,.T.);
#2577=ORIENTED_EDGE('',*,*,#4896,.F.);
#2578=ORIENTED_EDGE('',*,*,#4897,.F.);
#2579=ORIENTED_EDGE('',*,*,#4898,.T.);
#2580=ORIENTED_EDGE('',*,*,#4899,.F.);
#2581=ORIENTED_EDGE('',*,*,#4886,.F.);
#2582=ORIENTED_EDGE('',*,*,#4872,.F.);
#2583=ORIENTED_EDGE('',*,*,#4900,.T.);
#2584=ORIENTED_EDGE('',*,*,#4840,.F.);
#2585=ORIENTED_EDGE('',*,*,#4884,.F.);
#2586=ORIENTED_EDGE('',*,*,#4901,.F.);
#2587=ORIENTED_EDGE('',*,*,#4894,.T.);
#2588=ORIENTED_EDGE('',*,*,#4777,.F.);
#2589=ORIENTED_EDGE('',*,*,#4902,.F.);
#2590=ORIENTED_EDGE('',*,*,#4903,.T.);
#2591=ORIENTED_EDGE('',*,*,#4897,.T.);
#2592=ORIENTED_EDGE('',*,*,#4904,.F.);
#2593=ORIENTED_EDGE('',*,*,#4905,.F.);
#2594=ORIENTED_EDGE('',*,*,#4775,.T.);
#2595=ORIENTED_EDGE('',*,*,#4906,.T.);
#2596=ORIENTED_EDGE('',*,*,#4765,.T.);
#2597=ORIENTED_EDGE('',*,*,#4907,.F.);
#2598=ORIENTED_EDGE('',*,*,#4908,.T.);
#2599=ORIENTED_EDGE('',*,*,#4909,.T.);
#2600=ORIENTED_EDGE('',*,*,#4767,.T.);
#2601=ORIENTED_EDGE('',*,*,#4906,.F.);
#2602=ORIENTED_EDGE('',*,*,#4910,.T.);
#2603=ORIENTED_EDGE('',*,*,#4911,.T.);
#2604=ORIENTED_EDGE('',*,*,#4769,.T.);
#2605=ORIENTED_EDGE('',*,*,#4909,.F.);
#2606=ORIENTED_EDGE('',*,*,#4912,.T.);
#2607=ORIENTED_EDGE('',*,*,#4893,.F.);
#2608=ORIENTED_EDGE('',*,*,#4913,.F.);
#2609=ORIENTED_EDGE('',*,*,#4914,.T.);
#2610=ORIENTED_EDGE('',*,*,#4915,.T.);
#2611=ORIENTED_EDGE('',*,*,#4772,.F.);
#2612=ORIENTED_EDGE('',*,*,#4915,.F.);
#2613=ORIENTED_EDGE('',*,*,#4916,.T.);
#2614=ORIENTED_EDGE('',*,*,#4917,.T.);
#2615=ORIENTED_EDGE('',*,*,#4895,.F.);
#2616=ORIENTED_EDGE('',*,*,#4917,.F.);
#2617=ORIENTED_EDGE('',*,*,#4918,.T.);
#2618=ORIENTED_EDGE('',*,*,#4919,.T.);
#2619=ORIENTED_EDGE('',*,*,#4111,.F.);
#2620=ORIENTED_EDGE('',*,*,#4920,.T.);
#2621=ORIENTED_EDGE('',*,*,#4199,.F.);
#2622=ORIENTED_EDGE('',*,*,#4879,.F.);
#2623=ORIENTED_EDGE('',*,*,#4921,.F.);
#2624=ORIENTED_EDGE('',*,*,#4922,.T.);
#2625=ORIENTED_EDGE('',*,*,#4923,.F.);
#2626=ORIENTED_EDGE('',*,*,#4900,.F.);
#2627=ORIENTED_EDGE('',*,*,#4924,.F.);
#2628=ORIENTED_EDGE('',*,*,#4925,.T.);
#2629=ORIENTED_EDGE('',*,*,#4926,.T.);
#2630=ORIENTED_EDGE('',*,*,#4903,.F.);
#2631=ORIENTED_EDGE('',*,*,#4927,.F.);
#2632=ORIENTED_EDGE('',*,*,#4928,.F.);
#2633=ORIENTED_EDGE('',*,*,#4918,.F.);
#2634=ORIENTED_EDGE('',*,*,#4916,.F.);
#2635=ORIENTED_EDGE('',*,*,#4914,.F.);
#2636=ORIENTED_EDGE('',*,*,#4929,.F.);
#2637=ORIENTED_EDGE('',*,*,#4930,.F.);
#2638=ORIENTED_EDGE('',*,*,#4931,.F.);
#2639=ORIENTED_EDGE('',*,*,#4932,.F.);
#2640=ORIENTED_EDGE('',*,*,#4933,.F.);
#2641=ORIENTED_EDGE('',*,*,#4934,.F.);
#2642=ORIENTED_EDGE('',*,*,#4935,.F.);
#2643=ORIENTED_EDGE('',*,*,#4936,.F.);
#2644=ORIENTED_EDGE('',*,*,#4912,.F.);
#2645=ORIENTED_EDGE('',*,*,#4910,.F.);
#2646=ORIENTED_EDGE('',*,*,#4908,.F.);
#2647=ORIENTED_EDGE('',*,*,#4937,.F.);
#2648=ORIENTED_EDGE('',*,*,#4938,.F.);
#2649=ORIENTED_EDGE('',*,*,#4929,.T.);
#2650=ORIENTED_EDGE('',*,*,#4913,.T.);
#2651=ORIENTED_EDGE('',*,*,#4928,.T.);
#2652=ORIENTED_EDGE('',*,*,#4939,.T.);
#2653=ORIENTED_EDGE('',*,*,#4940,.F.);
#2654=ORIENTED_EDGE('',*,*,#4919,.F.);
#2655=ORIENTED_EDGE('',*,*,#4941,.T.);
#2656=ORIENTED_EDGE('',*,*,#4942,.F.);
#2657=ORIENTED_EDGE('',*,*,#4943,.F.);
#2658=ORIENTED_EDGE('',*,*,#4904,.T.);
#2659=ORIENTED_EDGE('',*,*,#4940,.T.);
#2660=ORIENTED_EDGE('',*,*,#4944,.F.);
#2661=ORIENTED_EDGE('',*,*,#4941,.F.);
#2662=ORIENTED_EDGE('',*,*,#4896,.T.);
#2663=ORIENTED_EDGE('',*,*,#4926,.F.);
#2664=ORIENTED_EDGE('',*,*,#4945,.T.);
#2665=ORIENTED_EDGE('',*,*,#4937,.T.);
#2666=ORIENTED_EDGE('',*,*,#4892,.F.);
#2667=ORIENTED_EDGE('',*,*,#4946,.F.);
#2668=ORIENTED_EDGE('',*,*,#4947,.F.);
#2669=ORIENTED_EDGE('',*,*,#4948,.F.);
#2670=ORIENTED_EDGE('',*,*,#4898,.F.);
#2671=ORIENTED_EDGE('',*,*,#4948,.T.);
#2672=ORIENTED_EDGE('',*,*,#4949,.F.);
#2673=ORIENTED_EDGE('',*,*,#4932,.T.);
#2674=ORIENTED_EDGE('',*,*,#4907,.T.);
#2675=ORIENTED_EDGE('',*,*,#4891,.T.);
#2676=ORIENTED_EDGE('',*,*,#4889,.T.);
#2677=ORIENTED_EDGE('',*,*,#4887,.T.);
#2678=ORIENTED_EDGE('',*,*,#4899,.T.);
#2679=ORIENTED_EDGE('',*,*,#4936,.T.);
#2680=ORIENTED_EDGE('',*,*,#4950,.T.);
#2681=ORIENTED_EDGE('',*,*,#4921,.T.);
#2682=ORIENTED_EDGE('',*,*,#4901,.T.);
#2683=ORIENTED_EDGE('',*,*,#4885,.T.);
#2684=ORIENTED_EDGE('',*,*,#4883,.T.);
#2685=ORIENTED_EDGE('',*,*,#4880,.T.);
#2686=ORIENTED_EDGE('',*,*,#4911,.F.);
#2687=ORIENTED_EDGE('',*,*,#4951,.F.);
#2688=ORIENTED_EDGE('',*,*,#4952,.F.);
#2689=ORIENTED_EDGE('',*,*,#4953,.F.);
#2690=ORIENTED_EDGE('',*,*,#4954,.F.);
#2691=ORIENTED_EDGE('',*,*,#4955,.T.);
#2692=ORIENTED_EDGE('',*,*,#4956,.T.);
#2693=ORIENTED_EDGE('',*,*,#4957,.T.);
#2694=ORIENTED_EDGE('',*,*,#4958,.T.);
#2695=ORIENTED_EDGE('',*,*,#4959,.T.);
#2696=ORIENTED_EDGE('',*,*,#4960,.T.);
#2697=ORIENTED_EDGE('',*,*,#4961,.T.);
#2698=ORIENTED_EDGE('',*,*,#4962,.T.);
#2699=ORIENTED_EDGE('',*,*,#4963,.T.);
#2700=ORIENTED_EDGE('',*,*,#4964,.F.);
#2701=ORIENTED_EDGE('',*,*,#4965,.T.);
#2702=ORIENTED_EDGE('',*,*,#4966,.F.);
#2703=ORIENTED_EDGE('',*,*,#4923,.T.);
#2704=ORIENTED_EDGE('',*,*,#4967,.T.);
#2705=ORIENTED_EDGE('',*,*,#4968,.T.);
#2706=ORIENTED_EDGE('',*,*,#4969,.T.);
#2707=ORIENTED_EDGE('',*,*,#4946,.T.);
#2708=ORIENTED_EDGE('',*,*,#4871,.T.);
#2709=ORIENTED_EDGE('',*,*,#4870,.T.);
#2710=ORIENTED_EDGE('',*,*,#4869,.T.);
#2711=ORIENTED_EDGE('',*,*,#4867,.T.);
#2712=ORIENTED_EDGE('',*,*,#4865,.T.);
#2713=ORIENTED_EDGE('',*,*,#4863,.T.);
#2714=ORIENTED_EDGE('',*,*,#4861,.T.);
#2715=ORIENTED_EDGE('',*,*,#4859,.T.);
#2716=ORIENTED_EDGE('',*,*,#4857,.T.);
#2717=ORIENTED_EDGE('',*,*,#4855,.T.);
#2718=ORIENTED_EDGE('',*,*,#4853,.T.);
#2719=ORIENTED_EDGE('',*,*,#4851,.T.);
#2720=ORIENTED_EDGE('',*,*,#4849,.T.);
#2721=ORIENTED_EDGE('',*,*,#4847,.T.);
#2722=ORIENTED_EDGE('',*,*,#4845,.T.);
#2723=ORIENTED_EDGE('',*,*,#4842,.T.);
#2724=ORIENTED_EDGE('',*,*,#4841,.T.);
#2725=ORIENTED_EDGE('',*,*,#4970,.F.);
#2726=ORIENTED_EDGE('',*,*,#4971,.T.);
#2727=ORIENTED_EDGE('',*,*,#4972,.T.);
#2728=ORIENTED_EDGE('',*,*,#4973,.T.);
#2729=ORIENTED_EDGE('',*,*,#4974,.T.);
#2730=ORIENTED_EDGE('',*,*,#4975,.T.);
#2731=ORIENTED_EDGE('',*,*,#4976,.F.);
#2732=ORIENTED_EDGE('',*,*,#4977,.T.);
#2733=ORIENTED_EDGE('',*,*,#4978,.T.);
#2734=ORIENTED_EDGE('',*,*,#4924,.T.);
#2735=ORIENTED_EDGE('',*,*,#4902,.T.);
#2736=ORIENTED_EDGE('',*,*,#4776,.T.);
#2737=ORIENTED_EDGE('',*,*,#4905,.T.);
#2738=ORIENTED_EDGE('',*,*,#4943,.T.);
#2739=ORIENTED_EDGE('',*,*,#4979,.T.);
#2740=ORIENTED_EDGE('',*,*,#4980,.T.);
#2741=ORIENTED_EDGE('',*,*,#4215,.T.);
#2742=ORIENTED_EDGE('',*,*,#4981,.T.);
#2743=ORIENTED_EDGE('',*,*,#4982,.T.);
#2744=ORIENTED_EDGE('',*,*,#4983,.T.);
#2745=ORIENTED_EDGE('',*,*,#4117,.T.);
#2746=ORIENTED_EDGE('',*,*,#4096,.T.);
#2747=ORIENTED_EDGE('',*,*,#4089,.T.);
#2748=ORIENTED_EDGE('',*,*,#4106,.T.);
#2749=ORIENTED_EDGE('',*,*,#4984,.F.);
#2750=ORIENTED_EDGE('',*,*,#4985,.F.);
#2751=ORIENTED_EDGE('',*,*,#4986,.T.);
#2752=ORIENTED_EDGE('',*,*,#4987,.T.);
#2753=ORIENTED_EDGE('',*,*,#4988,.F.);
#2754=ORIENTED_EDGE('',*,*,#4989,.T.);
#2755=ORIENTED_EDGE('',*,*,#4990,.F.);
#2756=ORIENTED_EDGE('',*,*,#4991,.T.);
#2757=ORIENTED_EDGE('',*,*,#4992,.F.);
#2758=ORIENTED_EDGE('',*,*,#4993,.F.);
#2759=ORIENTED_EDGE('',*,*,#4994,.F.);
#2760=ORIENTED_EDGE('',*,*,#4995,.T.);
#2761=ORIENTED_EDGE('',*,*,#4996,.T.);
#2762=ORIENTED_EDGE('',*,*,#4997,.T.);
#2763=ORIENTED_EDGE('',*,*,#4998,.T.);
#2764=ORIENTED_EDGE('',*,*,#4999,.F.);
#2765=ORIENTED_EDGE('',*,*,#5000,.T.);
#2766=ORIENTED_EDGE('',*,*,#5001,.T.);
#2767=ORIENTED_EDGE('',*,*,#5002,.T.);
#2768=ORIENTED_EDGE('',*,*,#5003,.F.);
#2769=ORIENTED_EDGE('',*,*,#5004,.F.);
#2770=ORIENTED_EDGE('',*,*,#5005,.F.);
#2771=ORIENTED_EDGE('',*,*,#5006,.T.);
#2772=ORIENTED_EDGE('',*,*,#5007,.T.);
#2773=ORIENTED_EDGE('',*,*,#5008,.F.);
#2774=ORIENTED_EDGE('',*,*,#5009,.T.);
#2775=ORIENTED_EDGE('',*,*,#5010,.F.);
#2776=ORIENTED_EDGE('',*,*,#5011,.T.);
#2777=ORIENTED_EDGE('',*,*,#5012,.F.);
#2778=ORIENTED_EDGE('',*,*,#5013,.T.);
#2779=ORIENTED_EDGE('',*,*,#5014,.F.);
#2780=ORIENTED_EDGE('',*,*,#5015,.T.);
#2781=ORIENTED_EDGE('',*,*,#5016,.T.);
#2782=ORIENTED_EDGE('',*,*,#5017,.T.);
#2783=ORIENTED_EDGE('',*,*,#5018,.T.);
#2784=ORIENTED_EDGE('',*,*,#5019,.T.);
#2785=ORIENTED_EDGE('',*,*,#5020,.T.);
#2786=ORIENTED_EDGE('',*,*,#5021,.F.);
#2787=ORIENTED_EDGE('',*,*,#5022,.T.);
#2788=ORIENTED_EDGE('',*,*,#5010,.T.);
#2789=ORIENTED_EDGE('',*,*,#5023,.T.);
#2790=ORIENTED_EDGE('',*,*,#5024,.F.);
#2791=ORIENTED_EDGE('',*,*,#5025,.T.);
#2792=ORIENTED_EDGE('',*,*,#5026,.T.);
#2793=ORIENTED_EDGE('',*,*,#5027,.T.);
#2794=ORIENTED_EDGE('',*,*,#5028,.F.);
#2795=ORIENTED_EDGE('',*,*,#5029,.F.);
#2796=ORIENTED_EDGE('',*,*,#5030,.T.);
#2797=ORIENTED_EDGE('',*,*,#5012,.T.);
#2798=ORIENTED_EDGE('',*,*,#5031,.T.);
#2799=ORIENTED_EDGE('',*,*,#5032,.F.);
#2800=ORIENTED_EDGE('',*,*,#5033,.F.);
#2801=ORIENTED_EDGE('',*,*,#5034,.T.);
#2802=ORIENTED_EDGE('',*,*,#5035,.T.);
#2803=ORIENTED_EDGE('',*,*,#5036,.T.);
#2804=ORIENTED_EDGE('',*,*,#5037,.F.);
#2805=ORIENTED_EDGE('',*,*,#5038,.T.);
#2806=ORIENTED_EDGE('',*,*,#5039,.F.);
#2807=ORIENTED_EDGE('',*,*,#5040,.T.);
#2808=ORIENTED_EDGE('',*,*,#5008,.T.);
#2809=ORIENTED_EDGE('',*,*,#5041,.T.);
#2810=ORIENTED_EDGE('',*,*,#5042,.F.);
#2811=ORIENTED_EDGE('',*,*,#5043,.T.);
#2812=ORIENTED_EDGE('',*,*,#5044,.T.);
#2813=ORIENTED_EDGE('',*,*,#5045,.F.);
#2814=ORIENTED_EDGE('',*,*,#5046,.F.);
#2815=ORIENTED_EDGE('',*,*,#5021,.T.);
#2816=ORIENTED_EDGE('',*,*,#5047,.T.);
#2817=ORIENTED_EDGE('',*,*,#5048,.F.);
#2818=ORIENTED_EDGE('',*,*,#5049,.F.);
#2819=ORIENTED_EDGE('',*,*,#5050,.T.);
#2820=ORIENTED_EDGE('',*,*,#5032,.T.);
#2821=ORIENTED_EDGE('',*,*,#5051,.F.);
#2822=ORIENTED_EDGE('',*,*,#5052,.F.);
#2823=ORIENTED_EDGE('',*,*,#5053,.F.);
#2824=ORIENTED_EDGE('',*,*,#5054,.F.);
#2825=ORIENTED_EDGE('',*,*,#5055,.F.);
#2826=ORIENTED_EDGE('',*,*,#5056,.F.);
#2827=ORIENTED_EDGE('',*,*,#5053,.T.);
#2828=ORIENTED_EDGE('',*,*,#5057,.F.);
#2829=ORIENTED_EDGE('',*,*,#5058,.T.);
#2830=ORIENTED_EDGE('',*,*,#5059,.T.);
#2831=ORIENTED_EDGE('',*,*,#5060,.F.);
#2832=ORIENTED_EDGE('',*,*,#5061,.T.);
#2833=ORIENTED_EDGE('',*,*,#5062,.F.);
#2834=ORIENTED_EDGE('',*,*,#5058,.F.);
#2835=ORIENTED_EDGE('',*,*,#5063,.T.);
#2836=ORIENTED_EDGE('',*,*,#5064,.T.);
#2837=ORIENTED_EDGE('',*,*,#5065,.F.);
#2838=ORIENTED_EDGE('',*,*,#5066,.T.);
#2839=ORIENTED_EDGE('',*,*,#5067,.T.);
#2840=ORIENTED_EDGE('',*,*,#5068,.T.);
#2841=ORIENTED_EDGE('',*,*,#5069,.T.);
#2842=ORIENTED_EDGE('',*,*,#5070,.T.);
#2843=ORIENTED_EDGE('',*,*,#5020,.F.);
#2844=ORIENTED_EDGE('',*,*,#5071,.F.);
#2845=ORIENTED_EDGE('',*,*,#5072,.T.);
#2846=ORIENTED_EDGE('',*,*,#5073,.T.);
#2847=ORIENTED_EDGE('',*,*,#5016,.F.);
#2848=ORIENTED_EDGE('',*,*,#5074,.T.);
#2849=ORIENTED_EDGE('',*,*,#5075,.F.);
#2850=ORIENTED_EDGE('',*,*,#5076,.F.);
#2851=ORIENTED_EDGE('',*,*,#5077,.F.);
#2852=ORIENTED_EDGE('',*,*,#5078,.T.);
#2853=ORIENTED_EDGE('',*,*,#5079,.F.);
#2854=ORIENTED_EDGE('',*,*,#5080,.F.);
#2855=ORIENTED_EDGE('',*,*,#5006,.F.);
#2856=ORIENTED_EDGE('',*,*,#5081,.F.);
#2857=ORIENTED_EDGE('',*,*,#5082,.T.);
#2858=ORIENTED_EDGE('',*,*,#5083,.T.);
#2859=ORIENTED_EDGE('',*,*,#5002,.F.);
#2860=ORIENTED_EDGE('',*,*,#5084,.F.);
#2861=ORIENTED_EDGE('',*,*,#5085,.T.);
#2862=ORIENTED_EDGE('',*,*,#5086,.F.);
#2863=ORIENTED_EDGE('',*,*,#4224,.T.);
#2864=ORIENTED_EDGE('',*,*,#5087,.T.);
#2865=ORIENTED_EDGE('',*,*,#5088,.F.);
#2866=ORIENTED_EDGE('',*,*,#5089,.T.);
#2867=ORIENTED_EDGE('',*,*,#5090,.F.);
#2868=ORIENTED_EDGE('',*,*,#4982,.F.);
#2869=ORIENTED_EDGE('',*,*,#5091,.F.);
#2870=ORIENTED_EDGE('',*,*,#5092,.F.);
#2871=ORIENTED_EDGE('',*,*,#5093,.T.);
#2872=ORIENTED_EDGE('',*,*,#5094,.T.);
#2873=ORIENTED_EDGE('',*,*,#5095,.T.);
#2874=ORIENTED_EDGE('',*,*,#5096,.T.);
#2875=ORIENTED_EDGE('',*,*,#5097,.T.);
#2876=ORIENTED_EDGE('',*,*,#5098,.F.);
#2877=ORIENTED_EDGE('',*,*,#5099,.F.);
#2878=ORIENTED_EDGE('',*,*,#5100,.T.);
#2879=ORIENTED_EDGE('',*,*,#5101,.T.);
#2880=ORIENTED_EDGE('',*,*,#5102,.T.);
#2881=ORIENTED_EDGE('',*,*,#5103,.T.);
#2882=ORIENTED_EDGE('',*,*,#5104,.T.);
#2883=ORIENTED_EDGE('',*,*,#5105,.F.);
#2884=ORIENTED_EDGE('',*,*,#5106,.T.);
#2885=ORIENTED_EDGE('',*,*,#5107,.T.);
#2886=ORIENTED_EDGE('',*,*,#5108,.T.);
#2887=ORIENTED_EDGE('',*,*,#5109,.T.);
#2888=ORIENTED_EDGE('',*,*,#5110,.T.);
#2889=ORIENTED_EDGE('',*,*,#5111,.F.);
#2890=ORIENTED_EDGE('',*,*,#5112,.T.);
#2891=ORIENTED_EDGE('',*,*,#5014,.T.);
#2892=ORIENTED_EDGE('',*,*,#5113,.F.);
#2893=ORIENTED_EDGE('',*,*,#5109,.F.);
#2894=ORIENTED_EDGE('',*,*,#5114,.T.);
#2895=ORIENTED_EDGE('',*,*,#5035,.F.);
#2896=ORIENTED_EDGE('',*,*,#5115,.T.);
#2897=ORIENTED_EDGE('',*,*,#5026,.F.);
#2898=ORIENTED_EDGE('',*,*,#5116,.T.);
#2899=ORIENTED_EDGE('',*,*,#5044,.F.);
#2900=ORIENTED_EDGE('',*,*,#5117,.T.);
#2901=ORIENTED_EDGE('',*,*,#5077,.T.);
#2902=ORIENTED_EDGE('',*,*,#5118,.T.);
#2903=ORIENTED_EDGE('',*,*,#5119,.T.);
#2904=ORIENTED_EDGE('',*,*,#5120,.T.);
#2905=ORIENTED_EDGE('',*,*,#4950,.F.);
#2906=ORIENTED_EDGE('',*,*,#4935,.T.);
#2907=ORIENTED_EDGE('',*,*,#5121,.T.);
#2908=ORIENTED_EDGE('',*,*,#5122,.T.);
#2909=ORIENTED_EDGE('',*,*,#5123,.T.);
#2910=ORIENTED_EDGE('',*,*,#5119,.F.);
#2911=ORIENTED_EDGE('',*,*,#4934,.T.);
#2912=ORIENTED_EDGE('',*,*,#4949,.T.);
#2913=ORIENTED_EDGE('',*,*,#5124,.T.);
#2914=ORIENTED_EDGE('',*,*,#5122,.F.);
#2915=ORIENTED_EDGE('',*,*,#4933,.T.);
#2916=ORIENTED_EDGE('',*,*,#4972,.F.);
#2917=ORIENTED_EDGE('',*,*,#5125,.T.);
#2918=ORIENTED_EDGE('',*,*,#5126,.T.);
#2919=ORIENTED_EDGE('',*,*,#5127,.T.);
#2920=ORIENTED_EDGE('',*,*,#5128,.T.);
#2921=ORIENTED_EDGE('',*,*,#5129,.T.);
#2922=ORIENTED_EDGE('',*,*,#5130,.T.);
#2923=ORIENTED_EDGE('',*,*,#5131,.T.);
#2924=ORIENTED_EDGE('',*,*,#5132,.T.);
#2925=ORIENTED_EDGE('',*,*,#5133,.T.);
#2926=ORIENTED_EDGE('',*,*,#5134,.T.);
#2927=ORIENTED_EDGE('',*,*,#5135,.T.);
#2928=ORIENTED_EDGE('',*,*,#5136,.T.);
#2929=ORIENTED_EDGE('',*,*,#5137,.T.);
#2930=ORIENTED_EDGE('',*,*,#5138,.T.);
#2931=ORIENTED_EDGE('',*,*,#5139,.T.);
#2932=ORIENTED_EDGE('',*,*,#5140,.T.);
#2933=ORIENTED_EDGE('',*,*,#5141,.T.);
#2934=ORIENTED_EDGE('',*,*,#5142,.T.);
#2935=ORIENTED_EDGE('',*,*,#4976,.T.);
#2936=ORIENTED_EDGE('',*,*,#5143,.T.);
#2937=ORIENTED_EDGE('',*,*,#4970,.T.);
#2938=ORIENTED_EDGE('',*,*,#5144,.T.);
#2939=ORIENTED_EDGE('',*,*,#5145,.T.);
#2940=ORIENTED_EDGE('',*,*,#5146,.T.);
#2941=ORIENTED_EDGE('',*,*,#5147,.T.);
#2942=ORIENTED_EDGE('',*,*,#5148,.T.);
#2943=ORIENTED_EDGE('',*,*,#5149,.T.);
#2944=ORIENTED_EDGE('',*,*,#5150,.T.);
#2945=ORIENTED_EDGE('',*,*,#5151,.T.);
#2946=ORIENTED_EDGE('',*,*,#4974,.F.);
#2947=ORIENTED_EDGE('',*,*,#5152,.T.);
#2948=ORIENTED_EDGE('',*,*,#5153,.T.);
#2949=ORIENTED_EDGE('',*,*,#5154,.T.);
#2950=ORIENTED_EDGE('',*,*,#5155,.T.);
#2951=ORIENTED_EDGE('',*,*,#4214,.T.);
#2952=ORIENTED_EDGE('',*,*,#5156,.T.);
#2953=ORIENTED_EDGE('',*,*,#5063,.F.);
#2954=ORIENTED_EDGE('',*,*,#4981,.F.);
#2955=ORIENTED_EDGE('',*,*,#5090,.T.);
#2956=ORIENTED_EDGE('',*,*,#5157,.T.);
#2957=ORIENTED_EDGE('',*,*,#4107,.F.);
#2958=ORIENTED_EDGE('',*,*,#4983,.F.);
#2959=ORIENTED_EDGE('',*,*,#4997,.F.);
#2960=ORIENTED_EDGE('',*,*,#5158,.T.);
#2961=ORIENTED_EDGE('',*,*,#4206,.T.);
#2962=ORIENTED_EDGE('',*,*,#5159,.T.);
#2963=ORIENTED_EDGE('',*,*,#5160,.T.);
#2964=ORIENTED_EDGE('',*,*,#5161,.T.);
#2965=ORIENTED_EDGE('',*,*,#5162,.T.);
#2966=ORIENTED_EDGE('',*,*,#5068,.F.);
#2967=ORIENTED_EDGE('',*,*,#5163,.T.);
#2968=ORIENTED_EDGE('',*,*,#4208,.F.);
#2969=ORIENTED_EDGE('',*,*,#5164,.T.);
#2970=ORIENTED_EDGE('',*,*,#4995,.F.);
#2971=ORIENTED_EDGE('',*,*,#5165,.T.);
#2972=ORIENTED_EDGE('',*,*,#5166,.T.);
#2973=ORIENTED_EDGE('',*,*,#5167,.T.);
#2974=ORIENTED_EDGE('',*,*,#4999,.T.);
#2975=ORIENTED_EDGE('',*,*,#5168,.T.);
#2976=ORIENTED_EDGE('',*,*,#4204,.T.);
#2977=ORIENTED_EDGE('',*,*,#4225,.T.);
#2978=ORIENTED_EDGE('',*,*,#5086,.T.);
#2979=ORIENTED_EDGE('',*,*,#5131,.F.);
#2980=ORIENTED_EDGE('',*,*,#5169,.T.);
#2981=ORIENTED_EDGE('',*,*,#5133,.F.);
#2982=ORIENTED_EDGE('',*,*,#5170,.T.);
#2983=ORIENTED_EDGE('',*,*,#5126,.F.);
#2984=ORIENTED_EDGE('',*,*,#5171,.T.);
#2985=ORIENTED_EDGE('',*,*,#5129,.F.);
#2986=ORIENTED_EDGE('',*,*,#5172,.T.);
#2987=ORIENTED_EDGE('',*,*,#5135,.F.);
#2988=ORIENTED_EDGE('',*,*,#5173,.T.);
#2989=ORIENTED_EDGE('',*,*,#5137,.F.);
#2990=ORIENTED_EDGE('',*,*,#5174,.T.);
#2991=ORIENTED_EDGE('',*,*,#5139,.F.);
#2992=ORIENTED_EDGE('',*,*,#5175,.T.);
#2993=ORIENTED_EDGE('',*,*,#5141,.F.);
#2994=ORIENTED_EDGE('',*,*,#5176,.T.);
#2995=ORIENTED_EDGE('',*,*,#5177,.F.);
#2996=ORIENTED_EDGE('',*,*,#5125,.F.);
#2997=ORIENTED_EDGE('',*,*,#4971,.F.);
#2998=ORIENTED_EDGE('',*,*,#5149,.F.);
#2999=ORIENTED_EDGE('',*,*,#5171,.F.);
#3000=ORIENTED_EDGE('',*,*,#5177,.T.);
#3001=ORIENTED_EDGE('',*,*,#5178,.F.);
#3002=ORIENTED_EDGE('',*,*,#5179,.F.);
#3003=ORIENTED_EDGE('',*,*,#5130,.F.);
#3004=ORIENTED_EDGE('',*,*,#5178,.T.);
#3005=ORIENTED_EDGE('',*,*,#5148,.F.);
#3006=ORIENTED_EDGE('',*,*,#5169,.F.);
#3007=ORIENTED_EDGE('',*,*,#5179,.T.);
#3008=ORIENTED_EDGE('',*,*,#5180,.F.);
#3009=ORIENTED_EDGE('',*,*,#5181,.F.);
#3010=ORIENTED_EDGE('',*,*,#5134,.F.);
#3011=ORIENTED_EDGE('',*,*,#5180,.T.);
#3012=ORIENTED_EDGE('',*,*,#5147,.F.);
#3013=ORIENTED_EDGE('',*,*,#5173,.F.);
#3014=ORIENTED_EDGE('',*,*,#5181,.T.);
#3015=ORIENTED_EDGE('',*,*,#5182,.F.);
#3016=ORIENTED_EDGE('',*,*,#5182,.T.);
#3017=ORIENTED_EDGE('',*,*,#5146,.F.);
#3018=ORIENTED_EDGE('',*,*,#5183,.F.);
#3019=ORIENTED_EDGE('',*,*,#5138,.F.);
#3020=ORIENTED_EDGE('',*,*,#5183,.T.);
#3021=ORIENTED_EDGE('',*,*,#5145,.F.);
#3022=ORIENTED_EDGE('',*,*,#5184,.F.);
#3023=ORIENTED_EDGE('',*,*,#5175,.F.);
#3024=ORIENTED_EDGE('',*,*,#4977,.F.);
#3025=ORIENTED_EDGE('',*,*,#5142,.F.);
#3026=ORIENTED_EDGE('',*,*,#5184,.T.);
#3027=ORIENTED_EDGE('',*,*,#5144,.F.);
#3028=ORIENTED_EDGE('',*,*,#4973,.F.);
#3029=ORIENTED_EDGE('',*,*,#5127,.F.);
#3030=ORIENTED_EDGE('',*,*,#5185,.F.);
#3031=ORIENTED_EDGE('',*,*,#5152,.F.);
#3032=ORIENTED_EDGE('',*,*,#5185,.T.);
#3033=ORIENTED_EDGE('',*,*,#5172,.F.);
#3034=ORIENTED_EDGE('',*,*,#5186,.F.);
#3035=ORIENTED_EDGE('',*,*,#5186,.T.);
#3036=ORIENTED_EDGE('',*,*,#5132,.F.);
#3037=ORIENTED_EDGE('',*,*,#5187,.F.);
#3038=ORIENTED_EDGE('',*,*,#5153,.F.);
#3039=ORIENTED_EDGE('',*,*,#5187,.T.);
#3040=ORIENTED_EDGE('',*,*,#5170,.F.);
#3041=ORIENTED_EDGE('',*,*,#5188,.F.);
#3042=ORIENTED_EDGE('',*,*,#5188,.T.);
#3043=ORIENTED_EDGE('',*,*,#5136,.F.);
#3044=ORIENTED_EDGE('',*,*,#5189,.F.);
#3045=ORIENTED_EDGE('',*,*,#5154,.F.);
#3046=ORIENTED_EDGE('',*,*,#5189,.T.);
#3047=ORIENTED_EDGE('',*,*,#5174,.F.);
#3048=ORIENTED_EDGE('',*,*,#5190,.F.);
#3049=ORIENTED_EDGE('',*,*,#5190,.T.);
#3050=ORIENTED_EDGE('',*,*,#5140,.F.);
#3051=ORIENTED_EDGE('',*,*,#5191,.F.);
#3052=ORIENTED_EDGE('',*,*,#5155,.F.);
#3053=ORIENTED_EDGE('',*,*,#5191,.T.);
#3054=ORIENTED_EDGE('',*,*,#5176,.F.);
#3055=ORIENTED_EDGE('',*,*,#5192,.F.);
#3056=ORIENTED_EDGE('',*,*,#5150,.F.);
#3057=ORIENTED_EDGE('',*,*,#4975,.F.);
#3058=ORIENTED_EDGE('',*,*,#5151,.F.);
#3059=ORIENTED_EDGE('',*,*,#5192,.T.);
#3060=ORIENTED_EDGE('',*,*,#5143,.F.);
#3061=ORIENTED_EDGE('',*,*,#4996,.F.);
#3062=ORIENTED_EDGE('',*,*,#5164,.F.);
#3063=ORIENTED_EDGE('',*,*,#4207,.F.);
#3064=ORIENTED_EDGE('',*,*,#5158,.F.);
#3065=ORIENTED_EDGE('',*,*,#4998,.F.);
#3066=ORIENTED_EDGE('',*,*,#5159,.F.);
#3067=ORIENTED_EDGE('',*,*,#4205,.F.);
#3068=ORIENTED_EDGE('',*,*,#5168,.F.);
#3069=ORIENTED_EDGE('',*,*,#5193,.F.);
#3070=ORIENTED_EDGE('',*,*,#5194,.T.);
#3071=ORIENTED_EDGE('',*,*,#5195,.F.);
#3072=ORIENTED_EDGE('',*,*,#5196,.F.);
#3073=ORIENTED_EDGE('',*,*,#5195,.T.);
#3074=ORIENTED_EDGE('',*,*,#5197,.T.);
#3075=ORIENTED_EDGE('',*,*,#4945,.F.);
#3076=ORIENTED_EDGE('',*,*,#5198,.F.);
#3077=ORIENTED_EDGE('',*,*,#4944,.T.);
#3078=ORIENTED_EDGE('',*,*,#5199,.T.);
#3079=ORIENTED_EDGE('',*,*,#4986,.F.);
#3080=ORIENTED_EDGE('',*,*,#5200,.F.);
#3081=ORIENTED_EDGE('',*,*,#5067,.F.);
#3082=ORIENTED_EDGE('',*,*,#5201,.T.);
#3083=ORIENTED_EDGE('',*,*,#4148,.F.);
#3084=ORIENTED_EDGE('',*,*,#5163,.F.);
#3085=ORIENTED_EDGE('',*,*,#4947,.T.);
#3086=ORIENTED_EDGE('',*,*,#4969,.F.);
#3087=ORIENTED_EDGE('',*,*,#5202,.F.);
#3088=ORIENTED_EDGE('',*,*,#5124,.F.);
#3089=ORIENTED_EDGE('',*,*,#5202,.T.);
#3090=ORIENTED_EDGE('',*,*,#4968,.F.);
#3091=ORIENTED_EDGE('',*,*,#5203,.F.);
#3092=ORIENTED_EDGE('',*,*,#5123,.F.);
#3093=ORIENTED_EDGE('',*,*,#5203,.T.);
#3094=ORIENTED_EDGE('',*,*,#4967,.F.);
#3095=ORIENTED_EDGE('',*,*,#4922,.F.);
#3096=ORIENTED_EDGE('',*,*,#5120,.F.);
#3097=ORIENTED_EDGE('',*,*,#5038,.F.);
#3098=ORIENTED_EDGE('',*,*,#5116,.F.);
#3099=ORIENTED_EDGE('',*,*,#5025,.F.);
#3100=ORIENTED_EDGE('',*,*,#5204,.F.);
#3101=ORIENTED_EDGE('',*,*,#5040,.F.);
#3102=ORIENTED_EDGE('',*,*,#5205,.F.);
#3103=ORIENTED_EDGE('',*,*,#5023,.F.);
#3104=ORIENTED_EDGE('',*,*,#5009,.F.);
#3105=ORIENTED_EDGE('',*,*,#5031,.F.);
#3106=ORIENTED_EDGE('',*,*,#5011,.F.);
#3107=ORIENTED_EDGE('',*,*,#5022,.F.);
#3108=ORIENTED_EDGE('',*,*,#5046,.T.);
#3109=ORIENTED_EDGE('',*,*,#5206,.F.);
#3110=ORIENTED_EDGE('',*,*,#5049,.T.);
#3111=ORIENTED_EDGE('',*,*,#5034,.F.);
#3112=ORIENTED_EDGE('',*,*,#5207,.T.);
#3113=ORIENTED_EDGE('',*,*,#5027,.F.);
#3114=ORIENTED_EDGE('',*,*,#5115,.F.);
#3115=ORIENTED_EDGE('',*,*,#5106,.F.);
#3116=ORIENTED_EDGE('',*,*,#5013,.F.);
#3117=ORIENTED_EDGE('',*,*,#5030,.F.);
#3118=ORIENTED_EDGE('',*,*,#5208,.F.);
#3119=ORIENTED_EDGE('',*,*,#5108,.F.);
#3120=ORIENTED_EDGE('',*,*,#5209,.F.);
#3121=ORIENTED_EDGE('',*,*,#5036,.F.);
#3122=ORIENTED_EDGE('',*,*,#5114,.F.);
#3123=ORIENTED_EDGE('',*,*,#5210,.T.);
#3124=ORIENTED_EDGE('',*,*,#5110,.F.);
#3125=ORIENTED_EDGE('',*,*,#5118,.F.);
#3126=ORIENTED_EDGE('',*,*,#5076,.T.);
#3127=ORIENTED_EDGE('',*,*,#5211,.T.);
#3128=ORIENTED_EDGE('',*,*,#5074,.F.);
#3129=ORIENTED_EDGE('',*,*,#5015,.F.);
#3130=ORIENTED_EDGE('',*,*,#5112,.F.);
#3131=ORIENTED_EDGE('',*,*,#5212,.T.);
#3132=ORIENTED_EDGE('',*,*,#5041,.F.);
#3133=ORIENTED_EDGE('',*,*,#5007,.F.);
#3134=ORIENTED_EDGE('',*,*,#5080,.T.);
#3135=ORIENTED_EDGE('',*,*,#5213,.T.);
#3136=ORIENTED_EDGE('',*,*,#5078,.F.);
#3137=ORIENTED_EDGE('',*,*,#5117,.F.);
#3138=ORIENTED_EDGE('',*,*,#5043,.F.);
#3139=ORIENTED_EDGE('',*,*,#5200,.T.);
#3140=ORIENTED_EDGE('',*,*,#5214,.F.);
#3141=ORIENTED_EDGE('',*,*,#4979,.F.);
#3142=ORIENTED_EDGE('',*,*,#4942,.T.);
#3143=ORIENTED_EDGE('',*,*,#5215,.T.);
#3144=ORIENTED_EDGE('',*,*,#5216,.T.);
#3145=ORIENTED_EDGE('',*,*,#5217,.T.);
#3146=ORIENTED_EDGE('',*,*,#5218,.F.);
#3147=ORIENTED_EDGE('',*,*,#4985,.T.);
#3148=ORIENTED_EDGE('',*,*,#5219,.T.);
#3149=ORIENTED_EDGE('',*,*,#5196,.T.);
#3150=ORIENTED_EDGE('',*,*,#5220,.F.);
#3151=ORIENTED_EDGE('',*,*,#4980,.F.);
#3152=ORIENTED_EDGE('',*,*,#5214,.T.);
#3153=ORIENTED_EDGE('',*,*,#5198,.T.);
#3154=ORIENTED_EDGE('',*,*,#4925,.F.);
#3155=ORIENTED_EDGE('',*,*,#4978,.F.);
#3156=ORIENTED_EDGE('',*,*,#5220,.T.);
#3157=ORIENTED_EDGE('',*,*,#5197,.F.);
#3158=ORIENTED_EDGE('',*,*,#5221,.F.);
#3159=ORIENTED_EDGE('',*,*,#4930,.T.);
#3160=ORIENTED_EDGE('',*,*,#4938,.T.);
#3161=ORIENTED_EDGE('',*,*,#5222,.F.);
#3162=ORIENTED_EDGE('',*,*,#4991,.F.);
#3163=ORIENTED_EDGE('',*,*,#5223,.F.);
#3164=ORIENTED_EDGE('',*,*,#5224,.F.);
#3165=ORIENTED_EDGE('',*,*,#5225,.F.);
#3166=ORIENTED_EDGE('',*,*,#4987,.F.);
#3167=ORIENTED_EDGE('',*,*,#5226,.F.);
#3168=ORIENTED_EDGE('',*,*,#4931,.T.);
#3169=ORIENTED_EDGE('',*,*,#5221,.T.);
#3170=ORIENTED_EDGE('',*,*,#5194,.F.);
#3171=ORIENTED_EDGE('',*,*,#5199,.F.);
#3172=ORIENTED_EDGE('',*,*,#4939,.F.);
#3173=ORIENTED_EDGE('',*,*,#4927,.T.);
#3174=ORIENTED_EDGE('',*,*,#5226,.T.);
#3175=ORIENTED_EDGE('',*,*,#5227,.F.);
#3176=ORIENTED_EDGE('',*,*,#5113,.T.);
#3177=ORIENTED_EDGE('',*,*,#5228,.T.);
#3178=ORIENTED_EDGE('',*,*,#5229,.F.);
#3179=ORIENTED_EDGE('',*,*,#5230,.T.);
#3180=ORIENTED_EDGE('',*,*,#5227,.T.);
#3181=ORIENTED_EDGE('',*,*,#5231,.F.);
#3182=ORIENTED_EDGE('',*,*,#5037,.T.);
#3183=ORIENTED_EDGE('',*,*,#5232,.T.);
#3184=ORIENTED_EDGE('',*,*,#5233,.F.);
#3185=ORIENTED_EDGE('',*,*,#5234,.T.);
#3186=ORIENTED_EDGE('',*,*,#5231,.T.);
#3187=ORIENTED_EDGE('',*,*,#5235,.T.);
#3188=ORIENTED_EDGE('',*,*,#5059,.F.);
#3189=ORIENTED_EDGE('',*,*,#5236,.T.);
#3190=ORIENTED_EDGE('',*,*,#5045,.T.);
#3191=ORIENTED_EDGE('',*,*,#5237,.T.);
#3192=ORIENTED_EDGE('',*,*,#5238,.F.);
#3193=ORIENTED_EDGE('',*,*,#5239,.T.);
#3194=ORIENTED_EDGE('',*,*,#5048,.T.);
#3195=ORIENTED_EDGE('',*,*,#5240,.T.);
#3196=ORIENTED_EDGE('',*,*,#5241,.F.);
#3197=ORIENTED_EDGE('',*,*,#5242,.T.);
#3198=ORIENTED_EDGE('',*,*,#5243,.F.);
#3199=ORIENTED_EDGE('',*,*,#5244,.T.);
#3200=ORIENTED_EDGE('',*,*,#5240,.F.);
#3201=ORIENTED_EDGE('',*,*,#5241,.T.);
#3202=ORIENTED_EDGE('',*,*,#5245,.T.);
#3203=ORIENTED_EDGE('',*,*,#5246,.T.);
#3204=ORIENTED_EDGE('',*,*,#5247,.T.);
#3205=ORIENTED_EDGE('',*,*,#5229,.T.);
#3206=ORIENTED_EDGE('',*,*,#5248,.T.);
#3207=ORIENTED_EDGE('',*,*,#5249,.T.);
#3208=ORIENTED_EDGE('',*,*,#5246,.F.);
#3209=ORIENTED_EDGE('',*,*,#5250,.T.);
#3210=ORIENTED_EDGE('',*,*,#5251,.T.);
#3211=ORIENTED_EDGE('',*,*,#5251,.F.);
#3212=ORIENTED_EDGE('',*,*,#5252,.F.);
#3213=ORIENTED_EDGE('',*,*,#5253,.T.);
#3214=ORIENTED_EDGE('',*,*,#5252,.T.);
#3215=ORIENTED_EDGE('',*,*,#5233,.T.);
#3216=ORIENTED_EDGE('',*,*,#5253,.F.);
#3217=ORIENTED_EDGE('',*,*,#5051,.T.);
#3218=ORIENTED_EDGE('',*,*,#5254,.T.);
#3219=ORIENTED_EDGE('',*,*,#5255,.F.);
#3220=ORIENTED_EDGE('',*,*,#5256,.T.);
#3221=ORIENTED_EDGE('',*,*,#5257,.F.);
#3222=ORIENTED_EDGE('',*,*,#5258,.T.);
#3223=ORIENTED_EDGE('',*,*,#5254,.F.);
#3224=ORIENTED_EDGE('',*,*,#5259,.T.);
#3225=ORIENTED_EDGE('',*,*,#5255,.T.);
#3226=ORIENTED_EDGE('',*,*,#5260,.T.);
#3227=ORIENTED_EDGE('',*,*,#5238,.T.);
#3228=ORIENTED_EDGE('',*,*,#5259,.F.);
#3229=ORIENTED_EDGE('',*,*,#5248,.F.);
#3230=ORIENTED_EDGE('',*,*,#5261,.F.);
#3231=ORIENTED_EDGE('',*,*,#5242,.F.);
#3232=ORIENTED_EDGE('',*,*,#5247,.F.);
#3233=ORIENTED_EDGE('',*,*,#5249,.F.);
#3234=ORIENTED_EDGE('',*,*,#5261,.T.);
#3235=ORIENTED_EDGE('',*,*,#5250,.F.);
#3236=ORIENTED_EDGE('',*,*,#5245,.F.);
#3237=ORIENTED_EDGE('',*,*,#5244,.F.);
#3238=ORIENTED_EDGE('',*,*,#5262,.F.);
#3239=ORIENTED_EDGE('',*,*,#5262,.T.);
#3240=ORIENTED_EDGE('',*,*,#5243,.T.);
#3241=ORIENTED_EDGE('',*,*,#5210,.F.);
#3242=ORIENTED_EDGE('',*,*,#5075,.T.);
#3243=ORIENTED_EDGE('',*,*,#5211,.F.);
#3244=ORIENTED_EDGE('',*,*,#5111,.T.);
#3245=ORIENTED_EDGE('',*,*,#5212,.F.);
#3246=ORIENTED_EDGE('',*,*,#5079,.T.);
#3247=ORIENTED_EDGE('',*,*,#5213,.F.);
#3248=ORIENTED_EDGE('',*,*,#5042,.T.);
#3249=ORIENTED_EDGE('',*,*,#4989,.F.);
#3250=ORIENTED_EDGE('',*,*,#5263,.T.);
#3251=ORIENTED_EDGE('',*,*,#5218,.T.);
#3252=ORIENTED_EDGE('',*,*,#5264,.T.);
#3253=ORIENTED_EDGE('',*,*,#5216,.F.);
#3254=ORIENTED_EDGE('',*,*,#5265,.F.);
#3255=ORIENTED_EDGE('',*,*,#5224,.T.);
#3256=ORIENTED_EDGE('',*,*,#5266,.F.);
#3257=ORIENTED_EDGE('',*,*,#5217,.F.);
#3258=ORIENTED_EDGE('',*,*,#5266,.T.);
#3259=ORIENTED_EDGE('',*,*,#5223,.T.);
#3260=ORIENTED_EDGE('',*,*,#4990,.T.);
#3261=ORIENTED_EDGE('',*,*,#5264,.F.);
#3262=ORIENTED_EDGE('',*,*,#5215,.F.);
#3263=ORIENTED_EDGE('',*,*,#5263,.F.);
#3264=ORIENTED_EDGE('',*,*,#4988,.T.);
#3265=ORIENTED_EDGE('',*,*,#5225,.T.);
#3266=ORIENTED_EDGE('',*,*,#5265,.T.);
#3267=ORIENTED_EDGE('',*,*,#5256,.F.);
#3268=ORIENTED_EDGE('',*,*,#5260,.F.);
#3269=ORIENTED_EDGE('',*,*,#5258,.F.);
#3270=ORIENTED_EDGE('',*,*,#5267,.F.);
#3271=ORIENTED_EDGE('',*,*,#5267,.T.);
#3272=ORIENTED_EDGE('',*,*,#5257,.T.);
#3273=ORIENTED_EDGE('',*,*,#5061,.F.);
#3274=ORIENTED_EDGE('',*,*,#5268,.T.);
#3275=ORIENTED_EDGE('',*,*,#5057,.T.);
#3276=ORIENTED_EDGE('',*,*,#5052,.T.);
#3277=ORIENTED_EDGE('',*,*,#5269,.T.);
#3278=ORIENTED_EDGE('',*,*,#5054,.T.);
#3279=ORIENTED_EDGE('',*,*,#5056,.T.);
#3280=ORIENTED_EDGE('',*,*,#5062,.T.);
#3281=ORIENTED_EDGE('',*,*,#5268,.F.);
#3282=ORIENTED_EDGE('',*,*,#5060,.T.);
#3283=ORIENTED_EDGE('',*,*,#5269,.F.);
#3284=ORIENTED_EDGE('',*,*,#5055,.T.);
#3285=ORIENTED_EDGE('',*,*,#5047,.F.);
#3286=ORIENTED_EDGE('',*,*,#5028,.T.);
#3287=ORIENTED_EDGE('',*,*,#5207,.F.);
#3288=ORIENTED_EDGE('',*,*,#5033,.T.);
#3289=ORIENTED_EDGE('',*,*,#5050,.F.);
#3290=ORIENTED_EDGE('',*,*,#5206,.T.);
#3291=ORIENTED_EDGE('',*,*,#5204,.T.);
#3292=ORIENTED_EDGE('',*,*,#5024,.T.);
#3293=ORIENTED_EDGE('',*,*,#5205,.T.);
#3294=ORIENTED_EDGE('',*,*,#5039,.T.);
#3295=ORIENTED_EDGE('',*,*,#5208,.T.);
#3296=ORIENTED_EDGE('',*,*,#5029,.T.);
#3297=ORIENTED_EDGE('',*,*,#5209,.T.);
#3298=ORIENTED_EDGE('',*,*,#5107,.F.);
#3299=ORIENTED_EDGE('',*,*,#5270,.T.);
#3300=ORIENTED_EDGE('',*,*,#5271,.T.);
#3301=ORIENTED_EDGE('',*,*,#5272,.T.);
#3302=ORIENTED_EDGE('',*,*,#5081,.T.);
#3303=ORIENTED_EDGE('',*,*,#5005,.T.);
#3304=ORIENTED_EDGE('',*,*,#5273,.T.);
#3305=ORIENTED_EDGE('',*,*,#5274,.T.);
#3306=ORIENTED_EDGE('',*,*,#5275,.T.);
#3307=ORIENTED_EDGE('',*,*,#5003,.T.);
#3308=ORIENTED_EDGE('',*,*,#5083,.F.);
#3309=ORIENTED_EDGE('',*,*,#5276,.T.);
#3310=ORIENTED_EDGE('',*,*,#5277,.T.);
#3311=ORIENTED_EDGE('',*,*,#5278,.T.);
#3312=ORIENTED_EDGE('',*,*,#5071,.T.);
#3313=ORIENTED_EDGE('',*,*,#5019,.F.);
#3314=ORIENTED_EDGE('',*,*,#5279,.T.);
#3315=ORIENTED_EDGE('',*,*,#5280,.T.);
#3316=ORIENTED_EDGE('',*,*,#5281,.T.);
#3317=ORIENTED_EDGE('',*,*,#5017,.F.);
#3318=ORIENTED_EDGE('',*,*,#5073,.F.);
#3319=ORIENTED_EDGE('',*,*,#5282,.T.);
#3320=ORIENTED_EDGE('',*,*,#5283,.T.);
#3321=ORIENTED_EDGE('',*,*,#5284,.T.);
#3322=ORIENTED_EDGE('',*,*,#5084,.T.);
#3323=ORIENTED_EDGE('',*,*,#5001,.F.);
#3324=ORIENTED_EDGE('',*,*,#5285,.T.);
#3325=ORIENTED_EDGE('',*,*,#5286,.T.);
#3326=ORIENTED_EDGE('',*,*,#5287,.T.);
#3327=ORIENTED_EDGE('',*,*,#4993,.T.);
#3328=ORIENTED_EDGE('',*,*,#5070,.F.);
#3329=ORIENTED_EDGE('',*,*,#5167,.F.);
#3330=ORIENTED_EDGE('',*,*,#5288,.T.);
#3331=ORIENTED_EDGE('',*,*,#5282,.F.);
#3332=ORIENTED_EDGE('',*,*,#5000,.F.);
#3333=ORIENTED_EDGE('',*,*,#5275,.F.);
#3334=ORIENTED_EDGE('',*,*,#5289,.T.);
#3335=ORIENTED_EDGE('',*,*,#5270,.F.);
#3336=ORIENTED_EDGE('',*,*,#5004,.T.);
#3337=ORIENTED_EDGE('',*,*,#5281,.F.);
#3338=ORIENTED_EDGE('',*,*,#5290,.T.);
#3339=ORIENTED_EDGE('',*,*,#5276,.F.);
#3340=ORIENTED_EDGE('',*,*,#5018,.F.);
#3341=ORIENTED_EDGE('',*,*,#5287,.F.);
#3342=ORIENTED_EDGE('',*,*,#5291,.T.);
#3343=ORIENTED_EDGE('',*,*,#5160,.F.);
#3344=ORIENTED_EDGE('',*,*,#4994,.T.);
#3345=ORIENTED_EDGE('',*,*,#5284,.F.);
#3346=ORIENTED_EDGE('',*,*,#5292,.T.);
#3347=ORIENTED_EDGE('',*,*,#5165,.F.);
#3348=ORIENTED_EDGE('',*,*,#5085,.F.);
#3349=ORIENTED_EDGE('',*,*,#5272,.F.);
#3350=ORIENTED_EDGE('',*,*,#5293,.T.);
#3351=ORIENTED_EDGE('',*,*,#5273,.F.);
#3352=ORIENTED_EDGE('',*,*,#5082,.F.);
#3353=ORIENTED_EDGE('',*,*,#5278,.F.);
#3354=ORIENTED_EDGE('',*,*,#5294,.T.);
#3355=ORIENTED_EDGE('',*,*,#5279,.F.);
#3356=ORIENTED_EDGE('',*,*,#5072,.F.);
#3357=ORIENTED_EDGE('',*,*,#5162,.F.);
#3358=ORIENTED_EDGE('',*,*,#5295,.T.);
#3359=ORIENTED_EDGE('',*,*,#5285,.F.);
#3360=ORIENTED_EDGE('',*,*,#5069,.F.);
#3361=ORIENTED_EDGE('',*,*,#5166,.F.);
#3362=ORIENTED_EDGE('',*,*,#5292,.F.);
#3363=ORIENTED_EDGE('',*,*,#5283,.F.);
#3364=ORIENTED_EDGE('',*,*,#5288,.F.);
#3365=ORIENTED_EDGE('',*,*,#5274,.F.);
#3366=ORIENTED_EDGE('',*,*,#5293,.F.);
#3367=ORIENTED_EDGE('',*,*,#5271,.F.);
#3368=ORIENTED_EDGE('',*,*,#5289,.F.);
#3369=ORIENTED_EDGE('',*,*,#5280,.F.);
#3370=ORIENTED_EDGE('',*,*,#5294,.F.);
#3371=ORIENTED_EDGE('',*,*,#5277,.F.);
#3372=ORIENTED_EDGE('',*,*,#5290,.F.);
#3373=ORIENTED_EDGE('',*,*,#5286,.F.);
#3374=ORIENTED_EDGE('',*,*,#5295,.F.);
#3375=ORIENTED_EDGE('',*,*,#5161,.F.);
#3376=ORIENTED_EDGE('',*,*,#5291,.F.);
#3377=ORIENTED_EDGE('',*,*,#4984,.T.);
#3378=ORIENTED_EDGE('',*,*,#5222,.T.);
#3379=ORIENTED_EDGE('',*,*,#5193,.T.);
#3380=ORIENTED_EDGE('',*,*,#5219,.F.);
#3381=ORIENTED_EDGE('',*,*,#5091,.T.);
#3382=ORIENTED_EDGE('',*,*,#5121,.F.);
#3383=ORIENTED_EDGE('',*,*,#5296,.T.);
#3384=ORIENTED_EDGE('',*,*,#4955,.F.);
#3385=ORIENTED_EDGE('',*,*,#5297,.T.);
#3386=ORIENTED_EDGE('',*,*,#4306,.T.);
#3387=ORIENTED_EDGE('',*,*,#5298,.T.);
#3388=ORIENTED_EDGE('',*,*,#5299,.T.);
#3389=ORIENTED_EDGE('',*,*,#5300,.T.);
#3390=ORIENTED_EDGE('',*,*,#4310,.T.);
#3391=ORIENTED_EDGE('',*,*,#5299,.F.);
#3392=ORIENTED_EDGE('',*,*,#5301,.T.);
#3393=ORIENTED_EDGE('',*,*,#5302,.T.);
#3394=ORIENTED_EDGE('',*,*,#5303,.T.);
#3395=ORIENTED_EDGE('',*,*,#4314,.T.);
#3396=ORIENTED_EDGE('',*,*,#5302,.F.);
#3397=ORIENTED_EDGE('',*,*,#5304,.T.);
#3398=ORIENTED_EDGE('',*,*,#4956,.F.);
#3399=ORIENTED_EDGE('',*,*,#5305,.T.);
#3400=ORIENTED_EDGE('',*,*,#4318,.T.);
#3401=ORIENTED_EDGE('',*,*,#4138,.F.);
#3402=ORIENTED_EDGE('',*,*,#4321,.F.);
#3403=ORIENTED_EDGE('',*,*,#5306,.T.);
#3404=ORIENTED_EDGE('',*,*,#4311,.T.);
#3405=ORIENTED_EDGE('',*,*,#4136,.T.);
#3406=ORIENTED_EDGE('',*,*,#4313,.F.);
#3407=ORIENTED_EDGE('',*,*,#5307,.F.);
#3408=ORIENTED_EDGE('',*,*,#4319,.T.);
#3409=ORIENTED_EDGE('',*,*,#5306,.F.);
#3410=ORIENTED_EDGE('',*,*,#4320,.F.);
#3411=ORIENTED_EDGE('',*,*,#5307,.T.);
#3412=ORIENTED_EDGE('',*,*,#4312,.F.);
#3413=ORIENTED_EDGE('',*,*,#4128,.F.);
#3414=ORIENTED_EDGE('',*,*,#4309,.F.);
#3415=ORIENTED_EDGE('',*,*,#5308,.T.);
#3416=ORIENTED_EDGE('',*,*,#4315,.T.);
#3417=ORIENTED_EDGE('',*,*,#4126,.T.);
#3418=ORIENTED_EDGE('',*,*,#4317,.F.);
#3419=ORIENTED_EDGE('',*,*,#5309,.F.);
#3420=ORIENTED_EDGE('',*,*,#4307,.T.);
#3421=ORIENTED_EDGE('',*,*,#5308,.F.);
#3422=ORIENTED_EDGE('',*,*,#4308,.F.);
#3423=ORIENTED_EDGE('',*,*,#5309,.T.);
#3424=ORIENTED_EDGE('',*,*,#4316,.F.);
#3425=ORIENTED_EDGE('',*,*,#5310,.T.);
#3426=ORIENTED_EDGE('',*,*,#5311,.T.);
#3427=ORIENTED_EDGE('',*,*,#5312,.T.);
#3428=ORIENTED_EDGE('',*,*,#4278,.T.);
#3429=ORIENTED_EDGE('',*,*,#5311,.F.);
#3430=ORIENTED_EDGE('',*,*,#5313,.T.);
#3431=ORIENTED_EDGE('',*,*,#5314,.T.);
#3432=ORIENTED_EDGE('',*,*,#5315,.T.);
#3433=ORIENTED_EDGE('',*,*,#4285,.T.);
#3434=ORIENTED_EDGE('',*,*,#5314,.F.);
#3435=ORIENTED_EDGE('',*,*,#5316,.T.);
#3436=ORIENTED_EDGE('',*,*,#5317,.T.);
#3437=ORIENTED_EDGE('',*,*,#5318,.T.);
#3438=ORIENTED_EDGE('',*,*,#4292,.T.);
#3439=ORIENTED_EDGE('',*,*,#5317,.F.);
#3440=ORIENTED_EDGE('',*,*,#5319,.T.);
#3441=ORIENTED_EDGE('',*,*,#5320,.T.);
#3442=ORIENTED_EDGE('',*,*,#5321,.T.);
#3443=ORIENTED_EDGE('',*,*,#4299,.T.);
#3444=ORIENTED_EDGE('',*,*,#5320,.F.);
#3445=ORIENTED_EDGE('',*,*,#4144,.F.);
#3446=ORIENTED_EDGE('',*,*,#4291,.F.);
#3447=ORIENTED_EDGE('',*,*,#5322,.T.);
#3448=ORIENTED_EDGE('',*,*,#4303,.T.);
#3449=ORIENTED_EDGE('',*,*,#4275,.T.);
#3450=ORIENTED_EDGE('',*,*,#4305,.F.);
#3451=ORIENTED_EDGE('',*,*,#5323,.F.);
#3452=ORIENTED_EDGE('',*,*,#4289,.T.);
#3453=ORIENTED_EDGE('',*,*,#5322,.F.);
#3454=ORIENTED_EDGE('',*,*,#4290,.F.);
#3455=ORIENTED_EDGE('',*,*,#5323,.T.);
#3456=ORIENTED_EDGE('',*,*,#4304,.F.);
#3457=ORIENTED_EDGE('',*,*,#4146,.F.);
#3458=ORIENTED_EDGE('',*,*,#4302,.F.);
#3459=ORIENTED_EDGE('',*,*,#5324,.T.);
#3460=ORIENTED_EDGE('',*,*,#4282,.T.);
#3461=ORIENTED_EDGE('',*,*,#4273,.T.);
#3462=ORIENTED_EDGE('',*,*,#4284,.F.);
#3463=ORIENTED_EDGE('',*,*,#5325,.F.);
#3464=ORIENTED_EDGE('',*,*,#4300,.T.);
#3465=ORIENTED_EDGE('',*,*,#4283,.F.);
#3466=ORIENTED_EDGE('',*,*,#5324,.F.);
#3467=ORIENTED_EDGE('',*,*,#4301,.F.);
#3468=ORIENTED_EDGE('',*,*,#5325,.T.);
#3469=ORIENTED_EDGE('',*,*,#4142,.T.);
#3470=ORIENTED_EDGE('',*,*,#4298,.F.);
#3471=ORIENTED_EDGE('',*,*,#5326,.F.);
#3472=ORIENTED_EDGE('',*,*,#4286,.T.);
#3473=ORIENTED_EDGE('',*,*,#4277,.F.);
#3474=ORIENTED_EDGE('',*,*,#4288,.F.);
#3475=ORIENTED_EDGE('',*,*,#5327,.T.);
#3476=ORIENTED_EDGE('',*,*,#4296,.T.);
#3477=ORIENTED_EDGE('',*,*,#4287,.F.);
#3478=ORIENTED_EDGE('',*,*,#5326,.T.);
#3479=ORIENTED_EDGE('',*,*,#4297,.F.);
#3480=ORIENTED_EDGE('',*,*,#5327,.F.);
#3481=ORIENTED_EDGE('',*,*,#4271,.F.);
#3482=ORIENTED_EDGE('',*,*,#4295,.F.);
#3483=ORIENTED_EDGE('',*,*,#5328,.T.);
#3484=ORIENTED_EDGE('',*,*,#4279,.T.);
#3485=ORIENTED_EDGE('',*,*,#4140,.T.);
#3486=ORIENTED_EDGE('',*,*,#4281,.F.);
#3487=ORIENTED_EDGE('',*,*,#5329,.F.);
#3488=ORIENTED_EDGE('',*,*,#4293,.T.);
#3489=ORIENTED_EDGE('',*,*,#5328,.F.);
#3490=ORIENTED_EDGE('',*,*,#4294,.F.);
#3491=ORIENTED_EDGE('',*,*,#5329,.T.);
#3492=ORIENTED_EDGE('',*,*,#4280,.F.);
#3493=ORIENTED_EDGE('',*,*,#4663,.F.);
#3494=ORIENTED_EDGE('',*,*,#4263,.F.);
#3495=ORIENTED_EDGE('',*,*,#4685,.F.);
#3496=ORIENTED_EDGE('',*,*,#4681,.T.);
#3497=ORIENTED_EDGE('',*,*,#4831,.T.);
#3498=ORIENTED_EDGE('',*,*,#4162,.F.);
#3499=ORIENTED_EDGE('',*,*,#4833,.F.);
#3500=ORIENTED_EDGE('',*,*,#4702,.T.);
#3501=ORIENTED_EDGE('',*,*,#4679,.T.);
#3502=ORIENTED_EDGE('',*,*,#4242,.F.);
#3503=ORIENTED_EDGE('',*,*,#4677,.T.);
#3504=ORIENTED_EDGE('',*,*,#4674,.T.);
#3505=ORIENTED_EDGE('',*,*,#4671,.F.);
#3506=ORIENTED_EDGE('',*,*,#4267,.F.);
#3507=ORIENTED_EDGE('',*,*,#4669,.T.);
#3508=ORIENTED_EDGE('',*,*,#4666,.T.);
#3509=ORIENTED_EDGE('',*,*,#5330,.F.);
#3510=ORIENTED_EDGE('',*,*,#4662,.F.);
#3511=ORIENTED_EDGE('',*,*,#4659,.T.);
#3512=ORIENTED_EDGE('',*,*,#4830,.T.);
#3513=ORIENTED_EDGE('',*,*,#4164,.F.);
#3514=ORIENTED_EDGE('',*,*,#4832,.T.);
#3515=ORIENTED_EDGE('',*,*,#4683,.T.);
#3516=ORIENTED_EDGE('',*,*,#4686,.F.);
#3517=ORIENTED_EDGE('',*,*,#4261,.F.);
#3518=ORIENTED_EDGE('',*,*,#5331,.F.);
#3519=ORIENTED_EDGE('',*,*,#4655,.F.);
#3520=ORIENTED_EDGE('',*,*,#4647,.T.);
#3521=ORIENTED_EDGE('',*,*,#4828,.T.);
#3522=ORIENTED_EDGE('',*,*,#4166,.F.);
#3523=ORIENTED_EDGE('',*,*,#4829,.T.);
#3524=ORIENTED_EDGE('',*,*,#4657,.T.);
#3525=ORIENTED_EDGE('',*,*,#4661,.F.);
#3526=ORIENTED_EDGE('',*,*,#4259,.F.);
#3527=ORIENTED_EDGE('',*,*,#5332,.F.);
#3528=ORIENTED_EDGE('',*,*,#4665,.F.);
#3529=ORIENTED_EDGE('',*,*,#4668,.T.);
#3530=ORIENTED_EDGE('',*,*,#4670,.T.);
#3531=ORIENTED_EDGE('',*,*,#4269,.F.);
#3532=ORIENTED_EDGE('',*,*,#4673,.F.);
#3533=ORIENTED_EDGE('',*,*,#4676,.T.);
#3534=ORIENTED_EDGE('',*,*,#4678,.T.);
#3535=ORIENTED_EDGE('',*,*,#4240,.F.);
#3536=ORIENTED_EDGE('',*,*,#4646,.T.);
#3537=ORIENTED_EDGE('',*,*,#4641,.T.);
#3538=ORIENTED_EDGE('',*,*,#4822,.F.);
#3539=ORIENTED_EDGE('',*,*,#4172,.F.);
#3540=ORIENTED_EDGE('',*,*,#4823,.T.);
#3541=ORIENTED_EDGE('',*,*,#4649,.T.);
#3542=ORIENTED_EDGE('',*,*,#4656,.F.);
#3543=ORIENTED_EDGE('',*,*,#4265,.F.);
#3544=ORIENTED_EDGE('',*,*,#5333,.F.);
#3545=ORIENTED_EDGE('',*,*,#4250,.F.);
#3546=ORIENTED_EDGE('',*,*,#4621,.T.);
#3547=ORIENTED_EDGE('',*,*,#4619,.F.);
#3548=ORIENTED_EDGE('',*,*,#4802,.T.);
#3549=ORIENTED_EDGE('',*,*,#4181,.F.);
#3550=ORIENTED_EDGE('',*,*,#4804,.T.);
#3551=ORIENTED_EDGE('',*,*,#4631,.F.);
#3552=ORIENTED_EDGE('',*,*,#4614,.T.);
#3553=ORIENTED_EDGE('',*,*,#5334,.F.);
#3554=ORIENTED_EDGE('',*,*,#4248,.F.);
#3555=ORIENTED_EDGE('',*,*,#4608,.T.);
#3556=ORIENTED_EDGE('',*,*,#4606,.F.);
#3557=ORIENTED_EDGE('',*,*,#4800,.T.);
#3558=ORIENTED_EDGE('',*,*,#4183,.F.);
#3559=ORIENTED_EDGE('',*,*,#4801,.T.);
#3560=ORIENTED_EDGE('',*,*,#4617,.F.);
#3561=ORIENTED_EDGE('',*,*,#4620,.T.);
#3562=ORIENTED_EDGE('',*,*,#5335,.F.);
#3563=ORIENTED_EDGE('',*,*,#4246,.F.);
#3564=ORIENTED_EDGE('',*,*,#4602,.T.);
#3565=ORIENTED_EDGE('',*,*,#4600,.F.);
#3566=ORIENTED_EDGE('',*,*,#4798,.T.);
#3567=ORIENTED_EDGE('',*,*,#4185,.F.);
#3568=ORIENTED_EDGE('',*,*,#4799,.T.);
#3569=ORIENTED_EDGE('',*,*,#4604,.F.);
#3570=ORIENTED_EDGE('',*,*,#4607,.T.);
#3571=ORIENTED_EDGE('',*,*,#5336,.F.);
#3572=ORIENTED_EDGE('',*,*,#4012,.T.);
#3573=ORIENTED_EDGE('',*,*,#4558,.T.);
#3574=ORIENTED_EDGE('',*,*,#4560,.T.);
#3575=ORIENTED_EDGE('',*,*,#4562,.T.);
#3576=ORIENTED_EDGE('',*,*,#4226,.T.);
#3577=ORIENTED_EDGE('',*,*,#4609,.T.);
#3578=ORIENTED_EDGE('',*,*,#4630,.F.);
#3579=ORIENTED_EDGE('',*,*,#4803,.T.);
#3580=ORIENTED_EDGE('',*,*,#5337,.F.);
#3581=ORIENTED_EDGE('',*,*,#4652,.F.);
#3582=ORIENTED_EDGE('',*,*,#4825,.F.);
#3583=ORIENTED_EDGE('',*,*,#4169,.T.);
#3584=ORIENTED_EDGE('',*,*,#4827,.F.);
#3585=ORIENTED_EDGE('',*,*,#5338,.T.);
#3586=ORIENTED_EDGE('',*,*,#5333,.T.);
#3587=ORIENTED_EDGE('',*,*,#5339,.T.);
#3588=ORIENTED_EDGE('',*,*,#5332,.T.);
#3589=ORIENTED_EDGE('',*,*,#5340,.T.);
#3590=ORIENTED_EDGE('',*,*,#5331,.T.);
#3591=ORIENTED_EDGE('',*,*,#5341,.T.);
#3592=ORIENTED_EDGE('',*,*,#5330,.T.);
#3593=ORIENTED_EDGE('',*,*,#5342,.T.);
#3594=ORIENTED_EDGE('',*,*,#5342,.F.);
#3595=ORIENTED_EDGE('',*,*,#5343,.T.);
#3596=ORIENTED_EDGE('',*,*,#5343,.F.);
#3597=ORIENTED_EDGE('',*,*,#5344,.T.);
#3598=ORIENTED_EDGE('',*,*,#5345,.T.);
#3599=ORIENTED_EDGE('',*,*,#5344,.F.);
#3600=ORIENTED_EDGE('',*,*,#5346,.T.);
#3601=ORIENTED_EDGE('',*,*,#5346,.F.);
#3602=ORIENTED_EDGE('',*,*,#5347,.T.);
#3603=ORIENTED_EDGE('',*,*,#5347,.F.);
#3604=ORIENTED_EDGE('',*,*,#5348,.T.);
#3605=ORIENTED_EDGE('',*,*,#5349,.T.);
#3606=ORIENTED_EDGE('',*,*,#5348,.F.);
#3607=ORIENTED_EDGE('',*,*,#5350,.T.);
#3608=ORIENTED_EDGE('',*,*,#5350,.F.);
#3609=ORIENTED_EDGE('',*,*,#5351,.T.);
#3610=ORIENTED_EDGE('',*,*,#5351,.F.);
#3611=ORIENTED_EDGE('',*,*,#5352,.T.);
#3612=ORIENTED_EDGE('',*,*,#5353,.T.);
#3613=ORIENTED_EDGE('',*,*,#5352,.F.);
#3614=ORIENTED_EDGE('',*,*,#5354,.T.);
#3615=ORIENTED_EDGE('',*,*,#5354,.F.);
#3616=ORIENTED_EDGE('',*,*,#5355,.T.);
#3617=ORIENTED_EDGE('',*,*,#5355,.F.);
#3618=ORIENTED_EDGE('',*,*,#5356,.T.);
#3619=ORIENTED_EDGE('',*,*,#5357,.T.);
#3620=ORIENTED_EDGE('',*,*,#5356,.F.);
#3621=ORIENTED_EDGE('',*,*,#5358,.T.);
#3622=ORIENTED_EDGE('',*,*,#5337,.T.);
#3623=ORIENTED_EDGE('',*,*,#5359,.T.);
#3624=ORIENTED_EDGE('',*,*,#5336,.T.);
#3625=ORIENTED_EDGE('',*,*,#5360,.T.);
#3626=ORIENTED_EDGE('',*,*,#5335,.T.);
#3627=ORIENTED_EDGE('',*,*,#5361,.T.);
#3628=ORIENTED_EDGE('',*,*,#5334,.T.);
#3629=ORIENTED_EDGE('',*,*,#5362,.T.);
#3630=ORIENTED_EDGE('',*,*,#5362,.F.);
#3631=ORIENTED_EDGE('',*,*,#5363,.T.);
#3632=ORIENTED_EDGE('',*,*,#5363,.F.);
#3633=ORIENTED_EDGE('',*,*,#5364,.T.);
#3634=ORIENTED_EDGE('',*,*,#5365,.T.);
#3635=ORIENTED_EDGE('',*,*,#5364,.F.);
#3636=ORIENTED_EDGE('',*,*,#5366,.T.);
#3637=ORIENTED_EDGE('',*,*,#5366,.F.);
#3638=ORIENTED_EDGE('',*,*,#5367,.T.);
#3639=ORIENTED_EDGE('',*,*,#5367,.F.);
#3640=ORIENTED_EDGE('',*,*,#5368,.T.);
#3641=ORIENTED_EDGE('',*,*,#5369,.T.);
#3642=ORIENTED_EDGE('',*,*,#5368,.F.);
#3643=ORIENTED_EDGE('',*,*,#5370,.T.);
#3644=ORIENTED_EDGE('',*,*,#5370,.F.);
#3645=ORIENTED_EDGE('',*,*,#5371,.T.);
#3646=ORIENTED_EDGE('',*,*,#5371,.F.);
#3647=ORIENTED_EDGE('',*,*,#5372,.T.);
#3648=ORIENTED_EDGE('',*,*,#5373,.T.);
#3649=ORIENTED_EDGE('',*,*,#5372,.F.);
#3650=ORIENTED_EDGE('',*,*,#5374,.T.);
#3651=ORIENTED_EDGE('',*,*,#5374,.F.);
#3652=ORIENTED_EDGE('',*,*,#5375,.T.);
#3653=ORIENTED_EDGE('',*,*,#5375,.F.);
#3654=ORIENTED_EDGE('',*,*,#5376,.T.);
#3655=ORIENTED_EDGE('',*,*,#5377,.T.);
#3656=ORIENTED_EDGE('',*,*,#5376,.F.);
#3657=ORIENTED_EDGE('',*,*,#5358,.F.);
#3658=ORIENTED_EDGE('',*,*,#5365,.F.);
#3659=ORIENTED_EDGE('',*,*,#5359,.F.);
#3660=ORIENTED_EDGE('',*,*,#5369,.F.);
#3661=ORIENTED_EDGE('',*,*,#5360,.F.);
#3662=ORIENTED_EDGE('',*,*,#5373,.F.);
#3663=ORIENTED_EDGE('',*,*,#5361,.F.);
#3664=ORIENTED_EDGE('',*,*,#5377,.F.);
#3665=ORIENTED_EDGE('',*,*,#5338,.F.);
#3666=ORIENTED_EDGE('',*,*,#5345,.F.);
#3667=ORIENTED_EDGE('',*,*,#5341,.F.);
#3668=ORIENTED_EDGE('',*,*,#5357,.F.);
#3669=ORIENTED_EDGE('',*,*,#5339,.F.);
#3670=ORIENTED_EDGE('',*,*,#5349,.F.);
#3671=ORIENTED_EDGE('',*,*,#5340,.F.);
#3672=ORIENTED_EDGE('',*,*,#5353,.F.);
#3673=ORIENTED_EDGE('',*,*,#5315,.F.);
#3674=ORIENTED_EDGE('',*,*,#5313,.F.);
#3675=ORIENTED_EDGE('',*,*,#5318,.F.);
#3676=ORIENTED_EDGE('',*,*,#5316,.F.);
#3677=ORIENTED_EDGE('',*,*,#5321,.F.);
#3678=ORIENTED_EDGE('',*,*,#5319,.F.);
#3679=ORIENTED_EDGE('',*,*,#5312,.F.);
#3680=ORIENTED_EDGE('',*,*,#5310,.F.);
#3681=ORIENTED_EDGE('',*,*,#5300,.F.);
#3682=ORIENTED_EDGE('',*,*,#5298,.F.);
#3683=ORIENTED_EDGE('',*,*,#5303,.F.);
#3684=ORIENTED_EDGE('',*,*,#5301,.F.);
#3685=ORIENTED_EDGE('',*,*,#5305,.F.);
#3686=ORIENTED_EDGE('',*,*,#5304,.F.);
#3687=ORIENTED_EDGE('',*,*,#5297,.F.);
#3688=ORIENTED_EDGE('',*,*,#5296,.F.);
#3689=ORIENTED_EDGE('',*,*,#5234,.F.);
#3690=ORIENTED_EDGE('',*,*,#5232,.F.);
#3691=ORIENTED_EDGE('',*,*,#5230,.F.);
#3692=ORIENTED_EDGE('',*,*,#5228,.F.);
#3693=ORIENTED_EDGE('',*,*,#5236,.F.);
#3694=ORIENTED_EDGE('',*,*,#5235,.F.);
#3695=ORIENTED_EDGE('',*,*,#5239,.F.);
#3696=ORIENTED_EDGE('',*,*,#5237,.F.);
#3697=ORIENTED_EDGE('',*,*,#5378,.T.);
#3698=ORIENTED_EDGE('',*,*,#4120,.T.);
#3699=ORIENTED_EDGE('',*,*,#4134,.T.);
#3700=ORIENTED_EDGE('',*,*,#5379,.F.);
#3701=ORIENTED_EDGE('',*,*,#4960,.F.);
#3702=ORIENTED_EDGE('',*,*,#5379,.T.);
#3703=ORIENTED_EDGE('',*,*,#4133,.T.);
#3704=ORIENTED_EDGE('',*,*,#5380,.F.);
#3705=ORIENTED_EDGE('',*,*,#4961,.F.);
#3706=ORIENTED_EDGE('',*,*,#5380,.T.);
#3707=ORIENTED_EDGE('',*,*,#4132,.T.);
#3708=ORIENTED_EDGE('',*,*,#5381,.F.);
#3709=ORIENTED_EDGE('',*,*,#4962,.F.);
#3710=ORIENTED_EDGE('',*,*,#5381,.T.);
#3711=ORIENTED_EDGE('',*,*,#4131,.T.);
#3712=ORIENTED_EDGE('',*,*,#5382,.F.);
#3713=ORIENTED_EDGE('',*,*,#4963,.F.);
#3714=ORIENTED_EDGE('',*,*,#4964,.T.);
#3715=ORIENTED_EDGE('',*,*,#5382,.T.);
#3716=ORIENTED_EDGE('',*,*,#4130,.F.);
#3717=ORIENTED_EDGE('',*,*,#4124,.F.);
#3718=ORIENTED_EDGE('',*,*,#5383,.F.);
#3719=ORIENTED_EDGE('',*,*,#5383,.T.);
#3720=ORIENTED_EDGE('',*,*,#4123,.T.);
#3721=ORIENTED_EDGE('',*,*,#5384,.F.);
#3722=ORIENTED_EDGE('',*,*,#4965,.F.);
#3723=ORIENTED_EDGE('',*,*,#4966,.T.);
#3724=ORIENTED_EDGE('',*,*,#5384,.T.);
#3725=ORIENTED_EDGE('',*,*,#4122,.F.);
#3726=ORIENTED_EDGE('',*,*,#5385,.F.);
#3727=ORIENTED_EDGE('',*,*,#5385,.T.);
#3728=ORIENTED_EDGE('',*,*,#4121,.T.);
#3729=ORIENTED_EDGE('',*,*,#5378,.F.);
#3730=ORIENTED_EDGE('',*,*,#4959,.F.);
#3731=ORIENTED_EDGE('',*,*,#4958,.F.);
#3732=ORIENTED_EDGE('',*,*,#5386,.T.);
#3733=ORIENTED_EDGE('',*,*,#4957,.F.);
#3734=ORIENTED_EDGE('',*,*,#5387,.T.);
#3735=ORIENTED_EDGE('',*,*,#5388,.F.);
#3736=ORIENTED_EDGE('',*,*,#4119,.T.);
#3737=ORIENTED_EDGE('',*,*,#5387,.F.);
#3738=ORIENTED_EDGE('',*,*,#5388,.T.);
#3739=ORIENTED_EDGE('',*,*,#5389,.F.);
#3740=ORIENTED_EDGE('',*,*,#4118,.T.);
#3741=ORIENTED_EDGE('',*,*,#5386,.F.);
#3742=ORIENTED_EDGE('',*,*,#5389,.T.);
#3743=ORIENTED_EDGE('',*,*,#5390,.F.);
#3744=ORIENTED_EDGE('',*,*,#5098,.T.);
#3745=ORIENTED_EDGE('',*,*,#5391,.F.);
#3746=ORIENTED_EDGE('',*,*,#5105,.T.);
#3747=ORIENTED_EDGE('',*,*,#5392,.F.);
#3748=ORIENTED_EDGE('',*,*,#4820,.T.);
#3749=ORIENTED_EDGE('',*,*,#5393,.F.);
#3750=ORIENTED_EDGE('',*,*,#4796,.T.);
#3751=ORIENTED_EDGE('',*,*,#5394,.F.);
#3752=ORIENTED_EDGE('',*,*,#5395,.F.);
#3753=ORIENTED_EDGE('',*,*,#5394,.T.);
#3754=ORIENTED_EDGE('',*,*,#4952,.T.);
#3755=ORIENTED_EDGE('',*,*,#5396,.F.);
#3756=ORIENTED_EDGE('',*,*,#5397,.F.);
#3757=ORIENTED_EDGE('',*,*,#5396,.T.);
#3758=ORIENTED_EDGE('',*,*,#4953,.T.);
#3759=ORIENTED_EDGE('',*,*,#5398,.F.);
#3760=ORIENTED_EDGE('',*,*,#5399,.F.);
#3761=ORIENTED_EDGE('',*,*,#5398,.T.);
#3762=ORIENTED_EDGE('',*,*,#4954,.T.);
#3763=ORIENTED_EDGE('',*,*,#5400,.F.);
#3764=ORIENTED_EDGE('',*,*,#5401,.F.);
#3765=ORIENTED_EDGE('',*,*,#5400,.T.);
#3766=ORIENTED_EDGE('',*,*,#4951,.T.);
#3767=ORIENTED_EDGE('',*,*,#5401,.T.);
#3768=ORIENTED_EDGE('',*,*,#5393,.T.);
#3769=ORIENTED_EDGE('',*,*,#5399,.T.);
#3770=ORIENTED_EDGE('',*,*,#5392,.T.);
#3771=ORIENTED_EDGE('',*,*,#5397,.T.);
#3772=ORIENTED_EDGE('',*,*,#5391,.T.);
#3773=ORIENTED_EDGE('',*,*,#5395,.T.);
#3774=ORIENTED_EDGE('',*,*,#5390,.T.);
#3775=ORIENTED_EDGE('',*,*,#5099,.T.);
#3776=ORIENTED_EDGE('',*,*,#5402,.T.);
#3777=ORIENTED_EDGE('',*,*,#5403,.T.);
#3778=ORIENTED_EDGE('',*,*,#5404,.T.);
#3779=ORIENTED_EDGE('',*,*,#5103,.F.);
#3780=ORIENTED_EDGE('',*,*,#5405,.T.);
#3781=ORIENTED_EDGE('',*,*,#5406,.T.);
#3782=ORIENTED_EDGE('',*,*,#5407,.T.);
#3783=ORIENTED_EDGE('',*,*,#5408,.T.);
#3784=ORIENTED_EDGE('',*,*,#5409,.T.);
#3785=ORIENTED_EDGE('',*,*,#5410,.T.);
#3786=ORIENTED_EDGE('',*,*,#5411,.T.);
#3787=ORIENTED_EDGE('',*,*,#5101,.F.);
#3788=ORIENTED_EDGE('',*,*,#5412,.T.);
#3789=ORIENTED_EDGE('',*,*,#5413,.T.);
#3790=ORIENTED_EDGE('',*,*,#5414,.T.);
#3791=ORIENTED_EDGE('',*,*,#5094,.F.);
#3792=ORIENTED_EDGE('',*,*,#5415,.T.);
#3793=ORIENTED_EDGE('',*,*,#5092,.T.);
#3794=ORIENTED_EDGE('',*,*,#5416,.T.);
#3795=ORIENTED_EDGE('',*,*,#5417,.T.);
#3796=ORIENTED_EDGE('',*,*,#5418,.T.);
#3797=ORIENTED_EDGE('',*,*,#5419,.T.);
#3798=ORIENTED_EDGE('',*,*,#5420,.T.);
#3799=ORIENTED_EDGE('',*,*,#5096,.F.);
#3800=ORIENTED_EDGE('',*,*,#5421,.T.);
#3801=ORIENTED_EDGE('',*,*,#5422,.T.);
#3802=ORIENTED_EDGE('',*,*,#5423,.T.);
#3803=ORIENTED_EDGE('',*,*,#5424,.F.);
#3804=ORIENTED_EDGE('',*,*,#4789,.T.);
#3805=ORIENTED_EDGE('',*,*,#5425,.T.);
#3806=ORIENTED_EDGE('',*,*,#4092,.F.);
#3807=ORIENTED_EDGE('',*,*,#4116,.T.);
#3808=ORIENTED_EDGE('',*,*,#5426,.T.);
#3809=ORIENTED_EDGE('',*,*,#4484,.T.);
#3810=ORIENTED_EDGE('',*,*,#4070,.F.);
#3811=ORIENTED_EDGE('',*,*,#4064,.F.);
#3812=ORIENTED_EDGE('',*,*,#4093,.F.);
#3813=ORIENTED_EDGE('',*,*,#5425,.F.);
#3814=ORIENTED_EDGE('',*,*,#4788,.F.);
#3815=ORIENTED_EDGE('',*,*,#4025,.F.);
#3816=ORIENTED_EDGE('',*,*,#5427,.F.);
#3817=ORIENTED_EDGE('',*,*,#4790,.T.);
#3818=ORIENTED_EDGE('',*,*,#5424,.T.);
#3819=ORIENTED_EDGE('',*,*,#4115,.F.);
#3820=ORIENTED_EDGE('',*,*,#4098,.T.);
#3821=ORIENTED_EDGE('',*,*,#4067,.T.);
#3822=ORIENTED_EDGE('',*,*,#5427,.T.);
#3823=ORIENTED_EDGE('',*,*,#4581,.T.);
#3824=ORIENTED_EDGE('',*,*,#5426,.F.);
#3825=ORIENTED_EDGE('',*,*,#4787,.T.);
#3826=ORIENTED_EDGE('',*,*,#4061,.F.);
#3827=ORIENTED_EDGE('',*,*,#5428,.F.);
#3828=ORIENTED_EDGE('',*,*,#4818,.T.);
#3829=ORIENTED_EDGE('',*,*,#5429,.T.);
#3830=ORIENTED_EDGE('',*,*,#4103,.T.);
#3831=ORIENTED_EDGE('',*,*,#4076,.T.);
#3832=ORIENTED_EDGE('',*,*,#4023,.T.);
#3833=ORIENTED_EDGE('',*,*,#5430,.T.);
#3834=ORIENTED_EDGE('',*,*,#4645,.T.);
#3835=ORIENTED_EDGE('',*,*,#4238,.F.);
#3836=ORIENTED_EDGE('',*,*,#4878,.F.);
#3837=ORIENTED_EDGE('',*,*,#4217,.T.);
#3838=ORIENTED_EDGE('',*,*,#5431,.F.);
#3839=ORIENTED_EDGE('',*,*,#4816,.F.);
#3840=ORIENTED_EDGE('',*,*,#5429,.F.);
#3841=ORIENTED_EDGE('',*,*,#4817,.T.);
#3842=ORIENTED_EDGE('',*,*,#5431,.T.);
#3843=ORIENTED_EDGE('',*,*,#4216,.T.);
#3844=ORIENTED_EDGE('',*,*,#4104,.F.);
#3845=ORIENTED_EDGE('',*,*,#5428,.T.);
#3846=ORIENTED_EDGE('',*,*,#4643,.T.);
#3847=ORIENTED_EDGE('',*,*,#5430,.F.);
#3848=ORIENTED_EDGE('',*,*,#4815,.T.);
#3849=ORIENTED_EDGE('',*,*,#4059,.F.);
#3850=ORIENTED_EDGE('',*,*,#5432,.F.);
#3851=ORIENTED_EDGE('',*,*,#4811,.T.);
#3852=ORIENTED_EDGE('',*,*,#5433,.T.);
#3853=ORIENTED_EDGE('',*,*,#4029,.F.);
#3854=ORIENTED_EDGE('',*,*,#4053,.T.);
#3855=ORIENTED_EDGE('',*,*,#5433,.F.);
#3856=ORIENTED_EDGE('',*,*,#4814,.T.);
#3857=ORIENTED_EDGE('',*,*,#5434,.T.);
#3858=ORIENTED_EDGE('',*,*,#4086,.F.);
#3859=ORIENTED_EDGE('',*,*,#4031,.T.);
#3860=ORIENTED_EDGE('',*,*,#4009,.T.);
#3861=ORIENTED_EDGE('',*,*,#4058,.F.);
#3862=ORIENTED_EDGE('',*,*,#4501,.T.);
#3863=ORIENTED_EDGE('',*,*,#4019,.F.);
#3864=ORIENTED_EDGE('',*,*,#4075,.F.);
#3865=ORIENTED_EDGE('',*,*,#4102,.F.);
#3866=ORIENTED_EDGE('',*,*,#5435,.F.);
#3867=ORIENTED_EDGE('',*,*,#4812,.F.);
#3868=ORIENTED_EDGE('',*,*,#5432,.T.);
#3869=ORIENTED_EDGE('',*,*,#5434,.F.);
#3870=ORIENTED_EDGE('',*,*,#4813,.T.);
#3871=ORIENTED_EDGE('',*,*,#5435,.T.);
#3872=ORIENTED_EDGE('',*,*,#4101,.F.);
#3873=ORIENTED_EDGE('',*,*,#4087,.T.);
#3874=ORIENTED_EDGE('',*,*,#4052,.F.);
#3875=ORIENTED_EDGE('',*,*,#5436,.F.);
#3876=ORIENTED_EDGE('',*,*,#4791,.T.);
#3877=ORIENTED_EDGE('',*,*,#5437,.T.);
#3878=ORIENTED_EDGE('',*,*,#4051,.F.);
#3879=ORIENTED_EDGE('',*,*,#4593,.T.);
#3880=ORIENTED_EDGE('',*,*,#4739,.F.);
#3881=ORIENTED_EDGE('',*,*,#4596,.F.);
#3882=ORIENTED_EDGE('',*,*,#4077,.T.);
#3883=ORIENTED_EDGE('',*,*,#5438,.F.);
#3884=ORIENTED_EDGE('',*,*,#4792,.F.);
#3885=ORIENTED_EDGE('',*,*,#5436,.T.);
#3886=ORIENTED_EDGE('',*,*,#4035,.F.);
#3887=ORIENTED_EDGE('',*,*,#4038,.T.);
#3888=ORIENTED_EDGE('',*,*,#5437,.F.);
#3889=ORIENTED_EDGE('',*,*,#4794,.T.);
#3890=ORIENTED_EDGE('',*,*,#5439,.T.);
#3891=ORIENTED_EDGE('',*,*,#4094,.T.);
#3892=ORIENTED_EDGE('',*,*,#4066,.T.);
#3893=ORIENTED_EDGE('',*,*,#4073,.T.);
#3894=ORIENTED_EDGE('',*,*,#5439,.F.);
#3895=ORIENTED_EDGE('',*,*,#4793,.T.);
#3896=ORIENTED_EDGE('',*,*,#5438,.T.);
#3897=ORIENTED_EDGE('',*,*,#4091,.T.);
#3898=ORIENTED_EDGE('',*,*,#4095,.F.);
#3899=ORIENTED_EDGE('',*,*,#5440,.F.);
#3900=ORIENTED_EDGE('',*,*,#4149,.F.);
#3901=ORIENTED_EDGE('',*,*,#5441,.F.);
#3902=ORIENTED_EDGE('',*,*,#5412,.F.);
#3903=ORIENTED_EDGE('',*,*,#5441,.T.);
#3904=ORIENTED_EDGE('',*,*,#5201,.F.);
#3905=ORIENTED_EDGE('',*,*,#5442,.F.);
#3906=ORIENTED_EDGE('',*,*,#5440,.T.);
#3907=ORIENTED_EDGE('',*,*,#5100,.F.);
#3908=ORIENTED_EDGE('',*,*,#5443,.F.);
#3909=ORIENTED_EDGE('',*,*,#4150,.F.);
#3910=ORIENTED_EDGE('',*,*,#5442,.T.);
#3911=ORIENTED_EDGE('',*,*,#5066,.F.);
#3912=ORIENTED_EDGE('',*,*,#5444,.F.);
#3913=ORIENTED_EDGE('',*,*,#5410,.F.);
#3914=ORIENTED_EDGE('',*,*,#5102,.F.);
#3915=ORIENTED_EDGE('',*,*,#5411,.F.);
#3916=ORIENTED_EDGE('',*,*,#5445,.F.);
#3917=ORIENTED_EDGE('',*,*,#5405,.F.);
#3918=ORIENTED_EDGE('',*,*,#5443,.T.);
#3919=ORIENTED_EDGE('',*,*,#5404,.F.);
#3920=ORIENTED_EDGE('',*,*,#5446,.F.);
#3921=ORIENTED_EDGE('',*,*,#4151,.F.);
#3922=ORIENTED_EDGE('',*,*,#5444,.T.);
#3923=ORIENTED_EDGE('',*,*,#5065,.T.);
#3924=ORIENTED_EDGE('',*,*,#5447,.F.);
#3925=ORIENTED_EDGE('',*,*,#5445,.T.);
#3926=ORIENTED_EDGE('',*,*,#4209,.F.);
#3927=ORIENTED_EDGE('',*,*,#5446,.T.);
#3928=ORIENTED_EDGE('',*,*,#5448,.F.);
#3929=ORIENTED_EDGE('',*,*,#5447,.T.);
#3930=ORIENTED_EDGE('',*,*,#5064,.F.);
#3931=ORIENTED_EDGE('',*,*,#5449,.F.);
#3932=ORIENTED_EDGE('',*,*,#5406,.F.);
#3933=ORIENTED_EDGE('',*,*,#5104,.F.);
#3934=ORIENTED_EDGE('',*,*,#5409,.F.);
#3935=ORIENTED_EDGE('',*,*,#5450,.F.);
#3936=ORIENTED_EDGE('',*,*,#5402,.F.);
#3937=ORIENTED_EDGE('',*,*,#5448,.T.);
#3938=ORIENTED_EDGE('',*,*,#5403,.F.);
#3939=ORIENTED_EDGE('',*,*,#5451,.F.);
#3940=ORIENTED_EDGE('',*,*,#4222,.F.);
#3941=ORIENTED_EDGE('',*,*,#5449,.T.);
#3942=ORIENTED_EDGE('',*,*,#5156,.F.);
#3943=ORIENTED_EDGE('',*,*,#5452,.F.);
#3944=ORIENTED_EDGE('',*,*,#5407,.F.);
#3945=ORIENTED_EDGE('',*,*,#5451,.T.);
#3946=ORIENTED_EDGE('',*,*,#5450,.T.);
#3947=ORIENTED_EDGE('',*,*,#5453,.F.);
#3948=ORIENTED_EDGE('',*,*,#4212,.T.);
#3949=ORIENTED_EDGE('',*,*,#5452,.T.);
#3950=ORIENTED_EDGE('',*,*,#4213,.F.);
#3951=ORIENTED_EDGE('',*,*,#5453,.T.);
#3952=ORIENTED_EDGE('',*,*,#5408,.F.);
#3953=ORIENTED_EDGE('',*,*,#5454,.F.);
#3954=ORIENTED_EDGE('',*,*,#4200,.F.);
#3955=ORIENTED_EDGE('',*,*,#5455,.F.);
#3956=ORIENTED_EDGE('',*,*,#5415,.F.);
#3957=ORIENTED_EDGE('',*,*,#5455,.T.);
#3958=ORIENTED_EDGE('',*,*,#4920,.F.);
#3959=ORIENTED_EDGE('',*,*,#5456,.F.);
#3960=ORIENTED_EDGE('',*,*,#5454,.T.);
#3961=ORIENTED_EDGE('',*,*,#5093,.F.);
#3962=ORIENTED_EDGE('',*,*,#5457,.F.);
#3963=ORIENTED_EDGE('',*,*,#4201,.F.);
#3964=ORIENTED_EDGE('',*,*,#5456,.T.);
#3965=ORIENTED_EDGE('',*,*,#4110,.F.);
#3966=ORIENTED_EDGE('',*,*,#5458,.F.);
#3967=ORIENTED_EDGE('',*,*,#5413,.F.);
#3968=ORIENTED_EDGE('',*,*,#5095,.F.);
#3969=ORIENTED_EDGE('',*,*,#5414,.F.);
#3970=ORIENTED_EDGE('',*,*,#5459,.F.);
#3971=ORIENTED_EDGE('',*,*,#5421,.F.);
#3972=ORIENTED_EDGE('',*,*,#5457,.T.);
#3973=ORIENTED_EDGE('',*,*,#5418,.F.);
#3974=ORIENTED_EDGE('',*,*,#5460,.F.);
#3975=ORIENTED_EDGE('',*,*,#4202,.F.);
#3976=ORIENTED_EDGE('',*,*,#5458,.T.);
#3977=ORIENTED_EDGE('',*,*,#4109,.T.);
#3978=ORIENTED_EDGE('',*,*,#5461,.F.);
#3979=ORIENTED_EDGE('',*,*,#5459,.T.);
#3980=ORIENTED_EDGE('',*,*,#4223,.F.);
#3981=ORIENTED_EDGE('',*,*,#5460,.T.);
#3982=ORIENTED_EDGE('',*,*,#5462,.F.);
#3983=ORIENTED_EDGE('',*,*,#5461,.T.);
#3984=ORIENTED_EDGE('',*,*,#4108,.F.);
#3985=ORIENTED_EDGE('',*,*,#5463,.F.);
#3986=ORIENTED_EDGE('',*,*,#5422,.F.);
#3987=ORIENTED_EDGE('',*,*,#5097,.F.);
#3988=ORIENTED_EDGE('',*,*,#5420,.F.);
#3989=ORIENTED_EDGE('',*,*,#5464,.F.);
#3990=ORIENTED_EDGE('',*,*,#5416,.F.);
#3991=ORIENTED_EDGE('',*,*,#5462,.T.);
#3992=ORIENTED_EDGE('',*,*,#5417,.F.);
#3993=ORIENTED_EDGE('',*,*,#5465,.F.);
#3994=ORIENTED_EDGE('',*,*,#5087,.F.);
#3995=ORIENTED_EDGE('',*,*,#5463,.T.);
#3996=ORIENTED_EDGE('',*,*,#5157,.F.);
#3997=ORIENTED_EDGE('',*,*,#5466,.F.);
#3998=ORIENTED_EDGE('',*,*,#5423,.F.);
#3999=ORIENTED_EDGE('',*,*,#5465,.T.);
#4000=ORIENTED_EDGE('',*,*,#5464,.T.);
#4001=ORIENTED_EDGE('',*,*,#5467,.F.);
#4002=ORIENTED_EDGE('',*,*,#5088,.T.);
#4003=ORIENTED_EDGE('',*,*,#5466,.T.);
#4004=ORIENTED_EDGE('',*,*,#5089,.F.);
#4005=ORIENTED_EDGE('',*,*,#5467,.T.);
#4006=ORIENTED_EDGE('',*,*,#5419,.F.);
#4007=ORIENTED_EDGE('',*,*,#4992,.T.);
#4008=ORIENTED_EDGE('',*,*,#5128,.F.);
#4009=EDGE_CURVE('',#5468,#5469,#6421,.T.);
#4010=EDGE_CURVE('',#5468,#5470,#6422,.F.);
#4011=EDGE_CURVE('',#5470,#5471,#6423,.T.);
#4012=EDGE_CURVE('',#5472,#5471,#600,.F.);
#4013=EDGE_CURVE('',#5472,#5473,#6424,.T.);
#4014=EDGE_CURVE('',#5473,#5474,#400,.T.);
#4015=EDGE_CURVE('NONE',#5474,#5475,#6425,.T.);
#4016=EDGE_CURVE('NONE',#5475,#5476,#601,.F.);
#4017=EDGE_CURVE('NONE',#5476,#5469,#6426,.T.);
#4018=EDGE_CURVE('',#5477,#5478,#602,.F.);
#4019=EDGE_CURVE('',#5478,#5479,#6427,.T.);
#4020=EDGE_CURVE('',#5479,#5480,#6428,.T.);
#4021=EDGE_CURVE('NONE',#5480,#5481,#401,.T.);
#4022=EDGE_CURVE('NONE',#5481,#5482,#6429,.T.);
#4023=EDGE_CURVE('',#5477,#5482,#6430,.T.);
#4024=EDGE_CURVE('',#5483,#5484,#6431,.F.);
#4025=EDGE_CURVE('',#5483,#5485,#603,.F.);
#4026=EDGE_CURVE('NONE',#5486,#5485,#6432,.F.);
#4027=EDGE_CURVE('NONE',#5484,#5486,#604,.F.);
#4028=EDGE_CURVE('',#5487,#5488,#6433,.T.);
#4029=EDGE_CURVE('',#5487,#5469,#605,.F.);
#4030=EDGE_CURVE('NONE',#5488,#5476,#402,.F.);
#4031=EDGE_CURVE('',#5489,#5468,#606,.F.);
#4032=EDGE_CURVE('',#5490,#5489,#6434,.F.);
#4033=EDGE_CURVE('',#5490,#5470,#607,.F.);
#4034=EDGE_CURVE('',#5491,#5492,#6435,.T.);
#4035=EDGE_CURVE('',#5491,#5493,#608,.F.);
#4036=EDGE_CURVE('NONE',#5494,#5493,#6436,.T.);
#4037=EDGE_CURVE('NONE',#5492,#5494,#403,.F.);
#4038=EDGE_CURVE('',#5491,#5495,#6437,.T.);
#4039=EDGE_CURVE('NONE',#5496,#5492,#6438,.T.);
#4040=EDGE_CURVE('NONE',#5496,#5497,#6439,.F.);
#4041=EDGE_CURVE('NONE',#5497,#5498,#6440,.F.);
#4042=EDGE_CURVE('NONE',#5499,#5498,#6441,.F.);
#4043=EDGE_CURVE('NONE',#5499,#5500,#6442,.T.);
#4044=EDGE_CURVE('NONE',#5500,#5501,#6443,.F.);
#4045=EDGE_CURVE('NONE',#5502,#5501,#6444,.T.);
#4046=EDGE_CURVE('NONE',#5502,#5503,#6445,.T.);
#4047=EDGE_CURVE('',#5503,#5504,#6446,.T.);
#4048=EDGE_CURVE('',#5505,#5504,#6447,.T.);
#4049=EDGE_CURVE('',#5505,#5506,#6448,.T.);
#4050=EDGE_CURVE('',#5506,#5507,#6449,.T.);
#4051=EDGE_CURVE('',#5507,#5508,#6450,.T.);
#4052=EDGE_CURVE('',#5508,#5495,#6451,.T.);
#4053=EDGE_CURVE('',#5487,#5509,#6452,.T.);
#4054=EDGE_CURVE('NONE',#5510,#5488,#6453,.F.);
#4055=EDGE_CURVE('NONE',#5510,#5511,#6454,.F.);
#4056=EDGE_CURVE('NONE',#5512,#5511,#6455,.F.);
#4057=EDGE_CURVE('NONE',#5512,#5513,#6456,.T.);
#4058=EDGE_CURVE('',#5513,#5514,#6457,.T.);
#4059=EDGE_CURVE('',#5514,#5509,#6458,.T.);
#4060=EDGE_CURVE('',#5515,#5516,#6459,.F.);
#4061=EDGE_CURVE('',#5515,#5482,#609,.F.);
#4062=EDGE_CURVE('NONE',#5516,#5481,#404,.F.);
#4063=EDGE_CURVE('',#5517,#5518,#610,.T.);
#4064=EDGE_CURVE('',#5517,#5519,#405,.T.);
#4065=EDGE_CURVE('',#5520,#5519,#611,.F.);
#4066=EDGE_CURVE('',#5518,#5520,#406,.T.);
#4067=EDGE_CURVE('',#5521,#5485,#6460,.T.);
#4068=EDGE_CURVE('',#5521,#5522,#6461,.T.);
#4069=EDGE_CURVE('NONE',#5486,#5522,#6462,.T.);
#4070=EDGE_CURVE('',#5519,#5523,#6463,.T.);
#4071=EDGE_CURVE('',#5523,#5524,#6464,.F.);
#4072=EDGE_CURVE('NONE',#5524,#5494,#407,.T.);
#4073=EDGE_CURVE('',#5520,#5493,#6465,.T.);
#4074=EDGE_CURVE('',#5525,#5526,#612,.T.);
#4075=EDGE_CURVE('',#5525,#5478,#408,.T.);
#4076=EDGE_CURVE('',#5526,#5477,#409,.T.);
#4077=EDGE_CURVE('',#5527,#5528,#6466,.T.);
#4078=EDGE_CURVE('',#5527,#5529,#6467,.F.);
#4079=EDGE_CURVE('',#5530,#5529,#6468,.T.);
#4080=EDGE_CURVE('',#5531,#5530,#6469,.T.);
#4081=EDGE_CURVE('',#5532,#5531,#6470,.T.);
#4082=EDGE_CURVE('',#5532,#5533,#6471,.F.);
#4083=EDGE_CURVE('',#5534,#5533,#6472,.T.);
#4084=EDGE_CURVE('',#5535,#5534,#6473,.T.);
#4085=EDGE_CURVE('',#5490,#5535,#6474,.T.);
#4086=EDGE_CURVE('',#5489,#5536,#6475,.T.);
#4087=EDGE_CURVE('',#5537,#5536,#6476,.T.);
#4088=EDGE_CURVE('NONE',#5538,#5537,#6477,.T.);
#4089=EDGE_CURVE('NONE',#5539,#5538,#6478,.T.);
#4090=EDGE_CURVE('NONE',#5539,#5540,#6479,.F.);
#4091=EDGE_CURVE('',#5528,#5540,#6480,.T.);
#4092=EDGE_CURVE('',#5541,#5542,#613,.F.);
#4093=EDGE_CURVE('',#5542,#5517,#6481,.T.);
#4094=EDGE_CURVE('',#5543,#5518,#6482,.T.);
#4095=EDGE_CURVE('',#5543,#5540,#614,.F.);
#4096=EDGE_CURVE('NONE',#5544,#5539,#615,.T.);
#4097=EDGE_CURVE('NONE',#5544,#5541,#6483,.T.);
#4098=EDGE_CURVE('',#5545,#5521,#616,.F.);
#4099=EDGE_CURVE('NONE',#5546,#5545,#6484,.T.);
#4100=EDGE_CURVE('NONE',#5546,#5522,#617,.F.);
#4101=EDGE_CURVE('',#5537,#5547,#618,.F.);
#4102=EDGE_CURVE('',#5547,#5525,#6485,.T.);
#4103=EDGE_CURVE('',#5548,#5526,#6486,.T.);
#4104=EDGE_CURVE('',#5548,#5549,#619,.F.);
#4105=EDGE_CURVE('NONE',#5550,#5549,#6487,.F.);
#4106=EDGE_CURVE('NONE',#5538,#5550,#620,.T.);
#4107=EDGE_CURVE('NONE',#5551,#5552,#6488,.F.);
#4108=EDGE_CURVE('',#5552,#5553,#6489,.F.);
#4109=EDGE_CURVE('',#5554,#5553,#621,.T.);
#4110=EDGE_CURVE('',#5554,#5555,#6490,.F.);
#4111=EDGE_CURVE('',#5555,#5556,#6491,.T.);
#4112=EDGE_CURVE('NONE',#5556,#5557,#622,.T.);
#4113=EDGE_CURVE('NONE',#5557,#5558,#6492,.T.);
#4114=EDGE_CURVE('NONE',#5558,#5546,#623,.F.);
#4115=EDGE_CURVE('',#5545,#5559,#6493,.T.);
#4116=EDGE_CURVE('',#5541,#5559,#6494,.T.);
#4117=EDGE_CURVE('',#5551,#5544,#6495,.F.);
#4118=EDGE_CURVE('',#5560,#5560,#624,.T.);
#4119=EDGE_CURVE('',#5561,#5561,#625,.T.);
#4120=EDGE_CURVE('',#5562,#5563,#6496,.T.);
#4121=EDGE_CURVE('',#5564,#5562,#626,.T.);
#4122=EDGE_CURVE('',#5564,#5565,#6497,.T.);
#4123=EDGE_CURVE('',#5566,#5565,#627,.T.);
#4124=EDGE_CURVE('',#5566,#5567,#6498,.T.);
#4125=EDGE_CURVE('',#5568,#5567,#628,.T.);
#4126=EDGE_CURVE('',#5569,#5568,#6499,.T.);
#4127=EDGE_CURVE('',#5570,#5569,#629,.T.);
#4128=EDGE_CURVE('',#5570,#5571,#6500,.T.);
#4129=EDGE_CURVE('',#5567,#5571,#630,.T.);
#4130=EDGE_CURVE('',#5567,#5572,#6501,.T.);
#4131=EDGE_CURVE('',#5573,#5572,#631,.T.);
#4132=EDGE_CURVE('',#5574,#5573,#6502,.T.);
#4133=EDGE_CURVE('',#5575,#5574,#632,.T.);
#4134=EDGE_CURVE('',#5563,#5575,#6503,.T.);
#4135=EDGE_CURVE('',#5576,#5563,#633,.T.);
#4136=EDGE_CURVE('',#5577,#5576,#6504,.T.);
#4137=EDGE_CURVE('',#5578,#5577,#634,.T.);
#4138=EDGE_CURVE('',#5578,#5579,#6505,.T.);
#4139=EDGE_CURVE('',#5563,#5579,#635,.T.);
#4140=EDGE_CURVE('',#5580,#5581,#6506,.T.);
#4141=EDGE_CURVE('',#5582,#5580,#636,.T.);
#4142=EDGE_CURVE('',#5583,#5582,#6507,.T.);
#4143=EDGE_CURVE('',#5584,#5583,#637,.T.);
#4144=EDGE_CURVE('',#5584,#5585,#6508,.T.);
#4145=EDGE_CURVE('',#5586,#5585,#638,.T.);
#4146=EDGE_CURVE('',#5586,#5587,#6509,.T.);
#4147=EDGE_CURVE('',#5581,#5587,#639,.T.);
#4148=EDGE_CURVE('NONE',#5588,#5589,#6510,.F.);
#4149=EDGE_CURVE('',#5589,#5590,#6511,.T.);
#4150=EDGE_CURVE('',#5590,#5591,#640,.F.);
#4151=EDGE_CURVE('',#5591,#5592,#6512,.F.);
#4152=EDGE_CURVE('',#5592,#5593,#6513,.F.);
#4153=EDGE_CURVE('NONE',#5594,#5593,#6514,.F.);
#4154=EDGE_CURVE('NONE',#5594,#5595,#410,.T.);
#4155=EDGE_CURVE('NONE',#5595,#5596,#6515,.F.);
#4156=EDGE_CURVE('NONE',#5596,#5597,#6516,.T.);
#4157=EDGE_CURVE('NONE',#5598,#5597,#411,.F.);
#4158=EDGE_CURVE('NONE',#5598,#5599,#6517,.F.);
#4159=EDGE_CURVE('NONE',#5600,#5599,#412,.F.);
#4160=EDGE_CURVE('NONE',#5600,#5601,#6518,.F.);
#4161=EDGE_CURVE('NONE',#5601,#5602,#6519,.F.);
#4162=EDGE_CURVE('',#5602,#5603,#641,.F.);
#4163=EDGE_CURVE('',#5603,#5604,#6520,.T.);
#4164=EDGE_CURVE('',#5604,#5605,#642,.F.);
#4165=EDGE_CURVE('',#5605,#5606,#6521,.F.);
#4166=EDGE_CURVE('',#5606,#5607,#643,.F.);
#4167=EDGE_CURVE('',#5607,#5608,#6522,.F.);
#4168=EDGE_CURVE('NONE',#5608,#5609,#6523,.F.);
#4169=EDGE_CURVE('',#5610,#5609,#644,.F.);
#4170=EDGE_CURVE('NONE',#5610,#5611,#6524,.T.);
#4171=EDGE_CURVE('NONE',#5611,#5612,#6525,.F.);
#4172=EDGE_CURVE('',#5612,#5613,#645,.F.);
#4173=EDGE_CURVE('',#5613,#5614,#6526,.F.);
#4174=EDGE_CURVE('NONE',#5614,#5615,#413,.T.);
#4175=EDGE_CURVE('NONE',#5615,#5616,#646,.T.);
#4176=EDGE_CURVE('NONE',#5616,#5617,#6527,.T.);
#4177=EDGE_CURVE('NONE',#5617,#5618,#414,.T.);
#4178=EDGE_CURVE('NONE',#5618,#5619,#6528,.T.);
#4179=EDGE_CURVE('NONE',#5619,#5620,#415,.T.);
#4180=EDGE_CURVE('NONE',#5620,#5621,#6529,.T.);
#4181=EDGE_CURVE('',#5621,#5622,#647,.F.);
#4182=EDGE_CURVE('',#5622,#5623,#6530,.T.);
#4183=EDGE_CURVE('',#5623,#5624,#648,.F.);
#4184=EDGE_CURVE('',#5624,#5625,#6531,.F.);
#4185=EDGE_CURVE('',#5625,#5626,#649,.F.);
#4186=EDGE_CURVE('',#5626,#5627,#6532,.F.);
#4187=EDGE_CURVE('NONE',#5627,#5628,#6533,.T.);
#4188=EDGE_CURVE('NONE',#5628,#5629,#650,.T.);
#4189=EDGE_CURVE('NONE',#5629,#5630,#416,.T.);
#4190=EDGE_CURVE('NONE',#5630,#5631,#6534,.T.);
#4191=EDGE_CURVE('NONE',#5631,#5632,#6535,.F.);
#4192=EDGE_CURVE('NONE',#5633,#5632,#417,.F.);
#4193=EDGE_CURVE('NONE',#5633,#5634,#6536,.T.);
#4194=EDGE_CURVE('NONE',#5635,#5634,#418,.F.);
#4195=EDGE_CURVE('NONE',#5635,#5636,#6537,.T.);
#4196=EDGE_CURVE('NONE',#5636,#5637,#6538,.T.);
#4197=EDGE_CURVE('NONE',#5637,#5638,#419,.T.);
#4198=EDGE_CURVE('NONE',#5639,#5638,#6539,.F.);
#4199=EDGE_CURVE('NONE',#5639,#5640,#6540,.T.);
#4200=EDGE_CURVE('',#5640,#5641,#6541,.T.);
#4201=EDGE_CURVE('',#5641,#5642,#651,.F.);
#4202=EDGE_CURVE('',#5642,#5643,#6542,.F.);
#4203=EDGE_CURVE('',#5643,#5644,#6543,.F.);
#4204=EDGE_CURVE('NONE',#5645,#5644,#6544,.T.);
#4205=EDGE_CURVE('NONE',#5645,#5646,#652,.T.);
#4206=EDGE_CURVE('NONE',#5647,#5646,#6545,.T.);
#4207=EDGE_CURVE('NONE',#5647,#5648,#653,.F.);
#4208=EDGE_CURVE('NONE',#5648,#5588,#6546,.T.);
#4209=EDGE_CURVE('',#5592,#5649,#654,.T.);
#4210=EDGE_CURVE('NONE',#5650,#5649,#6547,.T.);
#4211=EDGE_CURVE('NONE',#5650,#5593,#655,.F.);
#4212=EDGE_CURVE('',#5651,#5652,#656,.T.);
#4213=EDGE_CURVE('',#5651,#5653,#6548,.F.);
#4214=EDGE_CURVE('NONE',#5654,#5653,#6549,.T.);
#4215=EDGE_CURVE('NONE',#5550,#5654,#6550,.T.);
#4216=EDGE_CURVE('',#5655,#5549,#6551,.T.);
#4217=EDGE_CURVE('',#5656,#5655,#6552,.T.);
#4218=EDGE_CURVE('',#5656,#5657,#6553,.T.);
#4219=EDGE_CURVE('NONE',#5657,#5658,#657,.F.);
#4220=EDGE_CURVE('NONE',#5658,#5659,#6554,.F.);
#4221=EDGE_CURVE('NONE',#5659,#5650,#658,.T.);
#4222=EDGE_CURVE('',#5649,#5652,#6555,.T.);
#4223=EDGE_CURVE('',#5643,#5660,#659,.T.);
#4224=EDGE_CURVE('NONE',#5661,#5660,#6556,.T.);
#4225=EDGE_CURVE('NONE',#5644,#5661,#660,.T.);
#4226=EDGE_CURVE('',#5662,#5663,#661,.F.);
#4227=EDGE_CURVE('',#5662,#5664,#6557,.T.);
#4228=EDGE_CURVE('',#5664,#5665,#6558,.F.);
#4229=EDGE_CURVE('',#5665,#5666,#6559,.T.);
#4230=EDGE_CURVE('',#5666,#5667,#6560,.T.);
#4231=EDGE_CURVE('NONE',#5667,#5668,#662,.F.);
#4232=EDGE_CURVE('NONE',#5668,#5669,#6561,.T.);
#4233=EDGE_CURVE('NONE',#5669,#5670,#420,.T.);
#4234=EDGE_CURVE('NONE',#5670,#5671,#6562,.T.);
#4235=EDGE_CURVE('NONE',#5671,#5672,#421,.T.);
#4236=EDGE_CURVE('',#5672,#5663,#6563,.T.);
#4237=EDGE_CURVE('NONE',#5673,#5674,#6564,.F.);
#4238=EDGE_CURVE('',#5674,#5675,#6565,.T.);
#4239=EDGE_CURVE('',#5675,#5676,#6566,.T.);
#4240=EDGE_CURVE('',#5676,#5677,#663,.T.);
#4241=EDGE_CURVE('',#5677,#5678,#6567,.T.);
#4242=EDGE_CURVE('',#5678,#5679,#664,.T.);
#4243=EDGE_CURVE('',#5679,#5680,#6568,.T.);
#4244=EDGE_CURVE('NONE',#5680,#5673,#6569,.T.);
#4245=EDGE_CURVE('NONE',#5681,#5682,#6570,.T.);
#4246=EDGE_CURVE('',#5682,#5683,#665,.F.);
#4247=EDGE_CURVE('',#5683,#5684,#6571,.T.);
#4248=EDGE_CURVE('',#5684,#5685,#666,.F.);
#4249=EDGE_CURVE('',#5685,#5686,#6572,.F.);
#4250=EDGE_CURVE('',#5686,#5687,#667,.F.);
#4251=EDGE_CURVE('',#5687,#5688,#6573,.F.);
#4252=EDGE_CURVE('NONE',#5688,#5689,#422,.T.);
#4253=EDGE_CURVE('NONE',#5689,#5690,#6574,.T.);
#4254=EDGE_CURVE('NONE',#5690,#5691,#423,.T.);
#4255=EDGE_CURVE('NONE',#5691,#5692,#6575,.T.);
#4256=EDGE_CURVE('NONE',#5692,#5693,#424,.T.);
#4257=EDGE_CURVE('NONE',#5693,#5681,#6576,.T.);
#4258=EDGE_CURVE('',#5694,#5695,#6577,.F.);
#4259=EDGE_CURVE('',#5694,#5696,#668,.F.);
#4260=EDGE_CURVE('',#5697,#5696,#6578,.F.);
#4261=EDGE_CURVE('',#5697,#5698,#669,.F.);
#4262=EDGE_CURVE('',#5699,#5698,#6579,.T.);
#4263=EDGE_CURVE('',#5699,#5700,#670,.F.);
#4264=EDGE_CURVE('',#5701,#5700,#6580,.T.);
#4265=EDGE_CURVE('',#5701,#5695,#671,.F.);
#4266=EDGE_CURVE('',#5702,#5703,#6581,.T.);
#4267=EDGE_CURVE('',#5703,#5704,#672,.F.);
#4268=EDGE_CURVE('',#5704,#5705,#6582,.F.);
#4269=EDGE_CURVE('',#5705,#5702,#673,.F.);
#4270=EDGE_CURVE('',#5706,#5707,#674,.T.);
#4271=EDGE_CURVE('',#5706,#5708,#6583,.T.);
#4272=EDGE_CURVE('',#5709,#5708,#675,.T.);
#4273=EDGE_CURVE('',#5710,#5709,#6584,.T.);
#4274=EDGE_CURVE('',#5711,#5710,#676,.T.);
#4275=EDGE_CURVE('',#5712,#5711,#6585,.T.);
#4276=EDGE_CURVE('',#5713,#5712,#677,.T.);
#4277=EDGE_CURVE('',#5713,#5707,#6586,.T.);
#4278=EDGE_CURVE('',#5714,#5714,#678,.T.);
#4279=EDGE_CURVE('',#5715,#5708,#6587,.T.);
#4280=EDGE_CURVE('',#5715,#5716,#679,.T.);
#4281=EDGE_CURVE('',#5716,#5581,#6588,.T.);
#4282=EDGE_CURVE('',#5717,#5587,#6589,.T.);
#4283=EDGE_CURVE('',#5717,#5718,#680,.T.);
#4284=EDGE_CURVE('',#5718,#5709,#6590,.T.);
#4285=EDGE_CURVE('',#5719,#5719,#681,.T.);
#4286=EDGE_CURVE('',#5720,#5583,#6591,.T.);
#4287=EDGE_CURVE('',#5720,#5721,#682,.T.);
#4288=EDGE_CURVE('',#5721,#5713,#6592,.T.);
#4289=EDGE_CURVE('',#5722,#5712,#6593,.T.);
#4290=EDGE_CURVE('',#5722,#5723,#683,.T.);
#4291=EDGE_CURVE('',#5723,#5584,#6594,.T.);
#4292=EDGE_CURVE('',#5724,#5724,#684,.T.);
#4293=EDGE_CURVE('',#5725,#5580,#6595,.T.);
#4294=EDGE_CURVE('',#5725,#5726,#685,.T.);
#4295=EDGE_CURVE('',#5726,#5706,#6596,.T.);
#4296=EDGE_CURVE('',#5727,#5707,#6597,.T.);
#4297=EDGE_CURVE('',#5727,#5728,#686,.T.);
#4298=EDGE_CURVE('',#5728,#5582,#6598,.T.);
#4299=EDGE_CURVE('',#5729,#5729,#687,.T.);
#4300=EDGE_CURVE('',#5730,#5710,#6599,.T.);
#4301=EDGE_CURVE('',#5730,#5731,#688,.T.);
#4302=EDGE_CURVE('',#5731,#5586,#6600,.T.);
#4303=EDGE_CURVE('',#5732,#5585,#6601,.T.);
#4304=EDGE_CURVE('',#5732,#5733,#689,.T.);
#4305=EDGE_CURVE('',#5733,#5711,#6602,.T.);
#4306=EDGE_CURVE('',#5734,#5734,#690,.T.);
#4307=EDGE_CURVE('',#5735,#5569,#6603,.T.);
#4308=EDGE_CURVE('',#5735,#5736,#691,.T.);
#4309=EDGE_CURVE('',#5736,#5570,#6604,.T.);
#4310=EDGE_CURVE('',#5737,#5737,#692,.T.);
#4311=EDGE_CURVE('',#5738,#5579,#6605,.T.);
#4312=EDGE_CURVE('',#5738,#5739,#693,.T.);
#4313=EDGE_CURVE('',#5739,#5576,#6606,.T.);
#4314=EDGE_CURVE('',#5740,#5740,#694,.T.);
#4315=EDGE_CURVE('',#5741,#5571,#6607,.T.);
#4316=EDGE_CURVE('',#5741,#5742,#695,.T.);
#4317=EDGE_CURVE('',#5742,#5568,#6608,.T.);
#4318=EDGE_CURVE('',#5743,#5743,#696,.T.);
#4319=EDGE_CURVE('',#5744,#5577,#6609,.T.);
#4320=EDGE_CURVE('',#5744,#5745,#697,.T.);
#4321=EDGE_CURVE('',#5745,#5578,#6610,.T.);
#4322=EDGE_CURVE('NONE',#5746,#5747,#698,.F.);
#4323=EDGE_CURVE('NONE',#5747,#5748,#6611,.T.);
#4324=EDGE_CURVE('NONE',#5748,#5749,#699,.T.);
#4325=EDGE_CURVE('NONE',#5749,#5746,#6612,.T.);
#4326=EDGE_CURVE('NONE',#5748,#5750,#425,.T.);
#4327=EDGE_CURVE('NONE',#5751,#5747,#426,.T.);
#4328=EDGE_CURVE('NONE',#5750,#5751,#6613,.F.);
#4329=EDGE_CURVE('NONE',#5750,#5752,#427,.T.);
#4330=EDGE_CURVE('NONE',#5751,#5753,#71,.F.);
#4331=EDGE_CURVE('NONE',#5753,#5752,#6614,.T.);
#4332=EDGE_CURVE('NONE',#5754,#5755,#700,.T.);
#4333=EDGE_CURVE('NONE',#5755,#5756,#6615,.F.);
#4334=EDGE_CURVE('NONE',#5756,#5757,#701,.F.);
#4335=EDGE_CURVE('NONE',#5757,#5754,#6616,.T.);
#4336=EDGE_CURVE('NONE',#5756,#5758,#428,.T.);
#4337=EDGE_CURVE('NONE',#5759,#5755,#429,.T.);
#4338=EDGE_CURVE('NONE',#5758,#5759,#6617,.F.);
#4339=EDGE_CURVE('NONE',#5758,#5760,#430,.T.);
#4340=EDGE_CURVE('NONE',#5761,#5759,#431,.T.);
#4341=EDGE_CURVE('NONE',#5761,#5760,#6618,.T.);
#4342=EDGE_CURVE('NONE',#5762,#5763,#6619,.T.);
#4343=EDGE_CURVE('NONE',#5763,#5764,#6620,.F.);
#4344=EDGE_CURVE('NONE',#5764,#5765,#6621,.F.);
#4345=EDGE_CURVE('NONE',#5765,#5762,#6622,.T.);
#4346=EDGE_CURVE('NONE',#5766,#5767,#6623,.F.);
#4347=EDGE_CURVE('NONE',#5766,#5768,#6624,.F.);
#4348=EDGE_CURVE('NONE',#5769,#5768,#6625,.F.);
#4349=EDGE_CURVE('NONE',#5769,#5767,#6626,.T.);
#4350=EDGE_CURVE('NONE',#5770,#5670,#432,.F.);
#4351=EDGE_CURVE('NONE',#5769,#5669,#433,.T.);
#4352=EDGE_CURVE('NONE',#5770,#5769,#434,.T.);
#4353=EDGE_CURVE('NONE',#5767,#5668,#435,.F.);
#4354=EDGE_CURVE('NONE',#5502,#5667,#436,.T.);
#4355=EDGE_CURVE('NONE',#5767,#5502,#437,.T.);
#4356=EDGE_CURVE('NONE',#5768,#5771,#438,.T.);
#4357=EDGE_CURVE('NONE',#5771,#5770,#6627,.T.);
#4358=EDGE_CURVE('NONE',#5772,#5671,#439,.T.);
#4359=EDGE_CURVE('NONE',#5772,#5770,#6628,.T.);
#4360=EDGE_CURVE('NONE',#5773,#5774,#440,.T.);
#4361=EDGE_CURVE('NONE',#5773,#5775,#6629,.F.);
#4362=EDGE_CURVE('NONE',#5776,#5775,#441,.T.);
#4363=EDGE_CURVE('NONE',#5776,#5774,#6630,.T.);
#4364=EDGE_CURVE('NONE',#5775,#5777,#442,.T.);
#4365=EDGE_CURVE('NONE',#5778,#5773,#443,.T.);
#4366=EDGE_CURVE('NONE',#5777,#5778,#6631,.T.);
#4367=EDGE_CURVE('NONE',#5777,#5779,#702,.F.);
#4368=EDGE_CURVE('NONE',#5780,#5778,#703,.T.);
#4369=EDGE_CURVE('NONE',#5779,#5780,#6632,.F.);
#4370=EDGE_CURVE('NONE',#5781,#5782,#444,.T.);
#4371=EDGE_CURVE('NONE',#5781,#5783,#6633,.F.);
#4372=EDGE_CURVE('NONE',#5783,#5784,#72,.F.);
#4373=EDGE_CURVE('NONE',#5784,#5782,#6634,.T.);
#4374=EDGE_CURVE('NONE',#5783,#5785,#445,.T.);
#4375=EDGE_CURVE('NONE',#5786,#5781,#446,.T.);
#4376=EDGE_CURVE('NONE',#5785,#5786,#6635,.F.);
#4377=EDGE_CURVE('NONE',#5785,#5787,#704,.T.);
#4378=EDGE_CURVE('NONE',#5788,#5786,#705,.F.);
#4379=EDGE_CURVE('NONE',#5787,#5788,#6636,.F.);
#4380=EDGE_CURVE('NONE',#5789,#5790,#6637,.F.);
#4381=EDGE_CURVE('NONE',#5790,#5791,#6638,.T.);
#4382=EDGE_CURVE('NONE',#5791,#5792,#6639,.T.);
#4383=EDGE_CURVE('NONE',#5792,#5789,#6640,.F.);
#4384=EDGE_CURVE('NONE',#5793,#5764,#706,.F.);
#4385=EDGE_CURVE('NONE',#5794,#5763,#707,.F.);
#4386=EDGE_CURVE('NONE',#5793,#5794,#6641,.T.);
#4387=EDGE_CURVE('NONE',#5793,#5795,#708,.T.);
#4388=EDGE_CURVE('NONE',#5795,#5764,#709,.T.);
#4389=EDGE_CURVE('NONE',#5796,#5795,#6642,.T.);
#4390=EDGE_CURVE('NONE',#5765,#5796,#710,.F.);
#4391=EDGE_CURVE('NONE',#5796,#5797,#711,.F.);
#4392=EDGE_CURVE('NONE',#5765,#5797,#712,.F.);
#4393=EDGE_CURVE('NONE',#5798,#5797,#6643,.F.);
#4394=EDGE_CURVE('NONE',#5762,#5798,#713,.F.);
#4395=EDGE_CURVE('NONE',#5752,#5799,#447,.T.);
#4396=EDGE_CURVE('NONE',#5799,#5800,#714,.T.);
#4397=EDGE_CURVE('NONE',#5749,#5800,#6644,.T.);
#4398=EDGE_CURVE('NONE',#5800,#5801,#6645,.F.);
#4399=EDGE_CURVE('NONE',#5746,#5801,#6646,.T.);
#4400=EDGE_CURVE('NONE',#5801,#5802,#715,.F.);
#4401=EDGE_CURVE('NONE',#5802,#5753,#448,.T.);
#4402=EDGE_CURVE('NONE',#5799,#5802,#6647,.F.);
#4403=EDGE_CURVE('NONE',#5760,#5803,#449,.T.);
#4404=EDGE_CURVE('NONE',#5803,#5804,#716,.F.);
#4405=EDGE_CURVE('NONE',#5757,#5804,#6648,.T.);
#4406=EDGE_CURVE('NONE',#5804,#5805,#6649,.F.);
#4407=EDGE_CURVE('NONE',#5754,#5805,#6650,.T.);
#4408=EDGE_CURVE('NONE',#5805,#5806,#717,.T.);
#4409=EDGE_CURVE('NONE',#5806,#5761,#450,.T.);
#4410=EDGE_CURVE('NONE',#5803,#5806,#6651,.T.);
#4411=EDGE_CURVE('NONE',#5798,#5807,#718,.T.);
#4412=EDGE_CURVE('NONE',#5807,#5808,#719,.T.);
#4413=EDGE_CURVE('NONE',#5762,#5808,#720,.F.);
#4414=EDGE_CURVE('NONE',#5809,#5763,#721,.T.);
#4415=EDGE_CURVE('NONE',#5809,#5808,#6652,.T.);
#4416=EDGE_CURVE('NONE',#5810,#5794,#722,.F.);
#4417=EDGE_CURVE('NONE',#5809,#5810,#723,.T.);
#4418=EDGE_CURVE('NONE',#5811,#5812,#451,.T.);
#4419=EDGE_CURVE('NONE',#5794,#5812,#6653,.F.);
#4420=EDGE_CURVE('NONE',#5811,#5810,#6654,.T.);
#4421=EDGE_CURVE('NONE',#5813,#5814,#452,.T.);
#4422=EDGE_CURVE('NONE',#5807,#5814,#6655,.T.);
#4423=EDGE_CURVE('NONE',#5813,#5798,#6656,.F.);
#4424=EDGE_CURVE('NONE',#5501,#5766,#453,.T.);
#4425=EDGE_CURVE('',#5503,#5666,#724,.F.);
#4426=EDGE_CURVE('NONE',#5681,#5500,#725,.F.);
#4427=EDGE_CURVE('NONE',#5693,#5501,#454,.T.);
#4428=EDGE_CURVE('NONE',#5692,#5766,#455,.F.);
#4429=EDGE_CURVE('NONE',#5691,#5768,#456,.T.);
#4430=EDGE_CURVE('NONE',#5690,#5771,#457,.F.);
#4431=EDGE_CURVE('NONE',#5689,#5815,#458,.T.);
#4432=EDGE_CURVE('NONE',#5771,#5815,#6657,.F.);
#4433=EDGE_CURVE('NONE',#5816,#5688,#459,.T.);
#4434=EDGE_CURVE('NONE',#5815,#5816,#460,.T.);
#4435=EDGE_CURVE('NONE',#5772,#5815,#6658,.F.);
#4436=EDGE_CURVE('',#5672,#5817,#461,.T.);
#4437=EDGE_CURVE('',#5817,#5772,#462,.T.);
#4438=EDGE_CURVE('NONE',#5792,#5818,#726,.T.);
#4439=EDGE_CURVE('NONE',#5819,#5818,#6659,.F.);
#4440=EDGE_CURVE('NONE',#5789,#5819,#727,.F.);
#4441=EDGE_CURVE('NONE',#5820,#5789,#728,.T.);
#4442=EDGE_CURVE('NONE',#5820,#5819,#729,.T.);
#4443=EDGE_CURVE('NONE',#5790,#5821,#730,.T.);
#4444=EDGE_CURVE('NONE',#5821,#5820,#6660,.T.);
#4445=EDGE_CURVE('NONE',#5822,#5790,#731,.F.);
#4446=EDGE_CURVE('NONE',#5822,#5821,#732,.F.);
#4447=EDGE_CURVE('NONE',#5823,#5791,#733,.T.);
#4448=EDGE_CURVE('NONE',#5823,#5822,#6661,.T.);
#4449=EDGE_CURVE('NONE',#5824,#5825,#6662,.F.);
#4450=EDGE_CURVE('NONE',#5779,#5824,#6663,.T.);
#4451=EDGE_CURVE('NONE',#5780,#5825,#6664,.T.);
#4452=EDGE_CURVE('NONE',#5826,#5824,#734,.F.);
#4453=EDGE_CURVE('NONE',#5826,#5776,#463,.T.);
#4454=EDGE_CURVE('NONE',#5827,#5826,#6665,.F.);
#4455=EDGE_CURVE('NONE',#5774,#5827,#464,.T.);
#4456=EDGE_CURVE('NONE',#5825,#5827,#735,.T.);
#4457=EDGE_CURVE('NONE',#5828,#5829,#6666,.F.);
#4458=EDGE_CURVE('NONE',#5787,#5828,#6667,.T.);
#4459=EDGE_CURVE('NONE',#5788,#5829,#6668,.T.);
#4460=EDGE_CURVE('NONE',#5830,#5828,#736,.T.);
#4461=EDGE_CURVE('NONE',#5830,#5784,#465,.T.);
#4462=EDGE_CURVE('NONE',#5831,#5830,#6669,.T.);
#4463=EDGE_CURVE('NONE',#5782,#5831,#466,.T.);
#4464=EDGE_CURVE('NONE',#5829,#5831,#737,.F.);
#4465=EDGE_CURVE('NONE',#5832,#5823,#738,.F.);
#4466=EDGE_CURVE('NONE',#5833,#5823,#6670,.T.);
#4467=EDGE_CURVE('NONE',#5834,#5833,#467,.F.);
#4468=EDGE_CURVE('NONE',#5832,#5834,#6671,.T.);
#4469=EDGE_CURVE('NONE',#5832,#5835,#739,.T.);
#4470=EDGE_CURVE('NONE',#5835,#5791,#740,.F.);
#4471=EDGE_CURVE('NONE',#5836,#5835,#6672,.T.);
#4472=EDGE_CURVE('NONE',#5792,#5836,#741,.T.);
#4473=EDGE_CURVE('NONE',#5836,#5837,#742,.T.);
#4474=EDGE_CURVE('NONE',#5818,#5837,#743,.T.);
#4475=EDGE_CURVE('NONE',#5838,#5837,#6673,.T.);
#4476=EDGE_CURVE('NONE',#5839,#5838,#468,.F.);
#4477=EDGE_CURVE('NONE',#5818,#5839,#6674,.T.);
#4478=EDGE_CURVE('NONE',#5840,#5840,#744,.F.);
#4479=EDGE_CURVE('NONE',#5841,#5841,#745,.F.);
#4480=EDGE_CURVE('NONE',#5842,#5842,#746,.T.);
#4481=EDGE_CURVE('NONE',#5843,#5843,#747,.T.);
#4482=EDGE_CURVE('NONE',#5844,#5524,#469,.T.);
#4483=EDGE_CURVE('NONE',#5492,#5844,#470,.T.);
#4484=EDGE_CURVE('',#5845,#5523,#748,.F.);
#4485=EDGE_CURVE('NONE',#5844,#5845,#6675,.F.);
#4486=EDGE_CURVE('NONE',#5846,#5486,#749,.T.);
#4487=EDGE_CURVE('NONE',#5847,#5846,#750,.T.);
#4488=EDGE_CURVE('NONE',#5484,#5847,#751,.T.);
#4489=EDGE_CURVE('NONE',#5848,#5846,#6676,.T.);
#4490=EDGE_CURVE('NONE',#5849,#5848,#752,.T.);
#4491=EDGE_CURVE('NONE',#5847,#5849,#6677,.F.);
#4492=EDGE_CURVE('NONE',#5850,#5851,#753,.T.);
#4493=EDGE_CURVE('NONE',#5852,#5851,#6678,.F.);
#4494=EDGE_CURVE('NONE',#5853,#5852,#754,.F.);
#4495=EDGE_CURVE('NONE',#5850,#5853,#6679,.F.);
#4496=EDGE_CURVE('NONE',#5680,#5854,#755,.T.);
#4497=EDGE_CURVE('NONE',#5851,#5854,#756,.T.);
#4498=EDGE_CURVE('NONE',#5680,#5850,#757,.T.);
#4499=EDGE_CURVE('NONE',#5512,#5480,#471,.T.);
#4500=EDGE_CURVE('NONE',#5516,#5512,#472,.T.);
#4501=EDGE_CURVE('',#5513,#5479,#758,.F.);
#4502=EDGE_CURVE('NONE',#5855,#5475,#473,.T.);
#4503=EDGE_CURVE('NONE',#5488,#5855,#474,.T.);
#4504=EDGE_CURVE('NONE',#5856,#5474,#475,.F.);
#4505=EDGE_CURVE('NONE',#5855,#5856,#6680,.T.);
#4506=EDGE_CURVE('NONE',#5857,#5858,#759,.F.);
#4507=EDGE_CURVE('NONE',#5859,#5858,#760,.F.);
#4508=EDGE_CURVE('NONE',#5860,#5859,#761,.T.);
#4509=EDGE_CURVE('NONE',#5857,#5860,#762,.F.);
#4510=EDGE_CURVE('NONE',#5861,#5859,#6681,.T.);
#4511=EDGE_CURVE('NONE',#5862,#5861,#763,.T.);
#4512=EDGE_CURVE('NONE',#5860,#5862,#6682,.T.);
#4513=EDGE_CURVE('NONE',#5863,#5864,#764,.T.);
#4514=EDGE_CURVE('NONE',#5865,#5864,#6683,.T.);
#4515=EDGE_CURVE('NONE',#5866,#5865,#765,.F.);
#4516=EDGE_CURVE('NONE',#5863,#5866,#6684,.F.);
#4517=EDGE_CURVE('NONE',#5867,#5863,#766,.F.);
#4518=EDGE_CURVE('NONE',#5868,#5867,#767,.T.);
#4519=EDGE_CURVE('NONE',#5864,#5868,#768,.F.);
#4520=EDGE_CURVE('NONE',#5869,#5867,#6685,.T.);
#4521=EDGE_CURVE('NONE',#5870,#5869,#476,.F.);
#4522=EDGE_CURVE('NONE',#5868,#5870,#6686,.T.);
#4523=EDGE_CURVE('NONE',#5871,#5869,#477,.T.);
#4524=EDGE_CURVE('NONE',#5872,#5871,#478,.T.);
#4525=EDGE_CURVE('NONE',#5870,#5872,#479,.T.);
#4526=EDGE_CURVE('NONE',#5873,#5871,#6687,.F.);
#4527=EDGE_CURVE('NONE',#5874,#5873,#480,.F.);
#4528=EDGE_CURVE('NONE',#5872,#5874,#6688,.F.);
#4529=EDGE_CURVE('NONE',#5875,#5873,#481,.T.);
#4530=EDGE_CURVE('NONE',#5876,#5875,#482,.T.);
#4531=EDGE_CURVE('NONE',#5874,#5876,#483,.T.);
#4532=EDGE_CURVE('NONE',#5877,#5875,#6689,.T.);
#4533=EDGE_CURVE('NONE',#5878,#5877,#484,.F.);
#4534=EDGE_CURVE('NONE',#5876,#5878,#6690,.F.);
#4535=EDGE_CURVE('NONE',#5879,#5877,#485,.T.);
#4536=EDGE_CURVE('NONE',#5880,#5879,#486,.T.);
#4537=EDGE_CURVE('NONE',#5878,#5880,#487,.T.);
#4538=EDGE_CURVE('NONE',#5881,#5879,#6691,.F.);
#4539=EDGE_CURVE('NONE',#5882,#5881,#488,.F.);
#4540=EDGE_CURVE('NONE',#5880,#5882,#6692,.F.);
#4541=EDGE_CURVE('NONE',#5883,#5881,#489,.T.);
#4542=EDGE_CURVE('NONE',#5884,#5883,#490,.T.);
#4543=EDGE_CURVE('NONE',#5882,#5884,#491,.T.);
#4544=EDGE_CURVE('NONE',#5885,#5883,#6693,.T.);
#4545=EDGE_CURVE('NONE',#5886,#5885,#492,.F.);
#4546=EDGE_CURVE('NONE',#5884,#5886,#6694,.F.);
#4547=EDGE_CURVE('NONE',#5887,#5885,#493,.T.);
#4548=EDGE_CURVE('NONE',#5888,#5887,#494,.T.);
#4549=EDGE_CURVE('NONE',#5886,#5888,#495,.T.);
#4550=EDGE_CURVE('NONE',#5889,#5887,#6695,.F.);
#4551=EDGE_CURVE('NONE',#5890,#5889,#496,.F.);
#4552=EDGE_CURVE('NONE',#5888,#5890,#6696,.F.);
#4553=EDGE_CURVE('NONE',#5891,#5889,#497,.T.);
#4554=EDGE_CURVE('NONE',#5892,#5891,#498,.T.);
#4555=EDGE_CURVE('NONE',#5890,#5892,#499,.T.);
#4556=EDGE_CURVE('NONE',#5858,#5891,#6697,.F.);
#4557=EDGE_CURVE('NONE',#5892,#5857,#6698,.T.);
#4558=EDGE_CURVE('',#5471,#5893,#6699,.T.);
#4559=EDGE_CURVE('',#5893,#5535,#6700,.T.);
#4560=EDGE_CURVE('',#5893,#5894,#769,.T.);
#4561=EDGE_CURVE('',#5534,#5894,#6701,.T.);
#4562=EDGE_CURVE('',#5894,#5662,#6702,.F.);
#4563=EDGE_CURVE('',#5664,#5533,#770,.F.);
#4564=EDGE_CURVE('',#5532,#5665,#771,.F.);
#4565=EDGE_CURVE('NONE',#5638,#5848,#772,.F.);
#4566=EDGE_CURVE('NONE',#5895,#5638,#500,.F.);
#4567=EDGE_CURVE('NONE',#5849,#5895,#773,.F.);
#4568=EDGE_CURVE('NONE',#5636,#5896,#501,.F.);
#4569=EDGE_CURVE('NONE',#5812,#5896,#502,.T.);
#4570=EDGE_CURVE('NONE',#5636,#5811,#503,.T.);
#4571=EDGE_CURVE('NONE',#5896,#5897,#6703,.F.);
#4572=EDGE_CURVE('NONE',#5897,#5793,#6704,.T.);
#4573=EDGE_CURVE('NONE',#5897,#5898,#504,.T.);
#4574=EDGE_CURVE('NONE',#5795,#5898,#6705,.T.);
#4575=EDGE_CURVE('NONE',#5899,#5796,#6706,.T.);
#4576=EDGE_CURVE('NONE',#5898,#5899,#6707,.F.);
#4577=EDGE_CURVE('NONE',#5899,#5900,#505,.T.);
#4578=EDGE_CURVE('NONE',#5797,#5900,#6708,.T.);
#4579=EDGE_CURVE('NONE',#5901,#5813,#506,.T.);
#4580=EDGE_CURVE('NONE',#5900,#5901,#6709,.T.);
#4581=EDGE_CURVE('',#5483,#5845,#6710,.T.);
#4582=EDGE_CURVE('NONE',#5895,#5811,#6711,.T.);
#4583=EDGE_CURVE('NONE',#5814,#5902,#6712,.T.);
#4584=EDGE_CURVE('NONE',#5844,#5902,#6713,.F.);
#4585=EDGE_CURVE('NONE',#5901,#5631,#507,.F.);
#4586=EDGE_CURVE('NONE',#5814,#5631,#508,.T.);
#4587=EDGE_CURVE('NONE',#5902,#5496,#509,.T.);
#4588=EDGE_CURVE('',#5903,#5498,#6714,.T.);
#4589=EDGE_CURVE('',#5903,#5904,#6715,.T.);
#4590=EDGE_CURVE('',#5904,#5499,#6716,.T.);
#4591=EDGE_CURVE('',#5505,#5903,#6717,.T.);
#4592=EDGE_CURVE('',#5904,#5504,#6718,.T.);
#4593=EDGE_CURVE('',#5507,#5905,#774,.F.);
#4594=EDGE_CURVE('',#5906,#5506,#775,.F.);
#4595=EDGE_CURVE('',#5905,#5906,#6719,.T.);
#4596=EDGE_CURVE('',#5527,#5907,#776,.F.);
#4597=EDGE_CURVE('',#5908,#5907,#6720,.F.);
#4598=EDGE_CURVE('',#5908,#5529,#777,.F.);
#4599=EDGE_CURVE('NONE',#5530,#5909,#6721,.T.);
#4600=EDGE_CURVE('',#5909,#5910,#778,.T.);
#4601=EDGE_CURVE('',#5910,#5531,#6722,.F.);
#4602=EDGE_CURVE('',#5682,#5910,#6723,.T.);
#4603=EDGE_CURVE('',#5911,#5912,#6724,.F.);
#4604=EDGE_CURVE('',#5912,#5913,#779,.T.);
#4605=EDGE_CURVE('',#5913,#5914,#6725,.T.);
#4606=EDGE_CURVE('',#5914,#5911,#780,.T.);
#4607=EDGE_CURVE('',#5912,#5683,#6726,.F.);
#4608=EDGE_CURVE('',#5684,#5911,#6727,.T.);
#4609=EDGE_CURVE('',#5663,#5915,#6728,.T.);
#4610=EDGE_CURVE('',#5817,#5916,#73,.F.);
#4611=EDGE_CURVE('',#5916,#5917,#6729,.T.);
#4612=EDGE_CURVE('',#5917,#5918,#6730,.T.);
#4613=EDGE_CURVE('NONE',#5816,#5918,#510,.T.);
#4614=EDGE_CURVE('',#5919,#5687,#6731,.F.);
#4615=EDGE_CURVE('',#5915,#5919,#6732,.T.);
#4616=EDGE_CURVE('',#5920,#5921,#6733,.F.);
#4617=EDGE_CURVE('',#5921,#5922,#781,.T.);
#4618=EDGE_CURVE('',#5922,#5923,#6734,.T.);
#4619=EDGE_CURVE('',#5923,#5920,#782,.T.);
#4620=EDGE_CURVE('',#5921,#5685,#6735,.F.);
#4621=EDGE_CURVE('',#5686,#5920,#6736,.T.);
#4622=EDGE_CURVE('',#5924,#5473,#511,.F.);
#4623=EDGE_CURVE('NONE',#5856,#5924,#512,.T.);
#4624=EDGE_CURVE('',#5925,#5916,#74,.F.);
#4625=EDGE_CURVE('',#5926,#5925,#6737,.T.);
#4626=EDGE_CURVE('',#5926,#5917,#783,.T.);
#4627=EDGE_CURVE('',#5926,#5927,#6738,.T.);
#4628=EDGE_CURVE('NONE',#5927,#5918,#513,.T.);
#4629=EDGE_CURVE('',#5928,#5929,#6739,.F.);
#4630=EDGE_CURVE('',#5929,#5915,#784,.T.);
#4631=EDGE_CURVE('',#5919,#5928,#785,.T.);
#4632=EDGE_CURVE('NONE',#5927,#5930,#514,.T.);
#4633=EDGE_CURVE('NONE',#5930,#5931,#515,.T.);
#4634=EDGE_CURVE('NONE',#5931,#5856,#6740,.T.);
#4635=EDGE_CURVE('',#5925,#5924,#75,.F.);
#4636=EDGE_CURVE('NONE',#5931,#5932,#6741,.F.);
#4637=EDGE_CURVE('NONE',#5855,#5932,#6742,.T.);
#4638=EDGE_CURVE('NONE',#5932,#5510,#516,.T.);
#4639=EDGE_CURVE('NONE',#5511,#5933,#517,.T.);
#4640=EDGE_CURVE('NONE',#5933,#5516,#6743,.T.);
#4641=EDGE_CURVE('',#5934,#5935,#6744,.F.);
#4642=EDGE_CURVE('',#5934,#5936,#6745,.F.);
#4643=EDGE_CURVE('',#5515,#5936,#6746,.T.);
#4644=EDGE_CURVE('NONE',#5933,#5935,#6747,.T.);
#4645=EDGE_CURVE('',#5936,#5675,#786,.F.);
#4646=EDGE_CURVE('',#5676,#5934,#518,.T.);
#4647=EDGE_CURVE('',#5937,#5938,#787,.T.);
#4648=EDGE_CURVE('',#5939,#5937,#6748,.T.);
#4649=EDGE_CURVE('',#5940,#5939,#788,.T.);
#4650=EDGE_CURVE('',#5940,#5941,#6749,.T.);
#4651=EDGE_CURVE('NONE',#5941,#5942,#6750,.F.);
#4652=EDGE_CURVE('NONE',#5942,#5943,#789,.T.);
#4653=EDGE_CURVE('NONE',#5943,#5944,#6751,.T.);
#4654=EDGE_CURVE('NONE',#5944,#5938,#6752,.T.);
#4655=EDGE_CURVE('',#5937,#5694,#6753,.F.);
#4656=EDGE_CURVE('',#5695,#5939,#6754,.T.);
#4657=EDGE_CURVE('',#5945,#5946,#790,.T.);
#4658=EDGE_CURVE('',#5945,#5947,#6755,.T.);
#4659=EDGE_CURVE('',#5948,#5947,#791,.T.);
#4660=EDGE_CURVE('',#5946,#5948,#6756,.T.);
#4661=EDGE_CURVE('',#5696,#5946,#6757,.T.);
#4662=EDGE_CURVE('',#5948,#5697,#6758,.F.);
#4663=EDGE_CURVE('',#5700,#5949,#6759,.T.);
#4664=EDGE_CURVE('',#5949,#5950,#6760,.F.);
#4665=EDGE_CURVE('',#5950,#5701,#6761,.F.);
#4666=EDGE_CURVE('',#5951,#5949,#792,.T.);
#4667=EDGE_CURVE('',#5951,#5952,#6762,.F.);
#4668=EDGE_CURVE('',#5950,#5952,#793,.T.);
#4669=EDGE_CURVE('',#5703,#5951,#6763,.T.);
#4670=EDGE_CURVE('',#5952,#5702,#6764,.F.);
#4671=EDGE_CURVE('',#5704,#5953,#519,.T.);
#4672=EDGE_CURVE('',#5954,#5953,#6765,.T.);
#4673=EDGE_CURVE('',#5954,#5705,#520,.T.);
#4674=EDGE_CURVE('',#5955,#5953,#6766,.F.);
#4675=EDGE_CURVE('',#5955,#5956,#6767,.F.);
#4676=EDGE_CURVE('',#5954,#5956,#6768,.T.);
#4677=EDGE_CURVE('',#5678,#5955,#521,.T.);
#4678=EDGE_CURVE('',#5956,#5677,#522,.T.);
#4679=EDGE_CURVE('',#5957,#5679,#523,.T.);
#4680=EDGE_CURVE('NONE',#5854,#5957,#6769,.F.);
#4681=EDGE_CURVE('',#5958,#5959,#794,.T.);
#4682=EDGE_CURVE('',#5960,#5958,#6770,.F.);
#4683=EDGE_CURVE('',#5961,#5960,#795,.T.);
#4684=EDGE_CURVE('',#5961,#5959,#6771,.F.);
#4685=EDGE_CURVE('',#5958,#5699,#6772,.F.);
#4686=EDGE_CURVE('',#5698,#5960,#6773,.T.);
#4687=EDGE_CURVE('NONE',#5839,#5962,#524,.T.);
#4688=EDGE_CURVE('NONE',#5962,#5963,#6774,.T.);
#4689=EDGE_CURVE('NONE',#5963,#5819,#6775,.F.);
#4690=EDGE_CURVE('NONE',#5601,#5838,#525,.T.);
#4691=EDGE_CURVE('NONE',#5962,#5601,#526,.T.);
#4692=EDGE_CURVE('NONE',#5964,#5963,#527,.F.);
#4693=EDGE_CURVE('NONE',#5820,#5964,#6776,.T.);
#4694=EDGE_CURVE('NONE',#5964,#5965,#6777,.F.);
#4695=EDGE_CURVE('NONE',#5965,#5821,#6778,.T.);
#4696=EDGE_CURVE('NONE',#5966,#5965,#528,.F.);
#4697=EDGE_CURVE('NONE',#5822,#5966,#6779,.F.);
#4698=EDGE_CURVE('NONE',#5966,#5967,#6780,.F.);
#4699=EDGE_CURVE('NONE',#5967,#5833,#529,.T.);
#4700=EDGE_CURVE('NONE',#5596,#5967,#530,.T.);
#4701=EDGE_CURVE('NONE',#5834,#5596,#531,.T.);
#4702=EDGE_CURVE('',#5968,#5957,#6781,.T.);
#4703=EDGE_CURVE('',#5968,#5838,#6782,.T.);
#4704=EDGE_CURVE('NONE',#5834,#5969,#6783,.T.);
#4705=EDGE_CURVE('NONE',#5969,#5852,#796,.F.);
#4706=EDGE_CURVE('NONE',#5594,#5969,#532,.F.);
#4707=EDGE_CURVE('NONE',#5853,#5594,#797,.T.);
#4708=EDGE_CURVE('NONE',#5970,#5861,#798,.F.);
#4709=EDGE_CURVE('NONE',#5971,#5970,#533,.F.);
#4710=EDGE_CURVE('NONE',#5862,#5971,#799,.T.);
#4711=EDGE_CURVE('NONE',#5971,#5972,#6784,.F.);
#4712=EDGE_CURVE('NONE',#5972,#5892,#6785,.T.);
#4713=EDGE_CURVE('NONE',#5972,#5973,#534,.T.);
#4714=EDGE_CURVE('NONE',#5890,#5973,#6786,.T.);
#4715=EDGE_CURVE('NONE',#5973,#5974,#6787,.T.);
#4716=EDGE_CURVE('NONE',#5974,#5888,#6788,.T.);
#4717=EDGE_CURVE('NONE',#5974,#5975,#535,.T.);
#4718=EDGE_CURVE('NONE',#5886,#5975,#6789,.T.);
#4719=EDGE_CURVE('NONE',#5975,#5976,#6790,.T.);
#4720=EDGE_CURVE('NONE',#5976,#5884,#6791,.T.);
#4721=EDGE_CURVE('NONE',#5976,#5977,#536,.T.);
#4722=EDGE_CURVE('NONE',#5882,#5977,#6792,.T.);
#4723=EDGE_CURVE('NONE',#5977,#5978,#6793,.T.);
#4724=EDGE_CURVE('NONE',#5978,#5880,#6794,.T.);
#4725=EDGE_CURVE('NONE',#5978,#5979,#537,.T.);
#4726=EDGE_CURVE('NONE',#5878,#5979,#6795,.T.);
#4727=EDGE_CURVE('NONE',#5979,#5980,#6796,.T.);
#4728=EDGE_CURVE('NONE',#5980,#5876,#6797,.T.);
#4729=EDGE_CURVE('NONE',#5980,#5981,#538,.T.);
#4730=EDGE_CURVE('NONE',#5874,#5981,#6798,.T.);
#4731=EDGE_CURVE('NONE',#5981,#5982,#6799,.T.);
#4732=EDGE_CURVE('NONE',#5982,#5872,#6800,.F.);
#4733=EDGE_CURVE('NONE',#5982,#5983,#539,.T.);
#4734=EDGE_CURVE('NONE',#5870,#5983,#6801,.T.);
#4735=EDGE_CURVE('NONE',#5983,#5984,#6802,.F.);
#4736=EDGE_CURVE('NONE',#5984,#5865,#800,.T.);
#4737=EDGE_CURVE('NONE',#5985,#5984,#540,.F.);
#4738=EDGE_CURVE('NONE',#5866,#5985,#801,.T.);
#4739=EDGE_CURVE('',#5907,#5905,#6803,.T.);
#4740=EDGE_CURVE('',#5906,#5908,#6804,.T.);
#4741=EDGE_CURVE('NONE',#5522,#5986,#802,.F.);
#4742=EDGE_CURVE('NONE',#5846,#5986,#6805,.T.);
#4743=EDGE_CURVE('NONE',#5986,#5987,#6806,.F.);
#4744=EDGE_CURVE('NONE',#5848,#5987,#6807,.T.);
#4745=EDGE_CURVE('NONE',#5988,#5853,#6808,.T.);
#4746=EDGE_CURVE('NONE',#5988,#5989,#6809,.T.);
#4747=EDGE_CURVE('NONE',#5850,#5989,#6810,.T.);
#4748=EDGE_CURVE('NONE',#5989,#5673,#803,.F.);
#4749=EDGE_CURVE('NONE',#5858,#5990,#6811,.T.);
#4750=EDGE_CURVE('NONE',#5990,#5991,#804,.T.);
#4751=EDGE_CURVE('NONE',#5859,#5991,#6812,.F.);
#4752=EDGE_CURVE('NONE',#5991,#5992,#6813,.F.);
#4753=EDGE_CURVE('NONE',#5992,#5861,#6814,.T.);
#4754=EDGE_CURVE('NONE',#5866,#5993,#6815,.T.);
#4755=EDGE_CURVE('NONE',#5993,#5994,#6816,.T.);
#4756=EDGE_CURVE('NONE',#5863,#5994,#6817,.T.);
#4757=EDGE_CURVE('NONE',#5994,#5995,#805,.T.);
#4758=EDGE_CURVE('NONE',#5867,#5995,#6818,.F.);
#4759=EDGE_CURVE('NONE',#5996,#5997,#806,.F.);
#4760=EDGE_CURVE('NONE',#5997,#5990,#6819,.T.);
#4761=EDGE_CURVE('NONE',#5995,#5998,#6820,.F.);
#4762=EDGE_CURVE('NONE',#5998,#5999,#807,.F.);
#4763=EDGE_CURVE('NONE',#5999,#5996,#6821,.T.);
#4764=EDGE_CURVE('NONE',#5998,#6000,#6822,.T.);
#4765=EDGE_CURVE('NONE',#6001,#6000,#808,.F.);
#4766=EDGE_CURVE('NONE',#5999,#6001,#6823,.T.);
#4767=EDGE_CURVE('NONE',#6002,#6001,#6824,.T.);
#4768=EDGE_CURVE('NONE',#5996,#6002,#6825,.T.);
#4769=EDGE_CURVE('NONE',#6003,#6002,#809,.F.);
#4770=EDGE_CURVE('NONE',#5997,#6003,#6826,.T.);
#4771=EDGE_CURVE('NONE',#6004,#6005,#6827,.T.);
#4772=EDGE_CURVE('NONE',#6005,#6006,#6828,.T.);
#4773=EDGE_CURVE('NONE',#6007,#6006,#6829,.T.);
#4774=EDGE_CURVE('NONE',#6004,#6007,#6830,.F.);
#4775=EDGE_CURVE('',#6008,#6007,#6831,.T.);
#4776=EDGE_CURVE('NONE',#6009,#6008,#6832,.F.);
#4777=EDGE_CURVE('',#6009,#6004,#6833,.T.);
#4778=EDGE_CURVE('NONE',#5987,#5639,#810,.T.);
#4779=EDGE_CURVE('NONE',#5895,#5637,#811,.F.);
#4780=EDGE_CURVE('NONE',#5635,#5897,#541,.T.);
#4781=EDGE_CURVE('NONE',#5634,#5898,#542,.F.);
#4782=EDGE_CURVE('NONE',#5899,#5633,#543,.F.);
#4783=EDGE_CURVE('NONE',#5900,#5632,#544,.T.);
#4784=EDGE_CURVE('NONE',#5630,#5902,#545,.T.);
#4785=EDGE_CURVE('NONE',#6010,#5496,#546,.F.);
#4786=EDGE_CURVE('NONE',#6010,#5629,#547,.T.);
#4787=EDGE_CURVE('',#6011,#6012,#812,.F.);
#4788=EDGE_CURVE('',#6011,#6013,#6834,.T.);
#4789=EDGE_CURVE('',#6014,#6013,#813,.F.);
#4790=EDGE_CURVE('',#6012,#6014,#6835,.T.);
#4791=EDGE_CURVE('',#6015,#6016,#814,.F.);
#4792=EDGE_CURVE('',#6015,#6017,#6836,.T.);
#4793=EDGE_CURVE('',#6018,#6017,#815,.F.);
#4794=EDGE_CURVE('',#6016,#6018,#6837,.T.);
#4795=EDGE_CURVE('NONE',#5628,#6010,#548,.T.);
#4796=EDGE_CURVE('',#6019,#6019,#816,.F.);
#4797=EDGE_CURVE('NONE',#5497,#5627,#817,.T.);
#4798=EDGE_CURVE('',#5909,#5626,#6838,.F.);
#4799=EDGE_CURVE('',#5625,#5913,#6839,.T.);
#4800=EDGE_CURVE('',#5914,#5624,#6840,.F.);
#4801=EDGE_CURVE('',#5623,#5922,#6841,.T.);
#4802=EDGE_CURVE('',#5923,#5622,#6842,.F.);
#4803=EDGE_CURVE('',#5929,#5472,#6843,.F.);
#4804=EDGE_CURVE('',#5621,#5928,#6844,.T.);
#4805=EDGE_CURVE('NONE',#5620,#5930,#549,.T.);
#4806=EDGE_CURVE('NONE',#5619,#5931,#550,.F.);
#4807=EDGE_CURVE('NONE',#5618,#5932,#551,.T.);
#4808=EDGE_CURVE('NONE',#5617,#5510,#552,.F.);
#4809=EDGE_CURVE('NONE',#6020,#5511,#553,.T.);
#4810=EDGE_CURVE('NONE',#6020,#5616,#554,.T.);
#4811=EDGE_CURVE('',#6021,#6022,#818,.F.);
#4812=EDGE_CURVE('',#6021,#6023,#6845,.T.);
#4813=EDGE_CURVE('',#6024,#6023,#819,.F.);
#4814=EDGE_CURVE('',#6022,#6024,#6846,.T.);
#4815=EDGE_CURVE('',#6025,#6026,#820,.F.);
#4816=EDGE_CURVE('',#6025,#6027,#6847,.T.);
#4817=EDGE_CURVE('',#6028,#6027,#821,.F.);
#4818=EDGE_CURVE('',#6026,#6028,#6848,.T.);
#4819=EDGE_CURVE('NONE',#5615,#6020,#555,.T.);
#4820=EDGE_CURVE('',#6029,#6029,#822,.F.);
#4821=EDGE_CURVE('NONE',#5614,#5933,#556,.F.);
#4822=EDGE_CURVE('',#5613,#5935,#557,.T.);
#4823=EDGE_CURVE('',#5612,#5940,#6849,.T.);
#4824=EDGE_CURVE('NONE',#5611,#5941,#6850,.F.);
#4825=EDGE_CURVE('NONE',#5610,#5942,#6851,.T.);
#4826=EDGE_CURVE('NONE',#5608,#5944,#6852,.F.);
#4827=EDGE_CURVE('NONE',#5943,#5609,#6853,.T.);
#4828=EDGE_CURVE('',#5938,#5607,#6854,.F.);
#4829=EDGE_CURVE('',#5606,#5945,#6855,.T.);
#4830=EDGE_CURVE('',#5947,#5605,#6856,.F.);
#4831=EDGE_CURVE('',#5959,#5603,#6857,.F.);
#4832=EDGE_CURVE('',#5604,#5961,#6858,.T.);
#4833=EDGE_CURVE('',#5968,#5602,#558,.T.);
#4834=EDGE_CURVE('NONE',#5963,#5600,#559,.F.);
#4835=EDGE_CURVE('NONE',#5964,#5599,#560,.T.);
#4836=EDGE_CURVE('NONE',#5598,#5965,#561,.T.);
#4837=EDGE_CURVE('NONE',#5597,#5966,#562,.F.);
#4838=EDGE_CURVE('NONE',#5595,#5969,#823,.T.);
#4839=EDGE_CURVE('NONE',#5593,#5988,#824,.F.);
#4840=EDGE_CURVE('NONE',#5992,#6030,#825,.T.);
#4841=EDGE_CURVE('NONE',#5970,#6030,#6859,.F.);
#4842=EDGE_CURVE('NONE',#6031,#5970,#563,.T.);
#4843=EDGE_CURVE('NONE',#6031,#5971,#826,.F.);
#4844=EDGE_CURVE('NONE',#6032,#5972,#564,.T.);
#4845=EDGE_CURVE('NONE',#6032,#6031,#6860,.T.);
#4846=EDGE_CURVE('NONE',#6033,#5973,#565,.F.);
#4847=EDGE_CURVE('NONE',#6033,#6032,#566,.T.);
#4848=EDGE_CURVE('NONE',#6034,#5974,#567,.T.);
#4849=EDGE_CURVE('NONE',#6034,#6033,#6861,.F.);
#4850=EDGE_CURVE('NONE',#6035,#5975,#568,.F.);
#4851=EDGE_CURVE('NONE',#6035,#6034,#569,.T.);
#4852=EDGE_CURVE('NONE',#6036,#5976,#570,.T.);
#4853=EDGE_CURVE('NONE',#6036,#6035,#6862,.T.);
#4854=EDGE_CURVE('NONE',#6037,#5977,#571,.F.);
#4855=EDGE_CURVE('NONE',#6037,#6036,#572,.T.);
#4856=EDGE_CURVE('NONE',#6038,#5978,#573,.T.);
#4857=EDGE_CURVE('NONE',#6038,#6037,#6863,.F.);
#4858=EDGE_CURVE('NONE',#6039,#5979,#574,.F.);
#4859=EDGE_CURVE('NONE',#6039,#6038,#575,.T.);
#4860=EDGE_CURVE('NONE',#6040,#5980,#576,.T.);
#4861=EDGE_CURVE('NONE',#6040,#6039,#6864,.T.);
#4862=EDGE_CURVE('NONE',#6041,#5981,#577,.F.);
#4863=EDGE_CURVE('NONE',#6041,#6040,#578,.T.);
#4864=EDGE_CURVE('NONE',#6042,#5982,#579,.T.);
#4865=EDGE_CURVE('NONE',#6042,#6041,#6865,.F.);
#4866=EDGE_CURVE('NONE',#6043,#5983,#580,.F.);
#4867=EDGE_CURVE('NONE',#6043,#6042,#581,.T.);
#4868=EDGE_CURVE('NONE',#6044,#5984,#827,.F.);
#4869=EDGE_CURVE('NONE',#6044,#6043,#6866,.F.);
#4870=EDGE_CURVE('NONE',#5985,#6044,#582,.T.);
#4871=EDGE_CURVE('NONE',#6045,#5985,#6867,.F.);
#4872=EDGE_CURVE('NONE',#6045,#5993,#828,.F.);
#4873=EDGE_CURVE('NONE',#5558,#5986,#829,.F.);
#4874=EDGE_CURVE('NONE',#5557,#5987,#830,.F.);
#4875=EDGE_CURVE('NONE',#5658,#5989,#831,.T.);
#4876=EDGE_CURVE('NONE',#5659,#5988,#832,.T.);
#4877=EDGE_CURVE('NONE',#5657,#5673,#833,.F.);
#4878=EDGE_CURVE('',#5656,#5674,#834,.F.);
#4879=EDGE_CURVE('NONE',#5556,#5639,#835,.T.);
#4880=EDGE_CURVE('NONE',#6046,#6003,#6868,.F.);
#4881=EDGE_CURVE('NONE',#6046,#5990,#6869,.F.);
#4882=EDGE_CURVE('NONE',#6047,#5991,#6870,.F.);
#4883=EDGE_CURVE('NONE',#6047,#6046,#836,.F.);
#4884=EDGE_CURVE('NONE',#6048,#5992,#6871,.F.);
#4885=EDGE_CURVE('NONE',#6048,#6047,#6872,.T.);
#4886=EDGE_CURVE('NONE',#5993,#6049,#6873,.F.);
#4887=EDGE_CURVE('NONE',#6050,#6049,#6874,.F.);
#4888=EDGE_CURVE('NONE',#5994,#6050,#6875,.T.);
#4889=EDGE_CURVE('NONE',#6051,#6050,#837,.F.);
#4890=EDGE_CURVE('NONE',#5995,#6051,#6876,.T.);
#4891=EDGE_CURVE('NONE',#6000,#6051,#6877,.F.);
#4892=EDGE_CURVE('NONE',#6052,#6053,#6878,.T.);
#4893=EDGE_CURVE('NONE',#6053,#6005,#838,.T.);
#4894=EDGE_CURVE('NONE',#6052,#6004,#839,.T.);
#4895=EDGE_CURVE('NONE',#6006,#6054,#840,.T.);
#4896=EDGE_CURVE('NONE',#6055,#6054,#6879,.T.);
#4897=EDGE_CURVE('NONE',#6007,#6055,#841,.T.);
#4898=EDGE_CURVE('NONE',#6045,#6056,#6880,.F.);
#4899=EDGE_CURVE('NONE',#6049,#6056,#842,.F.);
#4900=EDGE_CURVE('NONE',#6057,#6030,#6881,.T.);
#4901=EDGE_CURVE('NONE',#6057,#6048,#843,.F.);
#4902=EDGE_CURVE('NONE',#6058,#6009,#844,.T.);
#4903=EDGE_CURVE('',#6058,#6052,#6882,.T.);
#4904=EDGE_CURVE('',#6059,#6055,#6883,.T.);
#4905=EDGE_CURVE('NONE',#6008,#6059,#845,.T.);
#4906=EDGE_CURVE('NONE',#6060,#6001,#6884,.T.);
#4907=EDGE_CURVE('NONE',#6061,#6000,#6885,.F.);
#4908=EDGE_CURVE('NONE',#6061,#6060,#846,.T.);
#4909=EDGE_CURVE('NONE',#6062,#6002,#6886,.F.);
#4910=EDGE_CURVE('NONE',#6060,#6062,#6887,.F.);
#4911=EDGE_CURVE('NONE',#6063,#6003,#6888,.T.);
#4912=EDGE_CURVE('NONE',#6062,#6063,#847,.T.);
#4913=EDGE_CURVE('',#6064,#6053,#6889,.T.);
#4914=EDGE_CURVE('NONE',#6064,#6065,#848,.T.);
#4915=EDGE_CURVE('',#6065,#6005,#6890,.T.);
#4916=EDGE_CURVE('NONE',#6065,#6066,#6891,.T.);
#4917=EDGE_CURVE('',#6066,#6006,#6892,.T.);
#4918=EDGE_CURVE('NONE',#6066,#6067,#849,.T.);
#4919=EDGE_CURVE('',#6067,#6054,#6893,.T.);
#4920=EDGE_CURVE('',#5555,#5640,#850,.F.);
#4921=EDGE_CURVE('',#6068,#6057,#6894,.F.);
#4922=EDGE_CURVE('NONE',#6068,#6069,#6895,.T.);
#4923=EDGE_CURVE('NONE',#6030,#6069,#6896,.T.);
#4924=EDGE_CURVE('',#6070,#6058,#6897,.F.);
#4925=EDGE_CURVE('',#6070,#6071,#6898,.T.);
#4926=EDGE_CURVE('',#6071,#6052,#6899,.F.);
#4927=EDGE_CURVE('NONE',#6072,#6073,#851,.T.);
#4928=EDGE_CURVE('NONE',#6067,#6072,#6900,.T.);
#4929=EDGE_CURVE('',#6074,#6064,#6901,.T.);
#4930=EDGE_CURVE('NONE',#6075,#6074,#852,.T.);
#4931=EDGE_CURVE('NONE',#6073,#6075,#6902,.T.);
#4932=EDGE_CURVE('',#6076,#6061,#6903,.T.);
#4933=EDGE_CURVE('NONE',#6077,#6076,#853,.T.);
#4934=EDGE_CURVE('NONE',#6078,#6077,#6904,.T.);
#4935=EDGE_CURVE('NONE',#6079,#6078,#854,.T.);
#4936=EDGE_CURVE('NONE',#6063,#6079,#6905,.T.);
#4937=EDGE_CURVE('',#6080,#6053,#6906,.T.);
#4938=EDGE_CURVE('',#6074,#6080,#6907,.T.);
#4939=EDGE_CURVE('',#6072,#6081,#6908,.T.);
#4940=EDGE_CURVE('NONE',#6054,#6081,#6909,.T.);
#4941=EDGE_CURVE('NONE',#6055,#6082,#6910,.T.);
#4942=EDGE_CURVE('',#6083,#6082,#6911,.T.);
#4943=EDGE_CURVE('NONE',#6059,#6083,#6912,.T.);
#4944=EDGE_CURVE('NONE',#6082,#6081,#6913,.T.);
#4945=EDGE_CURVE('NONE',#6071,#6080,#6914,.T.);
#4946=EDGE_CURVE('',#6084,#6045,#6915,.F.);
#4947=EDGE_CURVE('NONE',#6085,#6084,#6916,.F.);
#4948=EDGE_CURVE('NONE',#6056,#6085,#6917,.F.);
#4949=EDGE_CURVE('NONE',#6076,#6085,#6918,.T.);
#4950=EDGE_CURVE('NONE',#6079,#6068,#6919,.F.);
#4951=EDGE_CURVE('',#6086,#6086,#855,.T.);
#4952=EDGE_CURVE('',#6087,#6087,#856,.T.);
#4953=EDGE_CURVE('',#6088,#6088,#857,.T.);
#4954=EDGE_CURVE('',#6089,#6089,#858,.T.);
#4955=EDGE_CURVE('',#6090,#6090,#859,.T.);
#4956=EDGE_CURVE('',#6091,#6091,#860,.T.);
#4957=EDGE_CURVE('',#6092,#6092,#861,.T.);
#4958=EDGE_CURVE('',#6093,#6093,#862,.T.);
#4959=EDGE_CURVE('',#6094,#6095,#863,.T.);
#4960=EDGE_CURVE('',#6095,#6096,#6920,.T.);
#4961=EDGE_CURVE('',#6096,#6097,#864,.T.);
#4962=EDGE_CURVE('',#6097,#6098,#6921,.T.);
#4963=EDGE_CURVE('',#6098,#6099,#865,.T.);
#4964=EDGE_CURVE('',#6100,#6099,#6922,.T.);
#4965=EDGE_CURVE('',#6100,#6101,#866,.T.);
#4966=EDGE_CURVE('',#6094,#6101,#6923,.T.);
#4967=EDGE_CURVE('NONE',#6069,#6102,#867,.F.);
#4968=EDGE_CURVE('NONE',#6102,#6103,#6924,.T.);
#4969=EDGE_CURVE('NONE',#6103,#6084,#868,.F.);
#4970=EDGE_CURVE('NONE',#6104,#6105,#6925,.T.);
#4971=EDGE_CURVE('NONE',#6104,#6106,#869,.F.);
#4972=EDGE_CURVE('NONE',#6106,#6107,#6926,.T.);
#4973=EDGE_CURVE('NONE',#6107,#6108,#870,.T.);
#4974=EDGE_CURVE('NONE',#6108,#6109,#6927,.T.);
#4975=EDGE_CURVE('NONE',#6109,#6110,#871,.F.);
#4976=EDGE_CURVE('NONE',#6111,#6110,#6928,.T.);
#4977=EDGE_CURVE('NONE',#6111,#6105,#872,.T.);
#4978=EDGE_CURVE('NONE',#6112,#6070,#873,.T.);
#4979=EDGE_CURVE('NONE',#6083,#6113,#874,.T.);
#4980=EDGE_CURVE('NONE',#6113,#6112,#6929,.T.);
#4981=EDGE_CURVE('NONE',#5654,#6114,#875,.T.);
#4982=EDGE_CURVE('NONE',#6114,#6115,#6930,.F.);
#4983=EDGE_CURVE('NONE',#6115,#5551,#876,.T.);
#4984=EDGE_CURVE('',#6116,#6117,#76,.T.);
#4985=EDGE_CURVE('NONE',#6118,#6116,#6931,.T.);
#4986=EDGE_CURVE('NONE',#6118,#6119,#6932,.T.);
#4987=EDGE_CURVE('NONE',#6119,#6120,#6933,.T.);
#4988=EDGE_CURVE('',#6121,#6120,#6934,.T.);
#4989=EDGE_CURVE('',#6121,#6122,#6935,.T.);
#4990=EDGE_CURVE('',#6123,#6122,#6936,.T.);
#4991=EDGE_CURVE('',#6123,#6117,#6937,.T.);
#4992=EDGE_CURVE('',#6124,#6124,#877,.T.);
#4993=EDGE_CURVE('',#6125,#6126,#6938,.T.);
#4994=EDGE_CURVE('',#6127,#6125,#6939,.T.);
#4995=EDGE_CURVE('',#6127,#6128,#6940,.T.);
#4996=EDGE_CURVE('NONE',#6128,#6129,#878,.T.);
#4997=EDGE_CURVE('NONE',#6129,#6130,#6941,.T.);
#4998=EDGE_CURVE('NONE',#6130,#6131,#879,.F.);
#4999=EDGE_CURVE('',#6132,#6131,#6942,.F.);
#5000=EDGE_CURVE('',#6132,#6133,#6943,.T.);
#5001=EDGE_CURVE('',#6133,#6134,#6944,.T.);
#5002=EDGE_CURVE('',#6134,#6135,#6945,.F.);
#5003=EDGE_CURVE('',#6136,#6135,#6946,.T.);
#5004=EDGE_CURVE('',#6137,#6136,#6947,.T.);
#5005=EDGE_CURVE('',#6138,#6137,#6948,.T.);
#5006=EDGE_CURVE('',#6138,#6139,#6949,.F.);
#5007=EDGE_CURVE('NONE',#6139,#6140,#6950,.T.);
#5008=EDGE_CURVE('NONE',#6141,#6140,#880,.F.);
#5009=EDGE_CURVE('NONE',#6141,#6142,#6951,.T.);
#5010=EDGE_CURVE('NONE',#6143,#6142,#881,.F.);
#5011=EDGE_CURVE('NONE',#6143,#6144,#6952,.F.);
#5012=EDGE_CURVE('NONE',#6145,#6144,#882,.F.);
#5013=EDGE_CURVE('NONE',#6145,#6146,#6953,.F.);
#5014=EDGE_CURVE('NONE',#6147,#6146,#883,.F.);
#5015=EDGE_CURVE('NONE',#6147,#6148,#6954,.F.);
#5016=EDGE_CURVE('NONE',#6148,#6149,#6955,.F.);
#5017=EDGE_CURVE('',#6149,#6150,#6956,.T.);
#5018=EDGE_CURVE('',#6150,#6151,#6957,.T.);
#5019=EDGE_CURVE('',#6151,#6152,#6958,.T.);
#5020=EDGE_CURVE('',#6152,#6126,#6959,.F.);
#5021=EDGE_CURVE('',#6153,#6154,#77,.F.);
#5022=EDGE_CURVE('NONE',#6153,#6143,#6960,.T.);
#5023=EDGE_CURVE('NONE',#6142,#6155,#6961,.F.);
#5024=EDGE_CURVE('',#6156,#6155,#884,.F.);
#5025=EDGE_CURVE('NONE',#6156,#6157,#6962,.T.);
#5026=EDGE_CURVE('NONE',#6157,#6158,#885,.F.);
#5027=EDGE_CURVE('NONE',#6158,#6159,#6963,.F.);
#5028=EDGE_CURVE('',#6154,#6159,#886,.F.);
#5029=EDGE_CURVE('',#6160,#6161,#887,.F.);
#5030=EDGE_CURVE('NONE',#6160,#6145,#6964,.T.);
#5031=EDGE_CURVE('NONE',#6144,#6162,#6965,.F.);
#5032=EDGE_CURVE('',#6163,#6162,#78,.F.);
#5033=EDGE_CURVE('',#6164,#6163,#888,.F.);
#5034=EDGE_CURVE('NONE',#6164,#6165,#6966,.T.);
#5035=EDGE_CURVE('NONE',#6165,#6166,#889,.F.);
#5036=EDGE_CURVE('NONE',#6166,#6161,#6967,.F.);
#5037=EDGE_CURVE('',#6167,#6167,#79,.F.);
#5038=EDGE_CURVE('NONE',#6168,#6169,#6968,.F.);
#5039=EDGE_CURVE('',#6170,#6169,#890,.F.);
#5040=EDGE_CURVE('NONE',#6170,#6141,#6969,.T.);
#5041=EDGE_CURVE('NONE',#6140,#6171,#6970,.F.);
#5042=EDGE_CURVE('',#6172,#6171,#891,.F.);
#5043=EDGE_CURVE('NONE',#6172,#6173,#6971,.T.);
#5044=EDGE_CURVE('NONE',#6173,#6168,#892,.F.);
#5045=EDGE_CURVE('',#6174,#6174,#80,.F.);
#5046=EDGE_CURVE('',#6153,#6175,#583,.T.);
#5047=EDGE_CURVE('',#6154,#6175,#584,.T.);
#5048=EDGE_CURVE('',#6176,#6176,#81,.F.);
#5049=EDGE_CURVE('',#6177,#6162,#585,.T.);
#5050=EDGE_CURVE('',#6177,#6163,#586,.T.);
#5051=EDGE_CURVE('NONE',#6178,#6178,#893,.T.);
#5052=EDGE_CURVE('',#6179,#6180,#6972,.F.);
#5053=EDGE_CURVE('',#6181,#6179,#894,.F.);
#5054=EDGE_CURVE('',#6182,#6181,#6973,.T.);
#5055=EDGE_CURVE('',#6180,#6182,#895,.F.);
#5056=EDGE_CURVE('',#6181,#6183,#6974,.T.);
#5057=EDGE_CURVE('',#6184,#6179,#6975,.T.);
#5058=EDGE_CURVE('',#6184,#6183,#896,.T.);
#5059=EDGE_CURVE('',#6185,#6185,#82,.F.);
#5060=EDGE_CURVE('',#6186,#6184,#6976,.F.);
#5061=EDGE_CURVE('',#6186,#6187,#897,.F.);
#5062=EDGE_CURVE('',#6183,#6187,#6977,.T.);
#5063=EDGE_CURVE('NONE',#6114,#6188,#6978,.T.);
#5064=EDGE_CURVE('',#6188,#6189,#6979,.F.);
#5065=EDGE_CURVE('',#6190,#6189,#898,.T.);
#5066=EDGE_CURVE('',#6190,#6191,#6980,.F.);
#5067=EDGE_CURVE('',#6191,#6192,#6981,.T.);
#5068=EDGE_CURVE('NONE',#6192,#6193,#6982,.F.);
#5069=EDGE_CURVE('',#6193,#6194,#6983,.F.);
#5070=EDGE_CURVE('',#6194,#6126,#6984,.T.);
#5071=EDGE_CURVE('',#6195,#6152,#6985,.T.);
#5072=EDGE_CURVE('',#6195,#6196,#6986,.F.);
#5073=EDGE_CURVE('',#6196,#6149,#6987,.T.);
#5074=EDGE_CURVE('NONE',#6148,#6197,#6988,.F.);
#5075=EDGE_CURVE('',#6198,#6197,#6989,.T.);
#5076=EDGE_CURVE('NONE',#6199,#6198,#6990,.T.);
#5077=EDGE_CURVE('NONE',#6200,#6199,#6991,.F.);
#5078=EDGE_CURVE('NONE',#6200,#6201,#6992,.F.);
#5079=EDGE_CURVE('',#6202,#6201,#6993,.T.);
#5080=EDGE_CURVE('NONE',#6139,#6202,#6994,.T.);
#5081=EDGE_CURVE('',#6203,#6138,#6995,.T.);
#5082=EDGE_CURVE('',#6203,#6204,#6996,.F.);
#5083=EDGE_CURVE('',#6204,#6135,#6997,.T.);
#5084=EDGE_CURVE('',#6205,#6134,#6998,.T.);
#5085=EDGE_CURVE('',#6205,#6206,#6999,.F.);
#5086=EDGE_CURVE('NONE',#5661,#6206,#7000,.F.);
#5087=EDGE_CURVE('',#5660,#6207,#7001,.T.);
#5088=EDGE_CURVE('',#6208,#6207,#83,.T.);
#5089=EDGE_CURVE('',#6208,#6209,#7002,.F.);
#5090=EDGE_CURVE('NONE',#6115,#6209,#7003,.T.);
#5091=EDGE_CURVE('',#6210,#6210,#899,.T.);
#5092=EDGE_CURVE('',#6211,#6212,#7004,.T.);
#5093=EDGE_CURVE('',#6211,#6213,#900,.T.);
#5094=EDGE_CURVE('',#6213,#6214,#7005,.T.);
#5095=EDGE_CURVE('',#6214,#6215,#587,.F.);
#5096=EDGE_CURVE('',#6215,#6216,#901,.F.);
#5097=EDGE_CURVE('',#6216,#6212,#588,.T.);
#5098=EDGE_CURVE('',#6217,#6217,#902,.F.);
#5099=EDGE_CURVE('',#6218,#6219,#7006,.T.);
#5100=EDGE_CURVE('',#6218,#6220,#903,.T.);
#5101=EDGE_CURVE('',#6220,#6221,#7007,.T.);
#5102=EDGE_CURVE('',#6221,#6222,#589,.F.);
#5103=EDGE_CURVE('',#6222,#6223,#904,.T.);
#5104=EDGE_CURVE('',#6223,#6219,#590,.T.);
#5105=EDGE_CURVE('',#6224,#6224,#905,.F.);
#5106=EDGE_CURVE('NONE',#6146,#6225,#7008,.F.);
#5107=EDGE_CURVE('',#6225,#6226,#906,.T.);
#5108=EDGE_CURVE('NONE',#6226,#6227,#7009,.T.);
#5109=EDGE_CURVE('NONE',#6227,#6228,#907,.F.);
#5110=EDGE_CURVE('NONE',#6228,#6229,#7010,.F.);
#5111=EDGE_CURVE('',#6230,#6229,#908,.F.);
#5112=EDGE_CURVE('NONE',#6230,#6147,#7011,.T.);
#5113=EDGE_CURVE('',#6231,#6231,#84,.F.);
#5114=EDGE_CURVE('NONE',#6227,#6166,#7012,.T.);
#5115=EDGE_CURVE('NONE',#6165,#6158,#7013,.T.);
#5116=EDGE_CURVE('NONE',#6157,#6168,#7014,.F.);
#5117=EDGE_CURVE('NONE',#6173,#6200,#7015,.F.);
#5118=EDGE_CURVE('NONE',#6199,#6228,#7016,.T.);
#5119=EDGE_CURVE('NONE',#6078,#6232,#7017,.T.);
#5120=EDGE_CURVE('NONE',#6232,#6068,#909,.F.);
#5121=EDGE_CURVE('',#6233,#6233,#910,.T.);
#5122=EDGE_CURVE('NONE',#6077,#6234,#7018,.T.);
#5123=EDGE_CURVE('NONE',#6234,#6232,#7019,.F.);
#5124=EDGE_CURVE('NONE',#6085,#6234,#911,.F.);
#5125=EDGE_CURVE('NONE',#6106,#6235,#7020,.F.);
#5126=EDGE_CURVE('NONE',#6235,#6236,#7021,.T.);
#5127=EDGE_CURVE('NONE',#6236,#6107,#7022,.T.);
#5128=EDGE_CURVE('',#6237,#6237,#912,.T.);
#5129=EDGE_CURVE('NONE',#6238,#6239,#7023,.F.);
#5130=EDGE_CURVE('NONE',#6239,#6240,#7024,.F.);
#5131=EDGE_CURVE('NONE',#6240,#6241,#7025,.T.);
#5132=EDGE_CURVE('NONE',#6241,#6238,#7026,.T.);
#5133=EDGE_CURVE('NONE',#6242,#6243,#7027,.F.);
#5134=EDGE_CURVE('NONE',#6243,#6244,#7028,.F.);
#5135=EDGE_CURVE('NONE',#6244,#6245,#7029,.T.);
#5136=EDGE_CURVE('NONE',#6245,#6242,#7030,.T.);
#5137=EDGE_CURVE('NONE',#6246,#6247,#7031,.F.);
#5138=EDGE_CURVE('NONE',#6247,#6248,#7032,.F.);
#5139=EDGE_CURVE('NONE',#6248,#6249,#7033,.T.);
#5140=EDGE_CURVE('NONE',#6249,#6246,#7034,.T.);
#5141=EDGE_CURVE('NONE',#6250,#6251,#7035,.F.);
#5142=EDGE_CURVE('NONE',#6251,#6111,#7036,.F.);
#5143=EDGE_CURVE('NONE',#6110,#6250,#7037,.T.);
#5144=EDGE_CURVE('NONE',#6105,#6252,#7038,.F.);
#5145=EDGE_CURVE('NONE',#6252,#6253,#913,.F.);
#5146=EDGE_CURVE('NONE',#6253,#6254,#7039,.T.);
#5147=EDGE_CURVE('NONE',#6254,#6255,#7040,.F.);
#5148=EDGE_CURVE('NONE',#6255,#6256,#7041,.F.);
#5149=EDGE_CURVE('NONE',#6256,#6104,#7042,.T.);
#5150=EDGE_CURVE('NONE',#6257,#6258,#914,.T.);
#5151=EDGE_CURVE('NONE',#6258,#6109,#7043,.T.);
#5152=EDGE_CURVE('NONE',#6108,#6259,#7044,.F.);
#5153=EDGE_CURVE('NONE',#6259,#6260,#7045,.T.);
#5154=EDGE_CURVE('NONE',#6260,#6261,#7046,.T.);
#5155=EDGE_CURVE('NONE',#6261,#6257,#7047,.T.);
#5156=EDGE_CURVE('',#5653,#6188,#915,.F.);
#5157=EDGE_CURVE('',#6209,#5552,#916,.F.);
#5158=EDGE_CURVE('NONE',#6129,#5647,#7048,.T.);
#5159=EDGE_CURVE('NONE',#5646,#6130,#7049,.F.);
#5160=EDGE_CURVE('',#6127,#6262,#7050,.T.);
#5161=EDGE_CURVE('',#6262,#6263,#917,.F.);
#5162=EDGE_CURVE('',#6263,#6193,#918,.T.);
#5163=EDGE_CURVE('NONE',#6192,#5588,#919,.F.);
#5164=EDGE_CURVE('NONE',#5648,#6128,#7051,.F.);
#5165=EDGE_CURVE('',#6206,#6264,#920,.F.);
#5166=EDGE_CURVE('',#6264,#6265,#921,.T.);
#5167=EDGE_CURVE('',#6265,#6132,#7052,.F.);
#5168=EDGE_CURVE('NONE',#6131,#5645,#7053,.T.);
#5169=EDGE_CURVE('NONE',#6240,#6243,#922,.T.);
#5170=EDGE_CURVE('NONE',#6242,#6241,#923,.F.);
#5171=EDGE_CURVE('NONE',#6235,#6239,#924,.T.);
#5172=EDGE_CURVE('NONE',#6238,#6236,#925,.F.);
#5173=EDGE_CURVE('NONE',#6244,#6247,#926,.T.);
#5174=EDGE_CURVE('NONE',#6246,#6245,#927,.F.);
#5175=EDGE_CURVE('NONE',#6248,#6251,#928,.T.);
#5176=EDGE_CURVE('NONE',#6250,#6249,#929,.F.);
#5177=EDGE_CURVE('NONE',#6235,#6256,#930,.T.);
#5178=EDGE_CURVE('NONE',#6239,#6256,#931,.T.);
#5179=EDGE_CURVE('NONE',#6240,#6255,#932,.F.);
#5180=EDGE_CURVE('NONE',#6243,#6255,#933,.T.);
#5181=EDGE_CURVE('NONE',#6244,#6254,#934,.F.);
#5182=EDGE_CURVE('NONE',#6247,#6254,#935,.T.);
#5183=EDGE_CURVE('NONE',#6248,#6253,#936,.T.);
#5184=EDGE_CURVE('NONE',#6251,#6252,#937,.T.);
#5185=EDGE_CURVE('NONE',#6259,#6236,#938,.F.);
#5186=EDGE_CURVE('NONE',#6259,#6238,#939,.F.);
#5187=EDGE_CURVE('NONE',#6260,#6241,#940,.F.);
#5188=EDGE_CURVE('NONE',#6260,#6242,#941,.F.);
#5189=EDGE_CURVE('NONE',#6261,#6245,#942,.T.);
#5190=EDGE_CURVE('NONE',#6261,#6246,#943,.F.);
#5191=EDGE_CURVE('NONE',#6257,#6249,#944,.T.);
#5192=EDGE_CURVE('NONE',#6258,#6250,#945,.F.);
#5193=EDGE_CURVE('',#6266,#6267,#85,.T.);
#5194=EDGE_CURVE('',#6266,#6268,#7054,.T.);
#5195=EDGE_CURVE('NONE',#6269,#6268,#7055,.T.);
#5196=EDGE_CURVE('',#6267,#6269,#7056,.T.);
#5197=EDGE_CURVE('NONE',#6268,#6080,#946,.T.);
#5198=EDGE_CURVE('NONE',#6269,#6071,#947,.T.);
#5199=EDGE_CURVE('NONE',#6081,#6119,#948,.T.);
#5200=EDGE_CURVE('NONE',#6082,#6118,#949,.T.);
#5201=EDGE_CURVE('',#6191,#5589,#950,.F.);
#5202=EDGE_CURVE('NONE',#6234,#6103,#7057,.T.);
#5203=EDGE_CURVE('NONE',#6232,#6102,#7058,.F.);
#5204=EDGE_CURVE('',#6169,#6156,#7059,.T.);
#5205=EDGE_CURVE('',#6155,#6170,#7060,.T.);
#5206=EDGE_CURVE('',#6177,#6175,#7061,.T.);
#5207=EDGE_CURVE('',#6164,#6159,#7062,.T.);
#5208=EDGE_CURVE('',#6225,#6160,#7063,.T.);
#5209=EDGE_CURVE('',#6161,#6226,#7064,.T.);
#5210=EDGE_CURVE('',#6198,#6229,#7065,.T.);
#5211=EDGE_CURVE('',#6230,#6197,#7066,.T.);
#5212=EDGE_CURVE('',#6202,#6171,#7067,.T.);
#5213=EDGE_CURVE('',#6172,#6201,#7068,.T.);
#5214=EDGE_CURVE('',#6113,#6118,#7069,.T.);
#5215=EDGE_CURVE('',#6270,#6271,#7070,.T.);
#5216=EDGE_CURVE('',#6271,#6272,#7071,.T.);
#5217=EDGE_CURVE('',#6272,#6273,#7072,.T.);
#5218=EDGE_CURVE('',#6270,#6273,#7073,.T.);
#5219=EDGE_CURVE('',#6116,#6267,#951,.T.);
#5220=EDGE_CURVE('',#6112,#6269,#7074,.T.);
#5221=EDGE_CURVE('',#6075,#6268,#7075,.T.);
#5222=EDGE_CURVE('',#6117,#6266,#952,.T.);
#5223=EDGE_CURVE('',#6274,#6123,#7076,.T.);
#5224=EDGE_CURVE('',#6275,#6274,#7077,.T.);
#5225=EDGE_CURVE('',#6120,#6275,#7078,.T.);
#5226=EDGE_CURVE('',#6073,#6119,#7079,.T.);
#5227=EDGE_CURVE('',#6276,#6276,#86,.F.);
#5228=EDGE_CURVE('',#6277,#6277,#591,.T.);
#5229=EDGE_CURVE('',#6278,#6278,#87,.F.);
#5230=EDGE_CURVE('',#6279,#6279,#592,.T.);
#5231=EDGE_CURVE('',#6280,#6280,#88,.F.);
#5232=EDGE_CURVE('',#6281,#6281,#593,.T.);
#5233=EDGE_CURVE('',#6282,#6282,#89,.F.);
#5234=EDGE_CURVE('',#6283,#6283,#594,.T.);
#5235=EDGE_CURVE('',#6284,#6284,#595,.T.);
#5236=EDGE_CURVE('',#6285,#6285,#596,.T.);
#5237=EDGE_CURVE('',#6286,#6286,#597,.T.);
#5238=EDGE_CURVE('',#6287,#6287,#90,.F.);
#5239=EDGE_CURVE('',#6288,#6288,#598,.T.);
#5240=EDGE_CURVE('NONE',#6289,#6289,#953,.T.);
#5241=EDGE_CURVE('',#6290,#6291,#954,.F.);
#5242=EDGE_CURVE('',#6290,#6292,#7080,.F.);
#5243=EDGE_CURVE('',#6293,#6292,#955,.F.);
#5244=EDGE_CURVE('',#6293,#6291,#7081,.T.);
#5245=EDGE_CURVE('',#6291,#6294,#7082,.T.);
#5246=EDGE_CURVE('',#6294,#6295,#956,.T.);
#5247=EDGE_CURVE('',#6295,#6290,#7083,.T.);
#5248=EDGE_CURVE('',#6296,#6297,#957,.F.);
#5249=EDGE_CURVE('',#6297,#6295,#7084,.F.);
#5250=EDGE_CURVE('',#6294,#6296,#7085,.T.);
#5251=EDGE_CURVE('NONE',#6298,#6298,#958,.T.);
#5252=EDGE_CURVE('',#6299,#6299,#959,.F.);
#5253=EDGE_CURVE('',#6300,#6300,#960,.T.);
#5254=EDGE_CURVE('NONE',#6301,#6301,#961,.T.);
#5255=EDGE_CURVE('',#6302,#6303,#962,.F.);
#5256=EDGE_CURVE('',#6302,#6304,#7086,.F.);
#5257=EDGE_CURVE('',#6305,#6304,#963,.F.);
#5258=EDGE_CURVE('',#6305,#6303,#7087,.T.);
#5259=EDGE_CURVE('',#6306,#6306,#964,.T.);
#5260=EDGE_CURVE('',#6303,#6302,#7088,.T.);
#5261=EDGE_CURVE('',#6297,#6296,#7089,.T.);
#5262=EDGE_CURVE('',#6292,#6293,#7090,.T.);
#5263=EDGE_CURVE('',#6121,#6270,#7091,.T.);
#5264=EDGE_CURVE('',#6273,#6122,#7092,.T.);
#5265=EDGE_CURVE('',#6275,#6271,#7093,.T.);
#5266=EDGE_CURVE('',#6272,#6274,#7094,.T.);
#5267=EDGE_CURVE('',#6304,#6305,#7095,.T.);
#5268=EDGE_CURVE('',#6186,#6187,#7096,.T.);
#5269=EDGE_CURVE('',#6180,#6182,#7097,.T.);
#5270=EDGE_CURVE('',#6137,#6307,#7098,.T.);
#5271=EDGE_CURVE('',#6307,#6308,#965,.F.);
#5272=EDGE_CURVE('',#6308,#6203,#966,.T.);
#5273=EDGE_CURVE('',#6204,#6309,#967,.T.);
#5274=EDGE_CURVE('',#6309,#6310,#968,.F.);
#5275=EDGE_CURVE('',#6310,#6136,#7099,.T.);
#5276=EDGE_CURVE('',#6151,#6311,#7100,.F.);
#5277=EDGE_CURVE('',#6311,#6312,#969,.T.);
#5278=EDGE_CURVE('',#6312,#6195,#970,.F.);
#5279=EDGE_CURVE('',#6196,#6313,#971,.F.);
#5280=EDGE_CURVE('',#6313,#6314,#972,.T.);
#5281=EDGE_CURVE('',#6314,#6150,#7101,.F.);
#5282=EDGE_CURVE('',#6133,#6315,#7102,.F.);
#5283=EDGE_CURVE('',#6315,#6316,#973,.T.);
#5284=EDGE_CURVE('',#6316,#6205,#974,.F.);
#5285=EDGE_CURVE('',#6194,#6317,#975,.T.);
#5286=EDGE_CURVE('',#6317,#6318,#976,.F.);
#5287=EDGE_CURVE('',#6318,#6125,#7103,.T.);
#5288=EDGE_CURVE('',#6265,#6315,#7104,.F.);
#5289=EDGE_CURVE('',#6310,#6307,#7105,.T.);
#5290=EDGE_CURVE('',#6314,#6311,#7106,.F.);
#5291=EDGE_CURVE('',#6318,#6262,#7107,.T.);
#5292=EDGE_CURVE('',#6316,#6264,#7108,.T.);
#5293=EDGE_CURVE('',#6308,#6309,#7109,.T.);
#5294=EDGE_CURVE('',#6312,#6313,#7110,.T.);
#5295=EDGE_CURVE('',#6263,#6317,#7111,.T.);
#5296=EDGE_CURVE('',#6319,#6319,#977,.T.);
#5297=EDGE_CURVE('',#6320,#6320,#978,.F.);
#5298=EDGE_CURVE('',#6321,#6321,#979,.T.);
#5299=EDGE_CURVE('',#6322,#6322,#980,.F.);
#5300=EDGE_CURVE('',#6323,#6323,#981,.F.);
#5301=EDGE_CURVE('',#6324,#6324,#982,.T.);
#5302=EDGE_CURVE('',#6325,#6325,#983,.F.);
#5303=EDGE_CURVE('',#6326,#6326,#984,.F.);
#5304=EDGE_CURVE('',#6327,#6327,#985,.T.);
#5305=EDGE_CURVE('',#6328,#6328,#986,.F.);
#5306=EDGE_CURVE('',#5745,#5738,#7112,.T.);
#5307=EDGE_CURVE('',#5744,#5739,#7113,.T.);
#5308=EDGE_CURVE('',#5736,#5741,#7114,.T.);
#5309=EDGE_CURVE('',#5735,#5742,#7115,.T.);
#5310=EDGE_CURVE('',#6329,#6329,#987,.T.);
#5311=EDGE_CURVE('',#6330,#6330,#988,.F.);
#5312=EDGE_CURVE('',#6331,#6331,#989,.F.);
#5313=EDGE_CURVE('',#6332,#6332,#990,.T.);
#5314=EDGE_CURVE('',#6333,#6333,#991,.F.);
#5315=EDGE_CURVE('',#6334,#6334,#992,.F.);
#5316=EDGE_CURVE('',#6335,#6335,#993,.T.);
#5317=EDGE_CURVE('',#6336,#6336,#994,.F.);
#5318=EDGE_CURVE('',#6337,#6337,#995,.F.);
#5319=EDGE_CURVE('',#6338,#6338,#996,.T.);
#5320=EDGE_CURVE('',#6339,#6339,#997,.F.);
#5321=EDGE_CURVE('',#6340,#6340,#998,.F.);
#5322=EDGE_CURVE('',#5723,#5732,#7116,.T.);
#5323=EDGE_CURVE('',#5722,#5733,#7117,.T.);
#5324=EDGE_CURVE('',#5731,#5717,#7118,.T.);
#5325=EDGE_CURVE('',#5730,#5718,#7119,.T.);
#5326=EDGE_CURVE('',#5720,#5728,#7120,.T.);
#5327=EDGE_CURVE('',#5721,#5727,#7121,.T.);
#5328=EDGE_CURVE('',#5726,#5715,#7122,.T.);
#5329=EDGE_CURVE('',#5725,#5716,#7123,.T.);
#5330=EDGE_CURVE('',#6341,#6341,#999,.T.);
#5331=EDGE_CURVE('',#6342,#6342,#1000,.T.);
#5332=EDGE_CURVE('',#6343,#6343,#1001,.T.);
#5333=EDGE_CURVE('',#6344,#6344,#1002,.T.);
#5334=EDGE_CURVE('',#6345,#6345,#1003,.T.);
#5335=EDGE_CURVE('',#6346,#6346,#1004,.T.);
#5336=EDGE_CURVE('',#6347,#6347,#1005,.T.);
#5337=EDGE_CURVE('',#6348,#6348,#1006,.T.);
#5338=EDGE_CURVE('',#6349,#6349,#1007,.F.);
#5339=EDGE_CURVE('',#6350,#6350,#1008,.F.);
#5340=EDGE_CURVE('',#6351,#6351,#1009,.F.);
#5341=EDGE_CURVE('',#6352,#6352,#1010,.F.);
#5342=EDGE_CURVE('NONE',#6353,#6353,#1011,.T.);
#5343=EDGE_CURVE('NONE',#6354,#6354,#1012,.T.);
#5344=EDGE_CURVE('',#6355,#6355,#1013,.T.);
#5345=EDGE_CURVE('',#6356,#6356,#1014,.T.);
#5346=EDGE_CURVE('NONE',#6357,#6357,#1015,.T.);
#5347=EDGE_CURVE('NONE',#6358,#6358,#1016,.T.);
#5348=EDGE_CURVE('',#6359,#6359,#1017,.T.);
#5349=EDGE_CURVE('',#6360,#6360,#1018,.T.);
#5350=EDGE_CURVE('NONE',#6361,#6361,#1019,.T.);
#5351=EDGE_CURVE('NONE',#6362,#6362,#1020,.T.);
#5352=EDGE_CURVE('',#6363,#6363,#1021,.T.);
#5353=EDGE_CURVE('',#6364,#6364,#1022,.T.);
#5354=EDGE_CURVE('NONE',#6365,#6365,#1023,.T.);
#5355=EDGE_CURVE('NONE',#6366,#6366,#1024,.T.);
#5356=EDGE_CURVE('',#6367,#6367,#1025,.T.);
#5357=EDGE_CURVE('',#6368,#6368,#1026,.T.);
#5358=EDGE_CURVE('',#6369,#6369,#1027,.F.);
#5359=EDGE_CURVE('',#6370,#6370,#1028,.F.);
#5360=EDGE_CURVE('',#6371,#6371,#1029,.F.);
#5361=EDGE_CURVE('',#6372,#6372,#1030,.F.);
#5362=EDGE_CURVE('NONE',#6373,#6373,#1031,.T.);
#5363=EDGE_CURVE('NONE',#6374,#6374,#1032,.T.);
#5364=EDGE_CURVE('',#6375,#6375,#1033,.T.);
#5365=EDGE_CURVE('',#6376,#6376,#1034,.T.);
#5366=EDGE_CURVE('NONE',#6377,#6377,#1035,.T.);
#5367=EDGE_CURVE('NONE',#6378,#6378,#1036,.T.);
#5368=EDGE_CURVE('',#6379,#6379,#1037,.T.);
#5369=EDGE_CURVE('',#6380,#6380,#1038,.T.);
#5370=EDGE_CURVE('NONE',#6381,#6381,#1039,.T.);
#5371=EDGE_CURVE('NONE',#6382,#6382,#1040,.T.);
#5372=EDGE_CURVE('',#6383,#6383,#1041,.T.);
#5373=EDGE_CURVE('',#6384,#6384,#1042,.T.);
#5374=EDGE_CURVE('NONE',#6385,#6385,#1043,.T.);
#5375=EDGE_CURVE('NONE',#6386,#6386,#1044,.T.);
#5376=EDGE_CURVE('',#6387,#6387,#1045,.T.);
#5377=EDGE_CURVE('',#6388,#6388,#1046,.T.);
#5378=EDGE_CURVE('',#6095,#5562,#7124,.T.);
#5379=EDGE_CURVE('',#6096,#5575,#7125,.T.);
#5380=EDGE_CURVE('',#6097,#5574,#7126,.T.);
#5381=EDGE_CURVE('',#6098,#5573,#7127,.T.);
#5382=EDGE_CURVE('',#6099,#5572,#7128,.T.);
#5383=EDGE_CURVE('',#6100,#5566,#7129,.T.);
#5384=EDGE_CURVE('',#6101,#5565,#7130,.T.);
#5385=EDGE_CURVE('',#6094,#5564,#7131,.T.);
#5386=EDGE_CURVE('',#6389,#6389,#1047,.T.);
#5387=EDGE_CURVE('',#6390,#6390,#1048,.T.);
#5388=EDGE_CURVE('',#6391,#6391,#1049,.T.);
#5389=EDGE_CURVE('',#6392,#6392,#1050,.T.);
#5390=EDGE_CURVE('',#6393,#6393,#1051,.F.);
#5391=EDGE_CURVE('',#6394,#6394,#1052,.F.);
#5392=EDGE_CURVE('',#6395,#6395,#1053,.F.);
#5393=EDGE_CURVE('',#6396,#6396,#1054,.F.);
#5394=EDGE_CURVE('',#6397,#6397,#1055,.F.);
#5395=EDGE_CURVE('',#6398,#6398,#1056,.T.);
#5396=EDGE_CURVE('',#6399,#6399,#1057,.F.);
#5397=EDGE_CURVE('',#6400,#6400,#1058,.T.);
#5398=EDGE_CURVE('',#6401,#6401,#1059,.F.);
#5399=EDGE_CURVE('',#6402,#6402,#1060,.T.);
#5400=EDGE_CURVE('',#6403,#6403,#1061,.F.);
#5401=EDGE_CURVE('',#6404,#6404,#1062,.T.);
#5402=EDGE_CURVE('',#6219,#6405,#7132,.T.);
#5403=EDGE_CURVE('',#6405,#6406,#7133,.F.);
#5404=EDGE_CURVE('',#6406,#6218,#7134,.T.);
#5405=EDGE_CURVE('',#6222,#6407,#7135,.T.);
#5406=EDGE_CURVE('',#6407,#6408,#7136,.T.);
#5407=EDGE_CURVE('',#6408,#6409,#1063,.T.);
#5408=EDGE_CURVE('',#6409,#6410,#7137,.T.);
#5409=EDGE_CURVE('',#6410,#6223,#7138,.F.);
#5410=EDGE_CURVE('',#6411,#6412,#7139,.T.);
#5411=EDGE_CURVE('',#6412,#6221,#7140,.F.);
#5412=EDGE_CURVE('',#6220,#6411,#7141,.F.);
#5413=EDGE_CURVE('',#6413,#6414,#7142,.T.);
#5414=EDGE_CURVE('',#6414,#6214,#7143,.F.);
#5415=EDGE_CURVE('',#6213,#6413,#7144,.F.);
#5416=EDGE_CURVE('',#6212,#6415,#7145,.T.);
#5417=EDGE_CURVE('',#6415,#6416,#7146,.F.);
#5418=EDGE_CURVE('',#6416,#6211,#7147,.T.);
#5419=EDGE_CURVE('',#6417,#6418,#7148,.T.);
#5420=EDGE_CURVE('',#6418,#6216,#7149,.F.);
#5421=EDGE_CURVE('',#6215,#6419,#7150,.T.);
#5422=EDGE_CURVE('',#6419,#6420,#7151,.T.);
#5423=EDGE_CURVE('',#6420,#6417,#1064,.T.);
#5424=EDGE_CURVE('',#6014,#5559,#7152,.T.);
#5425=EDGE_CURVE('',#6013,#5542,#7153,.T.);
#5426=EDGE_CURVE('',#6011,#5845,#7154,.T.);
#5427=EDGE_CURVE('',#6012,#5483,#7155,.T.);
#5428=EDGE_CURVE('',#6026,#5515,#7156,.T.);
#5429=EDGE_CURVE('',#6028,#5548,#7157,.T.);
#5430=EDGE_CURVE('',#6025,#5936,#7158,.T.);
#5431=EDGE_CURVE('',#6027,#5655,#7159,.T.);
#5432=EDGE_CURVE('',#6021,#5514,#7160,.T.);
#5433=EDGE_CURVE('',#6022,#5509,#7161,.T.);
#5434=EDGE_CURVE('',#6024,#5536,#7162,.T.);
#5435=EDGE_CURVE('',#6023,#5547,#7163,.T.);
#5436=EDGE_CURVE('',#6015,#5508,#7164,.T.);
#5437=EDGE_CURVE('',#6016,#5495,#7165,.T.);
#5438=EDGE_CURVE('',#6017,#5528,#7166,.T.);
#5439=EDGE_CURVE('',#6018,#5543,#7167,.T.);
#5440=EDGE_CURVE('',#5590,#6220,#1065,.T.);
#5441=EDGE_CURVE('',#6411,#5589,#1066,.T.);
#5442=EDGE_CURVE('',#6411,#6191,#1067,.T.);
#5443=EDGE_CURVE('',#5591,#6218,#1068,.T.);
#5444=EDGE_CURVE('',#6412,#6190,#1069,.T.);
#5445=EDGE_CURVE('',#6407,#6412,#1070,.F.);
#5446=EDGE_CURVE('',#5592,#6406,#1071,.T.);
#5447=EDGE_CURVE('',#6407,#6189,#1072,.F.);
#5448=EDGE_CURVE('',#5649,#6406,#1073,.T.);
#5449=EDGE_CURVE('',#6408,#6188,#1074,.T.);
#5450=EDGE_CURVE('',#6405,#6410,#1075,.F.);
#5451=EDGE_CURVE('',#5652,#6405,#1076,.T.);
#5452=EDGE_CURVE('',#6409,#5653,#1077,.T.);
#5453=EDGE_CURVE('',#5651,#6410,#1078,.F.);
#5454=EDGE_CURVE('',#5641,#6213,#1079,.T.);
#5455=EDGE_CURVE('',#6413,#5640,#1080,.T.);
#5456=EDGE_CURVE('',#6413,#5555,#1081,.T.);
#5457=EDGE_CURVE('',#5642,#6211,#599,.F.);
#5458=EDGE_CURVE('',#6414,#5554,#1082,.T.);
#5459=EDGE_CURVE('',#6419,#6414,#1083,.F.);
#5460=EDGE_CURVE('',#5643,#6416,#1084,.T.);
#5461=EDGE_CURVE('',#6419,#5553,#1085,.F.);
#5462=EDGE_CURVE('',#5660,#6416,#1086,.T.);
#5463=EDGE_CURVE('',#6420,#5552,#1087,.T.);
#5464=EDGE_CURVE('',#6415,#6418,#91,.T.);
#5465=EDGE_CURVE('',#6207,#6415,#1088,.T.);
#5466=EDGE_CURVE('',#6417,#6209,#1089,.T.);
#5467=EDGE_CURVE('',#6208,#6418,#1090,.F.);
#5468=VERTEX_POINT('',#14608);
#5469=VERTEX_POINT('',#14609);
#5470=VERTEX_POINT('',#14611);
#5471=VERTEX_POINT('',#14613);
#5472=VERTEX_POINT('',#14615);
#5473=VERTEX_POINT('',#14617);
#5474=VERTEX_POINT('',#14622);
#5475=VERTEX_POINT('',#14624);
#5476=VERTEX_POINT('',#14626);
#5477=VERTEX_POINT('',#14630);
#5478=VERTEX_POINT('',#14631);
#5479=VERTEX_POINT('',#14633);
#5480=VERTEX_POINT('',#14635);
#5481=VERTEX_POINT('',#14643);
#5482=VERTEX_POINT('',#14645);
#5483=VERTEX_POINT('',#14649);
#5484=VERTEX_POINT('',#14650);
#5485=VERTEX_POINT('',#14652);
#5486=VERTEX_POINT('',#14654);
#5487=VERTEX_POINT('',#14658);
#5488=VERTEX_POINT('',#14659);
#5489=VERTEX_POINT('',#14668);
#5490=VERTEX_POINT('',#14670);
#5491=VERTEX_POINT('',#14674);
#5492=VERTEX_POINT('',#14675);
#5493=VERTEX_POINT('',#14677);
#5494=VERTEX_POINT('',#14679);
#5495=VERTEX_POINT('',#14687);
#5496=VERTEX_POINT('',#14689);
#5497=VERTEX_POINT('',#14691);
#5498=VERTEX_POINT('',#14693);
#5499=VERTEX_POINT('',#14695);
#5500=VERTEX_POINT('',#14697);
#5501=VERTEX_POINT('',#14699);
#5502=VERTEX_POINT('',#14701);
#5503=VERTEX_POINT('',#14703);
#5504=VERTEX_POINT('',#14705);
#5505=VERTEX_POINT('',#14707);
#5506=VERTEX_POINT('',#14709);
#5507=VERTEX_POINT('',#14711);
#5508=VERTEX_POINT('',#14713);
#5509=VERTEX_POINT('',#14717);
#5510=VERTEX_POINT('',#14719);
#5511=VERTEX_POINT('',#14721);
#5512=VERTEX_POINT('',#14723);
#5513=VERTEX_POINT('',#14725);
#5514=VERTEX_POINT('',#14727);
#5515=VERTEX_POINT('',#14731);
#5516=VERTEX_POINT('',#14732);
#5517=VERTEX_POINT('',#14741);
#5518=VERTEX_POINT('',#14742);
#5519=VERTEX_POINT('',#14748);
#5520=VERTEX_POINT('',#14750);
#5521=VERTEX_POINT('',#14758);
#5522=VERTEX_POINT('',#14760);
#5523=VERTEX_POINT('',#14764);
#5524=VERTEX_POINT('',#14766);
#5525=VERTEX_POINT('',#14777);
#5526=VERTEX_POINT('',#14778);
#5527=VERTEX_POINT('',#14791);
#5528=VERTEX_POINT('',#14792);
#5529=VERTEX_POINT('',#14794);
#5530=VERTEX_POINT('',#14796);
#5531=VERTEX_POINT('',#14798);
#5532=VERTEX_POINT('',#14800);
#5533=VERTEX_POINT('',#14802);
#5534=VERTEX_POINT('',#14804);
#5535=VERTEX_POINT('',#14806);
#5536=VERTEX_POINT('',#14809);
#5537=VERTEX_POINT('',#14811);
#5538=VERTEX_POINT('',#14813);
#5539=VERTEX_POINT('',#14815);
#5540=VERTEX_POINT('',#14817);
#5541=VERTEX_POINT('',#14821);
#5542=VERTEX_POINT('',#14822);
#5543=VERTEX_POINT('',#14825);
#5544=VERTEX_POINT('',#14828);
#5545=VERTEX_POINT('',#14832);
#5546=VERTEX_POINT('',#14834);
#5547=VERTEX_POINT('',#14838);
#5548=VERTEX_POINT('',#14841);
#5549=VERTEX_POINT('',#14843);
#5550=VERTEX_POINT('',#14845);
#5551=VERTEX_POINT('',#14849);
#5552=VERTEX_POINT('',#14850);
#5553=VERTEX_POINT('',#14852);
#5554=VERTEX_POINT('',#14854);
#5555=VERTEX_POINT('',#14856);
#5556=VERTEX_POINT('',#14858);
#5557=VERTEX_POINT('',#14860);
#5558=VERTEX_POINT('',#14862);
#5559=VERTEX_POINT('',#14865);
#5560=VERTEX_POINT('',#14870);
#5561=VERTEX_POINT('',#14872);
#5562=VERTEX_POINT('',#14874);
#5563=VERTEX_POINT('',#14875);
#5564=VERTEX_POINT('',#14877);
#5565=VERTEX_POINT('',#14879);
#5566=VERTEX_POINT('',#14881);
#5567=VERTEX_POINT('',#14883);
#5568=VERTEX_POINT('',#14885);
#5569=VERTEX_POINT('',#14887);
#5570=VERTEX_POINT('',#14889);
#5571=VERTEX_POINT('',#14891);
#5572=VERTEX_POINT('',#14894);
#5573=VERTEX_POINT('',#14896);
#5574=VERTEX_POINT('',#14898);
#5575=VERTEX_POINT('',#14900);
#5576=VERTEX_POINT('',#14903);
#5577=VERTEX_POINT('',#14905);
#5578=VERTEX_POINT('',#14907);
#5579=VERTEX_POINT('',#14909);
#5580=VERTEX_POINT('',#14912);
#5581=VERTEX_POINT('',#14913);
#5582=VERTEX_POINT('',#14915);
#5583=VERTEX_POINT('',#14917);
#5584=VERTEX_POINT('',#14919);
#5585=VERTEX_POINT('',#14921);
#5586=VERTEX_POINT('',#14923);
#5587=VERTEX_POINT('',#14925);
#5588=VERTEX_POINT('',#14928);
#5589=VERTEX_POINT('',#14929);
#5590=VERTEX_POINT('',#14931);
#5591=VERTEX_POINT('',#14933);
#5592=VERTEX_POINT('',#14935);
#5593=VERTEX_POINT('',#14937);
#5594=VERTEX_POINT('',#14939);
#5595=VERTEX_POINT('',#14945);
#5596=VERTEX_POINT('',#14947);
#5597=VERTEX_POINT('',#14949);
#5598=VERTEX_POINT('',#14955);
#5599=VERTEX_POINT('',#14957);
#5600=VERTEX_POINT('',#14963);
#5601=VERTEX_POINT('',#14965);
#5602=VERTEX_POINT('',#14967);
#5603=VERTEX_POINT('',#14969);
#5604=VERTEX_POINT('',#14971);
#5605=VERTEX_POINT('',#14973);
#5606=VERTEX_POINT('',#14975);
#5607=VERTEX_POINT('',#14977);
#5608=VERTEX_POINT('',#14979);
#5609=VERTEX_POINT('',#14981);
#5610=VERTEX_POINT('',#14983);
#5611=VERTEX_POINT('',#14985);
#5612=VERTEX_POINT('',#14987);
#5613=VERTEX_POINT('',#14989);
#5614=VERTEX_POINT('',#14991);
#5615=VERTEX_POINT('',#14999);
#5616=VERTEX_POINT('',#15001);
#5617=VERTEX_POINT('',#15003);
#5618=VERTEX_POINT('',#15009);
#5619=VERTEX_POINT('',#15011);
#5620=VERTEX_POINT('',#15017);
#5621=VERTEX_POINT('',#15019);
#5622=VERTEX_POINT('',#15021);
#5623=VERTEX_POINT('',#15023);
#5624=VERTEX_POINT('',#15025);
#5625=VERTEX_POINT('',#15027);
#5626=VERTEX_POINT('',#15029);
#5627=VERTEX_POINT('',#15031);
#5628=VERTEX_POINT('',#15033);
#5629=VERTEX_POINT('',#15035);
#5630=VERTEX_POINT('',#15043);
#5631=VERTEX_POINT('',#15045);
#5632=VERTEX_POINT('',#15047);
#5633=VERTEX_POINT('',#15053);
#5634=VERTEX_POINT('',#15055);
#5635=VERTEX_POINT('',#15061);
#5636=VERTEX_POINT('',#15063);
#5637=VERTEX_POINT('',#15065);
#5638=VERTEX_POINT('',#15071);
#5639=VERTEX_POINT('',#15073);
#5640=VERTEX_POINT('',#15075);
#5641=VERTEX_POINT('',#15077);
#5642=VERTEX_POINT('',#15079);
#5643=VERTEX_POINT('',#15081);
#5644=VERTEX_POINT('',#15083);
#5645=VERTEX_POINT('',#15085);
#5646=VERTEX_POINT('',#15087);
#5647=VERTEX_POINT('',#15089);
#5648=VERTEX_POINT('',#15091);
#5649=VERTEX_POINT('',#15095);
#5650=VERTEX_POINT('',#15097);
#5651=VERTEX_POINT('',#15101);
#5652=VERTEX_POINT('',#15102);
#5653=VERTEX_POINT('',#15104);
#5654=VERTEX_POINT('',#15106);
#5655=VERTEX_POINT('',#15109);
#5656=VERTEX_POINT('',#15111);
#5657=VERTEX_POINT('',#15113);
#5658=VERTEX_POINT('',#15115);
#5659=VERTEX_POINT('',#15117);
#5660=VERTEX_POINT('',#15122);
#5661=VERTEX_POINT('',#15124);
#5662=VERTEX_POINT('',#15128);
#5663=VERTEX_POINT('',#15129);
#5664=VERTEX_POINT('',#15131);
#5665=VERTEX_POINT('',#15133);
#5666=VERTEX_POINT('',#15135);
#5667=VERTEX_POINT('',#15137);
#5668=VERTEX_POINT('',#15139);
#5669=VERTEX_POINT('',#15141);
#5670=VERTEX_POINT('',#15147);
#5671=VERTEX_POINT('',#15149);
#5672=VERTEX_POINT('',#15154);
#5673=VERTEX_POINT('',#15158);
#5674=VERTEX_POINT('',#15159);
#5675=VERTEX_POINT('',#15161);
#5676=VERTEX_POINT('',#15163);
#5677=VERTEX_POINT('',#15165);
#5678=VERTEX_POINT('',#15167);
#5679=VERTEX_POINT('',#15169);
#5680=VERTEX_POINT('',#15171);
#5681=VERTEX_POINT('',#15175);
#5682=VERTEX_POINT('',#15176);
#5683=VERTEX_POINT('',#15178);
#5684=VERTEX_POINT('',#15180);
#5685=VERTEX_POINT('',#15182);
#5686=VERTEX_POINT('',#15184);
#5687=VERTEX_POINT('',#15186);
#5688=VERTEX_POINT('',#15188);
#5689=VERTEX_POINT('',#15193);
#5690=VERTEX_POINT('',#15195);
#5691=VERTEX_POINT('',#15203);
#5692=VERTEX_POINT('',#15205);
#5693=VERTEX_POINT('',#15211);
#5694=VERTEX_POINT('',#15215);
#5695=VERTEX_POINT('',#15216);
#5696=VERTEX_POINT('',#15218);
#5697=VERTEX_POINT('',#15220);
#5698=VERTEX_POINT('',#15222);
#5699=VERTEX_POINT('',#15224);
#5700=VERTEX_POINT('',#15226);
#5701=VERTEX_POINT('',#15228);
#5702=VERTEX_POINT('',#15232);
#5703=VERTEX_POINT('',#15233);
#5704=VERTEX_POINT('',#15235);
#5705=VERTEX_POINT('',#15237);
#5706=VERTEX_POINT('',#15241);
#5707=VERTEX_POINT('',#15242);
#5708=VERTEX_POINT('',#15244);
#5709=VERTEX_POINT('',#15246);
#5710=VERTEX_POINT('',#15248);
#5711=VERTEX_POINT('',#15250);
#5712=VERTEX_POINT('',#15252);
#5713=VERTEX_POINT('',#15254);
#5714=VERTEX_POINT('',#15258);
#5715=VERTEX_POINT('',#15260);
#5716=VERTEX_POINT('',#15262);
#5717=VERTEX_POINT('',#15265);
#5718=VERTEX_POINT('',#15267);
#5719=VERTEX_POINT('',#15271);
#5720=VERTEX_POINT('',#15273);
#5721=VERTEX_POINT('',#15275);
#5722=VERTEX_POINT('',#15278);
#5723=VERTEX_POINT('',#15280);
#5724=VERTEX_POINT('',#15284);
#5725=VERTEX_POINT('',#15286);
#5726=VERTEX_POINT('',#15288);
#5727=VERTEX_POINT('',#15291);
#5728=VERTEX_POINT('',#15293);
#5729=VERTEX_POINT('',#15297);
#5730=VERTEX_POINT('',#15299);
#5731=VERTEX_POINT('',#15301);
#5732=VERTEX_POINT('',#15304);
#5733=VERTEX_POINT('',#15306);
#5734=VERTEX_POINT('',#15310);
#5735=VERTEX_POINT('',#15312);
#5736=VERTEX_POINT('',#15314);
#5737=VERTEX_POINT('',#15318);
#5738=VERTEX_POINT('',#15320);
#5739=VERTEX_POINT('',#15322);
#5740=VERTEX_POINT('',#15326);
#5741=VERTEX_POINT('',#15328);
#5742=VERTEX_POINT('',#15330);
#5743=VERTEX_POINT('',#15334);
#5744=VERTEX_POINT('',#15336);
#5745=VERTEX_POINT('',#15338);
#5746=VERTEX_POINT('',#15342);
#5747=VERTEX_POINT('',#15343);
#5748=VERTEX_POINT('',#15345);
#5749=VERTEX_POINT('',#15347);
#5750=VERTEX_POINT('',#15354);
#5751=VERTEX_POINT('',#15359);
#5752=VERTEX_POINT('',#15366);
#5753=VERTEX_POINT('',#15368);
#5754=VERTEX_POINT('',#15372);
#5755=VERTEX_POINT('',#15373);
#5756=VERTEX_POINT('',#15375);
#5757=VERTEX_POINT('',#15377);
#5758=VERTEX_POINT('',#15384);
#5759=VERTEX_POINT('',#15389);
#5760=VERTEX_POINT('',#15396);
#5761=VERTEX_POINT('',#15401);
#5762=VERTEX_POINT('',#15405);
#5763=VERTEX_POINT('',#15406);
#5764=VERTEX_POINT('',#15408);
#5765=VERTEX_POINT('',#15410);
#5766=VERTEX_POINT('',#15414);
#5767=VERTEX_POINT('',#15415);
#5768=VERTEX_POINT('',#15417);
#5769=VERTEX_POINT('',#15419);
#5770=VERTEX_POINT('',#15427);
#5771=VERTEX_POINT('',#15465);
#5772=VERTEX_POINT('',#15473);
#5773=VERTEX_POINT('',#15480);
#5774=VERTEX_POINT('',#15481);
#5775=VERTEX_POINT('',#15483);
#5776=VERTEX_POINT('',#15488);
#5777=VERTEX_POINT('',#15495);
#5778=VERTEX_POINT('',#15500);
#5779=VERTEX_POINT('',#15504);
#5780=VERTEX_POINT('',#15506);
#5781=VERTEX_POINT('',#15513);
#5782=VERTEX_POINT('',#15514);
#5783=VERTEX_POINT('',#15516);
#5784=VERTEX_POINT('',#15518);
#5785=VERTEX_POINT('',#15525);
#5786=VERTEX_POINT('',#15530);
#5787=VERTEX_POINT('',#15534);
#5788=VERTEX_POINT('',#15536);
#5789=VERTEX_POINT('',#15540);
#5790=VERTEX_POINT('',#15541);
#5791=VERTEX_POINT('',#15543);
#5792=VERTEX_POINT('',#15545);
#5793=VERTEX_POINT('',#15549);
#5794=VERTEX_POINT('',#15551);
#5795=VERTEX_POINT('',#15555);
#5796=VERTEX_POINT('',#15559);
#5797=VERTEX_POINT('',#15563);
#5798=VERTEX_POINT('',#15567);
#5799=VERTEX_POINT('',#15574);
#5800=VERTEX_POINT('',#15576);
#5801=VERTEX_POINT('',#15580);
#5802=VERTEX_POINT('',#15584);
#5803=VERTEX_POINT('',#15596);
#5804=VERTEX_POINT('',#15598);
#5805=VERTEX_POINT('',#15602);
#5806=VERTEX_POINT('',#15606);
#5807=VERTEX_POINT('',#15615);
#5808=VERTEX_POINT('',#15617);
#5809=VERTEX_POINT('',#15621);
#5810=VERTEX_POINT('',#15625);
#5811=VERTEX_POINT('',#15632);
#5812=VERTEX_POINT('',#15633);
#5813=VERTEX_POINT('',#15641);
#5814=VERTEX_POINT('',#15642);
#5815=VERTEX_POINT('',#15684);
#5816=VERTEX_POINT('',#15692);
#5817=VERTEX_POINT('',#15705);
#5818=VERTEX_POINT('',#15712);
#5819=VERTEX_POINT('',#15714);
#5820=VERTEX_POINT('',#15718);
#5821=VERTEX_POINT('',#15722);
#5822=VERTEX_POINT('',#15726);
#5823=VERTEX_POINT('',#15730);
#5824=VERTEX_POINT('',#15734);
#5825=VERTEX_POINT('',#15735);
#5826=VERTEX_POINT('',#15740);
#5827=VERTEX_POINT('',#15747);
#5828=VERTEX_POINT('',#15756);
#5829=VERTEX_POINT('',#15757);
#5830=VERTEX_POINT('',#15762);
#5831=VERTEX_POINT('',#15769);
#5832=VERTEX_POINT('',#15778);
#5833=VERTEX_POINT('',#15780);
#5834=VERTEX_POINT('',#15785);
#5835=VERTEX_POINT('',#15789);
#5836=VERTEX_POINT('',#15793);
#5837=VERTEX_POINT('',#15797);
#5838=VERTEX_POINT('',#15801);
#5839=VERTEX_POINT('',#15806);
#5840=VERTEX_POINT('',#15810);
#5841=VERTEX_POINT('',#15812);
#5842=VERTEX_POINT('',#15815);
#5843=VERTEX_POINT('',#15817);
#5844=VERTEX_POINT('',#15824);
#5845=VERTEX_POINT('',#15834);
#5846=VERTEX_POINT('',#15838);
#5847=VERTEX_POINT('',#15840);
#5848=VERTEX_POINT('',#15844);
#5849=VERTEX_POINT('',#15846);
#5850=VERTEX_POINT('',#15850);
#5851=VERTEX_POINT('',#15851);
#5852=VERTEX_POINT('',#15853);
#5853=VERTEX_POINT('',#15855);
#5854=VERTEX_POINT('',#15859);
#5855=VERTEX_POINT('',#15883);
#5856=VERTEX_POINT('',#15895);
#5857=VERTEX_POINT('',#15899);
#5858=VERTEX_POINT('',#15900);
#5859=VERTEX_POINT('',#15902);
#5860=VERTEX_POINT('',#15904);
#5861=VERTEX_POINT('',#15908);
#5862=VERTEX_POINT('',#15910);
#5863=VERTEX_POINT('',#15914);
#5864=VERTEX_POINT('',#15915);
#5865=VERTEX_POINT('',#15917);
#5866=VERTEX_POINT('',#15919);
#5867=VERTEX_POINT('',#15923);
#5868=VERTEX_POINT('',#15925);
#5869=VERTEX_POINT('',#15929);
#5870=VERTEX_POINT('',#15935);
#5871=VERTEX_POINT('',#15945);
#5872=VERTEX_POINT('',#15951);
#5873=VERTEX_POINT('',#15961);
#5874=VERTEX_POINT('',#15967);
#5875=VERTEX_POINT('',#15975);
#5876=VERTEX_POINT('',#15981);
#5877=VERTEX_POINT('',#15989);
#5878=VERTEX_POINT('',#15995);
#5879=VERTEX_POINT('',#16003);
#5880=VERTEX_POINT('',#16009);
#5881=VERTEX_POINT('',#16017);
#5882=VERTEX_POINT('',#16023);
#5883=VERTEX_POINT('',#16031);
#5884=VERTEX_POINT('',#16037);
#5885=VERTEX_POINT('',#16045);
#5886=VERTEX_POINT('',#16051);
#5887=VERTEX_POINT('',#16059);
#5888=VERTEX_POINT('',#16065);
#5889=VERTEX_POINT('',#16073);
#5890=VERTEX_POINT('',#16079);
#5891=VERTEX_POINT('',#16089);
#5892=VERTEX_POINT('',#16095);
#5893=VERTEX_POINT('',#16108);
#5894=VERTEX_POINT('',#16112);
#5895=VERTEX_POINT('',#16127);
#5896=VERTEX_POINT('',#16134);
#5897=VERTEX_POINT('',#16147);
#5898=VERTEX_POINT('',#16155);
#5899=VERTEX_POINT('',#16159);
#5900=VERTEX_POINT('',#16167);
#5901=VERTEX_POINT('',#16175);
#5902=VERTEX_POINT('',#16181);
#5903=VERTEX_POINT('',#16203);
#5904=VERTEX_POINT('',#16205);
#5905=VERTEX_POINT('',#16212);
#5906=VERTEX_POINT('',#16214);
#5907=VERTEX_POINT('',#16218);
#5908=VERTEX_POINT('',#16220);
#5909=VERTEX_POINT('',#16224);
#5910=VERTEX_POINT('',#16226);
#5911=VERTEX_POINT('',#16232);
#5912=VERTEX_POINT('',#16233);
#5913=VERTEX_POINT('',#16235);
#5914=VERTEX_POINT('',#16237);
#5915=VERTEX_POINT('',#16244);
#5916=VERTEX_POINT('',#16246);
#5917=VERTEX_POINT('',#16248);
#5918=VERTEX_POINT('',#16250);
#5919=VERTEX_POINT('',#16256);
#5920=VERTEX_POINT('',#16260);
#5921=VERTEX_POINT('',#16261);
#5922=VERTEX_POINT('',#16263);
#5923=VERTEX_POINT('',#16265);
#5924=VERTEX_POINT('',#16276);
#5925=VERTEX_POINT('',#16284);
#5926=VERTEX_POINT('',#16286);
#5927=VERTEX_POINT('',#16290);
#5928=VERTEX_POINT('',#16297);
#5929=VERTEX_POINT('',#16298);
#5930=VERTEX_POINT('',#16306);
#5931=VERTEX_POINT('',#16312);
#5932=VERTEX_POINT('',#16317);
#5933=VERTEX_POINT('',#16333);
#5934=VERTEX_POINT('',#16337);
#5935=VERTEX_POINT('',#16338);
#5936=VERTEX_POINT('',#16340);
#5937=VERTEX_POINT('',#16352);
#5938=VERTEX_POINT('',#16353);
#5939=VERTEX_POINT('',#16355);
#5940=VERTEX_POINT('',#16357);
#5941=VERTEX_POINT('',#16359);
#5942=VERTEX_POINT('',#16361);
#5943=VERTEX_POINT('',#16363);
#5944=VERTEX_POINT('',#16365);
#5945=VERTEX_POINT('',#16372);
#5946=VERTEX_POINT('',#16373);
#5947=VERTEX_POINT('',#16375);
#5948=VERTEX_POINT('',#16377);
#5949=VERTEX_POINT('',#16384);
#5950=VERTEX_POINT('',#16386);
#5951=VERTEX_POINT('',#16390);
#5952=VERTEX_POINT('',#16392);
#5953=VERTEX_POINT('',#16403);
#5954=VERTEX_POINT('',#16405);
#5955=VERTEX_POINT('',#16413);
#5956=VERTEX_POINT('',#16415);
#5957=VERTEX_POINT('',#16434);
#5958=VERTEX_POINT('',#16438);
#5959=VERTEX_POINT('',#16439);
#5960=VERTEX_POINT('',#16441);
#5961=VERTEX_POINT('',#16443);
#5962=VERTEX_POINT('',#16454);
#5963=VERTEX_POINT('',#16456);
#5964=VERTEX_POINT('',#16474);
#5965=VERTEX_POINT('',#16478);
#5966=VERTEX_POINT('',#16486);
#5967=VERTEX_POINT('',#16490);
#5968=VERTEX_POINT('',#16508);
#5969=VERTEX_POINT('',#16511);
#5970=VERTEX_POINT('',#16523);
#5971=VERTEX_POINT('',#16530);
#5972=VERTEX_POINT('',#16534);
#5973=VERTEX_POINT('',#16544);
#5974=VERTEX_POINT('',#16548);
#5975=VERTEX_POINT('',#16556);
#5976=VERTEX_POINT('',#16560);
#5977=VERTEX_POINT('',#16568);
#5978=VERTEX_POINT('',#16572);
#5979=VERTEX_POINT('',#16580);
#5980=VERTEX_POINT('',#16584);
#5981=VERTEX_POINT('',#16592);
#5982=VERTEX_POINT('',#16596);
#5983=VERTEX_POINT('',#16606);
#5984=VERTEX_POINT('',#16610);
#5985=VERTEX_POINT('',#16619);
#5986=VERTEX_POINT('',#16626);
#5987=VERTEX_POINT('',#16630);
#5988=VERTEX_POINT('',#16634);
#5989=VERTEX_POINT('',#16636);
#5990=VERTEX_POINT('',#16642);
#5991=VERTEX_POINT('',#16644);
#5992=VERTEX_POINT('',#16648);
#5993=VERTEX_POINT('',#16652);
#5994=VERTEX_POINT('',#16654);
#5995=VERTEX_POINT('',#16658);
#5996=VERTEX_POINT('',#16662);
#5997=VERTEX_POINT('',#16663);
#5998=VERTEX_POINT('',#16666);
#5999=VERTEX_POINT('',#16668);
#6000=VERTEX_POINT('',#16672);
#6001=VERTEX_POINT('',#16674);
#6002=VERTEX_POINT('',#16678);
#6003=VERTEX_POINT('',#16682);
#6004=VERTEX_POINT('',#16686);
#6005=VERTEX_POINT('',#16687);
#6006=VERTEX_POINT('',#16689);
#6007=VERTEX_POINT('',#16691);
#6008=VERTEX_POINT('',#16695);
#6009=VERTEX_POINT('',#16697);
#6010=VERTEX_POINT('',#16765);
#6011=VERTEX_POINT('',#16772);
#6012=VERTEX_POINT('',#16773);
#6013=VERTEX_POINT('',#16775);
#6014=VERTEX_POINT('',#16777);
#6015=VERTEX_POINT('',#16780);
#6016=VERTEX_POINT('',#16781);
#6017=VERTEX_POINT('',#16783);
#6018=VERTEX_POINT('',#16785);
#6019=VERTEX_POINT('',#16793);
#6020=VERTEX_POINT('',#16835);
#6021=VERTEX_POINT('',#16843);
#6022=VERTEX_POINT('',#16844);
#6023=VERTEX_POINT('',#16846);
#6024=VERTEX_POINT('',#16848);
#6025=VERTEX_POINT('',#16851);
#6026=VERTEX_POINT('',#16852);
#6027=VERTEX_POINT('',#16854);
#6028=VERTEX_POINT('',#16856);
#6029=VERTEX_POINT('',#16863);
#6030=VERTEX_POINT('',#16961);
#6031=VERTEX_POINT('',#16998);
#6032=VERTEX_POINT('',#17006);
#6033=VERTEX_POINT('',#17014);
#6034=VERTEX_POINT('',#17028);
#6035=VERTEX_POINT('',#17036);
#6036=VERTEX_POINT('',#17048);
#6037=VERTEX_POINT('',#17056);
#6038=VERTEX_POINT('',#17068);
#6039=VERTEX_POINT('',#17076);
#6040=VERTEX_POINT('',#17088);
#6041=VERTEX_POINT('',#17096);
#6042=VERTEX_POINT('',#17108);
#6043=VERTEX_POINT('',#17116);
#6044=VERTEX_POINT('',#17126);
#6045=VERTEX_POINT('',#17171);
#6046=VERTEX_POINT('',#17189);
#6047=VERTEX_POINT('',#17193);
#6048=VERTEX_POINT('',#17197);
#6049=VERTEX_POINT('',#17201);
#6050=VERTEX_POINT('',#17203);
#6051=VERTEX_POINT('',#17207);
#6052=VERTEX_POINT('',#17213);
#6053=VERTEX_POINT('',#17214);
#6054=VERTEX_POINT('',#17219);
#6055=VERTEX_POINT('',#17221);
#6056=VERTEX_POINT('',#17225);
#6057=VERTEX_POINT('',#17229);
#6058=VERTEX_POINT('',#17233);
#6059=VERTEX_POINT('',#17237);
#6060=VERTEX_POINT('',#17241);
#6061=VERTEX_POINT('',#17243);
#6062=VERTEX_POINT('',#17247);
#6063=VERTEX_POINT('',#17251);
#6064=VERTEX_POINT('',#17255);
#6065=VERTEX_POINT('',#17257);
#6066=VERTEX_POINT('',#17261);
#6067=VERTEX_POINT('',#17265);
#6068=VERTEX_POINT('',#17271);
#6069=VERTEX_POINT('',#17273);
#6070=VERTEX_POINT('',#17277);
#6071=VERTEX_POINT('',#17279);
#6072=VERTEX_POINT('',#17283);
#6073=VERTEX_POINT('',#17284);
#6074=VERTEX_POINT('',#17287);
#6075=VERTEX_POINT('',#17289);
#6076=VERTEX_POINT('',#17292);
#6077=VERTEX_POINT('',#17294);
#6078=VERTEX_POINT('',#17296);
#6079=VERTEX_POINT('',#17298);
#6080=VERTEX_POINT('',#17302);
#6081=VERTEX_POINT('',#17306);
#6082=VERTEX_POINT('',#17310);
#6083=VERTEX_POINT('',#17312);
#6084=VERTEX_POINT('',#17320);
#6085=VERTEX_POINT('',#17322);
#6086=VERTEX_POINT('',#17330);
#6087=VERTEX_POINT('',#17332);
#6088=VERTEX_POINT('',#17334);
#6089=VERTEX_POINT('',#17336);
#6090=VERTEX_POINT('',#17338);
#6091=VERTEX_POINT('',#17340);
#6092=VERTEX_POINT('',#17342);
#6093=VERTEX_POINT('',#17344);
#6094=VERTEX_POINT('',#17346);
#6095=VERTEX_POINT('',#17347);
#6096=VERTEX_POINT('',#17349);
#6097=VERTEX_POINT('',#17351);
#6098=VERTEX_POINT('',#17353);
#6099=VERTEX_POINT('',#17355);
#6100=VERTEX_POINT('',#17357);
#6101=VERTEX_POINT('',#17359);
#6102=VERTEX_POINT('',#17362);
#6103=VERTEX_POINT('',#17364);
#6104=VERTEX_POINT('',#17367);
#6105=VERTEX_POINT('',#17368);
#6106=VERTEX_POINT('',#17370);
#6107=VERTEX_POINT('',#17372);
#6108=VERTEX_POINT('',#17374);
#6109=VERTEX_POINT('',#17376);
#6110=VERTEX_POINT('',#17378);
#6111=VERTEX_POINT('',#17380);
#6112=VERTEX_POINT('',#17384);
#6113=VERTEX_POINT('',#17386);
#6114=VERTEX_POINT('',#17389);
#6115=VERTEX_POINT('',#17391);
#6116=VERTEX_POINT('',#17395);
#6117=VERTEX_POINT('',#17396);
#6118=VERTEX_POINT('',#17398);
#6119=VERTEX_POINT('',#17400);
#6120=VERTEX_POINT('',#17402);
#6121=VERTEX_POINT('',#17404);
#6122=VERTEX_POINT('',#17406);
#6123=VERTEX_POINT('',#17408);
#6124=VERTEX_POINT('',#17412);
#6125=VERTEX_POINT('',#17414);
#6126=VERTEX_POINT('',#17415);
#6127=VERTEX_POINT('',#17417);
#6128=VERTEX_POINT('',#17419);
#6129=VERTEX_POINT('',#17421);
#6130=VERTEX_POINT('',#17423);
#6131=VERTEX_POINT('',#17425);
#6132=VERTEX_POINT('',#17427);
#6133=VERTEX_POINT('',#17429);
#6134=VERTEX_POINT('',#17431);
#6135=VERTEX_POINT('',#17433);
#6136=VERTEX_POINT('',#17435);
#6137=VERTEX_POINT('',#17437);
#6138=VERTEX_POINT('',#17439);
#6139=VERTEX_POINT('',#17441);
#6140=VERTEX_POINT('',#17443);
#6141=VERTEX_POINT('',#17445);
#6142=VERTEX_POINT('',#17447);
#6143=VERTEX_POINT('',#17449);
#6144=VERTEX_POINT('',#17451);
#6145=VERTEX_POINT('',#17453);
#6146=VERTEX_POINT('',#17455);
#6147=VERTEX_POINT('',#17457);
#6148=VERTEX_POINT('',#17459);
#6149=VERTEX_POINT('',#17461);
#6150=VERTEX_POINT('',#17463);
#6151=VERTEX_POINT('',#17465);
#6152=VERTEX_POINT('',#17467);
#6153=VERTEX_POINT('',#17471);
#6154=VERTEX_POINT('',#17472);
#6155=VERTEX_POINT('',#17475);
#6156=VERTEX_POINT('',#17477);
#6157=VERTEX_POINT('',#17479);
#6158=VERTEX_POINT('',#17481);
#6159=VERTEX_POINT('',#17483);
#6160=VERTEX_POINT('',#17487);
#6161=VERTEX_POINT('',#17488);
#6162=VERTEX_POINT('',#17491);
#6163=VERTEX_POINT('',#17493);
#6164=VERTEX_POINT('',#17495);
#6165=VERTEX_POINT('',#17497);
#6166=VERTEX_POINT('',#17499);
#6167=VERTEX_POINT('',#17503);
#6168=VERTEX_POINT('',#17505);
#6169=VERTEX_POINT('',#17506);
#6170=VERTEX_POINT('',#17508);
#6171=VERTEX_POINT('',#17511);
#6172=VERTEX_POINT('',#17513);
#6173=VERTEX_POINT('',#17515);
#6174=VERTEX_POINT('',#17540);
#6175=VERTEX_POINT('',#17545);
#6176=VERTEX_POINT('',#17573);
#6177=VERTEX_POINT('',#17578);
#6178=VERTEX_POINT('',#17585);
#6179=VERTEX_POINT('',#17587);
#6180=VERTEX_POINT('',#17588);
#6181=VERTEX_POINT('',#17590);
#6182=VERTEX_POINT('',#17592);
#6183=VERTEX_POINT('',#17596);
#6184=VERTEX_POINT('',#17598);
#6185=VERTEX_POINT('',#17602);
#6186=VERTEX_POINT('',#17604);
#6187=VERTEX_POINT('',#17606);
#6188=VERTEX_POINT('',#17610);
#6189=VERTEX_POINT('',#17612);
#6190=VERTEX_POINT('',#17614);
#6191=VERTEX_POINT('',#17616);
#6192=VERTEX_POINT('',#17618);
#6193=VERTEX_POINT('',#17620);
#6194=VERTEX_POINT('',#17622);
#6195=VERTEX_POINT('',#17625);
#6196=VERTEX_POINT('',#17627);
#6197=VERTEX_POINT('',#17630);
#6198=VERTEX_POINT('',#17632);
#6199=VERTEX_POINT('',#17634);
#6200=VERTEX_POINT('',#17636);
#6201=VERTEX_POINT('',#17638);
#6202=VERTEX_POINT('',#17640);
#6203=VERTEX_POINT('',#17643);
#6204=VERTEX_POINT('',#17645);
#6205=VERTEX_POINT('',#17648);
#6206=VERTEX_POINT('',#17650);
#6207=VERTEX_POINT('',#17653);
#6208=VERTEX_POINT('',#17655);
#6209=VERTEX_POINT('',#17657);
#6210=VERTEX_POINT('',#17660);
#6211=VERTEX_POINT('',#17663);
#6212=VERTEX_POINT('',#17664);
#6213=VERTEX_POINT('',#17666);
#6214=VERTEX_POINT('',#17668);
#6215=VERTEX_POINT('',#17674);
#6216=VERTEX_POINT('',#17676);
#6217=VERTEX_POINT('',#17690);
#6218=VERTEX_POINT('',#17693);
#6219=VERTEX_POINT('',#17694);
#6220=VERTEX_POINT('',#17696);
#6221=VERTEX_POINT('',#17698);
#6222=VERTEX_POINT('',#17704);
#6223=VERTEX_POINT('',#17706);
#6224=VERTEX_POINT('',#17713);
#6225=VERTEX_POINT('',#17716);
#6226=VERTEX_POINT('',#17718);
#6227=VERTEX_POINT('',#17720);
#6228=VERTEX_POINT('',#17722);
#6229=VERTEX_POINT('',#17724);
#6230=VERTEX_POINT('',#17726);
#6231=VERTEX_POINT('',#17729);
#6232=VERTEX_POINT('',#17738);
#6233=VERTEX_POINT('',#17742);
#6234=VERTEX_POINT('',#17744);
#6235=VERTEX_POINT('',#17750);
#6236=VERTEX_POINT('',#17752);
#6237=VERTEX_POINT('',#17756);
#6238=VERTEX_POINT('',#17758);
#6239=VERTEX_POINT('',#17759);
#6240=VERTEX_POINT('',#17761);
#6241=VERTEX_POINT('',#17763);
#6242=VERTEX_POINT('',#17767);
#6243=VERTEX_POINT('',#17768);
#6244=VERTEX_POINT('',#17770);
#6245=VERTEX_POINT('',#17772);
#6246=VERTEX_POINT('',#17776);
#6247=VERTEX_POINT('',#17777);
#6248=VERTEX_POINT('',#17779);
#6249=VERTEX_POINT('',#17781);
#6250=VERTEX_POINT('',#17785);
#6251=VERTEX_POINT('',#17786);
#6252=VERTEX_POINT('',#17791);
#6253=VERTEX_POINT('',#17793);
#6254=VERTEX_POINT('',#17795);
#6255=VERTEX_POINT('',#17797);
#6256=VERTEX_POINT('',#17799);
#6257=VERTEX_POINT('',#17803);
#6258=VERTEX_POINT('',#17804);
#6259=VERTEX_POINT('',#17807);
#6260=VERTEX_POINT('',#17809);
#6261=VERTEX_POINT('',#17811);
#6262=VERTEX_POINT('',#17822);
#6263=VERTEX_POINT('',#17824);
#6264=VERTEX_POINT('',#17830);
#6265=VERTEX_POINT('',#17832);
#6266=VERTEX_POINT('',#17885);
#6267=VERTEX_POINT('',#17886);
#6268=VERTEX_POINT('',#17888);
#6269=VERTEX_POINT('',#17890);
#6270=VERTEX_POINT('',#17929);
#6271=VERTEX_POINT('',#17930);
#6272=VERTEX_POINT('',#17932);
#6273=VERTEX_POINT('',#17934);
#6274=VERTEX_POINT('',#17944);
#6275=VERTEX_POINT('',#17946);
#6276=VERTEX_POINT('',#17973);
#6277=VERTEX_POINT('',#18007);
#6278=VERTEX_POINT('',#18009);
#6279=VERTEX_POINT('',#18030);
#6280=VERTEX_POINT('',#18054);
#6281=VERTEX_POINT('',#18088);
#6282=VERTEX_POINT('',#18090);
#6283=VERTEX_POINT('',#18111);
#6284=VERTEX_POINT('',#18145);
#6285=VERTEX_POINT('',#18166);
#6286=VERTEX_POINT('',#18200);
#6287=VERTEX_POINT('',#18202);
#6288=VERTEX_POINT('',#18223);
#6289=VERTEX_POINT('',#18226);
#6290=VERTEX_POINT('',#18229);
#6291=VERTEX_POINT('',#18230);
#6292=VERTEX_POINT('',#18232);
#6293=VERTEX_POINT('',#18234);
#6294=VERTEX_POINT('',#18238);
#6295=VERTEX_POINT('',#18240);
#6296=VERTEX_POINT('',#18244);
#6297=VERTEX_POINT('',#18245);
#6298=VERTEX_POINT('',#18250);
#6299=VERTEX_POINT('',#18253);
#6300=VERTEX_POINT('',#18256);
#6301=VERTEX_POINT('',#18261);
#6302=VERTEX_POINT('',#18264);
#6303=VERTEX_POINT('',#18265);
#6304=VERTEX_POINT('',#18267);
#6305=VERTEX_POINT('',#18269);
#6306=VERTEX_POINT('',#18273);
#6307=VERTEX_POINT('',#18304);
#6308=VERTEX_POINT('',#18306);
#6309=VERTEX_POINT('',#18310);
#6310=VERTEX_POINT('',#18312);
#6311=VERTEX_POINT('',#18316);
#6312=VERTEX_POINT('',#18318);
#6313=VERTEX_POINT('',#18322);
#6314=VERTEX_POINT('',#18324);
#6315=VERTEX_POINT('',#18328);
#6316=VERTEX_POINT('',#18330);
#6317=VERTEX_POINT('',#18334);
#6318=VERTEX_POINT('',#18336);
#6319=VERTEX_POINT('',#18361);
#6320=VERTEX_POINT('',#18364);
#6321=VERTEX_POINT('',#18367);
#6322=VERTEX_POINT('',#18369);
#6323=VERTEX_POINT('',#18372);
#6324=VERTEX_POINT('',#18376);
#6325=VERTEX_POINT('',#18378);
#6326=VERTEX_POINT('',#18381);
#6327=VERTEX_POINT('',#18385);
#6328=VERTEX_POINT('',#18388);
#6329=VERTEX_POINT('',#18401);
#6330=VERTEX_POINT('',#18403);
#6331=VERTEX_POINT('',#18406);
#6332=VERTEX_POINT('',#18410);
#6333=VERTEX_POINT('',#18412);
#6334=VERTEX_POINT('',#18415);
#6335=VERTEX_POINT('',#18419);
#6336=VERTEX_POINT('',#18421);
#6337=VERTEX_POINT('',#18424);
#6338=VERTEX_POINT('',#18428);
#6339=VERTEX_POINT('',#18430);
#6340=VERTEX_POINT('',#18433);
#6341=VERTEX_POINT('',#18457);
#6342=VERTEX_POINT('',#18460);
#6343=VERTEX_POINT('',#18463);
#6344=VERTEX_POINT('',#18466);
#6345=VERTEX_POINT('',#18469);
#6346=VERTEX_POINT('',#18472);
#6347=VERTEX_POINT('',#18475);
#6348=VERTEX_POINT('',#18478);
#6349=VERTEX_POINT('',#18482);
#6350=VERTEX_POINT('',#18485);
#6351=VERTEX_POINT('',#18488);
#6352=VERTEX_POINT('',#18491);
#6353=VERTEX_POINT('',#18494);
#6354=VERTEX_POINT('',#18497);
#6355=VERTEX_POINT('',#18500);
#6356=VERTEX_POINT('',#18503);
#6357=VERTEX_POINT('',#18506);
#6358=VERTEX_POINT('',#18509);
#6359=VERTEX_POINT('',#18512);
#6360=VERTEX_POINT('',#18515);
#6361=VERTEX_POINT('',#18518);
#6362=VERTEX_POINT('',#18521);
#6363=VERTEX_POINT('',#18524);
#6364=VERTEX_POINT('',#18527);
#6365=VERTEX_POINT('',#18530);
#6366=VERTEX_POINT('',#18533);
#6367=VERTEX_POINT('',#18536);
#6368=VERTEX_POINT('',#18539);
#6369=VERTEX_POINT('',#18542);
#6370=VERTEX_POINT('',#18545);
#6371=VERTEX_POINT('',#18548);
#6372=VERTEX_POINT('',#18551);
#6373=VERTEX_POINT('',#18554);
#6374=VERTEX_POINT('',#18557);
#6375=VERTEX_POINT('',#18560);
#6376=VERTEX_POINT('',#18563);
#6377=VERTEX_POINT('',#18566);
#6378=VERTEX_POINT('',#18569);
#6379=VERTEX_POINT('',#18572);
#6380=VERTEX_POINT('',#18575);
#6381=VERTEX_POINT('',#18578);
#6382=VERTEX_POINT('',#18581);
#6383=VERTEX_POINT('',#18584);
#6384=VERTEX_POINT('',#18587);
#6385=VERTEX_POINT('',#18590);
#6386=VERTEX_POINT('',#18593);
#6387=VERTEX_POINT('',#18596);
#6388=VERTEX_POINT('',#18599);
#6389=VERTEX_POINT('',#18778);
#6390=VERTEX_POINT('',#18781);
#6391=VERTEX_POINT('',#18784);
#6392=VERTEX_POINT('',#18788);
#6393=VERTEX_POINT('',#18792);
#6394=VERTEX_POINT('',#18795);
#6395=VERTEX_POINT('',#18798);
#6396=VERTEX_POINT('',#18801);
#6397=VERTEX_POINT('',#18804);
#6398=VERTEX_POINT('',#18806);
#6399=VERTEX_POINT('',#18810);
#6400=VERTEX_POINT('',#18812);
#6401=VERTEX_POINT('',#18816);
#6402=VERTEX_POINT('',#18818);
#6403=VERTEX_POINT('',#18822);
#6404=VERTEX_POINT('',#18824);
#6405=VERTEX_POINT('',#18832);
#6406=VERTEX_POINT('',#18834);
#6407=VERTEX_POINT('',#18838);
#6408=VERTEX_POINT('',#18840);
#6409=VERTEX_POINT('',#18842);
#6410=VERTEX_POINT('',#18844);
#6411=VERTEX_POINT('',#18848);
#6412=VERTEX_POINT('',#18849);
#6413=VERTEX_POINT('',#18854);
#6414=VERTEX_POINT('',#18855);
#6415=VERTEX_POINT('',#18860);
#6416=VERTEX_POINT('',#18862);
#6417=VERTEX_POINT('',#18866);
#6418=VERTEX_POINT('',#18867);
#6419=VERTEX_POINT('',#18870);
#6420=VERTEX_POINT('',#18872);
#6421=LINE('',#14607,#7168);
#6422=LINE('',#14610,#7169);
#6423=LINE('',#14612,#7170);
#6424=LINE('',#14616,#7171);
#6425=LINE('',#14623,#7172);
#6426=LINE('',#14627,#7173);
#6427=LINE('',#14632,#7174);
#6428=LINE('',#14634,#7175);
#6429=LINE('',#14644,#7176);
#6430=LINE('',#14646,#7177);
#6431=LINE('',#14648,#7178);
#6432=LINE('',#14653,#7179);
#6433=LINE('',#14657,#7180);
#6434=LINE('',#14669,#7181);
#6435=LINE('',#14673,#7182);
#6436=LINE('',#14678,#7183);
#6437=LINE('',#14686,#7184);
#6438=LINE('',#14688,#7185);
#6439=LINE('',#14690,#7186);
#6440=LINE('',#14692,#7187);
#6441=LINE('',#14694,#7188);
#6442=LINE('',#14696,#7189);
#6443=LINE('',#14698,#7190);
#6444=LINE('',#14700,#7191);
#6445=LINE('',#14702,#7192);
#6446=LINE('',#14704,#7193);
#6447=LINE('',#14706,#7194);
#6448=LINE('',#14708,#7195);
#6449=LINE('',#14710,#7196);
#6450=LINE('',#14712,#7197);
#6451=LINE('',#14714,#7198);
#6452=LINE('',#14716,#7199);
#6453=LINE('',#14718,#7200);
#6454=LINE('',#14720,#7201);
#6455=LINE('',#14722,#7202);
#6456=LINE('',#14724,#7203);
#6457=LINE('',#14726,#7204);
#6458=LINE('',#14728,#7205);
#6459=LINE('',#14730,#7206);
#6460=LINE('',#14757,#7207);
#6461=LINE('',#14759,#7208);
#6462=LINE('',#14761,#7209);
#6463=LINE('',#14763,#7210);
#6464=LINE('',#14765,#7211);
#6465=LINE('',#14774,#7212);
#6466=LINE('',#14790,#7213);
#6467=LINE('',#14793,#7214);
#6468=LINE('',#14795,#7215);
#6469=LINE('',#14797,#7216);
#6470=LINE('',#14799,#7217);
#6471=LINE('',#14801,#7218);
#6472=LINE('',#14803,#7219);
#6473=LINE('',#14805,#7220);
#6474=LINE('',#14807,#7221);
#6475=LINE('',#14808,#7222);
#6476=LINE('',#14810,#7223);
#6477=LINE('',#14812,#7224);
#6478=LINE('',#14814,#7225);
#6479=LINE('',#14816,#7226);
#6480=LINE('',#14818,#7227);
#6481=LINE('',#14823,#7228);
#6482=LINE('',#14824,#7229);
#6483=LINE('',#14829,#7230);
#6484=LINE('',#14833,#7231);
#6485=LINE('',#14839,#7232);
#6486=LINE('',#14840,#7233);
#6487=LINE('',#14844,#7234);
#6488=LINE('',#14848,#7235);
#6489=LINE('',#14851,#7236);
#6490=LINE('',#14855,#7237);
#6491=LINE('',#14857,#7238);
#6492=LINE('',#14861,#7239);
#6493=LINE('',#14864,#7240);
#6494=LINE('',#14866,#7241);
#6495=LINE('',#14867,#7242);
#6496=LINE('',#14873,#7243);
#6497=LINE('',#14878,#7244);
#6498=LINE('',#14882,#7245);
#6499=LINE('',#14886,#7246);
#6500=LINE('',#14890,#7247);
#6501=LINE('',#14893,#7248);
#6502=LINE('',#14897,#7249);
#6503=LINE('',#14901,#7250);
#6504=LINE('',#14904,#7251);
#6505=LINE('',#14908,#7252);
#6506=LINE('',#14911,#7253);
#6507=LINE('',#14916,#7254);
#6508=LINE('',#14920,#7255);
#6509=LINE('',#14924,#7256);
#6510=LINE('',#14927,#7257);
#6511=LINE('',#14930,#7258);
#6512=LINE('',#14934,#7259);
#6513=LINE('',#14936,#7260);
#6514=LINE('',#14938,#7261);
#6515=LINE('',#14946,#7262);
#6516=LINE('',#14948,#7263);
#6517=LINE('',#14956,#7264);
#6518=LINE('',#14964,#7265);
#6519=LINE('',#14966,#7266);
#6520=LINE('',#14970,#7267);
#6521=LINE('',#14974,#7268);
#6522=LINE('',#14978,#7269);
#6523=LINE('',#14980,#7270);
#6524=LINE('',#14984,#7271);
#6525=LINE('',#14986,#7272);
#6526=LINE('',#14990,#7273);
#6527=LINE('',#15002,#7274);
#6528=LINE('',#15010,#7275);
#6529=LINE('',#15018,#7276);
#6530=LINE('',#15022,#7277);
#6531=LINE('',#15026,#7278);
#6532=LINE('',#15030,#7279);
#6533=LINE('',#15032,#7280);
#6534=LINE('',#15044,#7281);
#6535=LINE('',#15046,#7282);
#6536=LINE('',#15054,#7283);
#6537=LINE('',#15062,#7284);
#6538=LINE('',#15064,#7285);
#6539=LINE('',#15072,#7286);
#6540=LINE('',#15074,#7287);
#6541=LINE('',#15076,#7288);
#6542=LINE('',#15080,#7289);
#6543=LINE('',#15082,#7290);
#6544=LINE('',#15084,#7291);
#6545=LINE('',#15088,#7292);
#6546=LINE('',#15092,#7293);
#6547=LINE('',#15096,#7294);
#6548=LINE('',#15103,#7295);
#6549=LINE('',#15105,#7296);
#6550=LINE('',#15107,#7297);
#6551=LINE('',#15108,#7298);
#6552=LINE('',#15110,#7299);
#6553=LINE('',#15112,#7300);
#6554=LINE('',#15116,#7301);
#6555=LINE('',#15119,#7302);
#6556=LINE('',#15123,#7303);
#6557=LINE('',#15130,#7304);
#6558=LINE('',#15132,#7305);
#6559=LINE('',#15134,#7306);
#6560=LINE('',#15136,#7307);
#6561=LINE('',#15140,#7308);
#6562=LINE('',#15148,#7309);
#6563=LINE('',#15155,#7310);
#6564=LINE('',#15157,#7311);
#6565=LINE('',#15160,#7312);
#6566=LINE('',#15162,#7313);
#6567=LINE('',#15166,#7314);
#6568=LINE('',#15170,#7315);
#6569=LINE('',#15172,#7316);
#6570=LINE('',#15174,#7317);
#6571=LINE('',#15179,#7318);
#6572=LINE('',#15183,#7319);
#6573=LINE('',#15187,#7320);
#6574=LINE('',#15194,#7321);
#6575=LINE('',#15204,#7322);
#6576=LINE('',#15212,#7323);
#6577=LINE('',#15214,#7324);
#6578=LINE('',#15219,#7325);
#6579=LINE('',#15223,#7326);
#6580=LINE('',#15227,#7327);
#6581=LINE('',#15231,#7328);
#6582=LINE('',#15236,#7329);
#6583=LINE('',#15243,#7330);
#6584=LINE('',#15247,#7331);
#6585=LINE('',#15251,#7332);
#6586=LINE('',#15255,#7333);
#6587=LINE('',#15259,#7334);
#6588=LINE('',#15263,#7335);
#6589=LINE('',#15264,#7336);
#6590=LINE('',#15268,#7337);
#6591=LINE('',#15272,#7338);
#6592=LINE('',#15276,#7339);
#6593=LINE('',#15277,#7340);
#6594=LINE('',#15281,#7341);
#6595=LINE('',#15285,#7342);
#6596=LINE('',#15289,#7343);
#6597=LINE('',#15290,#7344);
#6598=LINE('',#15294,#7345);
#6599=LINE('',#15298,#7346);
#6600=LINE('',#15302,#7347);
#6601=LINE('',#15303,#7348);
#6602=LINE('',#15307,#7349);
#6603=LINE('',#15311,#7350);
#6604=LINE('',#15315,#7351);
#6605=LINE('',#15319,#7352);
#6606=LINE('',#15323,#7353);
#6607=LINE('',#15327,#7354);
#6608=LINE('',#15331,#7355);
#6609=LINE('',#15335,#7356);
#6610=LINE('',#15339,#7357);
#6611=LINE('',#15344,#7358);
#6612=LINE('',#15348,#7359);
#6613=LINE('',#15360,#7360);
#6614=LINE('',#15369,#7361);
#6615=LINE('',#15374,#7362);
#6616=LINE('',#15378,#7363);
#6617=LINE('',#15390,#7364);
#6618=LINE('',#15402,#7365);
#6619=LINE('',#15404,#7366);
#6620=LINE('',#15407,#7367);
#6621=LINE('',#15409,#7368);
#6622=LINE('',#15411,#7369);
#6623=LINE('',#15413,#7370);
#6624=LINE('',#15416,#7371);
#6625=LINE('',#15418,#7372);
#6626=LINE('',#15420,#7373);
#6627=LINE('',#15466,#7374);
#6628=LINE('',#15474,#7375);
#6629=LINE('',#15482,#7376);
#6630=LINE('',#15489,#7377);
#6631=LINE('',#15501,#7378);
#6632=LINE('',#15507,#7379);
#6633=LINE('',#15515,#7380);
#6634=LINE('',#15519,#7381);
#6635=LINE('',#15531,#7382);
#6636=LINE('',#15537,#7383);
#6637=LINE('',#15539,#7384);
#6638=LINE('',#15542,#7385);
#6639=LINE('',#15544,#7386);
#6640=LINE('',#15546,#7387);
#6641=LINE('',#15552,#7388);
#6642=LINE('',#15558,#7389);
#6643=LINE('',#15566,#7390);
#6644=LINE('',#15577,#7391);
#6645=LINE('',#15579,#7392);
#6646=LINE('',#15581,#7393);
#6647=LINE('',#15590,#7394);
#6648=LINE('',#15599,#7395);
#6649=LINE('',#15601,#7396);
#6650=LINE('',#15603,#7397);
#6651=LINE('',#15612,#7398);
#6652=LINE('',#15622,#7399);
#6653=LINE('',#15634,#7400);
#6654=LINE('',#15635,#7401);
#6655=LINE('',#15643,#7402);
#6656=LINE('',#15644,#7403);
#6657=LINE('',#15685,#7404);
#6658=LINE('',#15698,#7405);
#6659=LINE('',#15713,#7406);
#6660=LINE('',#15723,#7407);
#6661=LINE('',#15731,#7408);
#6662=LINE('',#15733,#7409);
#6663=LINE('',#15736,#7410);
#6664=LINE('',#15737,#7411);
#6665=LINE('',#15746,#7412);
#6666=LINE('',#15755,#7413);
#6667=LINE('',#15758,#7414);
#6668=LINE('',#15759,#7415);
#6669=LINE('',#15768,#7416);
#6670=LINE('',#15779,#7417);
#6671=LINE('',#15786,#7418);
#6672=LINE('',#15792,#7419);
#6673=LINE('',#15800,#7420);
#6674=LINE('',#15807,#7421);
#6675=LINE('',#15835,#7422);
#6676=LINE('',#15843,#7423);
#6677=LINE('',#15847,#7424);
#6678=LINE('',#15852,#7425);
#6679=LINE('',#15856,#7426);
#6680=LINE('',#15896,#7427);
#6681=LINE('',#15907,#7428);
#6682=LINE('',#15911,#7429);
#6683=LINE('',#15916,#7430);
#6684=LINE('',#15920,#7431);
#6685=LINE('',#15928,#7432);
#6686=LINE('',#15936,#7433);
#6687=LINE('',#15960,#7434);
#6688=LINE('',#15968,#7435);
#6689=LINE('',#15988,#7436);
#6690=LINE('',#15996,#7437);
#6691=LINE('',#16016,#7438);
#6692=LINE('',#16024,#7439);
#6693=LINE('',#16044,#7440);
#6694=LINE('',#16052,#7441);
#6695=LINE('',#16072,#7442);
#6696=LINE('',#16080,#7443);
#6697=LINE('',#16104,#7444);
#6698=LINE('',#16105,#7445);
#6699=LINE('',#16107,#7446);
#6700=LINE('',#16109,#7447);
#6701=LINE('',#16113,#7448);
#6702=LINE('',#16115,#7449);
#6703=LINE('',#16146,#7450);
#6704=LINE('',#16148,#7451);
#6705=LINE('',#16156,#7452);
#6706=LINE('',#16158,#7453);
#6707=LINE('',#16160,#7454);
#6708=LINE('',#16168,#7455);
#6709=LINE('',#16176,#7456);
#6710=LINE('',#16178,#7457);
#6711=LINE('',#16179,#7458);
#6712=LINE('',#16180,#7459);
#6713=LINE('',#16182,#7460);
#6714=LINE('',#16202,#7461);
#6715=LINE('',#16204,#7462);
#6716=LINE('',#16206,#7463);
#6717=LINE('',#16208,#7464);
#6718=LINE('',#16209,#7465);
#6719=LINE('',#16215,#7466);
#6720=LINE('',#16219,#7467);
#6721=LINE('',#16223,#7468);
#6722=LINE('',#16227,#7469);
#6723=LINE('',#16229,#7470);
#6724=LINE('',#16231,#7471);
#6725=LINE('',#16236,#7472);
#6726=LINE('',#16240,#7473);
#6727=LINE('',#16241,#7474);
#6728=LINE('',#16243,#7475);
#6729=LINE('',#16247,#7476);
#6730=LINE('',#16249,#7477);
#6731=LINE('',#16255,#7478);
#6732=LINE('',#16257,#7479);
#6733=LINE('',#16259,#7480);
#6734=LINE('',#16264,#7481);
#6735=LINE('',#16268,#7482);
#6736=LINE('',#16269,#7483);
#6737=LINE('',#16285,#7484);
#6738=LINE('',#16289,#7485);
#6739=LINE('',#16296,#7486);
#6740=LINE('',#16313,#7487);
#6741=LINE('',#16316,#7488);
#6742=LINE('',#16318,#7489);
#6743=LINE('',#16334,#7490);
#6744=LINE('',#16336,#7491);
#6745=LINE('',#16339,#7492);
#6746=LINE('',#16341,#7493);
#6747=LINE('',#16342,#7494);
#6748=LINE('',#16354,#7495);
#6749=LINE('',#16358,#7496);
#6750=LINE('',#16360,#7497);
#6751=LINE('',#16364,#7498);
#6752=LINE('',#16366,#7499);
#6753=LINE('',#16368,#7500);
#6754=LINE('',#16369,#7501);
#6755=LINE('',#16374,#7502);
#6756=LINE('',#16378,#7503);
#6757=LINE('',#16380,#7504);
#6758=LINE('',#16381,#7505);
#6759=LINE('',#16383,#7506);
#6760=LINE('',#16385,#7507);
#6761=LINE('',#16387,#7508);
#6762=LINE('',#16391,#7509);
#6763=LINE('',#16395,#7510);
#6764=LINE('',#16396,#7511);
#6765=LINE('',#16404,#7512);
#6766=LINE('',#16412,#7513);
#6767=LINE('',#16414,#7514);
#6768=LINE('',#16416,#7515);
#6769=LINE('',#16435,#7516);
#6770=LINE('',#16440,#7517);
#6771=LINE('',#16444,#7518);
#6772=LINE('',#16446,#7519);
#6773=LINE('',#16447,#7520);
#6774=LINE('',#16455,#7521);
#6775=LINE('',#16457,#7522);
#6776=LINE('',#16475,#7523);
#6777=LINE('',#16477,#7524);
#6778=LINE('',#16479,#7525);
#6779=LINE('',#16487,#7526);
#6780=LINE('',#16489,#7527);
#6781=LINE('',#16507,#7528);
#6782=LINE('',#16509,#7529);
#6783=LINE('',#16510,#7530);
#6784=LINE('',#16533,#7531);
#6785=LINE('',#16535,#7532);
#6786=LINE('',#16545,#7533);
#6787=LINE('',#16547,#7534);
#6788=LINE('',#16549,#7535);
#6789=LINE('',#16557,#7536);
#6790=LINE('',#16559,#7537);
#6791=LINE('',#16561,#7538);
#6792=LINE('',#16569,#7539);
#6793=LINE('',#16571,#7540);
#6794=LINE('',#16573,#7541);
#6795=LINE('',#16581,#7542);
#6796=LINE('',#16583,#7543);
#6797=LINE('',#16585,#7544);
#6798=LINE('',#16593,#7545);
#6799=LINE('',#16595,#7546);
#6800=LINE('',#16597,#7547);
#6801=LINE('',#16607,#7548);
#6802=LINE('',#16609,#7549);
#6803=LINE('',#16622,#7550);
#6804=LINE('',#16623,#7551);
#6805=LINE('',#16627,#7552);
#6806=LINE('',#16629,#7553);
#6807=LINE('',#16631,#7554);
#6808=LINE('',#16633,#7555);
#6809=LINE('',#16635,#7556);
#6810=LINE('',#16637,#7557);
#6811=LINE('',#16641,#7558);
#6812=LINE('',#16645,#7559);
#6813=LINE('',#16647,#7560);
#6814=LINE('',#16649,#7561);
#6815=LINE('',#16651,#7562);
#6816=LINE('',#16653,#7563);
#6817=LINE('',#16655,#7564);
#6818=LINE('',#16659,#7565);
#6819=LINE('',#16664,#7566);
#6820=LINE('',#16665,#7567);
#6821=LINE('',#16669,#7568);
#6822=LINE('',#16671,#7569);
#6823=LINE('',#16675,#7570);
#6824=LINE('',#16677,#7571);
#6825=LINE('',#16679,#7572);
#6826=LINE('',#16683,#7573);
#6827=LINE('',#16685,#7574);
#6828=LINE('',#16688,#7575);
#6829=LINE('',#16690,#7576);
#6830=LINE('',#16692,#7577);
#6831=LINE('',#16694,#7578);
#6832=LINE('',#16696,#7579);
#6833=LINE('',#16698,#7580);
#6834=LINE('',#16774,#7581);
#6835=LINE('',#16778,#7582);
#6836=LINE('',#16782,#7583);
#6837=LINE('',#16786,#7584);
#6838=LINE('',#16797,#7585);
#6839=LINE('',#16799,#7586);
#6840=LINE('',#16800,#7587);
#6841=LINE('',#16802,#7588);
#6842=LINE('',#16803,#7589);
#6843=LINE('',#16805,#7590);
#6844=LINE('',#16806,#7591);
#6845=LINE('',#16845,#7592);
#6846=LINE('',#16849,#7593);
#6847=LINE('',#16853,#7594);
#6848=LINE('',#16857,#7595);
#6849=LINE('',#16877,#7596);
#6850=LINE('',#16878,#7597);
#6851=LINE('',#16880,#7598);
#6852=LINE('',#16882,#7599);
#6853=LINE('',#16883,#7600);
#6854=LINE('',#16885,#7601);
#6855=LINE('',#16887,#7602);
#6856=LINE('',#16888,#7603);
#6857=LINE('',#16890,#7604);
#6858=LINE('',#16891,#7605);
#6859=LINE('',#16962,#7606);
#6860=LINE('',#17007,#7607);
#6861=LINE('',#17029,#7608);
#6862=LINE('',#17049,#7609);
#6863=LINE('',#17069,#7610);
#6864=LINE('',#17089,#7611);
#6865=LINE('',#17109,#7612);
#6866=LINE('',#17127,#7613);
#6867=LINE('',#17170,#7614);
#6868=LINE('',#17188,#7615);
#6869=LINE('',#17190,#7616);
#6870=LINE('',#17192,#7617);
#6871=LINE('',#17196,#7618);
#6872=LINE('',#17198,#7619);
#6873=LINE('',#17200,#7620);
#6874=LINE('',#17202,#7621);
#6875=LINE('',#17204,#7622);
#6876=LINE('',#17208,#7623);
#6877=LINE('',#17210,#7624);
#6878=LINE('',#17212,#7625);
#6879=LINE('',#17220,#7626);
#6880=LINE('',#17224,#7627);
#6881=LINE('',#17228,#7628);
#6882=LINE('',#17234,#7629);
#6883=LINE('',#17236,#7630);
#6884=LINE('',#17240,#7631);
#6885=LINE('',#17242,#7632);
#6886=LINE('',#17246,#7633);
#6887=LINE('',#17248,#7634);
#6888=LINE('',#17250,#7635);
#6889=LINE('',#17254,#7636);
#6890=LINE('',#17258,#7637);
#6891=LINE('',#17260,#7638);
#6892=LINE('',#17262,#7639);
#6893=LINE('',#17266,#7640);
#6894=LINE('',#17270,#7641);
#6895=LINE('',#17272,#7642);
#6896=LINE('',#17274,#7643);
#6897=LINE('',#17276,#7644);
#6898=LINE('',#17278,#7645);
#6899=LINE('',#17280,#7646);
#6900=LINE('',#17285,#7647);
#6901=LINE('',#17286,#7648);
#6902=LINE('',#17290,#7649);
#6903=LINE('',#17291,#7650);
#6904=LINE('',#17295,#7651);
#6905=LINE('',#17299,#7652);
#6906=LINE('',#17301,#7653);
#6907=LINE('',#17303,#7654);
#6908=LINE('',#17305,#7655);
#6909=LINE('',#17307,#7656);
#6910=LINE('',#17309,#7657);
#6911=LINE('',#17311,#7658);
#6912=LINE('',#17313,#7659);
#6913=LINE('',#17315,#7660);
#6914=LINE('',#17317,#7661);
#6915=LINE('',#17319,#7662);
#6916=LINE('',#17321,#7663);
#6917=LINE('',#17323,#7664);
#6918=LINE('',#17325,#7665);
#6919=LINE('',#17327,#7666);
#6920=LINE('',#17348,#7667);
#6921=LINE('',#17352,#7668);
#6922=LINE('',#17356,#7669);
#6923=LINE('',#17360,#7670);
#6924=LINE('',#17363,#7671);
#6925=LINE('',#17366,#7672);
#6926=LINE('',#17371,#7673);
#6927=LINE('',#17375,#7674);
#6928=LINE('',#17379,#7675);
#6929=LINE('',#17387,#7676);
#6930=LINE('',#17390,#7677);
#6931=LINE('',#17397,#7678);
#6932=LINE('',#17399,#7679);
#6933=LINE('',#17401,#7680);
#6934=LINE('',#17403,#7681);
#6935=LINE('',#17405,#7682);
#6936=LINE('',#17407,#7683);
#6937=LINE('',#17409,#7684);
#6938=LINE('',#17413,#7685);
#6939=LINE('',#17416,#7686);
#6940=LINE('',#17418,#7687);
#6941=LINE('',#17422,#7688);
#6942=LINE('',#17426,#7689);
#6943=LINE('',#17428,#7690);
#6944=LINE('',#17430,#7691);
#6945=LINE('',#17432,#7692);
#6946=LINE('',#17434,#7693);
#6947=LINE('',#17436,#7694);
#6948=LINE('',#17438,#7695);
#6949=LINE('',#17440,#7696);
#6950=LINE('',#17442,#7697);
#6951=LINE('',#17446,#7698);
#6952=LINE('',#17450,#7699);
#6953=LINE('',#17454,#7700);
#6954=LINE('',#17458,#7701);
#6955=LINE('',#17460,#7702);
#6956=LINE('',#17462,#7703);
#6957=LINE('',#17464,#7704);
#6958=LINE('',#17466,#7705);
#6959=LINE('',#17468,#7706);
#6960=LINE('',#17473,#7707);
#6961=LINE('',#17474,#7708);
#6962=LINE('',#17478,#7709);
#6963=LINE('',#17482,#7710);
#6964=LINE('',#17489,#7711);
#6965=LINE('',#17490,#7712);
#6966=LINE('',#17496,#7713);
#6967=LINE('',#17500,#7714);
#6968=LINE('',#17504,#7715);
#6969=LINE('',#17509,#7716);
#6970=LINE('',#17510,#7717);
#6971=LINE('',#17514,#7718);
#6972=LINE('',#17586,#7719);
#6973=LINE('',#17591,#7720);
#6974=LINE('',#17595,#7721);
#6975=LINE('',#17597,#7722);
#6976=LINE('',#17603,#7723);
#6977=LINE('',#17607,#7724);
#6978=LINE('',#17609,#7725);
#6979=LINE('',#17611,#7726);
#6980=LINE('',#17615,#7727);
#6981=LINE('',#17617,#7728);
#6982=LINE('',#17619,#7729);
#6983=LINE('',#17621,#7730);
#6984=LINE('',#17623,#7731);
#6985=LINE('',#17624,#7732);
#6986=LINE('',#17626,#7733);
#6987=LINE('',#17628,#7734);
#6988=LINE('',#17629,#7735);
#6989=LINE('',#17631,#7736);
#6990=LINE('',#17633,#7737);
#6991=LINE('',#17635,#7738);
#6992=LINE('',#17637,#7739);
#6993=LINE('',#17639,#7740);
#6994=LINE('',#17641,#7741);
#6995=LINE('',#17642,#7742);
#6996=LINE('',#17644,#7743);
#6997=LINE('',#17646,#7744);
#6998=LINE('',#17647,#7745);
#6999=LINE('',#17649,#7746);
#7000=LINE('',#17651,#7747);
#7001=LINE('',#17652,#7748);
#7002=LINE('',#17656,#7749);
#7003=LINE('',#17658,#7750);
#7004=LINE('',#17662,#7751);
#7005=LINE('',#17667,#7752);
#7006=LINE('',#17692,#7753);
#7007=LINE('',#17697,#7754);
#7008=LINE('',#17715,#7755);
#7009=LINE('',#17719,#7756);
#7010=LINE('',#17723,#7757);
#7011=LINE('',#17727,#7758);
#7012=LINE('',#17731,#7759);
#7013=LINE('',#17732,#7760);
#7014=LINE('',#17733,#7761);
#7015=LINE('',#17734,#7762);
#7016=LINE('',#17735,#7763);
#7017=LINE('',#17737,#7764);
#7018=LINE('',#17743,#7765);
#7019=LINE('',#17745,#7766);
#7020=LINE('',#17749,#7767);
#7021=LINE('',#17751,#7768);
#7022=LINE('',#17753,#7769);
#7023=LINE('',#17757,#7770);
#7024=LINE('',#17760,#7771);
#7025=LINE('',#17762,#7772);
#7026=LINE('',#17764,#7773);
#7027=LINE('',#17766,#7774);
#7028=LINE('',#17769,#7775);
#7029=LINE('',#17771,#7776);
#7030=LINE('',#17773,#7777);
#7031=LINE('',#17775,#7778);
#7032=LINE('',#17778,#7779);
#7033=LINE('',#17780,#7780);
#7034=LINE('',#17782,#7781);
#7035=LINE('',#17784,#7782);
#7036=LINE('',#17787,#7783);
#7037=LINE('',#17788,#7784);
#7038=LINE('',#17790,#7785);
#7039=LINE('',#17794,#7786);
#7040=LINE('',#17796,#7787);
#7041=LINE('',#17798,#7788);
#7042=LINE('',#17800,#7789);
#7043=LINE('',#17805,#7790);
#7044=LINE('',#17806,#7791);
#7045=LINE('',#17808,#7792);
#7046=LINE('',#17810,#7793);
#7047=LINE('',#17812,#7794);
#7048=LINE('',#17818,#7795);
#7049=LINE('',#17819,#7796);
#7050=LINE('',#17821,#7797);
#7051=LINE('',#17827,#7798);
#7052=LINE('',#17833,#7799);
#7053=LINE('',#17834,#7800);
#7054=LINE('',#17887,#7801);
#7055=LINE('',#17889,#7802);
#7056=LINE('',#17891,#7803);
#7057=LINE('',#17901,#7804);
#7058=LINE('',#17903,#7805);
#7059=LINE('',#17906,#7806);
#7060=LINE('',#17908,#7807);
#7061=LINE('',#17910,#7808);
#7062=LINE('',#17912,#7809);
#7063=LINE('',#17914,#7810);
#7064=LINE('',#17916,#7811);
#7065=LINE('',#17918,#7812);
#7066=LINE('',#17920,#7813);
#7067=LINE('',#17922,#7814);
#7068=LINE('',#17924,#7815);
#7069=LINE('',#17926,#7816);
#7070=LINE('',#17928,#7817);
#7071=LINE('',#17931,#7818);
#7072=LINE('',#17933,#7819);
#7073=LINE('',#17935,#7820);
#7074=LINE('',#17937,#7821);
#7075=LINE('',#17940,#7822);
#7076=LINE('',#17943,#7823);
#7077=LINE('',#17945,#7824);
#7078=LINE('',#17947,#7825);
#7079=LINE('',#17948,#7826);
#7080=LINE('',#18231,#7827);
#7081=LINE('',#18235,#7828);
#7082=LINE('',#18237,#7829);
#7083=LINE('',#18241,#7830);
#7084=LINE('',#18246,#7831);
#7085=LINE('',#18247,#7832);
#7086=LINE('',#18266,#7833);
#7087=LINE('',#18270,#7834);
#7088=LINE('',#18274,#7835);
#7089=LINE('',#18277,#7836);
#7090=LINE('',#18279,#7837);
#7091=LINE('',#18284,#7838);
#7092=LINE('',#18285,#7839);
#7093=LINE('',#18287,#7840);
#7094=LINE('',#18288,#7841);
#7095=LINE('',#18292,#7842);
#7096=LINE('',#18295,#7843);
#7097=LINE('',#18297,#7844);
#7098=LINE('',#18303,#7845);
#7099=LINE('',#18313,#7846);
#7100=LINE('',#18315,#7847);
#7101=LINE('',#18325,#7848);
#7102=LINE('',#18327,#7849);
#7103=LINE('',#18337,#7850);
#7104=LINE('',#18339,#7851);
#7105=LINE('',#18341,#7852);
#7106=LINE('',#18343,#7853);
#7107=LINE('',#18345,#7854);
#7108=LINE('',#18347,#7855);
#7109=LINE('',#18349,#7856);
#7110=LINE('',#18351,#7857);
#7111=LINE('',#18353,#7858);
#7112=LINE('',#18390,#7859);
#7113=LINE('',#18392,#7860);
#7114=LINE('',#18395,#7861);
#7115=LINE('',#18397,#7862);
#7116=LINE('',#18436,#7863);
#7117=LINE('',#18438,#7864);
#7118=LINE('',#18441,#7865);
#7119=LINE('',#18443,#7866);
#7120=LINE('',#18446,#7867);
#7121=LINE('',#18448,#7868);
#7122=LINE('',#18451,#7869);
#7123=LINE('',#18453,#7870);
#7124=LINE('',#18761,#7871);
#7125=LINE('',#18762,#7872);
#7126=LINE('',#18764,#7873);
#7127=LINE('',#18766,#7874);
#7128=LINE('',#18768,#7875);
#7129=LINE('',#18770,#7876);
#7130=LINE('',#18772,#7877);
#7131=LINE('',#18774,#7878);
#7132=LINE('',#18831,#7879);
#7133=LINE('',#18833,#7880);
#7134=LINE('',#18835,#7881);
#7135=LINE('',#18837,#7882);
#7136=LINE('',#18839,#7883);
#7137=LINE('',#18843,#7884);
#7138=LINE('',#18845,#7885);
#7139=LINE('',#18847,#7886);
#7140=LINE('',#18850,#7887);
#7141=LINE('',#18851,#7888);
#7142=LINE('',#18853,#7889);
#7143=LINE('',#18856,#7890);
#7144=LINE('',#18857,#7891);
#7145=LINE('',#18859,#7892);
#7146=LINE('',#18861,#7893);
#7147=LINE('',#18863,#7894);
#7148=LINE('',#18865,#7895);
#7149=LINE('',#18868,#7896);
#7150=LINE('',#18869,#7897);
#7151=LINE('',#18871,#7898);
#7152=LINE('',#18875,#7899);
#7153=LINE('',#18876,#7900);
#7154=LINE('',#18878,#7901);
#7155=LINE('',#18880,#7902);
#7156=LINE('',#18883,#7903);
#7157=LINE('',#18884,#7904);
#7158=LINE('',#18886,#7905);
#7159=LINE('',#18887,#7906);
#7160=LINE('',#18891,#7907);
#7161=LINE('',#18892,#7908);
#7162=LINE('',#18894,#7909);
#7163=LINE('',#18896,#7910);
#7164=LINE('',#18899,#7911);
#7165=LINE('',#18900,#7912);
#7166=LINE('',#18902,#7913);
#7167=LINE('',#18904,#7914);
#7168=VECTOR('',#11594,1.);
#7169=VECTOR('',#11595,1.);
#7170=VECTOR('',#11596,1.);
#7171=VECTOR('',#11599,1.);
#7172=VECTOR('',#11600,1.);
#7173=VECTOR('',#11603,1.);
#7174=VECTOR('',#11608,1.);
#7175=VECTOR('',#11609,1.);
#7176=VECTOR('',#11610,1.);
#7177=VECTOR('',#11611,1.);
#7178=VECTOR('',#11614,1.);
#7179=VECTOR('',#11617,1.);
#7180=VECTOR('',#11622,1.);
#7181=VECTOR('',#11629,1.);
#7182=VECTOR('',#11634,1.);
#7183=VECTOR('',#11637,1.);
#7184=VECTOR('',#11640,1.);
#7185=VECTOR('',#11641,1.);
#7186=VECTOR('',#11642,1.);
#7187=VECTOR('',#11643,1.);
#7188=VECTOR('',#11644,1.);
#7189=VECTOR('',#11645,1.);
#7190=VECTOR('',#11646,1.);
#7191=VECTOR('',#11647,1.);
#7192=VECTOR('',#11648,1.);
#7193=VECTOR('',#11649,1.);
#7194=VECTOR('',#11650,1.);
#7195=VECTOR('',#11651,1.);
#7196=VECTOR('',#11652,1.);
#7197=VECTOR('',#11653,1.);
#7198=VECTOR('',#11654,1.);
#7199=VECTOR('',#11657,1.);
#7200=VECTOR('',#11658,1.);
#7201=VECTOR('',#11659,1.);
#7202=VECTOR('',#11660,1.);
#7203=VECTOR('',#11661,1.);
#7204=VECTOR('',#11662,1.);
#7205=VECTOR('',#11663,1.);
#7206=VECTOR('',#11666,1.);
#7207=VECTOR('',#11677,1.);
#7208=VECTOR('',#11678,1.);
#7209=VECTOR('',#11679,1.);
#7210=VECTOR('',#11682,1.);
#7211=VECTOR('',#11683,1.);
#7212=VECTOR('',#11684,1.);
#7213=VECTOR('',#11691,1.);
#7214=VECTOR('',#11692,1.);
#7215=VECTOR('',#11693,1.);
#7216=VECTOR('',#11694,1.);
#7217=VECTOR('',#11695,1.);
#7218=VECTOR('',#11696,1.);
#7219=VECTOR('',#11697,1.);
#7220=VECTOR('',#11698,1.);
#7221=VECTOR('',#11699,1.);
#7222=VECTOR('',#11700,1.);
#7223=VECTOR('',#11701,1.);
#7224=VECTOR('',#11702,1.);
#7225=VECTOR('',#11703,1.);
#7226=VECTOR('',#11704,1.);
#7227=VECTOR('',#11705,1.);
#7228=VECTOR('',#11710,1.);
#7229=VECTOR('',#11711,1.);
#7230=VECTOR('',#11716,1.);
#7231=VECTOR('',#11721,1.);
#7232=VECTOR('',#11728,1.);
#7233=VECTOR('',#11729,1.);
#7234=VECTOR('',#11732,1.);
#7235=VECTOR('',#11737,1.);
#7236=VECTOR('',#11738,1.);
#7237=VECTOR('',#11741,1.);
#7238=VECTOR('',#11742,1.);
#7239=VECTOR('',#11745,1.);
#7240=VECTOR('',#11748,1.);
#7241=VECTOR('',#11749,1.);
#7242=VECTOR('',#11750,1.);
#7243=VECTOR('',#11757,1.);
#7244=VECTOR('',#11760,1.);
#7245=VECTOR('',#11763,1.);
#7246=VECTOR('',#11766,1.);
#7247=VECTOR('',#11769,1.);
#7248=VECTOR('',#11772,1.);
#7249=VECTOR('',#11775,1.);
#7250=VECTOR('',#11778,1.);
#7251=VECTOR('',#11781,1.);
#7252=VECTOR('',#11784,1.);
#7253=VECTOR('',#11787,1.);
#7254=VECTOR('',#11790,1.);
#7255=VECTOR('',#11793,1.);
#7256=VECTOR('',#11796,1.);
#7257=VECTOR('',#11799,1.);
#7258=VECTOR('',#11800,1.);
#7259=VECTOR('',#11803,1.);
#7260=VECTOR('',#11804,1.);
#7261=VECTOR('',#11805,1.);
#7262=VECTOR('',#11806,1.);
#7263=VECTOR('',#11807,1.);
#7264=VECTOR('',#11808,1.);
#7265=VECTOR('',#11809,1.);
#7266=VECTOR('',#11810,1.);
#7267=VECTOR('',#11813,1.);
#7268=VECTOR('',#11816,1.);
#7269=VECTOR('',#11819,1.);
#7270=VECTOR('',#11820,1.);
#7271=VECTOR('',#11823,1.);
#7272=VECTOR('',#11824,1.);
#7273=VECTOR('',#11827,1.);
#7274=VECTOR('',#11830,1.);
#7275=VECTOR('',#11831,1.);
#7276=VECTOR('',#11832,1.);
#7277=VECTOR('',#11835,1.);
#7278=VECTOR('',#11838,1.);
#7279=VECTOR('',#11841,1.);
#7280=VECTOR('',#11842,1.);
#7281=VECTOR('',#11845,1.);
#7282=VECTOR('',#11846,1.);
#7283=VECTOR('',#11847,1.);
#7284=VECTOR('',#11848,1.);
#7285=VECTOR('',#11849,1.);
#7286=VECTOR('',#11850,1.);
#7287=VECTOR('',#11851,1.);
#7288=VECTOR('',#11852,1.);
#7289=VECTOR('',#11855,1.);
#7290=VECTOR('',#11856,1.);
#7291=VECTOR('',#11857,1.);
#7292=VECTOR('',#11860,1.);
#7293=VECTOR('',#11863,1.);
#7294=VECTOR('',#11868,1.);
#7295=VECTOR('',#11875,1.);
#7296=VECTOR('',#11876,1.);
#7297=VECTOR('',#11877,1.);
#7298=VECTOR('',#11878,1.);
#7299=VECTOR('',#11879,1.);
#7300=VECTOR('',#11880,1.);
#7301=VECTOR('',#11883,1.);
#7302=VECTOR('',#11886,1.);
#7303=VECTOR('',#11891,1.);
#7304=VECTOR('',#11898,1.);
#7305=VECTOR('',#11899,1.);
#7306=VECTOR('',#11900,1.);
#7307=VECTOR('',#11901,1.);
#7308=VECTOR('',#11904,1.);
#7309=VECTOR('',#11905,1.);
#7310=VECTOR('',#11906,1.);
#7311=VECTOR('',#11909,1.);
#7312=VECTOR('',#11910,1.);
#7313=VECTOR('',#11911,1.);
#7314=VECTOR('',#11914,1.);
#7315=VECTOR('',#11917,1.);
#7316=VECTOR('',#11918,1.);
#7317=VECTOR('',#11921,1.);
#7318=VECTOR('',#11924,1.);
#7319=VECTOR('',#11927,1.);
#7320=VECTOR('',#11930,1.);
#7321=VECTOR('',#11931,1.);
#7322=VECTOR('',#11932,1.);
#7323=VECTOR('',#11933,1.);
#7324=VECTOR('',#11936,1.);
#7325=VECTOR('',#11939,1.);
#7326=VECTOR('',#11942,1.);
#7327=VECTOR('',#11945,1.);
#7328=VECTOR('',#11950,1.);
#7329=VECTOR('',#11953,1.);
#7330=VECTOR('',#11960,1.);
#7331=VECTOR('',#11963,1.);
#7332=VECTOR('',#11966,1.);
#7333=VECTOR('',#11969,1.);
#7334=VECTOR('',#11974,1.);
#7335=VECTOR('',#11977,1.);
#7336=VECTOR('',#11978,1.);
#7337=VECTOR('',#11981,1.);
#7338=VECTOR('',#11986,1.);
#7339=VECTOR('',#11989,1.);
#7340=VECTOR('',#11990,1.);
#7341=VECTOR('',#11993,1.);
#7342=VECTOR('',#11998,1.);
#7343=VECTOR('',#12001,1.);
#7344=VECTOR('',#12002,1.);
#7345=VECTOR('',#12005,1.);
#7346=VECTOR('',#12010,1.);
#7347=VECTOR('',#12013,1.);
#7348=VECTOR('',#12014,1.);
#7349=VECTOR('',#12017,1.);
#7350=VECTOR('',#12022,1.);
#7351=VECTOR('',#12025,1.);
#7352=VECTOR('',#12030,1.);
#7353=VECTOR('',#12033,1.);
#7354=VECTOR('',#12038,1.);
#7355=VECTOR('',#12041,1.);
#7356=VECTOR('',#12046,1.);
#7357=VECTOR('',#12049,1.);
#7358=VECTOR('',#12054,1.);
#7359=VECTOR('',#12057,1.);
#7360=VECTOR('',#12060,1.);
#7361=VECTOR('',#12065,1.);
#7362=VECTOR('',#12070,1.);
#7363=VECTOR('',#12073,1.);
#7364=VECTOR('',#12076,1.);
#7365=VECTOR('',#12079,1.);
#7366=VECTOR('',#12082,1.);
#7367=VECTOR('',#12083,1.);
#7368=VECTOR('',#12084,1.);
#7369=VECTOR('',#12085,1.);
#7370=VECTOR('',#12088,1.);
#7371=VECTOR('',#12089,1.);
#7372=VECTOR('',#12090,1.);
#7373=VECTOR('',#12091,1.);
#7374=VECTOR('',#12100,1.);
#7375=VECTOR('',#12103,1.);
#7376=VECTOR('',#12106,1.);
#7377=VECTOR('',#12107,1.);
#7378=VECTOR('',#12110,1.);
#7379=VECTOR('',#12117,1.);
#7380=VECTOR('',#12120,1.);
#7381=VECTOR('',#12123,1.);
#7382=VECTOR('',#12126,1.);
#7383=VECTOR('',#12133,1.);
#7384=VECTOR('',#12136,1.);
#7385=VECTOR('',#12137,1.);
#7386=VECTOR('',#12138,1.);
#7387=VECTOR('',#12139,1.);
#7388=VECTOR('',#12146,1.);
#7389=VECTOR('',#12155,1.);
#7390=VECTOR('',#12166,1.);
#7391=VECTOR('',#12173,1.);
#7392=VECTOR('',#12176,1.);
#7393=VECTOR('',#12177,1.);
#7394=VECTOR('',#12184,1.);
#7395=VECTOR('',#12189,1.);
#7396=VECTOR('',#12192,1.);
#7397=VECTOR('',#12193,1.);
#7398=VECTOR('',#12200,1.);
#7399=VECTOR('',#12213,1.);
#7400=VECTOR('',#12222,1.);
#7401=VECTOR('',#12223,1.);
#7402=VECTOR('',#12226,1.);
#7403=VECTOR('',#12227,1.);
#7404=VECTOR('',#12246,1.);
#7405=VECTOR('',#12251,1.);
#7406=VECTOR('',#12258,1.);
#7407=VECTOR('',#12271,1.);
#7408=VECTOR('',#12282,1.);
#7409=VECTOR('',#12285,1.);
#7410=VECTOR('',#12286,1.);
#7411=VECTOR('',#12287,1.);
#7412=VECTOR('',#12294,1.);
#7413=VECTOR('',#12301,1.);
#7414=VECTOR('',#12302,1.);
#7415=VECTOR('',#12303,1.);
#7416=VECTOR('',#12310,1.);
#7417=VECTOR('',#12319,1.);
#7418=VECTOR('',#12320,1.);
#7419=VECTOR('',#12329,1.);
#7420=VECTOR('',#12340,1.);
#7421=VECTOR('',#12341,1.);
#7422=VECTOR('',#12360,1.);
#7423=VECTOR('',#12371,1.);
#7424=VECTOR('',#12374,1.);
#7425=VECTOR('',#12379,1.);
#7426=VECTOR('',#12382,1.);
#7427=VECTOR('',#12401,1.);
#7428=VECTOR('',#12414,1.);
#7429=VECTOR('',#12417,1.);
#7430=VECTOR('',#12422,1.);
#7431=VECTOR('',#12425,1.);
#7432=VECTOR('',#12436,1.);
#7433=VECTOR('',#12437,1.);
#7434=VECTOR('',#12442,1.);
#7435=VECTOR('',#12443,1.);
#7436=VECTOR('',#12448,1.);
#7437=VECTOR('',#12449,1.);
#7438=VECTOR('',#12454,1.);
#7439=VECTOR('',#12455,1.);
#7440=VECTOR('',#12460,1.);
#7441=VECTOR('',#12461,1.);
#7442=VECTOR('',#12466,1.);
#7443=VECTOR('',#12467,1.);
#7444=VECTOR('',#12472,1.);
#7445=VECTOR('',#12473,1.);
#7446=VECTOR('',#12476,1.);
#7447=VECTOR('',#12477,1.);
#7448=VECTOR('',#12482,1.);
#7449=VECTOR('',#12485,1.);
#7450=VECTOR('',#12502,1.);
#7451=VECTOR('',#12503,1.);
#7452=VECTOR('',#12506,1.);
#7453=VECTOR('',#12509,1.);
#7454=VECTOR('',#12510,1.);
#7455=VECTOR('',#12513,1.);
#7456=VECTOR('',#12516,1.);
#7457=VECTOR('',#12519,1.);
#7458=VECTOR('',#12520,1.);
#7459=VECTOR('',#12521,1.);
#7460=VECTOR('',#12522,1.);
#7461=VECTOR('',#12529,1.);
#7462=VECTOR('',#12530,1.);
#7463=VECTOR('',#12531,1.);
#7464=VECTOR('',#12534,1.);
#7465=VECTOR('',#12535,1.);
#7466=VECTOR('',#12542,1.);
#7467=VECTOR('',#12547,1.);
#7468=VECTOR('',#12552,1.);
#7469=VECTOR('',#12555,1.);
#7470=VECTOR('',#12558,1.);
#7471=VECTOR('',#12561,1.);
#7472=VECTOR('',#12564,1.);
#7473=VECTOR('',#12569,1.);
#7474=VECTOR('',#12570,1.);
#7475=VECTOR('',#12573,1.);
#7476=VECTOR('',#12576,1.);
#7477=VECTOR('',#12577,1.);
#7478=VECTOR('',#12578,1.);
#7479=VECTOR('',#12579,1.);
#7480=VECTOR('',#12582,1.);
#7481=VECTOR('',#12585,1.);
#7482=VECTOR('',#12590,1.);
#7483=VECTOR('',#12591,1.);
#7484=VECTOR('',#12598,1.);
#7485=VECTOR('',#12603,1.);
#7486=VECTOR('',#12606,1.);
#7487=VECTOR('',#12613,1.);
#7488=VECTOR('',#12618,1.);
#7489=VECTOR('',#12619,1.);
#7490=VECTOR('',#12624,1.);
#7491=VECTOR('',#12627,1.);
#7492=VECTOR('',#12628,1.);
#7493=VECTOR('',#12629,1.);
#7494=VECTOR('',#12630,1.);
#7495=VECTOR('',#12639,1.);
#7496=VECTOR('',#12642,1.);
#7497=VECTOR('',#12643,1.);
#7498=VECTOR('',#12646,1.);
#7499=VECTOR('',#12647,1.);
#7500=VECTOR('',#12650,1.);
#7501=VECTOR('',#12651,1.);
#7502=VECTOR('',#12656,1.);
#7503=VECTOR('',#12659,1.);
#7504=VECTOR('',#12662,1.);
#7505=VECTOR('',#12663,1.);
#7506=VECTOR('',#12666,1.);
#7507=VECTOR('',#12667,1.);
#7508=VECTOR('',#12668,1.);
#7509=VECTOR('',#12673,1.);
#7510=VECTOR('',#12678,1.);
#7511=VECTOR('',#12679,1.);
#7512=VECTOR('',#12682,1.);
#7513=VECTOR('',#12685,1.);
#7514=VECTOR('',#12686,1.);
#7515=VECTOR('',#12687,1.);
#7516=VECTOR('',#12692,1.);
#7517=VECTOR('',#12697,1.);
#7518=VECTOR('',#12700,1.);
#7519=VECTOR('',#12703,1.);
#7520=VECTOR('',#12704,1.);
#7521=VECTOR('',#12707,1.);
#7522=VECTOR('',#12708,1.);
#7523=VECTOR('',#12713,1.);
#7524=VECTOR('',#12716,1.);
#7525=VECTOR('',#12717,1.);
#7526=VECTOR('',#12720,1.);
#7527=VECTOR('',#12723,1.);
#7528=VECTOR('',#12728,1.);
#7529=VECTOR('',#12729,1.);
#7530=VECTOR('',#12730,1.);
#7531=VECTOR('',#12745,1.);
#7532=VECTOR('',#12746,1.);
#7533=VECTOR('',#12749,1.);
#7534=VECTOR('',#12752,1.);
#7535=VECTOR('',#12753,1.);
#7536=VECTOR('',#12756,1.);
#7537=VECTOR('',#12759,1.);
#7538=VECTOR('',#12760,1.);
#7539=VECTOR('',#12763,1.);
#7540=VECTOR('',#12766,1.);
#7541=VECTOR('',#12767,1.);
#7542=VECTOR('',#12770,1.);
#7543=VECTOR('',#12773,1.);
#7544=VECTOR('',#12774,1.);
#7545=VECTOR('',#12777,1.);
#7546=VECTOR('',#12780,1.);
#7547=VECTOR('',#12781,1.);
#7548=VECTOR('',#12784,1.);
#7549=VECTOR('',#12787,1.);
#7550=VECTOR('',#12796,1.);
#7551=VECTOR('',#12797,1.);
#7552=VECTOR('',#12802,1.);
#7553=VECTOR('',#12805,1.);
#7554=VECTOR('',#12806,1.);
#7555=VECTOR('',#12809,1.);
#7556=VECTOR('',#12810,1.);
#7557=VECTOR('',#12811,1.);
#7558=VECTOR('',#12818,1.);
#7559=VECTOR('',#12821,1.);
#7560=VECTOR('',#12824,1.);
#7561=VECTOR('',#12825,1.);
#7562=VECTOR('',#12828,1.);
#7563=VECTOR('',#12829,1.);
#7564=VECTOR('',#12830,1.);
#7565=VECTOR('',#12835,1.);
#7566=VECTOR('',#12840,1.);
#7567=VECTOR('',#12841,1.);
#7568=VECTOR('',#12844,1.);
#7569=VECTOR('',#12847,1.);
#7570=VECTOR('',#12850,1.);
#7571=VECTOR('',#12853,1.);
#7572=VECTOR('',#12854,1.);
#7573=VECTOR('',#12859,1.);
#7574=VECTOR('',#12862,1.);
#7575=VECTOR('',#12863,1.);
#7576=VECTOR('',#12864,1.);
#7577=VECTOR('',#12865,1.);
#7578=VECTOR('',#12868,1.);
#7579=VECTOR('',#12869,1.);
#7580=VECTOR('',#12870,1.);
#7581=VECTOR('',#12897,1.);
#7582=VECTOR('',#12900,1.);
#7583=VECTOR('',#12903,1.);
#7584=VECTOR('',#12906,1.);
#7585=VECTOR('',#12915,1.);
#7586=VECTOR('',#12918,1.);
#7587=VECTOR('',#12919,1.);
#7588=VECTOR('',#12922,1.);
#7589=VECTOR('',#12923,1.);
#7590=VECTOR('',#12926,1.);
#7591=VECTOR('',#12927,1.);
#7592=VECTOR('',#12940,1.);
#7593=VECTOR('',#12943,1.);
#7594=VECTOR('',#12946,1.);
#7595=VECTOR('',#12949,1.);
#7596=VECTOR('',#12958,1.);
#7597=VECTOR('',#12959,1.);
#7598=VECTOR('',#12962,1.);
#7599=VECTOR('',#12965,1.);
#7600=VECTOR('',#12966,1.);
#7601=VECTOR('',#12969,1.);
#7602=VECTOR('',#12972,1.);
#7603=VECTOR('',#12973,1.);
#7604=VECTOR('',#12976,1.);
#7605=VECTOR('',#12977,1.);
#7606=VECTOR('',#13002,1.);
#7607=VECTOR('',#13007,1.);
#7608=VECTOR('',#13012,1.);
#7609=VECTOR('',#13017,1.);
#7610=VECTOR('',#13022,1.);
#7611=VECTOR('',#13027,1.);
#7612=VECTOR('',#13032,1.);
#7613=VECTOR('',#13039,1.);
#7614=VECTOR('',#13042,1.);
#7615=VECTOR('',#13075,1.);
#7616=VECTOR('',#13076,1.);
#7617=VECTOR('',#13079,1.);
#7618=VECTOR('',#13084,1.);
#7619=VECTOR('',#13085,1.);
#7620=VECTOR('',#13088,1.);
#7621=VECTOR('',#13089,1.);
#7622=VECTOR('',#13090,1.);
#7623=VECTOR('',#13095,1.);
#7624=VECTOR('',#13098,1.);
#7625=VECTOR('',#13101,1.);
#7626=VECTOR('',#13110,1.);
#7627=VECTOR('',#13115,1.);
#7628=VECTOR('',#13120,1.);
#7629=VECTOR('',#13127,1.);
#7630=VECTOR('',#13130,1.);
#7631=VECTOR('',#13135,1.);
#7632=VECTOR('',#13136,1.);
#7633=VECTOR('',#13141,1.);
#7634=VECTOR('',#13142,1.);
#7635=VECTOR('',#13145,1.);
#7636=VECTOR('',#13150,1.);
#7637=VECTOR('',#13153,1.);
#7638=VECTOR('',#13156,1.);
#7639=VECTOR('',#13157,1.);
#7640=VECTOR('',#13162,1.);
#7641=VECTOR('',#13169,1.);
#7642=VECTOR('',#13170,1.);
#7643=VECTOR('',#13171,1.);
#7644=VECTOR('',#13174,1.);
#7645=VECTOR('',#13175,1.);
#7646=VECTOR('',#13176,1.);
#7647=VECTOR('',#13181,1.);
#7648=VECTOR('',#13182,1.);
#7649=VECTOR('',#13185,1.);
#7650=VECTOR('',#13186,1.);
#7651=VECTOR('',#13189,1.);
#7652=VECTOR('',#13192,1.);
#7653=VECTOR('',#13195,1.);
#7654=VECTOR('',#13196,1.);
#7655=VECTOR('',#13199,1.);
#7656=VECTOR('',#13200,1.);
#7657=VECTOR('',#13203,1.);
#7658=VECTOR('',#13204,1.);
#7659=VECTOR('',#13205,1.);
#7660=VECTOR('',#13208,1.);
#7661=VECTOR('',#13211,1.);
#7662=VECTOR('',#13214,1.);
#7663=VECTOR('',#13215,1.);
#7664=VECTOR('',#13216,1.);
#7665=VECTOR('',#13219,1.);
#7666=VECTOR('',#13222,1.);
#7667=VECTOR('',#13243,1.);
#7668=VECTOR('',#13246,1.);
#7669=VECTOR('',#13249,1.);
#7670=VECTOR('',#13252,1.);
#7671=VECTOR('',#13255,1.);
#7672=VECTOR('',#13258,1.);
#7673=VECTOR('',#13261,1.);
#7674=VECTOR('',#13264,1.);
#7675=VECTOR('',#13267,1.);
#7676=VECTOR('',#13276,1.);
#7677=VECTOR('',#13279,1.);
#7678=VECTOR('',#13286,1.);
#7679=VECTOR('',#13287,1.);
#7680=VECTOR('',#13288,1.);
#7681=VECTOR('',#13289,1.);
#7682=VECTOR('',#13290,1.);
#7683=VECTOR('',#13291,1.);
#7684=VECTOR('',#13292,1.);
#7685=VECTOR('',#13297,1.);
#7686=VECTOR('',#13298,1.);
#7687=VECTOR('',#13299,1.);
#7688=VECTOR('',#13302,1.);
#7689=VECTOR('',#13305,1.);
#7690=VECTOR('',#13306,1.);
#7691=VECTOR('',#13307,1.);
#7692=VECTOR('',#13308,1.);
#7693=VECTOR('',#13309,1.);
#7694=VECTOR('',#13310,1.);
#7695=VECTOR('',#13311,1.);
#7696=VECTOR('',#13312,1.);
#7697=VECTOR('',#13313,1.);
#7698=VECTOR('',#13316,1.);
#7699=VECTOR('',#13319,1.);
#7700=VECTOR('',#13322,1.);
#7701=VECTOR('',#13325,1.);
#7702=VECTOR('',#13326,1.);
#7703=VECTOR('',#13327,1.);
#7704=VECTOR('',#13328,1.);
#7705=VECTOR('',#13329,1.);
#7706=VECTOR('',#13330,1.);
#7707=VECTOR('',#13335,1.);
#7708=VECTOR('',#13336,1.);
#7709=VECTOR('',#13339,1.);
#7710=VECTOR('',#13342,1.);
#7711=VECTOR('',#13349,1.);
#7712=VECTOR('',#13350,1.);
#7713=VECTOR('',#13355,1.);
#7714=VECTOR('',#13358,1.);
#7715=VECTOR('',#13363,1.);
#7716=VECTOR('',#13366,1.);
#7717=VECTOR('',#13367,1.);
#7718=VECTOR('',#13370,1.);
#7719=VECTOR('',#13381,1.);
#7720=VECTOR('',#13384,1.);
#7721=VECTOR('',#13389,1.);
#7722=VECTOR('',#13390,1.);
#7723=VECTOR('',#13397,1.);
#7724=VECTOR('',#13400,1.);
#7725=VECTOR('',#13403,1.);
#7726=VECTOR('',#13404,1.);
#7727=VECTOR('',#13407,1.);
#7728=VECTOR('',#13408,1.);
#7729=VECTOR('',#13409,1.);
#7730=VECTOR('',#13410,1.);
#7731=VECTOR('',#13411,1.);
#7732=VECTOR('',#13412,1.);
#7733=VECTOR('',#13413,1.);
#7734=VECTOR('',#13414,1.);
#7735=VECTOR('',#13415,1.);
#7736=VECTOR('',#13416,1.);
#7737=VECTOR('',#13417,1.);
#7738=VECTOR('',#13418,1.);
#7739=VECTOR('',#13419,1.);
#7740=VECTOR('',#13420,1.);
#7741=VECTOR('',#13421,1.);
#7742=VECTOR('',#13422,1.);
#7743=VECTOR('',#13423,1.);
#7744=VECTOR('',#13424,1.);
#7745=VECTOR('',#13425,1.);
#7746=VECTOR('',#13426,1.);
#7747=VECTOR('',#13427,1.);
#7748=VECTOR('',#13428,1.);
#7749=VECTOR('',#13431,1.);
#7750=VECTOR('',#13432,1.);
#7751=VECTOR('',#13437,1.);
#7752=VECTOR('',#13440,1.);
#7753=VECTOR('',#13447,1.);
#7754=VECTOR('',#13450,1.);
#7755=VECTOR('',#13457,1.);
#7756=VECTOR('',#13460,1.);
#7757=VECTOR('',#13463,1.);
#7758=VECTOR('',#13466,1.);
#7759=VECTOR('',#13471,1.);
#7760=VECTOR('',#13472,1.);
#7761=VECTOR('',#13473,1.);
#7762=VECTOR('',#13474,1.);
#7763=VECTOR('',#13475,1.);
#7764=VECTOR('',#13478,1.);
#7765=VECTOR('',#13485,1.);
#7766=VECTOR('',#13486,1.);
#7767=VECTOR('',#13493,1.);
#7768=VECTOR('',#13494,1.);
#7769=VECTOR('',#13495,1.);
#7770=VECTOR('',#13500,1.);
#7771=VECTOR('',#13501,1.);
#7772=VECTOR('',#13502,1.);
#7773=VECTOR('',#13503,1.);
#7774=VECTOR('',#13506,1.);
#7775=VECTOR('',#13507,1.);
#7776=VECTOR('',#13508,1.);
#7777=VECTOR('',#13509,1.);
#7778=VECTOR('',#13512,1.);
#7779=VECTOR('',#13513,1.);
#7780=VECTOR('',#13514,1.);
#7781=VECTOR('',#13515,1.);
#7782=VECTOR('',#13518,1.);
#7783=VECTOR('',#13519,1.);
#7784=VECTOR('',#13520,1.);
#7785=VECTOR('',#13523,1.);
#7786=VECTOR('',#13526,1.);
#7787=VECTOR('',#13527,1.);
#7788=VECTOR('',#13528,1.);
#7789=VECTOR('',#13529,1.);
#7790=VECTOR('',#13534,1.);
#7791=VECTOR('',#13535,1.);
#7792=VECTOR('',#13536,1.);
#7793=VECTOR('',#13537,1.);
#7794=VECTOR('',#13538,1.);
#7795=VECTOR('',#13549,1.);
#7796=VECTOR('',#13550,1.);
#7797=VECTOR('',#13553,1.);
#7798=VECTOR('',#13560,1.);
#7799=VECTOR('',#13567,1.);
#7800=VECTOR('',#13568,1.);
#7801=VECTOR('',#13669,1.);
#7802=VECTOR('',#13670,1.);
#7803=VECTOR('',#13671,1.);
#7804=VECTOR('',#13690,1.);
#7805=VECTOR('',#13693,1.);
#7806=VECTOR('',#13698,1.);
#7807=VECTOR('',#13701,1.);
#7808=VECTOR('',#13704,1.);
#7809=VECTOR('',#13707,1.);
#7810=VECTOR('',#13710,1.);
#7811=VECTOR('',#13713,1.);
#7812=VECTOR('',#13716,1.);
#7813=VECTOR('',#13719,1.);
#7814=VECTOR('',#13722,1.);
#7815=VECTOR('',#13725,1.);
#7816=VECTOR('',#13728,1.);
#7817=VECTOR('',#13731,1.);
#7818=VECTOR('',#13732,1.);
#7819=VECTOR('',#13733,1.);
#7820=VECTOR('',#13734,1.);
#7821=VECTOR('',#13737,1.);
#7822=VECTOR('',#13742,1.);
#7823=VECTOR('',#13747,1.);
#7824=VECTOR('',#13748,1.);
#7825=VECTOR('',#13749,1.);
#7826=VECTOR('',#13750,1.);
#7827=VECTOR('',#13779,1.);
#7828=VECTOR('',#13782,1.);
#7829=VECTOR('',#13785,1.);
#7830=VECTOR('',#13788,1.);
#7831=VECTOR('',#13793,1.);
#7832=VECTOR('',#13794,1.);
#7833=VECTOR('',#13819,1.);
#7834=VECTOR('',#13822,1.);
#7835=VECTOR('',#13827,1.);
#7836=VECTOR('',#13832,1.);
#7837=VECTOR('',#13835,1.);
#7838=VECTOR('',#13844,1.);
#7839=VECTOR('',#13845,1.);
#7840=VECTOR('',#13848,1.);
#7841=VECTOR('',#13849,1.);
#7842=VECTOR('',#13856,1.);
#7843=VECTOR('',#13861,1.);
#7844=VECTOR('',#13864,1.);
#7845=VECTOR('',#13875,1.);
#7846=VECTOR('',#13886,1.);
#7847=VECTOR('',#13889,1.);
#7848=VECTOR('',#13900,1.);
#7849=VECTOR('',#13903,1.);
#7850=VECTOR('',#13914,1.);
#7851=VECTOR('',#13917,1.);
#7852=VECTOR('',#13920,1.);
#7853=VECTOR('',#13923,1.);
#7854=VECTOR('',#13926,1.);
#7855=VECTOR('',#13929,1.);
#7856=VECTOR('',#13932,1.);
#7857=VECTOR('',#13935,1.);
#7858=VECTOR('',#13938,1.);
#7859=VECTOR('',#13991,1.);
#7860=VECTOR('',#13994,1.);
#7861=VECTOR('',#13999,1.);
#7862=VECTOR('',#14002,1.);
#7863=VECTOR('',#14055,1.);
#7864=VECTOR('',#14058,1.);
#7865=VECTOR('',#14063,1.);
#7866=VECTOR('',#14066,1.);
#7867=VECTOR('',#14071,1.);
#7868=VECTOR('',#14074,1.);
#7869=VECTOR('',#14079,1.);
#7870=VECTOR('',#14082,1.);
#7871=VECTOR('',#14313,1.);
#7872=VECTOR('',#14314,1.);
#7873=VECTOR('',#14317,1.);
#7874=VECTOR('',#14320,1.);
#7875=VECTOR('',#14323,1.);
#7876=VECTOR('',#14326,1.);
#7877=VECTOR('',#14329,1.);
#7878=VECTOR('',#14332,1.);
#7879=VECTOR('',#14413,1.);
#7880=VECTOR('',#14414,1.);
#7881=VECTOR('',#14415,1.);
#7882=VECTOR('',#14418,1.);
#7883=VECTOR('',#14419,1.);
#7884=VECTOR('',#14422,1.);
#7885=VECTOR('',#14423,1.);
#7886=VECTOR('',#14426,1.);
#7887=VECTOR('',#14427,1.);
#7888=VECTOR('',#14428,1.);
#7889=VECTOR('',#14431,1.);
#7890=VECTOR('',#14432,1.);
#7891=VECTOR('',#14433,1.);
#7892=VECTOR('',#14436,1.);
#7893=VECTOR('',#14437,1.);
#7894=VECTOR('',#14438,1.);
#7895=VECTOR('',#14441,1.);
#7896=VECTOR('',#14442,1.);
#7897=VECTOR('',#14443,1.);
#7898=VECTOR('',#14444,1.);
#7899=VECTOR('',#14449,1.);
#7900=VECTOR('',#14450,1.);
#7901=VECTOR('',#14453,1.);
#7902=VECTOR('',#14456,1.);
#7903=VECTOR('',#14461,1.);
#7904=VECTOR('',#14462,1.);
#7905=VECTOR('',#14465,1.);
#7906=VECTOR('',#14466,1.);
#7907=VECTOR('',#14473,1.);
#7908=VECTOR('',#14474,1.);
#7909=VECTOR('',#14477,1.);
#7910=VECTOR('',#14480,1.);
#7911=VECTOR('',#14485,1.);
#7912=VECTOR('',#14486,1.);
#7913=VECTOR('',#14489,1.);
#7914=VECTOR('',#14492,1.);
#7915=EDGE_LOOP('',(#1091,#1092,#1093,#1094,#1095,#1096,#1097,#1098,#1099));
#7916=EDGE_LOOP('',(#1100,#1101,#1102,#1103,#1104,#1105));
#7917=EDGE_LOOP('',(#1106,#1107,#1108,#1109));
#7918=EDGE_LOOP('',(#1110,#1111,#1112,#1113));
#7919=EDGE_LOOP('',(#1114,#1115,#1116,#1117));
#7920=EDGE_LOOP('',(#1118,#1119,#1120,#1121));
#7921=EDGE_LOOP('',(#1122,#1123,#1124,#1125,#1126,#1127,#1128,#1129,#1130,
#1131,#1132,#1133,#1134,#1135,#1136,#1137));
#7922=EDGE_LOOP('',(#1138,#1139,#1140,#1141,#1142,#1143,#1144,#1145));
#7923=EDGE_LOOP('',(#1146,#1147,#1148,#1149));
#7924=EDGE_LOOP('',(#1150,#1151,#1152,#1153));
#7925=EDGE_LOOP('',(#1154,#1155,#1156,#1157));
#7926=EDGE_LOOP('',(#1158,#1159,#1160,#1161,#1162,#1163));
#7927=EDGE_LOOP('',(#1164,#1165,#1166,#1167));
#7928=EDGE_LOOP('',(#1168,#1169,#1170,#1171,#1172,#1173,#1174,#1175,#1176,
#1177,#1178,#1179,#1180,#1181,#1182,#1183));
#7929=EDGE_LOOP('',(#1184,#1185,#1186,#1187,#1188,#1189,#1190,#1191));
#7930=EDGE_LOOP('',(#1192,#1193,#1194,#1195));
#7931=EDGE_LOOP('',(#1196,#1197,#1198,#1199,#1200,#1201,#1202,#1203));
#7932=EDGE_LOOP('',(#1204,#1205,#1206,#1207,#1208,#1209,#1210,#1211,#1212,
#1213,#1214,#1215,#1216));
#7933=EDGE_LOOP('',(#1217));
#7934=EDGE_LOOP('',(#1218));
#7935=EDGE_LOOP('',(#1219,#1220,#1221,#1222,#1223,#1224,#1225,#1226,#1227,
#1228,#1229,#1230,#1231,#1232,#1233,#1234,#1235,#1236,#1237,#1238));
#7936=EDGE_LOOP('',(#1239,#1240,#1241,#1242,#1243,#1244,#1245,#1246));
#7937=EDGE_LOOP('',(#1247,#1248,#1249,#1250,#1251,#1252,#1253,#1254,#1255,
#1256,#1257,#1258,#1259,#1260,#1261,#1262,#1263,#1264,#1265,#1266,#1267,
#1268,#1269,#1270,#1271,#1272,#1273,#1274,#1275,#1276,#1277,#1278,#1279,
#1280,#1281,#1282,#1283,#1284,#1285,#1286,#1287,#1288,#1289,#1290,#1291,
#1292,#1293,#1294,#1295,#1296,#1297,#1298,#1299,#1300,#1301,#1302,#1303,
#1304,#1305,#1306,#1307));
#7938=EDGE_LOOP('',(#1308,#1309,#1310,#1311));
#7939=EDGE_LOOP('',(#1312,#1313,#1314,#1315,#1316,#1317,#1318,#1319,#1320,
#1321,#1322,#1323,#1324));
#7940=EDGE_LOOP('',(#1325,#1326,#1327,#1328));
#7941=EDGE_LOOP('',(#1329,#1330,#1331,#1332,#1333,#1334,#1335,#1336,#1337,
#1338,#1339));
#7942=EDGE_LOOP('',(#1340,#1341,#1342,#1343,#1344,#1345,#1346,#1347));
#7943=EDGE_LOOP('',(#1348,#1349,#1350,#1351,#1352,#1353,#1354,#1355,#1356,
#1357,#1358,#1359,#1360));
#7944=EDGE_LOOP('',(#1361,#1362,#1363,#1364,#1365,#1366,#1367,#1368));
#7945=EDGE_LOOP('',(#1369,#1370,#1371,#1372));
#7946=EDGE_LOOP('',(#1373,#1374,#1375,#1376,#1377,#1378,#1379,#1380));
#7947=EDGE_LOOP('',(#1381));
#7948=EDGE_LOOP('',(#1382,#1383,#1384,#1385,#1386,#1387,#1388,#1389));
#7949=EDGE_LOOP('',(#1390));
#7950=EDGE_LOOP('',(#1391,#1392,#1393,#1394,#1395,#1396,#1397,#1398));
#7951=EDGE_LOOP('',(#1399));
#7952=EDGE_LOOP('',(#1400,#1401,#1402,#1403,#1404,#1405,#1406,#1407));
#7953=EDGE_LOOP('',(#1408));
#7954=EDGE_LOOP('',(#1409,#1410,#1411,#1412,#1413,#1414,#1415,#1416));
#7955=EDGE_LOOP('',(#1417));
#7956=EDGE_LOOP('',(#1418,#1419,#1420,#1421));
#7957=EDGE_LOOP('',(#1422));
#7958=EDGE_LOOP('',(#1423,#1424,#1425,#1426,#1427));
#7959=EDGE_LOOP('',(#1428));
#7960=EDGE_LOOP('',(#1429,#1430,#1431,#1432,#1433));
#7961=EDGE_LOOP('',(#1434));
#7962=EDGE_LOOP('',(#1435,#1436,#1437,#1438));
#7963=EDGE_LOOP('',(#1439,#1440,#1441,#1442));
#7964=EDGE_LOOP('',(#1443,#1444,#1445,#1446));
#7965=EDGE_LOOP('',(#1447,#1448,#1449,#1450));
#7966=EDGE_LOOP('',(#1451,#1452,#1453,#1454));
#7967=EDGE_LOOP('',(#1455,#1456,#1457,#1458));
#7968=EDGE_LOOP('',(#1459,#1460,#1461,#1462));
#7969=EDGE_LOOP('',(#1463,#1464,#1465,#1466));
#7970=EDGE_LOOP('',(#1467,#1468,#1469,#1470));
#7971=EDGE_LOOP('',(#1471,#1472,#1473,#1474));
#7972=EDGE_LOOP('',(#1475,#1476,#1477,#1478));
#7973=EDGE_LOOP('',(#1479,#1480,#1481,#1482));
#7974=EDGE_LOOP('',(#1483,#1484,#1485,#1486));
#7975=EDGE_LOOP('',(#1487,#1488,#1489,#1490));
#7976=EDGE_LOOP('',(#1491,#1492,#1493,#1494));
#7977=EDGE_LOOP('',(#1495,#1496,#1497,#1498));
#7978=EDGE_LOOP('',(#1499,#1500,#1501,#1502));
#7979=EDGE_LOOP('',(#1503,#1504,#1505,#1506));
#7980=EDGE_LOOP('',(#1507,#1508,#1509,#1510));
#7981=EDGE_LOOP('',(#1511,#1512,#1513,#1514));
#7982=EDGE_LOOP('',(#1515,#1516,#1517,#1518));
#7983=EDGE_LOOP('',(#1519,#1520,#1521,#1522));
#7984=EDGE_LOOP('',(#1523,#1524,#1525));
#7985=EDGE_LOOP('',(#1526,#1527,#1528,#1529));
#7986=EDGE_LOOP('',(#1530,#1531,#1532));
#7987=EDGE_LOOP('',(#1533,#1534,#1535,#1536));
#7988=EDGE_LOOP('',(#1537,#1538,#1539,#1540,#1541,#1542));
#7989=EDGE_LOOP('',(#1543,#1544,#1545,#1546));
#7990=EDGE_LOOP('',(#1547,#1548,#1549,#1550,#1551,#1552));
#7991=EDGE_LOOP('',(#1553,#1554,#1555,#1556));
#7992=EDGE_LOOP('',(#1557,#1558,#1559,#1560,#1561,#1562));
#7993=EDGE_LOOP('',(#1563,#1564,#1565,#1566));
#7994=EDGE_LOOP('',(#1567,#1568,#1569,#1570,#1571,#1572));
#7995=EDGE_LOOP('',(#1573,#1574,#1575,#1576));
#7996=EDGE_LOOP('',(#1577,#1578,#1579,#1580));
#7997=EDGE_LOOP('',(#1581,#1582,#1583,#1584));
#7998=EDGE_LOOP('',(#1585,#1586,#1587,#1588));
#7999=EDGE_LOOP('',(#1589,#1590,#1591,#1592));
#8000=EDGE_LOOP('',(#1593,#1594,#1595,#1596));
#8001=EDGE_LOOP('',(#1597,#1598,#1599,#1600));
#8002=EDGE_LOOP('',(#1601,#1602,#1603,#1604));
#8003=EDGE_LOOP('',(#1605,#1606,#1607,#1608));
#8004=EDGE_LOOP('',(#1609,#1610,#1611,#1612));
#8005=EDGE_LOOP('',(#1613,#1614,#1615,#1616));
#8006=EDGE_LOOP('',(#1617,#1618,#1619,#1620));
#8007=EDGE_LOOP('',(#1621,#1622,#1623,#1624));
#8008=EDGE_LOOP('',(#1625,#1626,#1627,#1628));
#8009=EDGE_LOOP('',(#1629,#1630,#1631,#1632));
#8010=EDGE_LOOP('',(#1633,#1634,#1635,#1636));
#8011=EDGE_LOOP('',(#1637,#1638,#1639,#1640));
#8012=EDGE_LOOP('',(#1641,#1642,#1643));
#8013=EDGE_LOOP('',(#1644,#1645,#1646,#1647));
#8014=EDGE_LOOP('',(#1648,#1649,#1650));
#8015=EDGE_LOOP('',(#1651,#1652,#1653,#1654));
#8016=EDGE_LOOP('',(#1655,#1656,#1657,#1658));
#8017=EDGE_LOOP('',(#1659,#1660,#1661,#1662,#1663,#1664));
#8018=EDGE_LOOP('',(#1665,#1666,#1667,#1668));
#8019=EDGE_LOOP('',(#1669,#1670,#1671,#1672,#1673,#1674));
#8020=EDGE_LOOP('',(#1675,#1676,#1677,#1678));
#8021=EDGE_LOOP('',(#1679,#1680,#1681,#1682,#1683,#1684));
#8022=EDGE_LOOP('',(#1685,#1686,#1687,#1688));
#8023=EDGE_LOOP('',(#1689,#1690,#1691,#1692,#1693,#1694));
#8024=EDGE_LOOP('',(#1695,#1696,#1697,#1698));
#8025=EDGE_LOOP('',(#1699,#1700,#1701,#1702));
#8026=EDGE_LOOP('',(#1703,#1704,#1705,#1706));
#8027=EDGE_LOOP('',(#1707,#1708,#1709,#1710));
#8028=EDGE_LOOP('',(#1711,#1712,#1713,#1714));
#8029=EDGE_LOOP('',(#1715));
#8030=EDGE_LOOP('',(#1716));
#8031=EDGE_LOOP('',(#1717));
#8032=EDGE_LOOP('',(#1718));
#8033=EDGE_LOOP('',(#1719,#1720,#1721,#1722));
#8034=EDGE_LOOP('',(#1723,#1724,#1725,#1726));
#8035=EDGE_LOOP('',(#1727,#1728,#1729,#1730));
#8036=EDGE_LOOP('',(#1731,#1732,#1733,#1734));
#8037=EDGE_LOOP('',(#1735,#1736,#1737,#1738));
#8038=EDGE_LOOP('',(#1739,#1740,#1741,#1742));
#8039=EDGE_LOOP('',(#1743,#1744,#1745,#1746));
#8040=EDGE_LOOP('',(#1747,#1748,#1749,#1750));
#8041=EDGE_LOOP('',(#1751,#1752,#1753,#1754));
#8042=EDGE_LOOP('',(#1755,#1756,#1757,#1758));
#8043=EDGE_LOOP('',(#1759,#1760,#1761,#1762));
#8044=EDGE_LOOP('',(#1763,#1764,#1765,#1766));
#8045=EDGE_LOOP('',(#1767,#1768,#1769,#1770));
#8046=EDGE_LOOP('',(#1771,#1772,#1773,#1774));
#8047=EDGE_LOOP('',(#1775,#1776,#1777,#1778));
#8048=EDGE_LOOP('',(#1779,#1780,#1781,#1782));
#8049=EDGE_LOOP('',(#1783,#1784,#1785,#1786));
#8050=EDGE_LOOP('',(#1787,#1788,#1789,#1790));
#8051=EDGE_LOOP('',(#1791,#1792,#1793,#1794));
#8052=EDGE_LOOP('',(#1795,#1796,#1797,#1798));
#8053=EDGE_LOOP('',(#1799,#1800,#1801,#1802));
#8054=EDGE_LOOP('',(#1803,#1804,#1805,#1806));
#8055=EDGE_LOOP('',(#1807,#1808,#1809,#1810));
#8056=EDGE_LOOP('',(#1811,#1812,#1813,#1814));
#8057=EDGE_LOOP('',(#1815,#1816,#1817,#1818));
#8058=EDGE_LOOP('',(#1819,#1820,#1821,#1822));
#8059=EDGE_LOOP('',(#1823,#1824,#1825,#1826));
#8060=EDGE_LOOP('',(#1827,#1828,#1829,#1830,#1831));
#8061=EDGE_LOOP('',(#1832,#1833,#1834,#1835));
#8062=EDGE_LOOP('',(#1836,#1837,#1838,#1839,#1840));
#8063=EDGE_LOOP('',(#1841,#1842,#1843,#1844));
#8064=EDGE_LOOP('',(#1845,#1846,#1847,#1848));
#8065=EDGE_LOOP('',(#1849,#1850,#1851,#1852));
#8066=EDGE_LOOP('',(#1853,#1854,#1855,#1856,#1857));
#8067=EDGE_LOOP('',(#1858,#1859,#1860,#1861));
#8068=EDGE_LOOP('',(#1862,#1863,#1864,#1865));
#8069=EDGE_LOOP('',(#1866,#1867,#1868,#1869));
#8070=EDGE_LOOP('',(#1870,#1871,#1872,#1873,#1874));
#8071=EDGE_LOOP('',(#1875,#1876,#1877,#1878,#1879,#1880,#1881,#1882,#1883,
#1884,#1885,#1886,#1887,#1888));
#8072=EDGE_LOOP('',(#1889,#1890,#1891,#1892));
#8073=EDGE_LOOP('',(#1893,#1894,#1895,#1896));
#8074=EDGE_LOOP('',(#1897));
#8075=EDGE_LOOP('',(#1898,#1899,#1900,#1901));
#8076=EDGE_LOOP('',(#1902,#1903,#1904,#1905));
#8077=EDGE_LOOP('',(#1906,#1907,#1908,#1909));
#8078=EDGE_LOOP('',(#1910,#1911,#1912,#1913));
#8079=EDGE_LOOP('',(#1914,#1915,#1916,#1917));
#8080=EDGE_LOOP('',(#1918,#1919,#1920,#1921));
#8081=EDGE_LOOP('',(#1922,#1923,#1924,#1925));
#8082=EDGE_LOOP('',(#1926,#1927,#1928,#1929,#1930,#1931,#1932,#1933,#1934,
#1935,#1936,#1937));
#8083=EDGE_LOOP('',(#1938,#1939,#1940,#1941));
#8084=EDGE_LOOP('',(#1942,#1943,#1944,#1945));
#8085=EDGE_LOOP('',(#1946,#1947,#1948,#1949,#1950,#1951,#1952,#1953,#1954,
#1955,#1956));
#8086=EDGE_LOOP('',(#1957,#1958,#1959,#1960));
#8087=EDGE_LOOP('',(#1961,#1962,#1963,#1964));
#8088=EDGE_LOOP('',(#1965,#1966,#1967,#1968));
#8089=EDGE_LOOP('',(#1969,#1970,#1971,#1972));
#8090=EDGE_LOOP('',(#1973,#1974,#1975,#1976));
#8091=EDGE_LOOP('',(#1977,#1978,#1979,#1980));
#8092=EDGE_LOOP('',(#1981,#1982,#1983,#1984,#1985,#1986,#1987,#1988,#1989,
#1990,#1991,#1992));
#8093=EDGE_LOOP('',(#1993,#1994,#1995,#1996));
#8094=EDGE_LOOP('',(#1997,#1998,#1999,#2000));
#8095=EDGE_LOOP('',(#2001,#2002,#2003,#2004));
#8096=EDGE_LOOP('',(#2005,#2006,#2007,#2008,#2009,#2010));
#8097=EDGE_LOOP('',(#2011,#2012,#2013,#2014));
#8098=EDGE_LOOP('',(#2015,#2016,#2017,#2018,#2019,#2020,#2021,#2022));
#8099=EDGE_LOOP('',(#2023,#2024,#2025,#2026));
#8100=EDGE_LOOP('',(#2027,#2028,#2029,#2030));
#8101=EDGE_LOOP('',(#2031,#2032,#2033,#2034));
#8102=EDGE_LOOP('',(#2035,#2036,#2037,#2038));
#8103=EDGE_LOOP('',(#2039,#2040,#2041,#2042));
#8104=EDGE_LOOP('',(#2043,#2044,#2045,#2046));
#8105=EDGE_LOOP('',(#2047,#2048,#2049,#2050));
#8106=EDGE_LOOP('',(#2051,#2052,#2053,#2054));
#8107=EDGE_LOOP('',(#2055,#2056,#2057,#2058));
#8108=EDGE_LOOP('',(#2059,#2060,#2061,#2062));
#8109=EDGE_LOOP('',(#2063,#2064,#2065,#2066));
#8110=EDGE_LOOP('',(#2067,#2068,#2069,#2070));
#8111=EDGE_LOOP('',(#2071,#2072,#2073,#2074,#2075));
#8112=EDGE_LOOP('',(#2076,#2077,#2078,#2079));
#8113=EDGE_LOOP('',(#2080,#2081,#2082,#2083));
#8114=EDGE_LOOP('',(#2084,#2085,#2086,#2087));
#8115=EDGE_LOOP('',(#2088,#2089,#2090,#2091));
#8116=EDGE_LOOP('',(#2092,#2093,#2094,#2095,#2096));
#8117=EDGE_LOOP('',(#2097,#2098,#2099,#2100));
#8118=EDGE_LOOP('',(#2101,#2102,#2103,#2104,#2105,#2106,#2107,#2108,#2109,
#2110,#2111,#2112));
#8119=EDGE_LOOP('',(#2113,#2114,#2115,#2116));
#8120=EDGE_LOOP('',(#2117,#2118,#2119,#2120));
#8121=EDGE_LOOP('',(#2121));
#8122=EDGE_LOOP('',(#2122,#2123,#2124,#2125));
#8123=EDGE_LOOP('',(#2126,#2127,#2128,#2129));
#8124=EDGE_LOOP('',(#2130));
#8125=EDGE_LOOP('',(#2131,#2132,#2133,#2134,#2135,#2136));
#8126=EDGE_LOOP('',(#2137,#2138,#2139,#2140));
#8127=EDGE_LOOP('',(#2141,#2142,#2143,#2144));
#8128=EDGE_LOOP('',(#2145,#2146,#2147,#2148));
#8129=EDGE_LOOP('',(#2149,#2150,#2151,#2152));
#8130=EDGE_LOOP('',(#2153,#2154,#2155,#2156));
#8131=EDGE_LOOP('',(#2157,#2158,#2159,#2160));
#8132=EDGE_LOOP('',(#2161,#2162,#2163,#2164));
#8133=EDGE_LOOP('',(#2165,#2166,#2167,#2168));
#8134=EDGE_LOOP('',(#2169,#2170,#2171,#2172));
#8135=EDGE_LOOP('',(#2173,#2174,#2175,#2176));
#8136=EDGE_LOOP('',(#2177,#2178,#2179,#2180));
#8137=EDGE_LOOP('',(#2181,#2182,#2183,#2184,#2185,#2186));
#8138=EDGE_LOOP('',(#2187));
#8139=EDGE_LOOP('',(#2188,#2189,#2190,#2191));
#8140=EDGE_LOOP('',(#2192,#2193,#2194,#2195));
#8141=EDGE_LOOP('',(#2196,#2197,#2198,#2199));
#8142=EDGE_LOOP('',(#2200,#2201,#2202,#2203));
#8143=EDGE_LOOP('',(#2204,#2205,#2206,#2207));
#8144=EDGE_LOOP('',(#2208,#2209,#2210,#2211));
#8145=EDGE_LOOP('',(#2212,#2213,#2214,#2215));
#8146=EDGE_LOOP('',(#2216,#2217,#2218,#2219));
#8147=EDGE_LOOP('',(#2220,#2221,#2222,#2223));
#8148=EDGE_LOOP('',(#2224,#2225,#2226,#2227));
#8149=EDGE_LOOP('',(#2228,#2229,#2230,#2231,#2232,#2233,#2234,#2235,#2236,
#2237,#2238,#2239,#2240,#2241,#2242,#2243,#2244,#2245,#2246,#2247));
#8150=EDGE_LOOP('',(#2248,#2249,#2250,#2251));
#8151=EDGE_LOOP('',(#2252,#2253,#2254,#2255));
#8152=EDGE_LOOP('',(#2256,#2257,#2258,#2259));
#8153=EDGE_LOOP('',(#2260,#2261,#2262,#2263));
#8154=EDGE_LOOP('',(#2264,#2265,#2266,#2267));
#8155=EDGE_LOOP('',(#2268,#2269,#2270,#2271));
#8156=EDGE_LOOP('',(#2272,#2273,#2274));
#8157=EDGE_LOOP('',(#2275,#2276,#2277,#2278));
#8158=EDGE_LOOP('',(#2279,#2280,#2281,#2282));
#8159=EDGE_LOOP('',(#2283,#2284,#2285,#2286));
#8160=EDGE_LOOP('',(#2287,#2288,#2289,#2290));
#8161=EDGE_LOOP('',(#2291,#2292,#2293,#2294));
#8162=EDGE_LOOP('',(#2295,#2296,#2297,#2298));
#8163=EDGE_LOOP('',(#2299,#2300,#2301,#2302));
#8164=EDGE_LOOP('',(#2303,#2304,#2305,#2306,#2307));
#8165=EDGE_LOOP('',(#2308,#2309,#2310,#2311));
#8166=EDGE_LOOP('',(#2312,#2313,#2314,#2315));
#8167=EDGE_LOOP('',(#2316,#2317,#2318));
#8168=EDGE_LOOP('',(#2319));
#8169=EDGE_LOOP('',(#2320,#2321,#2322,#2323,#2324));
#8170=EDGE_LOOP('',(#2325,#2326,#2327,#2328,#2329,#2330,#2331,#2332,#2333,
#2334,#2335,#2336));
#8171=EDGE_LOOP('',(#2337,#2338,#2339,#2340));
#8172=EDGE_LOOP('',(#2341,#2342,#2343,#2344));
#8173=EDGE_LOOP('',(#2345,#2346,#2347,#2348,#2349,#2350,#2351,#2352,#2353,
#2354,#2355));
#8174=EDGE_LOOP('',(#2356,#2357,#2358,#2359));
#8175=EDGE_LOOP('',(#2360,#2361,#2362,#2363));
#8176=EDGE_LOOP('',(#2364,#2365,#2366,#2367));
#8177=EDGE_LOOP('',(#2368,#2369,#2370,#2371,#2372));
#8178=EDGE_LOOP('',(#2373,#2374,#2375,#2376));
#8179=EDGE_LOOP('',(#2377,#2378,#2379,#2380));
#8180=EDGE_LOOP('',(#2381,#2382,#2383));
#8181=EDGE_LOOP('',(#2384));
#8182=EDGE_LOOP('',(#2385,#2386,#2387,#2388,#2389));
#8183=EDGE_LOOP('',(#2390,#2391,#2392,#2393));
#8184=EDGE_LOOP('',(#2394,#2395,#2396,#2397));
#8185=EDGE_LOOP('',(#2398,#2399,#2400,#2401));
#8186=EDGE_LOOP('',(#2402,#2403,#2404,#2405));
#8187=EDGE_LOOP('',(#2406,#2407,#2408,#2409));
#8188=EDGE_LOOP('',(#2410,#2411,#2412,#2413));
#8189=EDGE_LOOP('',(#2414,#2415,#2416,#2417));
#8190=EDGE_LOOP('',(#2418,#2419,#2420,#2421));
#8191=EDGE_LOOP('',(#2422,#2423,#2424,#2425));
#8192=EDGE_LOOP('',(#2426,#2427,#2428,#2429));
#8193=EDGE_LOOP('',(#2430,#2431,#2432,#2433));
#8194=EDGE_LOOP('',(#2434,#2435,#2436,#2437));
#8195=EDGE_LOOP('',(#2438,#2439,#2440,#2441));
#8196=EDGE_LOOP('',(#2442,#2443,#2444,#2445));
#8197=EDGE_LOOP('',(#2446,#2447,#2448));
#8198=EDGE_LOOP('',(#2449,#2450,#2451,#2452));
#8199=EDGE_LOOP('',(#2453,#2454,#2455,#2456));
#8200=EDGE_LOOP('',(#2457,#2458,#2459));
#8201=EDGE_LOOP('',(#2460,#2461,#2462,#2463));
#8202=EDGE_LOOP('',(#2464,#2465,#2466,#2467));
#8203=EDGE_LOOP('',(#2468,#2469,#2470,#2471));
#8204=EDGE_LOOP('',(#2472,#2473,#2474,#2475));
#8205=EDGE_LOOP('',(#2476,#2477,#2478,#2479));
#8206=EDGE_LOOP('',(#2480,#2481,#2482,#2483));
#8207=EDGE_LOOP('',(#2484,#2485,#2486,#2487));
#8208=EDGE_LOOP('',(#2488,#2489,#2490,#2491));
#8209=EDGE_LOOP('',(#2492,#2493,#2494,#2495));
#8210=EDGE_LOOP('',(#2496,#2497,#2498,#2499));
#8211=EDGE_LOOP('',(#2500,#2501,#2502,#2503));
#8212=EDGE_LOOP('',(#2504,#2505,#2506,#2507));
#8213=EDGE_LOOP('',(#2508,#2509,#2510,#2511));
#8214=EDGE_LOOP('',(#2512,#2513,#2514));
#8215=EDGE_LOOP('',(#2515,#2516,#2517,#2518));
#8216=EDGE_LOOP('',(#2519,#2520,#2521,#2522));
#8217=EDGE_LOOP('',(#2523,#2524,#2525,#2526));
#8218=EDGE_LOOP('',(#2527,#2528,#2529,#2530));
#8219=EDGE_LOOP('',(#2531,#2532,#2533,#2534));
#8220=EDGE_LOOP('',(#2535,#2536,#2537,#2538));
#8221=EDGE_LOOP('',(#2539,#2540,#2541,#2542));
#8222=EDGE_LOOP('',(#2543,#2544,#2545,#2546));
#8223=EDGE_LOOP('',(#2547,#2548,#2549,#2550));
#8224=EDGE_LOOP('',(#2551,#2552,#2553,#2554));
#8225=EDGE_LOOP('',(#2555,#2556,#2557,#2558));
#8226=EDGE_LOOP('',(#2559,#2560,#2561,#2562));
#8227=EDGE_LOOP('',(#2563,#2564,#2565,#2566));
#8228=EDGE_LOOP('',(#2567,#2568,#2569,#2570));
#8229=EDGE_LOOP('',(#2571,#2572,#2573,#2574));
#8230=EDGE_LOOP('',(#2575,#2576,#2577,#2578));
#8231=EDGE_LOOP('',(#2579,#2580,#2581,#2582));
#8232=EDGE_LOOP('',(#2583,#2584,#2585,#2586));
#8233=EDGE_LOOP('',(#2587,#2588,#2589,#2590));
#8234=EDGE_LOOP('',(#2591,#2592,#2593,#2594));
#8235=EDGE_LOOP('',(#2595,#2596,#2597,#2598));
#8236=EDGE_LOOP('',(#2599,#2600,#2601,#2602));
#8237=EDGE_LOOP('',(#2603,#2604,#2605,#2606));
#8238=EDGE_LOOP('',(#2607,#2608,#2609,#2610));
#8239=EDGE_LOOP('',(#2611,#2612,#2613,#2614));
#8240=EDGE_LOOP('',(#2615,#2616,#2617,#2618));
#8241=EDGE_LOOP('',(#2619,#2620,#2621,#2622));
#8242=EDGE_LOOP('',(#2623,#2624,#2625,#2626));
#8243=EDGE_LOOP('',(#2627,#2628,#2629,#2630));
#8244=EDGE_LOOP('',(#2631,#2632,#2633,#2634,#2635,#2636,#2637,#2638));
#8245=EDGE_LOOP('',(#2639,#2640,#2641,#2642,#2643,#2644,#2645,#2646));
#8246=EDGE_LOOP('',(#2647,#2648,#2649,#2650));
#8247=EDGE_LOOP('',(#2651,#2652,#2653,#2654));
#8248=EDGE_LOOP('',(#2655,#2656,#2657,#2658));
#8249=EDGE_LOOP('',(#2659,#2660,#2661,#2662));
#8250=EDGE_LOOP('',(#2663,#2664,#2665,#2666));
#8251=EDGE_LOOP('',(#2667,#2668,#2669,#2670));
#8252=EDGE_LOOP('',(#2671,#2672,#2673,#2674,#2675,#2676,#2677,#2678));
#8253=EDGE_LOOP('',(#2679,#2680,#2681,#2682,#2683,#2684,#2685,#2686));
#8254=EDGE_LOOP('',(#2687));
#8255=EDGE_LOOP('',(#2688));
#8256=EDGE_LOOP('',(#2689));
#8257=EDGE_LOOP('',(#2690));
#8258=EDGE_LOOP('',(#2691));
#8259=EDGE_LOOP('',(#2692));
#8260=EDGE_LOOP('',(#2693));
#8261=EDGE_LOOP('',(#2694));
#8262=EDGE_LOOP('',(#2695,#2696,#2697,#2698,#2699,#2700,#2701,#2702));
#8263=EDGE_LOOP('',(#2703,#2704,#2705,#2706,#2707,#2708,#2709,#2710,#2711,
#2712,#2713,#2714,#2715,#2716,#2717,#2718,#2719,#2720,#2721,#2722,#2723,
#2724));
#8264=EDGE_LOOP('',(#2725,#2726,#2727,#2728,#2729,#2730,#2731,#2732));
#8265=EDGE_LOOP('',(#2733,#2734,#2735,#2736,#2737,#2738,#2739,#2740));
#8266=EDGE_LOOP('',(#2741,#2742,#2743,#2744,#2745,#2746,#2747,#2748));
#8267=EDGE_LOOP('',(#2749,#2750,#2751,#2752,#2753,#2754,#2755,#2756));
#8268=EDGE_LOOP('',(#2757));
#8269=EDGE_LOOP('',(#2758,#2759,#2760,#2761,#2762,#2763,#2764,#2765,#2766,
#2767,#2768,#2769,#2770,#2771,#2772,#2773,#2774,#2775,#2776,#2777,#2778,
#2779,#2780,#2781,#2782,#2783,#2784,#2785));
#8270=EDGE_LOOP('',(#2786,#2787,#2788,#2789,#2790,#2791,#2792,#2793,#2794));
#8271=EDGE_LOOP('',(#2795,#2796,#2797,#2798,#2799,#2800,#2801,#2802,#2803));
#8272=EDGE_LOOP('',(#2804));
#8273=EDGE_LOOP('',(#2805,#2806,#2807,#2808,#2809,#2810,#2811,#2812));
#8274=EDGE_LOOP('',(#2813));
#8275=EDGE_LOOP('',(#2814,#2815,#2816));
#8276=EDGE_LOOP('',(#2817));
#8277=EDGE_LOOP('',(#2818,#2819,#2820));
#8278=EDGE_LOOP('',(#2821));
#8279=EDGE_LOOP('',(#2822,#2823,#2824,#2825));
#8280=EDGE_LOOP('',(#2826,#2827,#2828,#2829));
#8281=EDGE_LOOP('',(#2830));
#8282=EDGE_LOOP('',(#2831,#2832,#2833,#2834));
#8283=EDGE_LOOP('',(#2835,#2836,#2837,#2838,#2839,#2840,#2841,#2842,#2843,
#2844,#2845,#2846,#2847,#2848,#2849,#2850,#2851,#2852,#2853,#2854,#2855,
#2856,#2857,#2858,#2859,#2860,#2861,#2862,#2863,#2864,#2865,#2866,#2867,
#2868));
#8284=EDGE_LOOP('',(#2869));
#8285=EDGE_LOOP('',(#2870,#2871,#2872,#2873,#2874,#2875));
#8286=EDGE_LOOP('',(#2876));
#8287=EDGE_LOOP('',(#2877,#2878,#2879,#2880,#2881,#2882));
#8288=EDGE_LOOP('',(#2883));
#8289=EDGE_LOOP('',(#2884,#2885,#2886,#2887,#2888,#2889,#2890,#2891));
#8290=EDGE_LOOP('',(#2892));
#8291=EDGE_LOOP('',(#2893,#2894,#2895,#2896,#2897,#2898,#2899,#2900,#2901,
#2902));
#8292=EDGE_LOOP('',(#2903,#2904,#2905,#2906));
#8293=EDGE_LOOP('',(#2907));
#8294=EDGE_LOOP('',(#2908,#2909,#2910,#2911));
#8295=EDGE_LOOP('',(#2912,#2913,#2914,#2915));
#8296=EDGE_LOOP('',(#2916,#2917,#2918,#2919));
#8297=EDGE_LOOP('',(#2920));
#8298=EDGE_LOOP('',(#2921,#2922,#2923,#2924));
#8299=EDGE_LOOP('',(#2925,#2926,#2927,#2928));
#8300=EDGE_LOOP('',(#2929,#2930,#2931,#2932));
#8301=EDGE_LOOP('',(#2933,#2934,#2935,#2936));
#8302=EDGE_LOOP('',(#2937,#2938,#2939,#2940,#2941,#2942,#2943));
#8303=EDGE_LOOP('',(#2944,#2945,#2946,#2947,#2948,#2949,#2950));
#8304=EDGE_LOOP('',(#2951,#2952,#2953,#2954));
#8305=EDGE_LOOP('',(#2955,#2956,#2957,#2958));
#8306=EDGE_LOOP('',(#2959,#2960,#2961,#2962));
#8307=EDGE_LOOP('',(#2963,#2964,#2965,#2966,#2967,#2968,#2969,#2970));
#8308=EDGE_LOOP('',(#2971,#2972,#2973,#2974,#2975,#2976,#2977,#2978));
#8309=EDGE_LOOP('',(#2979,#2980,#2981,#2982));
#8310=EDGE_LOOP('',(#2983,#2984,#2985,#2986));
#8311=EDGE_LOOP('',(#2987,#2988,#2989,#2990));
#8312=EDGE_LOOP('',(#2991,#2992,#2993,#2994));
#8313=EDGE_LOOP('',(#2995,#2996,#2997,#2998));
#8314=EDGE_LOOP('',(#2999,#3000,#3001));
#8315=EDGE_LOOP('',(#3002,#3003,#3004,#3005));
#8316=EDGE_LOOP('',(#3006,#3007,#3008));
#8317=EDGE_LOOP('',(#3009,#3010,#3011,#3012));
#8318=EDGE_LOOP('',(#3013,#3014,#3015));
#8319=EDGE_LOOP('',(#3016,#3017,#3018,#3019));
#8320=EDGE_LOOP('',(#3020,#3021,#3022,#3023));
#8321=EDGE_LOOP('',(#3024,#3025,#3026,#3027));
#8322=EDGE_LOOP('',(#3028,#3029,#3030,#3031));
#8323=EDGE_LOOP('',(#3032,#3033,#3034));
#8324=EDGE_LOOP('',(#3035,#3036,#3037,#3038));
#8325=EDGE_LOOP('',(#3039,#3040,#3041));
#8326=EDGE_LOOP('',(#3042,#3043,#3044,#3045));
#8327=EDGE_LOOP('',(#3046,#3047,#3048));
#8328=EDGE_LOOP('',(#3049,#3050,#3051,#3052));
#8329=EDGE_LOOP('',(#3053,#3054,#3055,#3056));
#8330=EDGE_LOOP('',(#3057,#3058,#3059,#3060));
#8331=EDGE_LOOP('',(#3061,#3062,#3063,#3064));
#8332=EDGE_LOOP('',(#3065,#3066,#3067,#3068));
#8333=EDGE_LOOP('',(#3069,#3070,#3071,#3072));
#8334=EDGE_LOOP('',(#3073,#3074,#3075,#3076));
#8335=EDGE_LOOP('',(#3077,#3078,#3079,#3080));
#8336=EDGE_LOOP('',(#3081,#3082,#3083,#3084));
#8337=EDGE_LOOP('',(#3085,#3086,#3087,#3088));
#8338=EDGE_LOOP('',(#3089,#3090,#3091,#3092));
#8339=EDGE_LOOP('',(#3093,#3094,#3095,#3096));
#8340=EDGE_LOOP('',(#3097,#3098,#3099,#3100));
#8341=EDGE_LOOP('',(#3101,#3102,#3103,#3104));
#8342=EDGE_LOOP('',(#3105,#3106,#3107,#3108,#3109,#3110));
#8343=EDGE_LOOP('',(#3111,#3112,#3113,#3114));
#8344=EDGE_LOOP('',(#3115,#3116,#3117,#3118));
#8345=EDGE_LOOP('',(#3119,#3120,#3121,#3122));
#8346=EDGE_LOOP('',(#3123,#3124,#3125,#3126));
#8347=EDGE_LOOP('',(#3127,#3128,#3129,#3130));
#8348=EDGE_LOOP('',(#3131,#3132,#3133,#3134));
#8349=EDGE_LOOP('',(#3135,#3136,#3137,#3138));
#8350=EDGE_LOOP('',(#3139,#3140,#3141,#3142));
#8351=EDGE_LOOP('',(#3143,#3144,#3145,#3146));
#8352=EDGE_LOOP('',(#3147,#3148,#3149,#3150,#3151,#3152));
#8353=EDGE_LOOP('',(#3153,#3154,#3155,#3156));
#8354=EDGE_LOOP('',(#3157,#3158,#3159,#3160));
#8355=EDGE_LOOP('',(#3161,#3162,#3163,#3164,#3165,#3166,#3167,#3168,#3169,
#3170));
#8356=EDGE_LOOP('',(#3171,#3172,#3173,#3174));
#8357=EDGE_LOOP('',(#3175));
#8358=EDGE_LOOP('',(#3176));
#8359=EDGE_LOOP('',(#3177));
#8360=EDGE_LOOP('',(#3178));
#8361=EDGE_LOOP('',(#3179));
#8362=EDGE_LOOP('',(#3180));
#8363=EDGE_LOOP('',(#3181));
#8364=EDGE_LOOP('',(#3182));
#8365=EDGE_LOOP('',(#3183));
#8366=EDGE_LOOP('',(#3184));
#8367=EDGE_LOOP('',(#3185));
#8368=EDGE_LOOP('',(#3186));
#8369=EDGE_LOOP('',(#3187));
#8370=EDGE_LOOP('',(#3188));
#8371=EDGE_LOOP('',(#3189));
#8372=EDGE_LOOP('',(#3190));
#8373=EDGE_LOOP('',(#3191));
#8374=EDGE_LOOP('',(#3192));
#8375=EDGE_LOOP('',(#3193));
#8376=EDGE_LOOP('',(#3194));
#8377=EDGE_LOOP('',(#3195));
#8378=EDGE_LOOP('',(#3196,#3197,#3198,#3199));
#8379=EDGE_LOOP('',(#3200));
#8380=EDGE_LOOP('',(#3201,#3202,#3203,#3204));
#8381=EDGE_LOOP('',(#3205));
#8382=EDGE_LOOP('',(#3206,#3207,#3208,#3209));
#8383=EDGE_LOOP('',(#3210));
#8384=EDGE_LOOP('',(#3211));
#8385=EDGE_LOOP('',(#3212));
#8386=EDGE_LOOP('',(#3213));
#8387=EDGE_LOOP('',(#3214));
#8388=EDGE_LOOP('',(#3215));
#8389=EDGE_LOOP('',(#3216));
#8390=EDGE_LOOP('',(#3217));
#8391=EDGE_LOOP('',(#3218));
#8392=EDGE_LOOP('',(#3219,#3220,#3221,#3222));
#8393=EDGE_LOOP('',(#3223));
#8394=EDGE_LOOP('',(#3224));
#8395=EDGE_LOOP('',(#3225,#3226));
#8396=EDGE_LOOP('',(#3227));
#8397=EDGE_LOOP('',(#3228));
#8398=EDGE_LOOP('',(#3229,#3230));
#8399=EDGE_LOOP('',(#3231,#3232,#3233,#3234,#3235,#3236,#3237,#3238));
#8400=EDGE_LOOP('',(#3239,#3240));
#8401=EDGE_LOOP('',(#3241,#3242,#3243,#3244));
#8402=EDGE_LOOP('',(#3245,#3246,#3247,#3248));
#8403=EDGE_LOOP('',(#3249,#3250,#3251,#3252));
#8404=EDGE_LOOP('',(#3253,#3254,#3255,#3256));
#8405=EDGE_LOOP('',(#3257,#3258,#3259,#3260,#3261));
#8406=EDGE_LOOP('',(#3262,#3263,#3264,#3265,#3266));
#8407=EDGE_LOOP('',(#3267,#3268,#3269,#3270));
#8408=EDGE_LOOP('',(#3271,#3272));
#8409=EDGE_LOOP('',(#3273,#3274));
#8410=EDGE_LOOP('',(#3275,#3276,#3277,#3278,#3279,#3280,#3281,#3282));
#8411=EDGE_LOOP('',(#3283,#3284));
#8412=EDGE_LOOP('',(#3285,#3286,#3287,#3288,#3289,#3290));
#8413=EDGE_LOOP('',(#3291,#3292,#3293,#3294));
#8414=EDGE_LOOP('',(#3295,#3296,#3297,#3298));
#8415=EDGE_LOOP('',(#3299,#3300,#3301,#3302,#3303));
#8416=EDGE_LOOP('',(#3304,#3305,#3306,#3307,#3308));
#8417=EDGE_LOOP('',(#3309,#3310,#3311,#3312,#3313));
#8418=EDGE_LOOP('',(#3314,#3315,#3316,#3317,#3318));
#8419=EDGE_LOOP('',(#3319,#3320,#3321,#3322,#3323));
#8420=EDGE_LOOP('',(#3324,#3325,#3326,#3327,#3328));
#8421=EDGE_LOOP('',(#3329,#3330,#3331,#3332));
#8422=EDGE_LOOP('',(#3333,#3334,#3335,#3336));
#8423=EDGE_LOOP('',(#3337,#3338,#3339,#3340));
#8424=EDGE_LOOP('',(#3341,#3342,#3343,#3344));
#8425=EDGE_LOOP('',(#3345,#3346,#3347,#3348));
#8426=EDGE_LOOP('',(#3349,#3350,#3351,#3352));
#8427=EDGE_LOOP('',(#3353,#3354,#3355,#3356));
#8428=EDGE_LOOP('',(#3357,#3358,#3359,#3360));
#8429=EDGE_LOOP('',(#3361,#3362,#3363,#3364));
#8430=EDGE_LOOP('',(#3365,#3366,#3367,#3368));
#8431=EDGE_LOOP('',(#3369,#3370,#3371,#3372));
#8432=EDGE_LOOP('',(#3373,#3374,#3375,#3376));
#8433=EDGE_LOOP('',(#3377,#3378,#3379,#3380));
#8434=EDGE_LOOP('',(#3381));
#8435=EDGE_LOOP('',(#3382));
#8436=EDGE_LOOP('',(#3383));
#8437=EDGE_LOOP('',(#3384));
#8438=EDGE_LOOP('',(#3385));
#8439=EDGE_LOOP('',(#3386));
#8440=EDGE_LOOP('',(#3387));
#8441=EDGE_LOOP('',(#3388));
#8442=EDGE_LOOP('',(#3389));
#8443=EDGE_LOOP('',(#3390));
#8444=EDGE_LOOP('',(#3391));
#8445=EDGE_LOOP('',(#3392));
#8446=EDGE_LOOP('',(#3393));
#8447=EDGE_LOOP('',(#3394));
#8448=EDGE_LOOP('',(#3395));
#8449=EDGE_LOOP('',(#3396));
#8450=EDGE_LOOP('',(#3397));
#8451=EDGE_LOOP('',(#3398));
#8452=EDGE_LOOP('',(#3399));
#8453=EDGE_LOOP('',(#3400));
#8454=EDGE_LOOP('',(#3401,#3402,#3403,#3404));
#8455=EDGE_LOOP('',(#3405,#3406,#3407,#3408));
#8456=EDGE_LOOP('',(#3409,#3410,#3411,#3412));
#8457=EDGE_LOOP('',(#3413,#3414,#3415,#3416));
#8458=EDGE_LOOP('',(#3417,#3418,#3419,#3420));
#8459=EDGE_LOOP('',(#3421,#3422,#3423,#3424));
#8460=EDGE_LOOP('',(#3425));
#8461=EDGE_LOOP('',(#3426));
#8462=EDGE_LOOP('',(#3427));
#8463=EDGE_LOOP('',(#3428));
#8464=EDGE_LOOP('',(#3429));
#8465=EDGE_LOOP('',(#3430));
#8466=EDGE_LOOP('',(#3431));
#8467=EDGE_LOOP('',(#3432));
#8468=EDGE_LOOP('',(#3433));
#8469=EDGE_LOOP('',(#3434));
#8470=EDGE_LOOP('',(#3435));
#8471=EDGE_LOOP('',(#3436));
#8472=EDGE_LOOP('',(#3437));
#8473=EDGE_LOOP('',(#3438));
#8474=EDGE_LOOP('',(#3439));
#8475=EDGE_LOOP('',(#3440));
#8476=EDGE_LOOP('',(#3441));
#8477=EDGE_LOOP('',(#3442));
#8478=EDGE_LOOP('',(#3443));
#8479=EDGE_LOOP('',(#3444));
#8480=EDGE_LOOP('',(#3445,#3446,#3447,#3448));
#8481=EDGE_LOOP('',(#3449,#3450,#3451,#3452));
#8482=EDGE_LOOP('',(#3453,#3454,#3455,#3456));
#8483=EDGE_LOOP('',(#3457,#3458,#3459,#3460));
#8484=EDGE_LOOP('',(#3461,#3462,#3463,#3464));
#8485=EDGE_LOOP('',(#3465,#3466,#3467,#3468));
#8486=EDGE_LOOP('',(#3469,#3470,#3471,#3472));
#8487=EDGE_LOOP('',(#3473,#3474,#3475,#3476));
#8488=EDGE_LOOP('',(#3477,#3478,#3479,#3480));
#8489=EDGE_LOOP('',(#3481,#3482,#3483,#3484));
#8490=EDGE_LOOP('',(#3485,#3486,#3487,#3488));
#8491=EDGE_LOOP('',(#3489,#3490,#3491,#3492));
#8492=EDGE_LOOP('',(#3493,#3494,#3495,#3496,#3497,#3498,#3499,#3500,#3501,
#3502,#3503,#3504,#3505,#3506,#3507,#3508));
#8493=EDGE_LOOP('',(#3509));
#8494=EDGE_LOOP('',(#3510,#3511,#3512,#3513,#3514,#3515,#3516,#3517));
#8495=EDGE_LOOP('',(#3518));
#8496=EDGE_LOOP('',(#3519,#3520,#3521,#3522,#3523,#3524,#3525,#3526));
#8497=EDGE_LOOP('',(#3527));
#8498=EDGE_LOOP('',(#3528,#3529,#3530,#3531,#3532,#3533,#3534,#3535,#3536,
#3537,#3538,#3539,#3540,#3541,#3542,#3543));
#8499=EDGE_LOOP('',(#3544));
#8500=EDGE_LOOP('',(#3545,#3546,#3547,#3548,#3549,#3550,#3551,#3552));
#8501=EDGE_LOOP('',(#3553));
#8502=EDGE_LOOP('',(#3554,#3555,#3556,#3557,#3558,#3559,#3560,#3561));
#8503=EDGE_LOOP('',(#3562));
#8504=EDGE_LOOP('',(#3563,#3564,#3565,#3566,#3567,#3568,#3569,#3570));
#8505=EDGE_LOOP('',(#3571));
#8506=EDGE_LOOP('',(#3572,#3573,#3574,#3575,#3576,#3577,#3578,#3579));
#8507=EDGE_LOOP('',(#3580));
#8508=EDGE_LOOP('',(#3581,#3582,#3583,#3584));
#8509=EDGE_LOOP('',(#3585));
#8510=EDGE_LOOP('',(#3586));
#8511=EDGE_LOOP('',(#3587));
#8512=EDGE_LOOP('',(#3588));
#8513=EDGE_LOOP('',(#3589));
#8514=EDGE_LOOP('',(#3590));
#8515=EDGE_LOOP('',(#3591));
#8516=EDGE_LOOP('',(#3592));
#8517=EDGE_LOOP('',(#3593));
#8518=EDGE_LOOP('',(#3594));
#8519=EDGE_LOOP('',(#3595));
#8520=EDGE_LOOP('',(#3596));
#8521=EDGE_LOOP('',(#3597));
#8522=EDGE_LOOP('',(#3598));
#8523=EDGE_LOOP('',(#3599));
#8524=EDGE_LOOP('',(#3600));
#8525=EDGE_LOOP('',(#3601));
#8526=EDGE_LOOP('',(#3602));
#8527=EDGE_LOOP('',(#3603));
#8528=EDGE_LOOP('',(#3604));
#8529=EDGE_LOOP('',(#3605));
#8530=EDGE_LOOP('',(#3606));
#8531=EDGE_LOOP('',(#3607));
#8532=EDGE_LOOP('',(#3608));
#8533=EDGE_LOOP('',(#3609));
#8534=EDGE_LOOP('',(#3610));
#8535=EDGE_LOOP('',(#3611));
#8536=EDGE_LOOP('',(#3612));
#8537=EDGE_LOOP('',(#3613));
#8538=EDGE_LOOP('',(#3614));
#8539=EDGE_LOOP('',(#3615));
#8540=EDGE_LOOP('',(#3616));
#8541=EDGE_LOOP('',(#3617));
#8542=EDGE_LOOP('',(#3618));
#8543=EDGE_LOOP('',(#3619));
#8544=EDGE_LOOP('',(#3620));
#8545=EDGE_LOOP('',(#3621));
#8546=EDGE_LOOP('',(#3622));
#8547=EDGE_LOOP('',(#3623));
#8548=EDGE_LOOP('',(#3624));
#8549=EDGE_LOOP('',(#3625));
#8550=EDGE_LOOP('',(#3626));
#8551=EDGE_LOOP('',(#3627));
#8552=EDGE_LOOP('',(#3628));
#8553=EDGE_LOOP('',(#3629));
#8554=EDGE_LOOP('',(#3630));
#8555=EDGE_LOOP('',(#3631));
#8556=EDGE_LOOP('',(#3632));
#8557=EDGE_LOOP('',(#3633));
#8558=EDGE_LOOP('',(#3634));
#8559=EDGE_LOOP('',(#3635));
#8560=EDGE_LOOP('',(#3636));
#8561=EDGE_LOOP('',(#3637));
#8562=EDGE_LOOP('',(#3638));
#8563=EDGE_LOOP('',(#3639));
#8564=EDGE_LOOP('',(#3640));
#8565=EDGE_LOOP('',(#3641));
#8566=EDGE_LOOP('',(#3642));
#8567=EDGE_LOOP('',(#3643));
#8568=EDGE_LOOP('',(#3644));
#8569=EDGE_LOOP('',(#3645));
#8570=EDGE_LOOP('',(#3646));
#8571=EDGE_LOOP('',(#3647));
#8572=EDGE_LOOP('',(#3648));
#8573=EDGE_LOOP('',(#3649));
#8574=EDGE_LOOP('',(#3650));
#8575=EDGE_LOOP('',(#3651));
#8576=EDGE_LOOP('',(#3652));
#8577=EDGE_LOOP('',(#3653));
#8578=EDGE_LOOP('',(#3654));
#8579=EDGE_LOOP('',(#3655));
#8580=EDGE_LOOP('',(#3656));
#8581=EDGE_LOOP('',(#3657));
#8582=EDGE_LOOP('',(#3658));
#8583=EDGE_LOOP('',(#3659));
#8584=EDGE_LOOP('',(#3660));
#8585=EDGE_LOOP('',(#3661));
#8586=EDGE_LOOP('',(#3662));
#8587=EDGE_LOOP('',(#3663));
#8588=EDGE_LOOP('',(#3664));
#8589=EDGE_LOOP('',(#3665));
#8590=EDGE_LOOP('',(#3666));
#8591=EDGE_LOOP('',(#3667));
#8592=EDGE_LOOP('',(#3668));
#8593=EDGE_LOOP('',(#3669));
#8594=EDGE_LOOP('',(#3670));
#8595=EDGE_LOOP('',(#3671));
#8596=EDGE_LOOP('',(#3672));
#8597=EDGE_LOOP('',(#3673));
#8598=EDGE_LOOP('',(#3674));
#8599=EDGE_LOOP('',(#3675));
#8600=EDGE_LOOP('',(#3676));
#8601=EDGE_LOOP('',(#3677));
#8602=EDGE_LOOP('',(#3678));
#8603=EDGE_LOOP('',(#3679));
#8604=EDGE_LOOP('',(#3680));
#8605=EDGE_LOOP('',(#3681));
#8606=EDGE_LOOP('',(#3682));
#8607=EDGE_LOOP('',(#3683));
#8608=EDGE_LOOP('',(#3684));
#8609=EDGE_LOOP('',(#3685));
#8610=EDGE_LOOP('',(#3686));
#8611=EDGE_LOOP('',(#3687));
#8612=EDGE_LOOP('',(#3688));
#8613=EDGE_LOOP('',(#3689));
#8614=EDGE_LOOP('',(#3690));
#8615=EDGE_LOOP('',(#3691));
#8616=EDGE_LOOP('',(#3692));
#8617=EDGE_LOOP('',(#3693));
#8618=EDGE_LOOP('',(#3694));
#8619=EDGE_LOOP('',(#3695));
#8620=EDGE_LOOP('',(#3696));
#8621=EDGE_LOOP('',(#3697,#3698,#3699,#3700,#3701));
#8622=EDGE_LOOP('',(#3702,#3703,#3704,#3705));
#8623=EDGE_LOOP('',(#3706,#3707,#3708,#3709));
#8624=EDGE_LOOP('',(#3710,#3711,#3712,#3713));
#8625=EDGE_LOOP('',(#3714,#3715,#3716,#3717,#3718));
#8626=EDGE_LOOP('',(#3719,#3720,#3721,#3722));
#8627=EDGE_LOOP('',(#3723,#3724,#3725,#3726));
#8628=EDGE_LOOP('',(#3727,#3728,#3729,#3730));
#8629=EDGE_LOOP('',(#3731));
#8630=EDGE_LOOP('',(#3732));
#8631=EDGE_LOOP('',(#3733));
#8632=EDGE_LOOP('',(#3734));
#8633=EDGE_LOOP('',(#3735));
#8634=EDGE_LOOP('',(#3736));
#8635=EDGE_LOOP('',(#3737));
#8636=EDGE_LOOP('',(#3738));
#8637=EDGE_LOOP('',(#3739));
#8638=EDGE_LOOP('',(#3740));
#8639=EDGE_LOOP('',(#3741));
#8640=EDGE_LOOP('',(#3742));
#8641=EDGE_LOOP('',(#3743));
#8642=EDGE_LOOP('',(#3744));
#8643=EDGE_LOOP('',(#3745));
#8644=EDGE_LOOP('',(#3746));
#8645=EDGE_LOOP('',(#3747));
#8646=EDGE_LOOP('',(#3748));
#8647=EDGE_LOOP('',(#3749));
#8648=EDGE_LOOP('',(#3750));
#8649=EDGE_LOOP('',(#3751));
#8650=EDGE_LOOP('',(#3752));
#8651=EDGE_LOOP('',(#3753));
#8652=EDGE_LOOP('',(#3754));
#8653=EDGE_LOOP('',(#3755));
#8654=EDGE_LOOP('',(#3756));
#8655=EDGE_LOOP('',(#3757));
#8656=EDGE_LOOP('',(#3758));
#8657=EDGE_LOOP('',(#3759));
#8658=EDGE_LOOP('',(#3760));
#8659=EDGE_LOOP('',(#3761));
#8660=EDGE_LOOP('',(#3762));
#8661=EDGE_LOOP('',(#3763));
#8662=EDGE_LOOP('',(#3764));
#8663=EDGE_LOOP('',(#3765));
#8664=EDGE_LOOP('',(#3766));
#8665=EDGE_LOOP('',(#3767));
#8666=EDGE_LOOP('',(#3768));
#8667=EDGE_LOOP('',(#3769));
#8668=EDGE_LOOP('',(#3770));
#8669=EDGE_LOOP('',(#3771));
#8670=EDGE_LOOP('',(#3772));
#8671=EDGE_LOOP('',(#3773));
#8672=EDGE_LOOP('',(#3774));
#8673=EDGE_LOOP('',(#3775,#3776,#3777,#3778));
#8674=EDGE_LOOP('',(#3779,#3780,#3781,#3782,#3783,#3784));
#8675=EDGE_LOOP('',(#3785,#3786,#3787,#3788));
#8676=EDGE_LOOP('',(#3789,#3790,#3791,#3792));
#8677=EDGE_LOOP('',(#3793,#3794,#3795,#3796));
#8678=EDGE_LOOP('',(#3797,#3798,#3799,#3800,#3801,#3802));
#8679=EDGE_LOOP('',(#3803,#3804,#3805,#3806,#3807));
#8680=EDGE_LOOP('',(#3808,#3809,#3810,#3811,#3812,#3813,#3814));
#8681=EDGE_LOOP('',(#3815,#3816,#3817,#3818,#3819,#3820,#3821));
#8682=EDGE_LOOP('',(#3822,#3823,#3824,#3825));
#8683=EDGE_LOOP('',(#3826,#3827,#3828,#3829,#3830,#3831,#3832));
#8684=EDGE_LOOP('',(#3833,#3834,#3835,#3836,#3837,#3838,#3839));
#8685=EDGE_LOOP('',(#3840,#3841,#3842,#3843,#3844));
#8686=EDGE_LOOP('',(#3845,#3846,#3847,#3848));
#8687=EDGE_LOOP('',(#3849,#3850,#3851,#3852));
#8688=EDGE_LOOP('',(#3853,#3854,#3855,#3856,#3857,#3858,#3859,#3860));
#8689=EDGE_LOOP('',(#3861,#3862,#3863,#3864,#3865,#3866,#3867,#3868));
#8690=EDGE_LOOP('',(#3869,#3870,#3871,#3872,#3873));
#8691=EDGE_LOOP('',(#3874,#3875,#3876,#3877));
#8692=EDGE_LOOP('',(#3878,#3879,#3880,#3881,#3882,#3883,#3884,#3885));
#8693=EDGE_LOOP('',(#3886,#3887,#3888,#3889,#3890,#3891,#3892,#3893));
#8694=EDGE_LOOP('',(#3894,#3895,#3896,#3897,#3898));
#8695=EDGE_LOOP('',(#3899,#3900,#3901,#3902));
#8696=EDGE_LOOP('',(#3903,#3904,#3905));
#8697=EDGE_LOOP('',(#3906,#3907,#3908,#3909));
#8698=EDGE_LOOP('',(#3910,#3911,#3912,#3913));
#8699=EDGE_LOOP('',(#3914,#3915,#3916,#3917));
#8700=EDGE_LOOP('',(#3918,#3919,#3920,#3921));
#8701=EDGE_LOOP('',(#3922,#3923,#3924,#3925));
#8702=EDGE_LOOP('',(#3926,#3927,#3928));
#8703=EDGE_LOOP('',(#3929,#3930,#3931,#3932));
#8704=EDGE_LOOP('',(#3933,#3934,#3935,#3936));
#8705=EDGE_LOOP('',(#3937,#3938,#3939,#3940));
#8706=EDGE_LOOP('',(#3941,#3942,#3943,#3944));
#8707=EDGE_LOOP('',(#3945,#3946,#3947,#3948));
#8708=EDGE_LOOP('',(#3949,#3950,#3951,#3952));
#8709=EDGE_LOOP('',(#3953,#3954,#3955,#3956));
#8710=EDGE_LOOP('',(#3957,#3958,#3959));
#8711=EDGE_LOOP('',(#3960,#3961,#3962,#3963));
#8712=EDGE_LOOP('',(#3964,#3965,#3966,#3967));
#8713=EDGE_LOOP('',(#3968,#3969,#3970,#3971));
#8714=EDGE_LOOP('',(#3972,#3973,#3974,#3975));
#8715=EDGE_LOOP('',(#3976,#3977,#3978,#3979));
#8716=EDGE_LOOP('',(#3980,#3981,#3982));
#8717=EDGE_LOOP('',(#3983,#3984,#3985,#3986));
#8718=EDGE_LOOP('',(#3987,#3988,#3989,#3990));
#8719=EDGE_LOOP('',(#3991,#3992,#3993,#3994));
#8720=EDGE_LOOP('',(#3995,#3996,#3997,#3998));
#8721=EDGE_LOOP('',(#3999,#4000,#4001,#4002));
#8722=EDGE_LOOP('',(#4003,#4004,#4005,#4006));
#8723=EDGE_LOOP('',(#4007));
#8724=EDGE_LOOP('',(#4008));
#8725=FACE_BOUND('',#7915,.T.);
#8726=FACE_BOUND('',#7916,.T.);
#8727=FACE_BOUND('',#7917,.T.);
#8728=FACE_BOUND('',#7918,.T.);
#8729=FACE_BOUND('',#7919,.T.);
#8730=FACE_BOUND('',#7920,.T.);
#8731=FACE_BOUND('',#7921,.T.);
#8732=FACE_BOUND('',#7922,.T.);
#8733=FACE_BOUND('',#7923,.T.);
#8734=FACE_BOUND('',#7924,.T.);
#8735=FACE_BOUND('',#7925,.T.);
#8736=FACE_BOUND('',#7926,.T.);
#8737=FACE_BOUND('',#7927,.T.);
#8738=FACE_BOUND('',#7928,.T.);
#8739=FACE_BOUND('',#7929,.T.);
#8740=FACE_BOUND('',#7930,.T.);
#8741=FACE_BOUND('',#7931,.T.);
#8742=FACE_BOUND('',#7932,.T.);
#8743=FACE_BOUND('',#7933,.T.);
#8744=FACE_BOUND('',#7934,.T.);
#8745=FACE_BOUND('',#7935,.T.);
#8746=FACE_BOUND('',#7936,.T.);
#8747=FACE_BOUND('',#7937,.T.);
#8748=FACE_BOUND('',#7938,.T.);
#8749=FACE_BOUND('',#7939,.T.);
#8750=FACE_BOUND('',#7940,.T.);
#8751=FACE_BOUND('',#7941,.T.);
#8752=FACE_BOUND('',#7942,.T.);
#8753=FACE_BOUND('',#7943,.T.);
#8754=FACE_BOUND('',#7944,.T.);
#8755=FACE_BOUND('',#7945,.T.);
#8756=FACE_BOUND('',#7946,.T.);
#8757=FACE_BOUND('',#7947,.T.);
#8758=FACE_BOUND('',#7948,.T.);
#8759=FACE_BOUND('',#7949,.T.);
#8760=FACE_BOUND('',#7950,.T.);
#8761=FACE_BOUND('',#7951,.T.);
#8762=FACE_BOUND('',#7952,.T.);
#8763=FACE_BOUND('',#7953,.T.);
#8764=FACE_BOUND('',#7954,.T.);
#8765=FACE_BOUND('',#7955,.T.);
#8766=FACE_BOUND('',#7956,.T.);
#8767=FACE_BOUND('',#7957,.T.);
#8768=FACE_BOUND('',#7958,.T.);
#8769=FACE_BOUND('',#7959,.T.);
#8770=FACE_BOUND('',#7960,.T.);
#8771=FACE_BOUND('',#7961,.T.);
#8772=FACE_BOUND('',#7962,.T.);
#8773=FACE_BOUND('',#7963,.T.);
#8774=FACE_BOUND('',#7964,.T.);
#8775=FACE_BOUND('',#7965,.T.);
#8776=FACE_BOUND('',#7966,.T.);
#8777=FACE_BOUND('',#7967,.T.);
#8778=FACE_BOUND('',#7968,.T.);
#8779=FACE_BOUND('',#7969,.T.);
#8780=FACE_BOUND('',#7970,.T.);
#8781=FACE_BOUND('',#7971,.T.);
#8782=FACE_BOUND('',#7972,.T.);
#8783=FACE_BOUND('',#7973,.T.);
#8784=FACE_BOUND('',#7974,.T.);
#8785=FACE_BOUND('',#7975,.T.);
#8786=FACE_BOUND('',#7976,.T.);
#8787=FACE_BOUND('',#7977,.T.);
#8788=FACE_BOUND('',#7978,.T.);
#8789=FACE_BOUND('',#7979,.T.);
#8790=FACE_BOUND('',#7980,.T.);
#8791=FACE_BOUND('',#7981,.T.);
#8792=FACE_BOUND('',#7982,.T.);
#8793=FACE_BOUND('',#7983,.T.);
#8794=FACE_BOUND('',#7984,.T.);
#8795=FACE_BOUND('',#7985,.T.);
#8796=FACE_BOUND('',#7986,.T.);
#8797=FACE_BOUND('',#7987,.T.);
#8798=FACE_BOUND('',#7988,.T.);
#8799=FACE_BOUND('',#7989,.T.);
#8800=FACE_BOUND('',#7990,.T.);
#8801=FACE_BOUND('',#7991,.T.);
#8802=FACE_BOUND('',#7992,.T.);
#8803=FACE_BOUND('',#7993,.T.);
#8804=FACE_BOUND('',#7994,.T.);
#8805=FACE_BOUND('',#7995,.T.);
#8806=FACE_BOUND('',#7996,.T.);
#8807=FACE_BOUND('',#7997,.T.);
#8808=FACE_BOUND('',#7998,.T.);
#8809=FACE_BOUND('',#7999,.T.);
#8810=FACE_BOUND('',#8000,.T.);
#8811=FACE_BOUND('',#8001,.T.);
#8812=FACE_BOUND('',#8002,.T.);
#8813=FACE_BOUND('',#8003,.T.);
#8814=FACE_BOUND('',#8004,.T.);
#8815=FACE_BOUND('',#8005,.T.);
#8816=FACE_BOUND('',#8006,.T.);
#8817=FACE_BOUND('',#8007,.T.);
#8818=FACE_BOUND('',#8008,.T.);
#8819=FACE_BOUND('',#8009,.T.);
#8820=FACE_BOUND('',#8010,.T.);
#8821=FACE_BOUND('',#8011,.T.);
#8822=FACE_BOUND('',#8012,.T.);
#8823=FACE_BOUND('',#8013,.T.);
#8824=FACE_BOUND('',#8014,.T.);
#8825=FACE_BOUND('',#8015,.T.);
#8826=FACE_BOUND('',#8016,.T.);
#8827=FACE_BOUND('',#8017,.T.);
#8828=FACE_BOUND('',#8018,.T.);
#8829=FACE_BOUND('',#8019,.T.);
#8830=FACE_BOUND('',#8020,.T.);
#8831=FACE_BOUND('',#8021,.T.);
#8832=FACE_BOUND('',#8022,.T.);
#8833=FACE_BOUND('',#8023,.T.);
#8834=FACE_BOUND('',#8024,.T.);
#8835=FACE_BOUND('',#8025,.T.);
#8836=FACE_BOUND('',#8026,.T.);
#8837=FACE_BOUND('',#8027,.T.);
#8838=FACE_BOUND('',#8028,.T.);
#8839=FACE_BOUND('',#8029,.T.);
#8840=FACE_BOUND('',#8030,.T.);
#8841=FACE_BOUND('',#8031,.T.);
#8842=FACE_BOUND('',#8032,.T.);
#8843=FACE_BOUND('',#8033,.T.);
#8844=FACE_BOUND('',#8034,.T.);
#8845=FACE_BOUND('',#8035,.T.);
#8846=FACE_BOUND('',#8036,.T.);
#8847=FACE_BOUND('',#8037,.T.);
#8848=FACE_BOUND('',#8038,.T.);
#8849=FACE_BOUND('',#8039,.T.);
#8850=FACE_BOUND('',#8040,.T.);
#8851=FACE_BOUND('',#8041,.T.);
#8852=FACE_BOUND('',#8042,.T.);
#8853=FACE_BOUND('',#8043,.T.);
#8854=FACE_BOUND('',#8044,.T.);
#8855=FACE_BOUND('',#8045,.T.);
#8856=FACE_BOUND('',#8046,.T.);
#8857=FACE_BOUND('',#8047,.T.);
#8858=FACE_BOUND('',#8048,.T.);
#8859=FACE_BOUND('',#8049,.T.);
#8860=FACE_BOUND('',#8050,.T.);
#8861=FACE_BOUND('',#8051,.T.);
#8862=FACE_BOUND('',#8052,.T.);
#8863=FACE_BOUND('',#8053,.T.);
#8864=FACE_BOUND('',#8054,.T.);
#8865=FACE_BOUND('',#8055,.T.);
#8866=FACE_BOUND('',#8056,.T.);
#8867=FACE_BOUND('',#8057,.T.);
#8868=FACE_BOUND('',#8058,.T.);
#8869=FACE_BOUND('',#8059,.T.);
#8870=FACE_BOUND('',#8060,.T.);
#8871=FACE_BOUND('',#8061,.T.);
#8872=FACE_BOUND('',#8062,.T.);
#8873=FACE_BOUND('',#8063,.T.);
#8874=FACE_BOUND('',#8064,.T.);
#8875=FACE_BOUND('',#8065,.T.);
#8876=FACE_BOUND('',#8066,.T.);
#8877=FACE_BOUND('',#8067,.T.);
#8878=FACE_BOUND('',#8068,.T.);
#8879=FACE_BOUND('',#8069,.T.);
#8880=FACE_BOUND('',#8070,.T.);
#8881=FACE_BOUND('',#8071,.T.);
#8882=FACE_BOUND('',#8072,.T.);
#8883=FACE_BOUND('',#8073,.T.);
#8884=FACE_BOUND('',#8074,.T.);
#8885=FACE_BOUND('',#8075,.T.);
#8886=FACE_BOUND('',#8076,.T.);
#8887=FACE_BOUND('',#8077,.T.);
#8888=FACE_BOUND('',#8078,.T.);
#8889=FACE_BOUND('',#8079,.T.);
#8890=FACE_BOUND('',#8080,.T.);
#8891=FACE_BOUND('',#8081,.T.);
#8892=FACE_BOUND('',#8082,.T.);
#8893=FACE_BOUND('',#8083,.T.);
#8894=FACE_BOUND('',#8084,.T.);
#8895=FACE_BOUND('',#8085,.T.);
#8896=FACE_BOUND('',#8086,.T.);
#8897=FACE_BOUND('',#8087,.T.);
#8898=FACE_BOUND('',#8088,.T.);
#8899=FACE_BOUND('',#8089,.T.);
#8900=FACE_BOUND('',#8090,.T.);
#8901=FACE_BOUND('',#8091,.T.);
#8902=FACE_BOUND('',#8092,.T.);
#8903=FACE_BOUND('',#8093,.T.);
#8904=FACE_BOUND('',#8094,.T.);
#8905=FACE_BOUND('',#8095,.T.);
#8906=FACE_BOUND('',#8096,.T.);
#8907=FACE_BOUND('',#8097,.T.);
#8908=FACE_BOUND('',#8098,.T.);
#8909=FACE_BOUND('',#8099,.T.);
#8910=FACE_BOUND('',#8100,.T.);
#8911=FACE_BOUND('',#8101,.T.);
#8912=FACE_BOUND('',#8102,.T.);
#8913=FACE_BOUND('',#8103,.T.);
#8914=FACE_BOUND('',#8104,.T.);
#8915=FACE_BOUND('',#8105,.T.);
#8916=FACE_BOUND('',#8106,.T.);
#8917=FACE_BOUND('',#8107,.T.);
#8918=FACE_BOUND('',#8108,.T.);
#8919=FACE_BOUND('',#8109,.T.);
#8920=FACE_BOUND('',#8110,.T.);
#8921=FACE_BOUND('',#8111,.T.);
#8922=FACE_BOUND('',#8112,.T.);
#8923=FACE_BOUND('',#8113,.T.);
#8924=FACE_BOUND('',#8114,.T.);
#8925=FACE_BOUND('',#8115,.T.);
#8926=FACE_BOUND('',#8116,.T.);
#8927=FACE_BOUND('',#8117,.T.);
#8928=FACE_BOUND('',#8118,.T.);
#8929=FACE_BOUND('',#8119,.T.);
#8930=FACE_BOUND('',#8120,.T.);
#8931=FACE_BOUND('',#8121,.T.);
#8932=FACE_BOUND('',#8122,.T.);
#8933=FACE_BOUND('',#8123,.T.);
#8934=FACE_BOUND('',#8124,.T.);
#8935=FACE_BOUND('',#8125,.T.);
#8936=FACE_BOUND('',#8126,.T.);
#8937=FACE_BOUND('',#8127,.T.);
#8938=FACE_BOUND('',#8128,.T.);
#8939=FACE_BOUND('',#8129,.T.);
#8940=FACE_BOUND('',#8130,.T.);
#8941=FACE_BOUND('',#8131,.T.);
#8942=FACE_BOUND('',#8132,.T.);
#8943=FACE_BOUND('',#8133,.T.);
#8944=FACE_BOUND('',#8134,.T.);
#8945=FACE_BOUND('',#8135,.T.);
#8946=FACE_BOUND('',#8136,.T.);
#8947=FACE_BOUND('',#8137,.T.);
#8948=FACE_BOUND('',#8138,.T.);
#8949=FACE_BOUND('',#8139,.T.);
#8950=FACE_BOUND('',#8140,.T.);
#8951=FACE_BOUND('',#8141,.T.);
#8952=FACE_BOUND('',#8142,.T.);
#8953=FACE_BOUND('',#8143,.T.);
#8954=FACE_BOUND('',#8144,.T.);
#8955=FACE_BOUND('',#8145,.T.);
#8956=FACE_BOUND('',#8146,.T.);
#8957=FACE_BOUND('',#8147,.T.);
#8958=FACE_BOUND('',#8148,.T.);
#8959=FACE_BOUND('',#8149,.T.);
#8960=FACE_BOUND('',#8150,.T.);
#8961=FACE_BOUND('',#8151,.T.);
#8962=FACE_BOUND('',#8152,.T.);
#8963=FACE_BOUND('',#8153,.T.);
#8964=FACE_BOUND('',#8154,.T.);
#8965=FACE_BOUND('',#8155,.T.);
#8966=FACE_BOUND('',#8156,.T.);
#8967=FACE_BOUND('',#8157,.T.);
#8968=FACE_BOUND('',#8158,.T.);
#8969=FACE_BOUND('',#8159,.T.);
#8970=FACE_BOUND('',#8160,.T.);
#8971=FACE_BOUND('',#8161,.T.);
#8972=FACE_BOUND('',#8162,.T.);
#8973=FACE_BOUND('',#8163,.T.);
#8974=FACE_BOUND('',#8164,.T.);
#8975=FACE_BOUND('',#8165,.T.);
#8976=FACE_BOUND('',#8166,.T.);
#8977=FACE_BOUND('',#8167,.T.);
#8978=FACE_BOUND('',#8168,.T.);
#8979=FACE_BOUND('',#8169,.T.);
#8980=FACE_BOUND('',#8170,.T.);
#8981=FACE_BOUND('',#8171,.T.);
#8982=FACE_BOUND('',#8172,.T.);
#8983=FACE_BOUND('',#8173,.T.);
#8984=FACE_BOUND('',#8174,.T.);
#8985=FACE_BOUND('',#8175,.T.);
#8986=FACE_BOUND('',#8176,.T.);
#8987=FACE_BOUND('',#8177,.T.);
#8988=FACE_BOUND('',#8178,.T.);
#8989=FACE_BOUND('',#8179,.T.);
#8990=FACE_BOUND('',#8180,.T.);
#8991=FACE_BOUND('',#8181,.T.);
#8992=FACE_BOUND('',#8182,.T.);
#8993=FACE_BOUND('',#8183,.T.);
#8994=FACE_BOUND('',#8184,.T.);
#8995=FACE_BOUND('',#8185,.T.);
#8996=FACE_BOUND('',#8186,.T.);
#8997=FACE_BOUND('',#8187,.T.);
#8998=FACE_BOUND('',#8188,.T.);
#8999=FACE_BOUND('',#8189,.T.);
#9000=FACE_BOUND('',#8190,.T.);
#9001=FACE_BOUND('',#8191,.T.);
#9002=FACE_BOUND('',#8192,.T.);
#9003=FACE_BOUND('',#8193,.T.);
#9004=FACE_BOUND('',#8194,.T.);
#9005=FACE_BOUND('',#8195,.T.);
#9006=FACE_BOUND('',#8196,.T.);
#9007=FACE_BOUND('',#8197,.T.);
#9008=FACE_BOUND('',#8198,.T.);
#9009=FACE_BOUND('',#8199,.T.);
#9010=FACE_BOUND('',#8200,.T.);
#9011=FACE_BOUND('',#8201,.T.);
#9012=FACE_BOUND('',#8202,.T.);
#9013=FACE_BOUND('',#8203,.T.);
#9014=FACE_BOUND('',#8204,.T.);
#9015=FACE_BOUND('',#8205,.T.);
#9016=FACE_BOUND('',#8206,.T.);
#9017=FACE_BOUND('',#8207,.T.);
#9018=FACE_BOUND('',#8208,.T.);
#9019=FACE_BOUND('',#8209,.T.);
#9020=FACE_BOUND('',#8210,.T.);
#9021=FACE_BOUND('',#8211,.T.);
#9022=FACE_BOUND('',#8212,.T.);
#9023=FACE_BOUND('',#8213,.T.);
#9024=FACE_BOUND('',#8214,.T.);
#9025=FACE_BOUND('',#8215,.T.);
#9026=FACE_BOUND('',#8216,.T.);
#9027=FACE_BOUND('',#8217,.T.);
#9028=FACE_BOUND('',#8218,.T.);
#9029=FACE_BOUND('',#8219,.T.);
#9030=FACE_BOUND('',#8220,.T.);
#9031=FACE_BOUND('',#8221,.T.);
#9032=FACE_BOUND('',#8222,.T.);
#9033=FACE_BOUND('',#8223,.T.);
#9034=FACE_BOUND('',#8224,.T.);
#9035=FACE_BOUND('',#8225,.T.);
#9036=FACE_BOUND('',#8226,.T.);
#9037=FACE_BOUND('',#8227,.T.);
#9038=FACE_BOUND('',#8228,.T.);
#9039=FACE_BOUND('',#8229,.T.);
#9040=FACE_BOUND('',#8230,.T.);
#9041=FACE_BOUND('',#8231,.T.);
#9042=FACE_BOUND('',#8232,.T.);
#9043=FACE_BOUND('',#8233,.T.);
#9044=FACE_BOUND('',#8234,.T.);
#9045=FACE_BOUND('',#8235,.T.);
#9046=FACE_BOUND('',#8236,.T.);
#9047=FACE_BOUND('',#8237,.T.);
#9048=FACE_BOUND('',#8238,.T.);
#9049=FACE_BOUND('',#8239,.T.);
#9050=FACE_BOUND('',#8240,.T.);
#9051=FACE_BOUND('',#8241,.T.);
#9052=FACE_BOUND('',#8242,.T.);
#9053=FACE_BOUND('',#8243,.T.);
#9054=FACE_BOUND('',#8244,.T.);
#9055=FACE_BOUND('',#8245,.T.);
#9056=FACE_BOUND('',#8246,.T.);
#9057=FACE_BOUND('',#8247,.T.);
#9058=FACE_BOUND('',#8248,.T.);
#9059=FACE_BOUND('',#8249,.T.);
#9060=FACE_BOUND('',#8250,.T.);
#9061=FACE_BOUND('',#8251,.T.);
#9062=FACE_BOUND('',#8252,.T.);
#9063=FACE_BOUND('',#8253,.T.);
#9064=FACE_BOUND('',#8254,.T.);
#9065=FACE_BOUND('',#8255,.T.);
#9066=FACE_BOUND('',#8256,.T.);
#9067=FACE_BOUND('',#8257,.T.);
#9068=FACE_BOUND('',#8258,.T.);
#9069=FACE_BOUND('',#8259,.T.);
#9070=FACE_BOUND('',#8260,.T.);
#9071=FACE_BOUND('',#8261,.T.);
#9072=FACE_BOUND('',#8262,.T.);
#9073=FACE_BOUND('',#8263,.T.);
#9074=FACE_BOUND('',#8264,.T.);
#9075=FACE_BOUND('',#8265,.T.);
#9076=FACE_BOUND('',#8266,.T.);
#9077=FACE_BOUND('',#8267,.T.);
#9078=FACE_BOUND('',#8268,.T.);
#9079=FACE_BOUND('',#8269,.T.);
#9080=FACE_BOUND('',#8270,.T.);
#9081=FACE_BOUND('',#8271,.T.);
#9082=FACE_BOUND('',#8272,.T.);
#9083=FACE_BOUND('',#8273,.T.);
#9084=FACE_BOUND('',#8274,.T.);
#9085=FACE_BOUND('',#8275,.T.);
#9086=FACE_BOUND('',#8276,.T.);
#9087=FACE_BOUND('',#8277,.T.);
#9088=FACE_BOUND('',#8278,.T.);
#9089=FACE_BOUND('',#8279,.T.);
#9090=FACE_BOUND('',#8280,.T.);
#9091=FACE_BOUND('',#8281,.T.);
#9092=FACE_BOUND('',#8282,.T.);
#9093=FACE_BOUND('',#8283,.T.);
#9094=FACE_BOUND('',#8284,.T.);
#9095=FACE_BOUND('',#8285,.T.);
#9096=FACE_BOUND('',#8286,.T.);
#9097=FACE_BOUND('',#8287,.T.);
#9098=FACE_BOUND('',#8288,.T.);
#9099=FACE_BOUND('',#8289,.T.);
#9100=FACE_BOUND('',#8290,.T.);
#9101=FACE_BOUND('',#8291,.T.);
#9102=FACE_BOUND('',#8292,.T.);
#9103=FACE_BOUND('',#8293,.T.);
#9104=FACE_BOUND('',#8294,.T.);
#9105=FACE_BOUND('',#8295,.T.);
#9106=FACE_BOUND('',#8296,.T.);
#9107=FACE_BOUND('',#8297,.T.);
#9108=FACE_BOUND('',#8298,.T.);
#9109=FACE_BOUND('',#8299,.T.);
#9110=FACE_BOUND('',#8300,.T.);
#9111=FACE_BOUND('',#8301,.T.);
#9112=FACE_BOUND('',#8302,.T.);
#9113=FACE_BOUND('',#8303,.T.);
#9114=FACE_BOUND('',#8304,.T.);
#9115=FACE_BOUND('',#8305,.T.);
#9116=FACE_BOUND('',#8306,.T.);
#9117=FACE_BOUND('',#8307,.T.);
#9118=FACE_BOUND('',#8308,.T.);
#9119=FACE_BOUND('',#8309,.T.);
#9120=FACE_BOUND('',#8310,.T.);
#9121=FACE_BOUND('',#8311,.T.);
#9122=FACE_BOUND('',#8312,.T.);
#9123=FACE_BOUND('',#8313,.T.);
#9124=FACE_BOUND('',#8314,.T.);
#9125=FACE_BOUND('',#8315,.T.);
#9126=FACE_BOUND('',#8316,.T.);
#9127=FACE_BOUND('',#8317,.T.);
#9128=FACE_BOUND('',#8318,.T.);
#9129=FACE_BOUND('',#8319,.T.);
#9130=FACE_BOUND('',#8320,.T.);
#9131=FACE_BOUND('',#8321,.T.);
#9132=FACE_BOUND('',#8322,.T.);
#9133=FACE_BOUND('',#8323,.T.);
#9134=FACE_BOUND('',#8324,.T.);
#9135=FACE_BOUND('',#8325,.T.);
#9136=FACE_BOUND('',#8326,.T.);
#9137=FACE_BOUND('',#8327,.T.);
#9138=FACE_BOUND('',#8328,.T.);
#9139=FACE_BOUND('',#8329,.T.);
#9140=FACE_BOUND('',#8330,.T.);
#9141=FACE_BOUND('',#8331,.T.);
#9142=FACE_BOUND('',#8332,.T.);
#9143=FACE_BOUND('',#8333,.T.);
#9144=FACE_BOUND('',#8334,.T.);
#9145=FACE_BOUND('',#8335,.T.);
#9146=FACE_BOUND('',#8336,.T.);
#9147=FACE_BOUND('',#8337,.T.);
#9148=FACE_BOUND('',#8338,.T.);
#9149=FACE_BOUND('',#8339,.T.);
#9150=FACE_BOUND('',#8340,.T.);
#9151=FACE_BOUND('',#8341,.T.);
#9152=FACE_BOUND('',#8342,.T.);
#9153=FACE_BOUND('',#8343,.T.);
#9154=FACE_BOUND('',#8344,.T.);
#9155=FACE_BOUND('',#8345,.T.);
#9156=FACE_BOUND('',#8346,.T.);
#9157=FACE_BOUND('',#8347,.T.);
#9158=FACE_BOUND('',#8348,.T.);
#9159=FACE_BOUND('',#8349,.T.);
#9160=FACE_BOUND('',#8350,.T.);
#9161=FACE_BOUND('',#8351,.T.);
#9162=FACE_BOUND('',#8352,.T.);
#9163=FACE_BOUND('',#8353,.T.);
#9164=FACE_BOUND('',#8354,.T.);
#9165=FACE_BOUND('',#8355,.T.);
#9166=FACE_BOUND('',#8356,.T.);
#9167=FACE_BOUND('',#8357,.T.);
#9168=FACE_BOUND('',#8358,.T.);
#9169=FACE_BOUND('',#8359,.T.);
#9170=FACE_BOUND('',#8360,.T.);
#9171=FACE_BOUND('',#8361,.T.);
#9172=FACE_BOUND('',#8362,.T.);
#9173=FACE_BOUND('',#8363,.T.);
#9174=FACE_BOUND('',#8364,.T.);
#9175=FACE_BOUND('',#8365,.T.);
#9176=FACE_BOUND('',#8366,.T.);
#9177=FACE_BOUND('',#8367,.T.);
#9178=FACE_BOUND('',#8368,.T.);
#9179=FACE_BOUND('',#8369,.T.);
#9180=FACE_BOUND('',#8370,.T.);
#9181=FACE_BOUND('',#8371,.T.);
#9182=FACE_BOUND('',#8372,.T.);
#9183=FACE_BOUND('',#8373,.T.);
#9184=FACE_BOUND('',#8374,.T.);
#9185=FACE_BOUND('',#8375,.T.);
#9186=FACE_BOUND('',#8376,.T.);
#9187=FACE_BOUND('',#8377,.T.);
#9188=FACE_BOUND('',#8378,.T.);
#9189=FACE_BOUND('',#8379,.T.);
#9190=FACE_BOUND('',#8380,.T.);
#9191=FACE_BOUND('',#8381,.T.);
#9192=FACE_BOUND('',#8382,.T.);
#9193=FACE_BOUND('',#8383,.T.);
#9194=FACE_BOUND('',#8384,.T.);
#9195=FACE_BOUND('',#8385,.T.);
#9196=FACE_BOUND('',#8386,.T.);
#9197=FACE_BOUND('',#8387,.T.);
#9198=FACE_BOUND('',#8388,.T.);
#9199=FACE_BOUND('',#8389,.T.);
#9200=FACE_BOUND('',#8390,.T.);
#9201=FACE_BOUND('',#8391,.T.);
#9202=FACE_BOUND('',#8392,.T.);
#9203=FACE_BOUND('',#8393,.T.);
#9204=FACE_BOUND('',#8394,.T.);
#9205=FACE_BOUND('',#8395,.T.);
#9206=FACE_BOUND('',#8396,.T.);
#9207=FACE_BOUND('',#8397,.T.);
#9208=FACE_BOUND('',#8398,.T.);
#9209=FACE_BOUND('',#8399,.T.);
#9210=FACE_BOUND('',#8400,.T.);
#9211=FACE_BOUND('',#8401,.T.);
#9212=FACE_BOUND('',#8402,.T.);
#9213=FACE_BOUND('',#8403,.T.);
#9214=FACE_BOUND('',#8404,.T.);
#9215=FACE_BOUND('',#8405,.T.);
#9216=FACE_BOUND('',#8406,.T.);
#9217=FACE_BOUND('',#8407,.T.);
#9218=FACE_BOUND('',#8408,.T.);
#9219=FACE_BOUND('',#8409,.T.);
#9220=FACE_BOUND('',#8410,.T.);
#9221=FACE_BOUND('',#8411,.T.);
#9222=FACE_BOUND('',#8412,.T.);
#9223=FACE_BOUND('',#8413,.T.);
#9224=FACE_BOUND('',#8414,.T.);
#9225=FACE_BOUND('',#8415,.T.);
#9226=FACE_BOUND('',#8416,.T.);
#9227=FACE_BOUND('',#8417,.T.);
#9228=FACE_BOUND('',#8418,.T.);
#9229=FACE_BOUND('',#8419,.T.);
#9230=FACE_BOUND('',#8420,.T.);
#9231=FACE_BOUND('',#8421,.T.);
#9232=FACE_BOUND('',#8422,.T.);
#9233=FACE_BOUND('',#8423,.T.);
#9234=FACE_BOUND('',#8424,.T.);
#9235=FACE_BOUND('',#8425,.T.);
#9236=FACE_BOUND('',#8426,.T.);
#9237=FACE_BOUND('',#8427,.T.);
#9238=FACE_BOUND('',#8428,.T.);
#9239=FACE_BOUND('',#8429,.T.);
#9240=FACE_BOUND('',#8430,.T.);
#9241=FACE_BOUND('',#8431,.T.);
#9242=FACE_BOUND('',#8432,.T.);
#9243=FACE_BOUND('',#8433,.T.);
#9244=FACE_BOUND('',#8434,.T.);
#9245=FACE_BOUND('',#8435,.T.);
#9246=FACE_BOUND('',#8436,.T.);
#9247=FACE_BOUND('',#8437,.T.);
#9248=FACE_BOUND('',#8438,.T.);
#9249=FACE_BOUND('',#8439,.T.);
#9250=FACE_BOUND('',#8440,.T.);
#9251=FACE_BOUND('',#8441,.T.);
#9252=FACE_BOUND('',#8442,.T.);
#9253=FACE_BOUND('',#8443,.T.);
#9254=FACE_BOUND('',#8444,.T.);
#9255=FACE_BOUND('',#8445,.T.);
#9256=FACE_BOUND('',#8446,.T.);
#9257=FACE_BOUND('',#8447,.T.);
#9258=FACE_BOUND('',#8448,.T.);
#9259=FACE_BOUND('',#8449,.T.);
#9260=FACE_BOUND('',#8450,.T.);
#9261=FACE_BOUND('',#8451,.T.);
#9262=FACE_BOUND('',#8452,.T.);
#9263=FACE_BOUND('',#8453,.T.);
#9264=FACE_BOUND('',#8454,.T.);
#9265=FACE_BOUND('',#8455,.T.);
#9266=FACE_BOUND('',#8456,.T.);
#9267=FACE_BOUND('',#8457,.T.);
#9268=FACE_BOUND('',#8458,.T.);
#9269=FACE_BOUND('',#8459,.T.);
#9270=FACE_BOUND('',#8460,.T.);
#9271=FACE_BOUND('',#8461,.T.);
#9272=FACE_BOUND('',#8462,.T.);
#9273=FACE_BOUND('',#8463,.T.);
#9274=FACE_BOUND('',#8464,.T.);
#9275=FACE_BOUND('',#8465,.T.);
#9276=FACE_BOUND('',#8466,.T.);
#9277=FACE_BOUND('',#8467,.T.);
#9278=FACE_BOUND('',#8468,.T.);
#9279=FACE_BOUND('',#8469,.T.);
#9280=FACE_BOUND('',#8470,.T.);
#9281=FACE_BOUND('',#8471,.T.);
#9282=FACE_BOUND('',#8472,.T.);
#9283=FACE_BOUND('',#8473,.T.);
#9284=FACE_BOUND('',#8474,.T.);
#9285=FACE_BOUND('',#8475,.T.);
#9286=FACE_BOUND('',#8476,.T.);
#9287=FACE_BOUND('',#8477,.T.);
#9288=FACE_BOUND('',#8478,.T.);
#9289=FACE_BOUND('',#8479,.T.);
#9290=FACE_BOUND('',#8480,.T.);
#9291=FACE_BOUND('',#8481,.T.);
#9292=FACE_BOUND('',#8482,.T.);
#9293=FACE_BOUND('',#8483,.T.);
#9294=FACE_BOUND('',#8484,.T.);
#9295=FACE_BOUND('',#8485,.T.);
#9296=FACE_BOUND('',#8486,.T.);
#9297=FACE_BOUND('',#8487,.T.);
#9298=FACE_BOUND('',#8488,.T.);
#9299=FACE_BOUND('',#8489,.T.);
#9300=FACE_BOUND('',#8490,.T.);
#9301=FACE_BOUND('',#8491,.T.);
#9302=FACE_BOUND('',#8492,.T.);
#9303=FACE_BOUND('',#8493,.T.);
#9304=FACE_BOUND('',#8494,.T.);
#9305=FACE_BOUND('',#8495,.T.);
#9306=FACE_BOUND('',#8496,.T.);
#9307=FACE_BOUND('',#8497,.T.);
#9308=FACE_BOUND('',#8498,.T.);
#9309=FACE_BOUND('',#8499,.T.);
#9310=FACE_BOUND('',#8500,.T.);
#9311=FACE_BOUND('',#8501,.T.);
#9312=FACE_BOUND('',#8502,.T.);
#9313=FACE_BOUND('',#8503,.T.);
#9314=FACE_BOUND('',#8504,.T.);
#9315=FACE_BOUND('',#8505,.T.);
#9316=FACE_BOUND('',#8506,.T.);
#9317=FACE_BOUND('',#8507,.T.);
#9318=FACE_BOUND('',#8508,.T.);
#9319=FACE_BOUND('',#8509,.T.);
#9320=FACE_BOUND('',#8510,.T.);
#9321=FACE_BOUND('',#8511,.T.);
#9322=FACE_BOUND('',#8512,.T.);
#9323=FACE_BOUND('',#8513,.T.);
#9324=FACE_BOUND('',#8514,.T.);
#9325=FACE_BOUND('',#8515,.T.);
#9326=FACE_BOUND('',#8516,.T.);
#9327=FACE_BOUND('',#8517,.T.);
#9328=FACE_BOUND('',#8518,.T.);
#9329=FACE_BOUND('',#8519,.T.);
#9330=FACE_BOUND('',#8520,.T.);
#9331=FACE_BOUND('',#8521,.T.);
#9332=FACE_BOUND('',#8522,.T.);
#9333=FACE_BOUND('',#8523,.T.);
#9334=FACE_BOUND('',#8524,.T.);
#9335=FACE_BOUND('',#8525,.T.);
#9336=FACE_BOUND('',#8526,.T.);
#9337=FACE_BOUND('',#8527,.T.);
#9338=FACE_BOUND('',#8528,.T.);
#9339=FACE_BOUND('',#8529,.T.);
#9340=FACE_BOUND('',#8530,.T.);
#9341=FACE_BOUND('',#8531,.T.);
#9342=FACE_BOUND('',#8532,.T.);
#9343=FACE_BOUND('',#8533,.T.);
#9344=FACE_BOUND('',#8534,.T.);
#9345=FACE_BOUND('',#8535,.T.);
#9346=FACE_BOUND('',#8536,.T.);
#9347=FACE_BOUND('',#8537,.T.);
#9348=FACE_BOUND('',#8538,.T.);
#9349=FACE_BOUND('',#8539,.T.);
#9350=FACE_BOUND('',#8540,.T.);
#9351=FACE_BOUND('',#8541,.T.);
#9352=FACE_BOUND('',#8542,.T.);
#9353=FACE_BOUND('',#8543,.T.);
#9354=FACE_BOUND('',#8544,.T.);
#9355=FACE_BOUND('',#8545,.T.);
#9356=FACE_BOUND('',#8546,.T.);
#9357=FACE_BOUND('',#8547,.T.);
#9358=FACE_BOUND('',#8548,.T.);
#9359=FACE_BOUND('',#8549,.T.);
#9360=FACE_BOUND('',#8550,.T.);
#9361=FACE_BOUND('',#8551,.T.);
#9362=FACE_BOUND('',#8552,.T.);
#9363=FACE_BOUND('',#8553,.T.);
#9364=FACE_BOUND('',#8554,.T.);
#9365=FACE_BOUND('',#8555,.T.);
#9366=FACE_BOUND('',#8556,.T.);
#9367=FACE_BOUND('',#8557,.T.);
#9368=FACE_BOUND('',#8558,.T.);
#9369=FACE_BOUND('',#8559,.T.);
#9370=FACE_BOUND('',#8560,.T.);
#9371=FACE_BOUND('',#8561,.T.);
#9372=FACE_BOUND('',#8562,.T.);
#9373=FACE_BOUND('',#8563,.T.);
#9374=FACE_BOUND('',#8564,.T.);
#9375=FACE_BOUND('',#8565,.T.);
#9376=FACE_BOUND('',#8566,.T.);
#9377=FACE_BOUND('',#8567,.T.);
#9378=FACE_BOUND('',#8568,.T.);
#9379=FACE_BOUND('',#8569,.T.);
#9380=FACE_BOUND('',#8570,.T.);
#9381=FACE_BOUND('',#8571,.T.);
#9382=FACE_BOUND('',#8572,.T.);
#9383=FACE_BOUND('',#8573,.T.);
#9384=FACE_BOUND('',#8574,.T.);
#9385=FACE_BOUND('',#8575,.T.);
#9386=FACE_BOUND('',#8576,.T.);
#9387=FACE_BOUND('',#8577,.T.);
#9388=FACE_BOUND('',#8578,.T.);
#9389=FACE_BOUND('',#8579,.T.);
#9390=FACE_BOUND('',#8580,.T.);
#9391=FACE_BOUND('',#8581,.T.);
#9392=FACE_BOUND('',#8582,.T.);
#9393=FACE_BOUND('',#8583,.T.);
#9394=FACE_BOUND('',#8584,.T.);
#9395=FACE_BOUND('',#8585,.T.);
#9396=FACE_BOUND('',#8586,.T.);
#9397=FACE_BOUND('',#8587,.T.);
#9398=FACE_BOUND('',#8588,.T.);
#9399=FACE_BOUND('',#8589,.T.);
#9400=FACE_BOUND('',#8590,.T.);
#9401=FACE_BOUND('',#8591,.T.);
#9402=FACE_BOUND('',#8592,.T.);
#9403=FACE_BOUND('',#8593,.T.);
#9404=FACE_BOUND('',#8594,.T.);
#9405=FACE_BOUND('',#8595,.T.);
#9406=FACE_BOUND('',#8596,.T.);
#9407=FACE_BOUND('',#8597,.T.);
#9408=FACE_BOUND('',#8598,.T.);
#9409=FACE_BOUND('',#8599,.T.);
#9410=FACE_BOUND('',#8600,.T.);
#9411=FACE_BOUND('',#8601,.T.);
#9412=FACE_BOUND('',#8602,.T.);
#9413=FACE_BOUND('',#8603,.T.);
#9414=FACE_BOUND('',#8604,.T.);
#9415=FACE_BOUND('',#8605,.T.);
#9416=FACE_BOUND('',#8606,.T.);
#9417=FACE_BOUND('',#8607,.T.);
#9418=FACE_BOUND('',#8608,.T.);
#9419=FACE_BOUND('',#8609,.T.);
#9420=FACE_BOUND('',#8610,.T.);
#9421=FACE_BOUND('',#8611,.T.);
#9422=FACE_BOUND('',#8612,.T.);
#9423=FACE_BOUND('',#8613,.T.);
#9424=FACE_BOUND('',#8614,.T.);
#9425=FACE_BOUND('',#8615,.T.);
#9426=FACE_BOUND('',#8616,.T.);
#9427=FACE_BOUND('',#8617,.T.);
#9428=FACE_BOUND('',#8618,.T.);
#9429=FACE_BOUND('',#8619,.T.);
#9430=FACE_BOUND('',#8620,.T.);
#9431=FACE_BOUND('',#8621,.T.);
#9432=FACE_BOUND('',#8622,.T.);
#9433=FACE_BOUND('',#8623,.T.);
#9434=FACE_BOUND('',#8624,.T.);
#9435=FACE_BOUND('',#8625,.T.);
#9436=FACE_BOUND('',#8626,.T.);
#9437=FACE_BOUND('',#8627,.T.);
#9438=FACE_BOUND('',#8628,.T.);
#9439=FACE_BOUND('',#8629,.T.);
#9440=FACE_BOUND('',#8630,.T.);
#9441=FACE_BOUND('',#8631,.T.);
#9442=FACE_BOUND('',#8632,.T.);
#9443=FACE_BOUND('',#8633,.T.);
#9444=FACE_BOUND('',#8634,.T.);
#9445=FACE_BOUND('',#8635,.T.);
#9446=FACE_BOUND('',#8636,.T.);
#9447=FACE_BOUND('',#8637,.T.);
#9448=FACE_BOUND('',#8638,.T.);
#9449=FACE_BOUND('',#8639,.T.);
#9450=FACE_BOUND('',#8640,.T.);
#9451=FACE_BOUND('',#8641,.T.);
#9452=FACE_BOUND('',#8642,.T.);
#9453=FACE_BOUND('',#8643,.T.);
#9454=FACE_BOUND('',#8644,.T.);
#9455=FACE_BOUND('',#8645,.T.);
#9456=FACE_BOUND('',#8646,.T.);
#9457=FACE_BOUND('',#8647,.T.);
#9458=FACE_BOUND('',#8648,.T.);
#9459=FACE_BOUND('',#8649,.T.);
#9460=FACE_BOUND('',#8650,.T.);
#9461=FACE_BOUND('',#8651,.T.);
#9462=FACE_BOUND('',#8652,.T.);
#9463=FACE_BOUND('',#8653,.T.);
#9464=FACE_BOUND('',#8654,.T.);
#9465=FACE_BOUND('',#8655,.T.);
#9466=FACE_BOUND('',#8656,.T.);
#9467=FACE_BOUND('',#8657,.T.);
#9468=FACE_BOUND('',#8658,.T.);
#9469=FACE_BOUND('',#8659,.T.);
#9470=FACE_BOUND('',#8660,.T.);
#9471=FACE_BOUND('',#8661,.T.);
#9472=FACE_BOUND('',#8662,.T.);
#9473=FACE_BOUND('',#8663,.T.);
#9474=FACE_BOUND('',#8664,.T.);
#9475=FACE_BOUND('',#8665,.T.);
#9476=FACE_BOUND('',#8666,.T.);
#9477=FACE_BOUND('',#8667,.T.);
#9478=FACE_BOUND('',#8668,.T.);
#9479=FACE_BOUND('',#8669,.T.);
#9480=FACE_BOUND('',#8670,.T.);
#9481=FACE_BOUND('',#8671,.T.);
#9482=FACE_BOUND('',#8672,.T.);
#9483=FACE_BOUND('',#8673,.T.);
#9484=FACE_BOUND('',#8674,.T.);
#9485=FACE_BOUND('',#8675,.T.);
#9486=FACE_BOUND('',#8676,.T.);
#9487=FACE_BOUND('',#8677,.T.);
#9488=FACE_BOUND('',#8678,.T.);
#9489=FACE_BOUND('',#8679,.T.);
#9490=FACE_BOUND('',#8680,.T.);
#9491=FACE_BOUND('',#8681,.T.);
#9492=FACE_BOUND('',#8682,.T.);
#9493=FACE_BOUND('',#8683,.T.);
#9494=FACE_BOUND('',#8684,.T.);
#9495=FACE_BOUND('',#8685,.T.);
#9496=FACE_BOUND('',#8686,.T.);
#9497=FACE_BOUND('',#8687,.T.);
#9498=FACE_BOUND('',#8688,.T.);
#9499=FACE_BOUND('',#8689,.T.);
#9500=FACE_BOUND('',#8690,.T.);
#9501=FACE_BOUND('',#8691,.T.);
#9502=FACE_BOUND('',#8692,.T.);
#9503=FACE_BOUND('',#8693,.T.);
#9504=FACE_BOUND('',#8694,.T.);
#9505=FACE_BOUND('',#8695,.T.);
#9506=FACE_BOUND('',#8696,.T.);
#9507=FACE_BOUND('',#8697,.T.);
#9508=FACE_BOUND('',#8698,.T.);
#9509=FACE_BOUND('',#8699,.T.);
#9510=FACE_BOUND('',#8700,.T.);
#9511=FACE_BOUND('',#8701,.T.);
#9512=FACE_BOUND('',#8702,.T.);
#9513=FACE_BOUND('',#8703,.T.);
#9514=FACE_BOUND('',#8704,.T.);
#9515=FACE_BOUND('',#8705,.T.);
#9516=FACE_BOUND('',#8706,.T.);
#9517=FACE_BOUND('',#8707,.T.);
#9518=FACE_BOUND('',#8708,.T.);
#9519=FACE_BOUND('',#8709,.T.);
#9520=FACE_BOUND('',#8710,.T.);
#9521=FACE_BOUND('',#8711,.T.);
#9522=FACE_BOUND('',#8712,.T.);
#9523=FACE_BOUND('',#8713,.T.);
#9524=FACE_BOUND('',#8714,.T.);
#9525=FACE_BOUND('',#8715,.T.);
#9526=FACE_BOUND('',#8716,.T.);
#9527=FACE_BOUND('',#8717,.T.);
#9528=FACE_BOUND('',#8718,.T.);
#9529=FACE_BOUND('',#8719,.T.);
#9530=FACE_BOUND('',#8720,.T.);
#9531=FACE_BOUND('',#8721,.T.);
#9532=FACE_BOUND('',#8722,.T.);
#9533=FACE_BOUND('',#8723,.T.);
#9534=FACE_BOUND('',#8724,.T.);
#9535=PLANE('',#10457);
#9536=PLANE('',#10460);
#9537=PLANE('',#10472);
#9538=PLANE('',#10473);
#9539=PLANE('',#10479);
#9540=PLANE('',#10480);
#9541=PLANE('',#10483);
#9542=PLANE('',#10495);
#9543=PLANE('',#10499);
#9544=PLANE('',#10533);
#9545=PLANE('',#10540);
#9546=PLANE('',#10543);
#9547=PLANE('',#10546);
#9548=PLANE('',#10550);
#9549=PLANE('',#10555);
#9550=PLANE('',#10558);
#9551=PLANE('',#10591);
#9552=PLANE('',#10595);
#9553=PLANE('',#10597);
#9554=PLANE('',#10601);
#9555=PLANE('',#10602);
#9556=PLANE('',#10603);
#9557=PLANE('',#10609);
#9558=PLANE('',#10611);
#9559=PLANE('',#10614);
#9560=PLANE('',#10617);
#9561=PLANE('',#10620);
#9562=PLANE('',#10636);
#9563=PLANE('',#10642);
#9564=PLANE('',#10667);
#9565=PLANE('',#10682);
#9566=PLANE('',#10688);
#9567=PLANE('',#10759);
#9568=PLANE('',#10760);
#9569=PLANE('',#10762);
#9570=PLANE('',#10770);
#9571=PLANE('',#10772);
#9572=PLANE('',#10774);
#9573=PLANE('',#10775);
#9574=PLANE('',#10778);
#9575=PLANE('',#10779);
#9576=PLANE('',#10786);
#9577=PLANE('',#10788);
#9578=PLANE('',#10789);
#9579=PLANE('',#10792);
#9580=PLANE('',#10793);
#9581=PLANE('',#10795);
#9582=PLANE('',#10798);
#9583=PLANE('',#10800);
#9584=PLANE('',#10804);
#9585=PLANE('',#10809);
#9586=PLANE('',#10812);
#9587=PLANE('',#10815);
#9588=PLANE('',#10819);
#9589=PLANE('',#10820);
#9590=PLANE('',#10823);
#9591=PLANE('',#10824);
#9592=PLANE('',#10825);
#9593=PLANE('',#10828);
#9594=PLANE('',#10830);
#9595=PLANE('',#10833);
#9596=PLANE('',#10836);
#9597=PLANE('',#10837);
#9598=PLANE('',#10840);
#9599=PLANE('',#10842);
#9600=PLANE('',#10844);
#9601=PLANE('',#10851);
#9602=PLANE('',#10853);
#9603=PLANE('',#10855);
#9604=PLANE('',#10857);
#9605=PLANE('',#10859);
#9606=PLANE('',#10861);
#9607=PLANE('',#10863);
#9608=PLANE('',#10867);
#9609=PLANE('',#10870);
#9610=PLANE('',#10871);
#9611=PLANE('',#10876);
#9612=PLANE('',#10877);
#9613=PLANE('',#10880);
#9614=PLANE('',#10885);
#9615=PLANE('',#10888);
#9616=PLANE('',#10889);
#9617=PLANE('',#10909);
#9618=PLANE('',#10910);
#9619=PLANE('',#10911);
#9620=PLANE('',#10912);
#9621=PLANE('',#10925);
#9622=PLANE('',#10926);
#9623=PLANE('',#10927);
#9624=PLANE('',#10928);
#9625=PLANE('',#10929);
#9626=PLANE('',#10930);
#9627=PLANE('',#10974);
#9628=PLANE('',#10977);
#9629=PLANE('',#10978);
#9630=PLANE('',#10981);
#9631=PLANE('',#10998);
#9632=PLANE('',#11003);
#9633=PLANE('',#11008);
#9634=PLANE('',#11009);
#9635=PLANE('',#11010);
#9636=PLANE('',#11015);
#9637=PLANE('',#11016);
#9638=PLANE('',#11017);
#9639=PLANE('',#11018);
#9640=PLANE('',#11019);
#9641=PLANE('',#11020);
#9642=PLANE('',#11021);
#9643=PLANE('',#11022);
#9644=PLANE('',#11023);
#9645=PLANE('',#11042);
#9646=PLANE('',#11047);
#9647=PLANE('',#11049);
#9648=PLANE('',#11078);
#9649=PLANE('',#11083);
#9650=PLANE('',#11100);
#9651=PLANE('',#11103);
#9652=PLANE('',#11107);
#9653=PLANE('',#11108);
#9654=PLANE('',#11110);
#9655=PLANE('',#11111);
#9656=PLANE('',#11112);
#9657=PLANE('',#11113);
#9658=PLANE('',#11115);
#9659=PLANE('',#11121);
#9660=PLANE('',#11122);
#9661=PLANE('',#11126);
#9662=PLANE('',#11177);
#9663=PLANE('',#11188);
#9664=PLANE('',#11190);
#9665=PLANE('',#11191);
#9666=PLANE('',#11192);
#9667=PLANE('',#11193);
#9668=PLANE('',#11194);
#9669=PLANE('',#11195);
#9670=PLANE('',#11196);
#9671=PLANE('',#11197);
#9672=PLANE('',#11198);
#9673=PLANE('',#11199);
#9674=PLANE('',#11201);
#9675=PLANE('',#11205);
#9676=PLANE('',#11210);
#9677=PLANE('',#11213);
#9678=PLANE('',#11214);
#9679=PLANE('',#11216);
#9680=PLANE('',#11217);
#9681=PLANE('',#11222);
#9682=PLANE('',#11226);
#9683=PLANE('',#11230);
#9684=PLANE('',#11233);
#9685=PLANE('',#11234);
#9686=PLANE('',#11239);
#9687=PLANE('',#11242);
#9688=PLANE('',#11243);
#9689=PLANE('',#11244);
#9690=PLANE('',#11245);
#9691=PLANE('',#11246);
#9692=PLANE('',#11247);
#9693=PLANE('',#11248);
#9694=PLANE('',#11249);
#9695=PLANE('',#11250);
#9696=PLANE('',#11251);
#9697=PLANE('',#11252);
#9698=PLANE('',#11253);
#9699=PLANE('',#11254);
#9700=PLANE('',#11255);
#9701=PLANE('',#11256);
#9702=PLANE('',#11257);
#9703=PLANE('',#11258);
#9704=PLANE('',#11259);
#9705=PLANE('',#11262);
#9706=PLANE('',#11265);
#9707=PLANE('',#11268);
#9708=PLANE('',#11271);
#9709=PLANE('',#11274);
#9710=PLANE('',#11277);
#9711=PLANE('',#11278);
#9712=PLANE('',#11279);
#9713=PLANE('',#11280);
#9714=PLANE('',#11292);
#9715=PLANE('',#11297);
#9716=PLANE('',#11299);
#9717=PLANE('',#11303);
#9718=PLANE('',#11305);
#9719=PLANE('',#11308);
#9720=PLANE('',#11310);
#9721=PLANE('',#11311);
#9722=PLANE('',#11312);
#9723=PLANE('',#11313);
#9724=PLANE('',#11314);
#9725=PLANE('',#11315);
#9726=PLANE('',#11319);
#9727=PLANE('',#11321);
#9728=PLANE('',#11325);
#9729=PLANE('',#11327);
#9730=PLANE('',#11331);
#9731=PLANE('',#11333);
#9732=PLANE('',#11337);
#9733=PLANE('',#11339);
#9734=PLANE('',#11340);
#9735=PLANE('',#11341);
#9736=PLANE('',#11342);
#9737=PLANE('',#11343);
#9738=PLANE('',#11344);
#9739=PLANE('',#11345);
#9740=PLANE('',#11346);
#9741=PLANE('',#11347);
#9742=PLANE('',#11348);
#9743=PLANE('',#11349);
#9744=PLANE('',#11350);
#9745=PLANE('',#11351);
#9746=PLANE('',#11369);
#9747=PLANE('',#11371);
#9748=PLANE('',#11373);
#9749=PLANE('',#11375);
#9750=PLANE('',#11377);
#9751=PLANE('',#11381);
#9752=PLANE('',#11385);
#9753=PLANE('',#11389);
#9754=PLANE('',#11393);
#9755=PLANE('',#11397);
#9756=PLANE('',#11401);
#9757=PLANE('',#11405);
#9758=PLANE('',#11409);
#9759=PLANE('',#11411);
#9760=PLANE('',#11413);
#9761=PLANE('',#11415);
#9762=PLANE('',#11417);
#9763=PLANE('',#11421);
#9764=PLANE('',#11425);
#9765=PLANE('',#11429);
#9766=PLANE('',#11433);
#9767=PLANE('',#11437);
#9768=PLANE('',#11441);
#9769=PLANE('',#11445);
#9770=PLANE('',#11465);
#9771=PLANE('',#11467);
#9772=PLANE('',#11469);
#9773=PLANE('',#11471);
#9774=PLANE('',#11479);
#9775=PLANE('',#11482);
#9776=PLANE('',#11483);
#9777=PLANE('',#11485);
#9778=PLANE('',#11487);
#9779=PLANE('',#11489);
#9780=PLANE('',#11491);
#9781=PLANE('',#11495);
#9782=PLANE('',#11499);
#9783=PLANE('',#11503);
#9784=PLANE('',#11511);
#9785=PLANE('',#11512);
#9786=PLANE('',#11514);
#9787=PLANE('',#11515);
#9788=PLANE('',#11516);
#9789=PLANE('',#11517);
#9790=PLANE('',#11519);
#9791=PLANE('',#11520);
#9792=PLANE('',#11521);
#9793=PLANE('',#11522);
#9794=PLANE('',#11523);
#9795=PLANE('',#11524);
#9796=PLANE('',#11525);
#9797=PLANE('',#11526);
#9798=PLANE('',#11527);
#9799=PLANE('',#11528);
#9800=PLANE('',#11529);
#9801=PLANE('',#11530);
#9802=PLANE('',#11531);
#9803=PLANE('',#11532);
#9804=PLANE('',#11533);
#9805=PLANE('',#11534);
#9806=ADVANCED_FACE('NONE',(#8725),#9535,.F.);
#9807=ADVANCED_FACE('NONE',(#8726),#9536,.F.);
#9808=ADVANCED_FACE('NONE',(#8727),#153,.T.);
#9809=ADVANCED_FACE('NONE',(#8728),#154,.T.);
#9810=ADVANCED_FACE('NONE',(#8729),#155,.F.);
#9811=ADVANCED_FACE('NONE',(#8730),#156,.T.);
#9812=ADVANCED_FACE('NONE',(#8731),#9537,.F.);
#9813=ADVANCED_FACE('NONE',(#8732),#9538,.F.);
#9814=ADVANCED_FACE('NONE',(#8733),#157,.T.);
#9815=ADVANCED_FACE('NONE',(#8734),#92,.F.);
#9816=ADVANCED_FACE('NONE',(#8735),#9539,.F.);
#9817=ADVANCED_FACE('NONE',(#8736),#9540,.F.);
#9818=ADVANCED_FACE('NONE',(#8737),#93,.F.);
#9819=ADVANCED_FACE('NONE',(#8738),#9541,.T.);
#9820=ADVANCED_FACE('NONE',(#8739),#158,.F.);
#9821=ADVANCED_FACE('NONE',(#8740),#159,.F.);
#9822=ADVANCED_FACE('NONE',(#8741),#160,.F.);
#9823=ADVANCED_FACE('NONE',(#8742),#9542,.T.);
#9824=ADVANCED_FACE('NONE',(#8743,#8744,#8745,#8746,#8747),#9543,.T.);
#9825=ADVANCED_FACE('NONE',(#8748),#161,.F.);
#9826=ADVANCED_FACE('NONE',(#8749),#9544,.T.);
#9827=ADVANCED_FACE('NONE',(#8750),#162,.F.);
#9828=ADVANCED_FACE('NONE',(#8751),#9545,.F.);
#9829=ADVANCED_FACE('NONE',(#8752),#9546,.F.);
#9830=ADVANCED_FACE('NONE',(#8753),#9547,.T.);
#9831=ADVANCED_FACE('NONE',(#8754),#9548,.T.);
#9832=ADVANCED_FACE('NONE',(#8755),#9549,.T.);
#9833=ADVANCED_FACE('NONE',(#8756),#9550,.T.);
#9834=ADVANCED_FACE('',(#8757,#8758),#163,.T.);
#9835=ADVANCED_FACE('',(#8759,#8760),#164,.T.);
#9836=ADVANCED_FACE('',(#8761,#8762),#165,.T.);
#9837=ADVANCED_FACE('',(#8763,#8764),#166,.T.);
#9838=ADVANCED_FACE('',(#8765,#8766),#167,.T.);
#9839=ADVANCED_FACE('',(#8767,#8768),#168,.T.);
#9840=ADVANCED_FACE('',(#8769,#8770),#169,.T.);
#9841=ADVANCED_FACE('',(#8771,#8772),#170,.T.);
#9842=ADVANCED_FACE('NONE',(#8773),#9551,.T.);
#9843=ADVANCED_FACE('NONE',(#8774),#171,.F.);
#9844=ADVANCED_FACE('NONE',(#8775),#9552,.T.);
#9845=ADVANCED_FACE('NONE',(#8776),#9553,.T.);
#9846=ADVANCED_FACE('NONE',(#8777),#172,.F.);
#9847=ADVANCED_FACE('NONE',(#8778),#9554,.T.);
#9848=ADVANCED_FACE('NONE',(#8779),#9555,.T.);
#9849=ADVANCED_FACE('NONE',(#8780),#9556,.F.);
#9850=ADVANCED_FACE('NONE',(#8781),#94,.T.);
#9851=ADVANCED_FACE('NONE',(#8782),#173,.T.);
#9852=ADVANCED_FACE('NONE',(#8783),#95,.T.);
#9853=ADVANCED_FACE('NONE',(#8784),#174,.T.);
#9854=ADVANCED_FACE('NONE',(#8785),#175,.T.);
#9855=ADVANCED_FACE('NONE',(#8786),#9557,.T.);
#9856=ADVANCED_FACE('NONE',(#8787),#176,.F.);
#9857=ADVANCED_FACE('NONE',(#8788),#9558,.T.);
#9858=ADVANCED_FACE('NONE',(#8789),#9559,.T.);
#9859=ADVANCED_FACE('NONE',(#8790),#177,.F.);
#9860=ADVANCED_FACE('NONE',(#8791),#9560,.T.);
#9861=ADVANCED_FACE('NONE',(#8792),#9561,.T.);
#9862=ADVANCED_FACE('NONE',(#8793),#178,.T.);
#9863=ADVANCED_FACE('NONE',(#8794),#57,.T.);
#9864=ADVANCED_FACE('NONE',(#8795),#179,.T.);
#9865=ADVANCED_FACE('NONE',(#8796),#58,.T.);
#9866=ADVANCED_FACE('NONE',(#8797),#180,.T.);
#9867=ADVANCED_FACE('NONE',(#8798),#181,.F.);
#9868=ADVANCED_FACE('NONE',(#8799),#9562,.F.);
#9869=ADVANCED_FACE('NONE',(#8800),#182,.T.);
#9870=ADVANCED_FACE('NONE',(#8801),#183,.T.);
#9871=ADVANCED_FACE('NONE',(#8802),#184,.T.);
#9872=ADVANCED_FACE('NONE',(#8803),#9563,.F.);
#9873=ADVANCED_FACE('NONE',(#8804),#185,.F.);
#9874=ADVANCED_FACE('NONE',(#8805),#186,.T.);
#9875=ADVANCED_FACE('NONE',(#8806),#96,.F.);
#9876=ADVANCED_FACE('NONE',(#8807),#187,.F.);
#9877=ADVANCED_FACE('NONE',(#8808),#97,.F.);
#9878=ADVANCED_FACE('NONE',(#8809),#188,.F.);
#9879=ADVANCED_FACE('NONE',(#8810),#189,.F.);
#9880=ADVANCED_FACE('NONE',(#8811),#190,.F.);
#9881=ADVANCED_FACE('NONE',(#8812),#191,.T.);
#9882=ADVANCED_FACE('NONE',(#8813),#192,.F.);
#9883=ADVANCED_FACE('NONE',(#8814),#98,.F.);
#9884=ADVANCED_FACE('NONE',(#8815),#193,.F.);
#9885=ADVANCED_FACE('NONE',(#8816),#99,.F.);
#9886=ADVANCED_FACE('NONE',(#8817),#194,.F.);
#9887=ADVANCED_FACE('NONE',(#8818),#100,.F.);
#9888=ADVANCED_FACE('NONE',(#8819),#9564,.F.);
#9889=ADVANCED_FACE('NONE',(#8820),#101,.T.);
#9890=ADVANCED_FACE('NONE',(#8821),#195,.T.);
#9891=ADVANCED_FACE('NONE',(#8822),#59,.T.);
#9892=ADVANCED_FACE('NONE',(#8823),#196,.T.);
#9893=ADVANCED_FACE('NONE',(#8824),#60,.T.);
#9894=ADVANCED_FACE('NONE',(#8825),#197,.T.);
#9895=ADVANCED_FACE('NONE',(#8826),#9565,.T.);
#9896=ADVANCED_FACE('NONE',(#8827),#198,.F.);
#9897=ADVANCED_FACE('NONE',(#8828),#199,.T.);
#9898=ADVANCED_FACE('NONE',(#8829),#200,.T.);
#9899=ADVANCED_FACE('NONE',(#8830),#9566,.T.);
#9900=ADVANCED_FACE('NONE',(#8831),#201,.T.);
#9901=ADVANCED_FACE('NONE',(#8832),#202,.T.);
#9902=ADVANCED_FACE('NONE',(#8833),#203,.F.);
#9903=ADVANCED_FACE('NONE',(#8834),#204,.F.);
#9904=ADVANCED_FACE('NONE',(#8835),#102,.F.);
#9905=ADVANCED_FACE('NONE',(#8836),#205,.F.);
#9906=ADVANCED_FACE('NONE',(#8837),#103,.F.);
#9907=ADVANCED_FACE('NONE',(#8838),#206,.F.);
#9908=ADVANCED_FACE('NONE',(#8839,#8840),#207,.F.);
#9909=ADVANCED_FACE('NONE',(#8841,#8842),#208,.F.);
#9910=ADVANCED_FACE('NONE',(#8843),#104,.T.);
#9911=ADVANCED_FACE('NONE',(#8844),#209,.T.);
#9912=ADVANCED_FACE('NONE',(#8845),#105,.T.);
#9913=ADVANCED_FACE('NONE',(#8846),#210,.T.);
#9914=ADVANCED_FACE('NONE',(#8847),#211,.T.);
#9915=ADVANCED_FACE('NONE',(#8848),#106,.T.);
#9916=ADVANCED_FACE('NONE',(#8849),#107,.T.);
#9917=ADVANCED_FACE('NONE',(#8850),#212,.T.);
#9918=ADVANCED_FACE('NONE',(#8851),#108,.T.);
#9919=ADVANCED_FACE('NONE',(#8852),#213,.T.);
#9920=ADVANCED_FACE('NONE',(#8853),#109,.F.);
#9921=ADVANCED_FACE('NONE',(#8854),#214,.F.);
#9922=ADVANCED_FACE('NONE',(#8855),#215,.F.);
#9923=ADVANCED_FACE('NONE',(#8856),#110,.F.);
#9924=ADVANCED_FACE('NONE',(#8857),#216,.F.);
#9925=ADVANCED_FACE('NONE',(#8858),#111,.F.);
#9926=ADVANCED_FACE('NONE',(#8859),#217,.F.);
#9927=ADVANCED_FACE('NONE',(#8860),#112,.F.);
#9928=ADVANCED_FACE('NONE',(#8861),#218,.F.);
#9929=ADVANCED_FACE('NONE',(#8862),#113,.F.);
#9930=ADVANCED_FACE('NONE',(#8863),#219,.F.);
#9931=ADVANCED_FACE('NONE',(#8864),#114,.F.);
#9932=ADVANCED_FACE('NONE',(#8865),#220,.F.);
#9933=ADVANCED_FACE('NONE',(#8866),#115,.F.);
#9934=ADVANCED_FACE('NONE',(#8867),#221,.F.);
#9935=ADVANCED_FACE('NONE',(#8868),#116,.F.);
#9936=ADVANCED_FACE('NONE',(#8869),#222,.F.);
#9937=ADVANCED_FACE('',(#8870),#9567,.T.);
#9938=ADVANCED_FACE('',(#8871),#9568,.T.);
#9939=ADVANCED_FACE('',(#8872),#9569,.T.);
#9940=ADVANCED_FACE('NONE',(#8873),#223,.F.);
#9941=ADVANCED_FACE('NONE',(#8874),#117,.T.);
#9942=ADVANCED_FACE('NONE',(#8875),#118,.F.);
#9943=ADVANCED_FACE('NONE',(#8876),#9570,.T.);
#9944=ADVANCED_FACE('NONE',(#8877),#224,.T.);
#9945=ADVANCED_FACE('NONE',(#8878),#9571,.F.);
#9946=ADVANCED_FACE('NONE',(#8879),#225,.T.);
#9947=ADVANCED_FACE('NONE',(#8880),#9572,.T.);
#9948=ADVANCED_FACE('NONE',(#8881,#8882,#8883,#8884),#9573,.T.);
#9949=ADVANCED_FACE('NONE',(#8885),#119,.F.);
#9950=ADVANCED_FACE('NONE',(#8886),#226,.F.);
#9951=ADVANCED_FACE('',(#8887),#9574,.F.);
#9952=ADVANCED_FACE('',(#8888),#9575,.F.);
#9953=ADVANCED_FACE('NONE',(#8889),#227,.T.);
#9954=ADVANCED_FACE('NONE',(#8890),#228,.F.);
#9955=ADVANCED_FACE('NONE',(#8891),#9576,.F.);
#9956=ADVANCED_FACE('NONE',(#8892),#9577,.T.);
#9957=ADVANCED_FACE('NONE',(#8893),#9578,.F.);
#9958=ADVANCED_FACE('NONE',(#8894),#9579,.T.);
#9959=ADVANCED_FACE('NONE',(#8895),#9580,.T.);
#9960=ADVANCED_FACE('NONE',(#8896),#9581,.F.);
#9961=ADVANCED_FACE('NONE',(#8897),#9582,.T.);
#9962=ADVANCED_FACE('NONE',(#8898),#120,.T.);
#9963=ADVANCED_FACE('',(#8899),#9583,.F.);
#9964=ADVANCED_FACE('',(#8900),#229,.F.);
#9965=ADVANCED_FACE('NONE',(#8901),#9584,.F.);
#9966=ADVANCED_FACE('NONE',(#8902),#230,.T.);
#9967=ADVANCED_FACE('NONE',(#8903),#9585,.F.);
#9968=ADVANCED_FACE('NONE',(#8904),#231,.F.);
#9969=ADVANCED_FACE('NONE',(#8905),#232,.F.);
#9970=ADVANCED_FACE('NONE',(#8906),#9586,.T.);
#9971=ADVANCED_FACE('NONE',(#8907),#233,.T.);
#9972=ADVANCED_FACE('NONE',(#8908),#9587,.T.);
#9973=ADVANCED_FACE('NONE',(#8909),#9588,.F.);
#9974=ADVANCED_FACE('NONE',(#8910),#9589,.T.);
#9975=ADVANCED_FACE('NONE',(#8911),#9590,.F.);
#9976=ADVANCED_FACE('NONE',(#8912),#9591,.F.);
#9977=ADVANCED_FACE('NONE',(#8913),#9592,.T.);
#9978=ADVANCED_FACE('NONE',(#8914),#9593,.T.);
#9979=ADVANCED_FACE('NONE',(#8915),#234,.F.);
#9980=ADVANCED_FACE('NONE',(#8916),#9594,.T.);
#9981=ADVANCED_FACE('NONE',(#8917),#235,.T.);
#9982=ADVANCED_FACE('NONE',(#8918),#236,.T.);
#9983=ADVANCED_FACE('NONE',(#8919),#9595,.T.);
#9984=ADVANCED_FACE('NONE',(#8920),#9596,.F.);
#9985=ADVANCED_FACE('NONE',(#8921),#9597,.T.);
#9986=ADVANCED_FACE('NONE',(#8922),#121,.F.);
#9987=ADVANCED_FACE('NONE',(#8923),#237,.T.);
#9988=ADVANCED_FACE('NONE',(#8924),#9598,.F.);
#9989=ADVANCED_FACE('NONE',(#8925),#238,.T.);
#9990=ADVANCED_FACE('NONE',(#8926),#9599,.T.);
#9991=ADVANCED_FACE('NONE',(#8927),#122,.F.);
#9992=ADVANCED_FACE('NONE',(#8928,#8929,#8930,#8931),#9600,.T.);
#9993=ADVANCED_FACE('NONE',(#8932),#123,.T.);
#9994=ADVANCED_FACE('NONE',(#8933),#124,.F.);
#9995=ADVANCED_FACE('NONE',(#8934,#8935),#9601,.F.);
#9996=ADVANCED_FACE('NONE',(#8936),#239,.T.);
#9997=ADVANCED_FACE('NONE',(#8937),#9602,.T.);
#9998=ADVANCED_FACE('NONE',(#8938),#240,.T.);
#9999=ADVANCED_FACE('NONE',(#8939),#9603,.T.);
#10000=ADVANCED_FACE('NONE',(#8940),#241,.F.);
#10001=ADVANCED_FACE('NONE',(#8941),#9604,.T.);
#10002=ADVANCED_FACE('NONE',(#8942),#242,.F.);
#10003=ADVANCED_FACE('NONE',(#8943),#9605,.T.);
#10004=ADVANCED_FACE('NONE',(#8944),#243,.T.);
#10005=ADVANCED_FACE('NONE',(#8945),#9606,.T.);
#10006=ADVANCED_FACE('NONE',(#8946),#244,.T.);
#10007=ADVANCED_FACE('NONE',(#8947,#8948),#9607,.F.);
#10008=ADVANCED_FACE('NONE',(#8949),#125,.F.);
#10009=ADVANCED_FACE('NONE',(#8950),#9608,.F.);
#10010=ADVANCED_FACE('NONE',(#8951),#245,.T.);
#10011=ADVANCED_FACE('NONE',(#8952),#9609,.T.);
#10012=ADVANCED_FACE('NONE',(#8953),#9610,.T.);
#10013=ADVANCED_FACE('NONE',(#8954),#246,.T.);
#10014=ADVANCED_FACE('NONE',(#8955),#247,.F.);
#10015=ADVANCED_FACE('NONE',(#8956),#9611,.F.);
#10016=ADVANCED_FACE('NONE',(#8957),#9612,.F.);
#10017=ADVANCED_FACE('NONE',(#8958),#248,.F.);
#10018=ADVANCED_FACE('NONE',(#8959),#9613,.T.);
#10019=ADVANCED_FACE('NONE',(#8960),#29,.T.);
#10020=ADVANCED_FACE('NONE',(#8961),#9614,.T.);
#10021=ADVANCED_FACE('NONE',(#8962),#30,.T.);
#10022=ADVANCED_FACE('NONE',(#8963),#9615,.T.);
#10023=ADVANCED_FACE('',(#8964),#9616,.F.);
#10024=ADVANCED_FACE('NONE',(#8965),#249,.F.);
#10025=ADVANCED_FACE('NONE',(#8966),#26,.F.);
#10026=ADVANCED_FACE('NONE',(#8967),#250,.F.);
#10027=ADVANCED_FACE('NONE',(#8968),#251,.F.);
#10028=ADVANCED_FACE('NONE',(#8969),#126,.F.);
#10029=ADVANCED_FACE('NONE',(#8970),#252,.F.);
#10030=ADVANCED_FACE('NONE',(#8971),#127,.F.);
#10031=ADVANCED_FACE('NONE',(#8972),#253,.F.);
#10032=ADVANCED_FACE('NONE',(#8973),#254,.F.);
#10033=ADVANCED_FACE('NONE',(#8974),#128,.F.);
#10034=ADVANCED_FACE('NONE',(#8975,#8976,#8977,#8978),#255,.T.);
#10035=ADVANCED_FACE('NONE',(#8979),#256,.F.);
#10036=ADVANCED_FACE('NONE',(#8980),#9617,.T.);
#10037=ADVANCED_FACE('NONE',(#8981),#9618,.T.);
#10038=ADVANCED_FACE('NONE',(#8982),#9619,.T.);
#10039=ADVANCED_FACE('NONE',(#8983),#9620,.T.);
#10040=ADVANCED_FACE('NONE',(#8984),#129,.F.);
#10041=ADVANCED_FACE('NONE',(#8985),#257,.F.);
#10042=ADVANCED_FACE('NONE',(#8986),#130,.F.);
#10043=ADVANCED_FACE('NONE',(#8987),#258,.F.);
#10044=ADVANCED_FACE('NONE',(#8988,#8989,#8990,#8991),#259,.T.);
#10045=ADVANCED_FACE('NONE',(#8992),#131,.F.);
#10046=ADVANCED_FACE('NONE',(#8993),#260,.F.);
#10047=ADVANCED_FACE('NONE',(#8994),#9621,.T.);
#10048=ADVANCED_FACE('NONE',(#8995),#9622,.T.);
#10049=ADVANCED_FACE('NONE',(#8996),#9623,.T.);
#10050=ADVANCED_FACE('NONE',(#8997),#9624,.T.);
#10051=ADVANCED_FACE('NONE',(#8998),#9625,.T.);
#10052=ADVANCED_FACE('NONE',(#8999),#9626,.T.);
#10053=ADVANCED_FACE('NONE',(#9000),#261,.F.);
#10054=ADVANCED_FACE('NONE',(#9001),#262,.F.);
#10055=ADVANCED_FACE('NONE',(#9002),#132,.F.);
#10056=ADVANCED_FACE('NONE',(#9003),#263,.F.);
#10057=ADVANCED_FACE('NONE',(#9004),#133,.F.);
#10058=ADVANCED_FACE('NONE',(#9005),#264,.F.);
#10059=ADVANCED_FACE('NONE',(#9006),#265,.F.);
#10060=ADVANCED_FACE('NONE',(#9007),#12,.F.);
#10061=ADVANCED_FACE('NONE',(#9008),#266,.F.);
#10062=ADVANCED_FACE('NONE',(#9009),#267,.T.);
#10063=ADVANCED_FACE('NONE',(#9010),#27,.T.);
#10064=ADVANCED_FACE('NONE',(#9011),#268,.T.);
#10065=ADVANCED_FACE('NONE',(#9012),#134,.T.);
#10066=ADVANCED_FACE('NONE',(#9013),#269,.T.);
#10067=ADVANCED_FACE('NONE',(#9014),#135,.T.);
#10068=ADVANCED_FACE('NONE',(#9015),#270,.T.);
#10069=ADVANCED_FACE('NONE',(#9016),#136,.T.);
#10070=ADVANCED_FACE('NONE',(#9017),#271,.T.);
#10071=ADVANCED_FACE('NONE',(#9018),#137,.T.);
#10072=ADVANCED_FACE('NONE',(#9019),#272,.T.);
#10073=ADVANCED_FACE('NONE',(#9020),#138,.T.);
#10074=ADVANCED_FACE('NONE',(#9021),#273,.T.);
#10075=ADVANCED_FACE('NONE',(#9022),#139,.T.);
#10076=ADVANCED_FACE('NONE',(#9023),#274,.T.);
#10077=ADVANCED_FACE('NONE',(#9024),#13,.T.);
#10078=ADVANCED_FACE('NONE',(#9025),#275,.T.);
#10079=ADVANCED_FACE('NONE',(#9026),#140,.F.);
#10080=ADVANCED_FACE('NONE',(#9027),#276,.F.);
#10081=ADVANCED_FACE('NONE',(#9028),#277,.F.);
#10082=ADVANCED_FACE('NONE',(#9029),#141,.F.);
#10083=ADVANCED_FACE('NONE',(#9030),#278,.F.);
#10084=ADVANCED_FACE('NONE',(#9031),#142,.F.);
#10085=ADVANCED_FACE('NONE',(#9032),#143,.F.);
#10086=ADVANCED_FACE('NONE',(#9033),#9627,.T.);
#10087=ADVANCED_FACE('NONE',(#9034),#31,.F.);
#10088=ADVANCED_FACE('NONE',(#9035),#9628,.F.);
#10089=ADVANCED_FACE('NONE',(#9036),#9629,.F.);
#10090=ADVANCED_FACE('NONE',(#9037),#32,.F.);
#10091=ADVANCED_FACE('NONE',(#9038),#9630,.T.);
#10092=ADVANCED_FACE('NONE',(#9039),#33,.F.);
#10093=ADVANCED_FACE('NONE',(#9040),#34,.F.);
#10094=ADVANCED_FACE('NONE',(#9041),#35,.T.);
#10095=ADVANCED_FACE('NONE',(#9042),#36,.T.);
#10096=ADVANCED_FACE('',(#9043),#279,.T.);
#10097=ADVANCED_FACE('',(#9044),#280,.T.);
#10098=ADVANCED_FACE('NONE',(#9045),#281,.T.);
#10099=ADVANCED_FACE('NONE',(#9046),#9631,.F.);
#10100=ADVANCED_FACE('NONE',(#9047),#282,.T.);
#10101=ADVANCED_FACE('',(#9048),#283,.F.);
#10102=ADVANCED_FACE('',(#9049),#9632,.T.);
#10103=ADVANCED_FACE('',(#9050),#284,.F.);
#10104=ADVANCED_FACE('NONE',(#9051),#285,.F.);
#10105=ADVANCED_FACE('NONE',(#9052),#9633,.F.);
#10106=ADVANCED_FACE('',(#9053),#9634,.F.);
#10107=ADVANCED_FACE('NONE',(#9054,#9055),#9635,.F.);
#10108=ADVANCED_FACE('',(#9056),#9636,.T.);
#10109=ADVANCED_FACE('',(#9057),#9637,.T.);
#10110=ADVANCED_FACE('',(#9058),#9638,.F.);
#10111=ADVANCED_FACE('NONE',(#9059),#9639,.T.);
#10112=ADVANCED_FACE('NONE',(#9060),#9640,.T.);
#10113=ADVANCED_FACE('NONE',(#9061),#9641,.F.);
#10114=ADVANCED_FACE('NONE',(#9062),#9642,.F.);
#10115=ADVANCED_FACE('NONE',(#9063),#9643,.F.);
#10116=ADVANCED_FACE('NONE',(#9064,#9065,#9066,#9067,#9068,#9069,#9070,
#9071,#9072,#9073,#9074),#9644,.F.);
#10117=ADVANCED_FACE('',(#9075,#9076),#9645,.F.);
#10118=ADVANCED_FACE('NONE',(#9077),#9646,.T.);
#10119=ADVANCED_FACE('NONE',(#9078,#9079),#9647,.T.);
#10120=ADVANCED_FACE('NONE',(#9080),#286,.T.);
#10121=ADVANCED_FACE('NONE',(#9081),#287,.T.);
#10122=ADVANCED_FACE('NONE',(#9082,#9083),#288,.T.);
#10123=ADVANCED_FACE('',(#9084,#9085),#14,.T.);
#10124=ADVANCED_FACE('',(#9086,#9087),#15,.T.);
#10125=ADVANCED_FACE('NONE',(#9088,#9089),#289,.F.);
#10126=ADVANCED_FACE('',(#9090),#9648,.F.);
#10127=ADVANCED_FACE('',(#9091,#9092),#290,.F.);
#10128=ADVANCED_FACE('NONE',(#9093,#9094),#9649,.T.);
#10129=ADVANCED_FACE('NONE',(#9095,#9096),#291,.T.);
#10130=ADVANCED_FACE('NONE',(#9097,#9098),#292,.T.);
#10131=ADVANCED_FACE('NONE',(#9099,#9100),#293,.T.);
#10132=ADVANCED_FACE('NONE',(#9101),#9650,.T.);
#10133=ADVANCED_FACE('NONE',(#9102),#294,.T.);
#10134=ADVANCED_FACE('NONE',(#9103,#9104),#9651,.F.);
#10135=ADVANCED_FACE('NONE',(#9105),#295,.T.);
#10136=ADVANCED_FACE('NONE',(#9106),#9652,.F.);
#10137=ADVANCED_FACE('NONE',(#9107,#9108),#9653,.F.);
#10138=ADVANCED_FACE('NONE',(#9109),#9654,.F.);
#10139=ADVANCED_FACE('NONE',(#9110),#9655,.F.);
#10140=ADVANCED_FACE('NONE',(#9111),#9656,.F.);
#10141=ADVANCED_FACE('NONE',(#9112),#9657,.T.);
#10142=ADVANCED_FACE('NONE',(#9113),#9658,.F.);
#10143=ADVANCED_FACE('NONE',(#9114),#296,.F.);
#10144=ADVANCED_FACE('NONE',(#9115),#297,.F.);
#10145=ADVANCED_FACE('NONE',(#9116),#9659,.T.);
#10146=ADVANCED_FACE('NONE',(#9117),#9660,.F.);
#10147=ADVANCED_FACE('NONE',(#9118),#9661,.T.);
#10148=ADVANCED_FACE('NONE',(#9119),#298,.F.);
#10149=ADVANCED_FACE('NONE',(#9120),#299,.F.);
#10150=ADVANCED_FACE('NONE',(#9121),#300,.F.);
#10151=ADVANCED_FACE('NONE',(#9122),#301,.T.);
#10152=ADVANCED_FACE('NONE',(#9123),#302,.F.);
#10153=ADVANCED_FACE('NONE',(#9124),#61,.F.);
#10154=ADVANCED_FACE('NONE',(#9125),#303,.F.);
#10155=ADVANCED_FACE('NONE',(#9126),#62,.F.);
#10156=ADVANCED_FACE('NONE',(#9127),#304,.F.);
#10157=ADVANCED_FACE('NONE',(#9128),#63,.F.);
#10158=ADVANCED_FACE('NONE',(#9129),#305,.F.);
#10159=ADVANCED_FACE('NONE',(#9130),#144,.F.);
#10160=ADVANCED_FACE('NONE',(#9131),#306,.F.);
#10161=ADVANCED_FACE('NONE',(#9132),#307,.F.);
#10162=ADVANCED_FACE('NONE',(#9133),#64,.F.);
#10163=ADVANCED_FACE('NONE',(#9134),#308,.F.);
#10164=ADVANCED_FACE('NONE',(#9135),#65,.F.);
#10165=ADVANCED_FACE('NONE',(#9136),#309,.F.);
#10166=ADVANCED_FACE('NONE',(#9137),#66,.F.);
#10167=ADVANCED_FACE('NONE',(#9138),#310,.F.);
#10168=ADVANCED_FACE('NONE',(#9139),#145,.F.);
#10169=ADVANCED_FACE('NONE',(#9140),#311,.F.);
#10170=ADVANCED_FACE('NONE',(#9141),#312,.T.);
#10171=ADVANCED_FACE('NONE',(#9142),#313,.T.);
#10172=ADVANCED_FACE('NONE',(#9143),#9662,.T.);
#10173=ADVANCED_FACE('NONE',(#9144),#37,.F.);
#10174=ADVANCED_FACE('NONE',(#9145),#38,.F.);
#10175=ADVANCED_FACE('NONE',(#9146),#314,.F.);
#10176=ADVANCED_FACE('NONE',(#9147),#39,.T.);
#10177=ADVANCED_FACE('NONE',(#9148),#9663,.F.);
#10178=ADVANCED_FACE('NONE',(#9149),#40,.T.);
#10179=ADVANCED_FACE('NONE',(#9150),#9664,.T.);
#10180=ADVANCED_FACE('NONE',(#9151),#9665,.T.);
#10181=ADVANCED_FACE('NONE',(#9152),#9666,.T.);
#10182=ADVANCED_FACE('NONE',(#9153),#9667,.T.);
#10183=ADVANCED_FACE('NONE',(#9154),#9668,.T.);
#10184=ADVANCED_FACE('NONE',(#9155),#9669,.T.);
#10185=ADVANCED_FACE('NONE',(#9156),#9670,.T.);
#10186=ADVANCED_FACE('NONE',(#9157),#9671,.T.);
#10187=ADVANCED_FACE('NONE',(#9158),#9672,.T.);
#10188=ADVANCED_FACE('NONE',(#9159),#9673,.T.);
#10189=ADVANCED_FACE('',(#9160),#315,.T.);
#10190=ADVANCED_FACE('',(#9161,#9162),#9674,.F.);
#10191=ADVANCED_FACE('',(#9163),#316,.T.);
#10192=ADVANCED_FACE('',(#9164),#317,.F.);
#10193=ADVANCED_FACE('',(#9165),#9675,.T.);
#10194=ADVANCED_FACE('',(#9166),#318,.F.);
#10195=ADVANCED_FACE('',(#9167,#9168),#16,.T.);
#10196=ADVANCED_FACE('',(#9169,#9170),#17,.F.);
#10197=ADVANCED_FACE('',(#9171,#9172),#9676,.F.);
#10198=ADVANCED_FACE('',(#9173,#9174),#18,.T.);
#10199=ADVANCED_FACE('',(#9175,#9176),#19,.F.);
#10200=ADVANCED_FACE('',(#9177,#9178),#9677,.F.);
#10201=ADVANCED_FACE('',(#9179,#9180),#20,.F.);
#10202=ADVANCED_FACE('',(#9181,#9182),#9678,.F.);
#10203=ADVANCED_FACE('',(#9183,#9184),#21,.F.);
#10204=ADVANCED_FACE('',(#9185,#9186),#9679,.F.);
#10205=ADVANCED_FACE('NONE',(#9187),#9680,.T.);
#10206=ADVANCED_FACE('NONE',(#9188,#9189),#319,.F.);
#10207=ADVANCED_FACE('',(#9190),#9681,.F.);
#10208=ADVANCED_FACE('',(#9191,#9192),#320,.F.);
#10209=ADVANCED_FACE('NONE',(#9193),#9682,.T.);
#10210=ADVANCED_FACE('NONE',(#9194,#9195),#321,.F.);
#10211=ADVANCED_FACE('',(#9196,#9197),#9683,.F.);
#10212=ADVANCED_FACE('',(#9198,#9199),#322,.F.);
#10213=ADVANCED_FACE('NONE',(#9200),#9684,.T.);
#10214=ADVANCED_FACE('NONE',(#9201),#9685,.T.);
#10215=ADVANCED_FACE('NONE',(#9202,#9203),#323,.F.);
#10216=ADVANCED_FACE('',(#9204,#9205),#9686,.F.);
#10217=ADVANCED_FACE('',(#9206,#9207),#324,.F.);
#10218=ADVANCED_FACE('',(#9208),#9687,.T.);
#10219=ADVANCED_FACE('',(#9209),#9688,.T.);
#10220=ADVANCED_FACE('',(#9210),#9689,.F.);
#10221=ADVANCED_FACE('',(#9211),#9690,.T.);
#10222=ADVANCED_FACE('',(#9212),#9691,.T.);
#10223=ADVANCED_FACE('',(#9213),#9692,.F.);
#10224=ADVANCED_FACE('',(#9214),#9693,.T.);
#10225=ADVANCED_FACE('',(#9215),#9694,.T.);
#10226=ADVANCED_FACE('',(#9216),#9695,.T.);
#10227=ADVANCED_FACE('',(#9217),#9696,.T.);
#10228=ADVANCED_FACE('',(#9218),#9697,.F.);
#10229=ADVANCED_FACE('',(#9219),#9698,.T.);
#10230=ADVANCED_FACE('',(#9220),#9699,.F.);
#10231=ADVANCED_FACE('',(#9221),#9700,.F.);
#10232=ADVANCED_FACE('',(#9222),#9701,.T.);
#10233=ADVANCED_FACE('',(#9223),#9702,.T.);
#10234=ADVANCED_FACE('',(#9224),#9703,.T.);
#10235=ADVANCED_FACE('',(#9225),#9704,.F.);
#10236=ADVANCED_FACE('',(#9226),#9705,.F.);
#10237=ADVANCED_FACE('',(#9227),#9706,.T.);
#10238=ADVANCED_FACE('',(#9228),#9707,.T.);
#10239=ADVANCED_FACE('',(#9229),#9708,.T.);
#10240=ADVANCED_FACE('',(#9230),#9709,.F.);
#10241=ADVANCED_FACE('',(#9231),#9710,.F.);
#10242=ADVANCED_FACE('',(#9232),#9711,.T.);
#10243=ADVANCED_FACE('',(#9233),#9712,.F.);
#10244=ADVANCED_FACE('',(#9234),#9713,.T.);
#10245=ADVANCED_FACE('',(#9235),#325,.F.);
#10246=ADVANCED_FACE('',(#9236),#326,.F.);
#10247=ADVANCED_FACE('',(#9237),#327,.F.);
#10248=ADVANCED_FACE('',(#9238),#328,.F.);
#10249=ADVANCED_FACE('',(#9239),#329,.T.);
#10250=ADVANCED_FACE('',(#9240),#330,.T.);
#10251=ADVANCED_FACE('',(#9241),#331,.T.);
#10252=ADVANCED_FACE('',(#9242),#332,.T.);
#10253=ADVANCED_FACE('',(#9243,#9244,#9245),#333,.F.);
#10254=ADVANCED_FACE('',(#9246,#9247),#334,.F.);
#10255=ADVANCED_FACE('',(#9248,#9249),#9714,.T.);
#10256=ADVANCED_FACE('',(#9250,#9251),#335,.F.);
#10257=ADVANCED_FACE('',(#9252,#9253),#9715,.T.);
#10258=ADVANCED_FACE('NONE',(#9254),#9716,.T.);
#10259=ADVANCED_FACE('',(#9255,#9256),#336,.F.);
#10260=ADVANCED_FACE('',(#9257,#9258),#9717,.T.);
#10261=ADVANCED_FACE('NONE',(#9259),#9718,.T.);
#10262=ADVANCED_FACE('',(#9260,#9261),#337,.F.);
#10263=ADVANCED_FACE('',(#9262,#9263),#9719,.T.);
#10264=ADVANCED_FACE('',(#9264),#9720,.T.);
#10265=ADVANCED_FACE('',(#9265),#9721,.F.);
#10266=ADVANCED_FACE('',(#9266),#9722,.T.);
#10267=ADVANCED_FACE('',(#9267),#9723,.T.);
#10268=ADVANCED_FACE('',(#9268),#9724,.F.);
#10269=ADVANCED_FACE('',(#9269),#9725,.T.);
#10270=ADVANCED_FACE('',(#9270,#9271),#338,.F.);
#10271=ADVANCED_FACE('',(#9272,#9273),#9726,.T.);
#10272=ADVANCED_FACE('NONE',(#9274),#9727,.T.);
#10273=ADVANCED_FACE('',(#9275,#9276),#339,.F.);
#10274=ADVANCED_FACE('',(#9277,#9278),#9728,.T.);
#10275=ADVANCED_FACE('NONE',(#9279),#9729,.T.);
#10276=ADVANCED_FACE('',(#9280,#9281),#340,.F.);
#10277=ADVANCED_FACE('',(#9282,#9283),#9730,.T.);
#10278=ADVANCED_FACE('NONE',(#9284),#9731,.T.);
#10279=ADVANCED_FACE('',(#9285,#9286),#341,.F.);
#10280=ADVANCED_FACE('',(#9287,#9288),#9732,.T.);
#10281=ADVANCED_FACE('NONE',(#9289),#9733,.T.);
#10282=ADVANCED_FACE('',(#9290),#9734,.T.);
#10283=ADVANCED_FACE('',(#9291),#9735,.F.);
#10284=ADVANCED_FACE('',(#9292),#9736,.T.);
#10285=ADVANCED_FACE('',(#9293),#9737,.T.);
#10286=ADVANCED_FACE('',(#9294),#9738,.F.);
#10287=ADVANCED_FACE('',(#9295),#9739,.T.);
#10288=ADVANCED_FACE('',(#9296),#9740,.F.);
#10289=ADVANCED_FACE('',(#9297),#9741,.T.);
#10290=ADVANCED_FACE('',(#9298),#9742,.T.);
#10291=ADVANCED_FACE('',(#9299),#9743,.T.);
#10292=ADVANCED_FACE('',(#9300),#9744,.F.);
#10293=ADVANCED_FACE('',(#9301),#9745,.T.);
#10294=ADVANCED_FACE('',(#9302,#9303),#342,.T.);
#10295=ADVANCED_FACE('',(#9304,#9305),#343,.T.);
#10296=ADVANCED_FACE('',(#9306,#9307),#344,.T.);
#10297=ADVANCED_FACE('',(#9308,#9309),#345,.T.);
#10298=ADVANCED_FACE('',(#9310,#9311),#346,.T.);
#10299=ADVANCED_FACE('',(#9312,#9313),#347,.T.);
#10300=ADVANCED_FACE('',(#9314,#9315),#348,.T.);
#10301=ADVANCED_FACE('',(#9316,#9317),#349,.T.);
#10302=ADVANCED_FACE('',(#9318),#350,.F.);
#10303=ADVANCED_FACE('NONE',(#9319,#9320),#9746,.T.);
#10304=ADVANCED_FACE('NONE',(#9321,#9322),#9747,.T.);
#10305=ADVANCED_FACE('NONE',(#9323,#9324),#9748,.T.);
#10306=ADVANCED_FACE('NONE',(#9325,#9326),#9749,.T.);
#10307=ADVANCED_FACE('NONE',(#9327),#9750,.T.);
#10308=ADVANCED_FACE('NONE',(#9328,#9329),#351,.F.);
#10309=ADVANCED_FACE('',(#9330,#9331),#9751,.T.);
#10310=ADVANCED_FACE('',(#9332,#9333),#352,.F.);
#10311=ADVANCED_FACE('NONE',(#9334),#9752,.T.);
#10312=ADVANCED_FACE('NONE',(#9335,#9336),#353,.F.);
#10313=ADVANCED_FACE('',(#9337,#9338),#9753,.T.);
#10314=ADVANCED_FACE('',(#9339,#9340),#354,.F.);
#10315=ADVANCED_FACE('NONE',(#9341),#9754,.T.);
#10316=ADVANCED_FACE('NONE',(#9342,#9343),#355,.F.);
#10317=ADVANCED_FACE('',(#9344,#9345),#9755,.T.);
#10318=ADVANCED_FACE('',(#9346,#9347),#356,.F.);
#10319=ADVANCED_FACE('NONE',(#9348),#9756,.T.);
#10320=ADVANCED_FACE('NONE',(#9349,#9350),#357,.F.);
#10321=ADVANCED_FACE('',(#9351,#9352),#9757,.T.);
#10322=ADVANCED_FACE('',(#9353,#9354),#358,.F.);
#10323=ADVANCED_FACE('NONE',(#9355,#9356),#9758,.T.);
#10324=ADVANCED_FACE('NONE',(#9357,#9358),#9759,.T.);
#10325=ADVANCED_FACE('NONE',(#9359,#9360),#9760,.T.);
#10326=ADVANCED_FACE('NONE',(#9361,#9362),#9761,.T.);
#10327=ADVANCED_FACE('NONE',(#9363),#9762,.T.);
#10328=ADVANCED_FACE('NONE',(#9364,#9365),#359,.F.);
#10329=ADVANCED_FACE('',(#9366,#9367),#9763,.T.);
#10330=ADVANCED_FACE('',(#9368,#9369),#360,.F.);
#10331=ADVANCED_FACE('NONE',(#9370),#9764,.T.);
#10332=ADVANCED_FACE('NONE',(#9371,#9372),#361,.F.);
#10333=ADVANCED_FACE('',(#9373,#9374),#9765,.T.);
#10334=ADVANCED_FACE('',(#9375,#9376),#362,.F.);
#10335=ADVANCED_FACE('NONE',(#9377),#9766,.T.);
#10336=ADVANCED_FACE('NONE',(#9378,#9379),#363,.F.);
#10337=ADVANCED_FACE('',(#9380,#9381),#9767,.T.);
#10338=ADVANCED_FACE('',(#9382,#9383),#364,.F.);
#10339=ADVANCED_FACE('NONE',(#9384),#9768,.T.);
#10340=ADVANCED_FACE('NONE',(#9385,#9386),#365,.F.);
#10341=ADVANCED_FACE('',(#9387,#9388),#9769,.T.);
#10342=ADVANCED_FACE('',(#9389,#9390),#366,.F.);
#10343=ADVANCED_FACE('',(#9391,#9392),#41,.F.);
#10344=ADVANCED_FACE('',(#9393,#9394),#42,.F.);
#10345=ADVANCED_FACE('',(#9395,#9396),#43,.F.);
#10346=ADVANCED_FACE('',(#9397,#9398),#44,.F.);
#10347=ADVANCED_FACE('',(#9399,#9400),#45,.F.);
#10348=ADVANCED_FACE('',(#9401,#9402),#46,.F.);
#10349=ADVANCED_FACE('',(#9403,#9404),#47,.F.);
#10350=ADVANCED_FACE('',(#9405,#9406),#48,.F.);
#10351=ADVANCED_FACE('',(#9407,#9408),#49,.F.);
#10352=ADVANCED_FACE('',(#9409,#9410),#50,.F.);
#10353=ADVANCED_FACE('',(#9411,#9412),#51,.F.);
#10354=ADVANCED_FACE('',(#9413,#9414),#52,.F.);
#10355=ADVANCED_FACE('',(#9415,#9416),#53,.F.);
#10356=ADVANCED_FACE('',(#9417,#9418),#54,.F.);
#10357=ADVANCED_FACE('',(#9419,#9420),#55,.F.);
#10358=ADVANCED_FACE('',(#9421,#9422),#56,.F.);
#10359=ADVANCED_FACE('',(#9423,#9424),#22,.T.);
#10360=ADVANCED_FACE('',(#9425,#9426),#23,.T.);
#10361=ADVANCED_FACE('',(#9427,#9428),#24,.T.);
#10362=ADVANCED_FACE('',(#9429,#9430),#25,.T.);
#10363=ADVANCED_FACE('',(#9431),#9770,.F.);
#10364=ADVANCED_FACE('',(#9432),#367,.F.);
#10365=ADVANCED_FACE('',(#9433),#9771,.F.);
#10366=ADVANCED_FACE('',(#9434),#368,.F.);
#10367=ADVANCED_FACE('',(#9435),#9772,.T.);
#10368=ADVANCED_FACE('',(#9436),#369,.F.);
#10369=ADVANCED_FACE('',(#9437),#9773,.T.);
#10370=ADVANCED_FACE('',(#9438),#370,.F.);
#10371=ADVANCED_FACE('',(#9439,#9440),#371,.F.);
#10372=ADVANCED_FACE('',(#9441,#9442),#372,.F.);
#10373=ADVANCED_FACE('',(#9443,#9444),#373,.T.);
#10374=ADVANCED_FACE('',(#9445,#9446),#9774,.T.);
#10375=ADVANCED_FACE('',(#9447,#9448),#374,.T.);
#10376=ADVANCED_FACE('',(#9449,#9450),#9775,.T.);
#10377=ADVANCED_FACE('',(#9451,#9452),#9776,.F.);
#10378=ADVANCED_FACE('',(#9453,#9454),#9777,.F.);
#10379=ADVANCED_FACE('',(#9455,#9456),#9778,.F.);
#10380=ADVANCED_FACE('',(#9457,#9458),#9779,.F.);
#10381=ADVANCED_FACE('',(#9459,#9460),#9780,.T.);
#10382=ADVANCED_FACE('',(#9461,#9462),#375,.F.);
#10383=ADVANCED_FACE('',(#9463,#9464),#9781,.T.);
#10384=ADVANCED_FACE('',(#9465,#9466),#376,.F.);
#10385=ADVANCED_FACE('',(#9467,#9468),#9782,.T.);
#10386=ADVANCED_FACE('',(#9469,#9470),#377,.F.);
#10387=ADVANCED_FACE('',(#9471,#9472),#9783,.T.);
#10388=ADVANCED_FACE('',(#9473,#9474),#378,.F.);
#10389=ADVANCED_FACE('',(#9475,#9476),#379,.F.);
#10390=ADVANCED_FACE('',(#9477,#9478),#380,.F.);
#10391=ADVANCED_FACE('',(#9479,#9480),#381,.F.);
#10392=ADVANCED_FACE('',(#9481,#9482),#382,.F.);
#10393=ADVANCED_FACE('',(#9483),#9784,.F.);
#10394=ADVANCED_FACE('',(#9484),#9785,.T.);
#10395=ADVANCED_FACE('',(#9485),#9786,.T.);
#10396=ADVANCED_FACE('',(#9486),#9787,.T.);
#10397=ADVANCED_FACE('',(#9487),#9788,.F.);
#10398=ADVANCED_FACE('',(#9488),#9789,.T.);
#10399=ADVANCED_FACE('',(#9489),#9790,.T.);
#10400=ADVANCED_FACE('',(#9490),#9791,.T.);
#10401=ADVANCED_FACE('',(#9491),#9792,.F.);
#10402=ADVANCED_FACE('',(#9492),#9793,.T.);
#10403=ADVANCED_FACE('',(#9493),#9794,.F.);
#10404=ADVANCED_FACE('',(#9494),#9795,.T.);
#10405=ADVANCED_FACE('',(#9495),#9796,.T.);
#10406=ADVANCED_FACE('',(#9496),#9797,.T.);
#10407=ADVANCED_FACE('',(#9497),#9798,.T.);
#10408=ADVANCED_FACE('',(#9498),#9799,.F.);
#10409=ADVANCED_FACE('',(#9499),#9800,.T.);
#10410=ADVANCED_FACE('',(#9500),#9801,.T.);
#10411=ADVANCED_FACE('',(#9501),#9802,.T.);
#10412=ADVANCED_FACE('',(#9502),#9803,.T.);
#10413=ADVANCED_FACE('',(#9503),#9804,.F.);
#10414=ADVANCED_FACE('',(#9504),#9805,.T.);
#10415=ADVANCED_FACE('',(#9505),#383,.F.);
#10416=ADVANCED_FACE('',(#9506),#67,.F.);
#10417=ADVANCED_FACE('',(#9507),#146,.F.);
#10418=ADVANCED_FACE('',(#9508),#384,.F.);
#10419=ADVANCED_FACE('',(#9509),#385,.T.);
#10420=ADVANCED_FACE('',(#9510),#386,.F.);
#10421=ADVANCED_FACE('',(#9511),#147,.F.);
#10422=ADVANCED_FACE('',(#9512),#68,.F.);
#10423=ADVANCED_FACE('',(#9513),#387,.F.);
#10424=ADVANCED_FACE('',(#9514),#388,.T.);
#10425=ADVANCED_FACE('',(#9515),#389,.F.);
#10426=ADVANCED_FACE('',(#9516),#148,.F.);
#10427=ADVANCED_FACE('',(#9517),#149,.F.);
#10428=ADVANCED_FACE('',(#9518),#390,.F.);
#10429=ADVANCED_FACE('',(#9519),#391,.F.);
#10430=ADVANCED_FACE('',(#9520),#69,.F.);
#10431=ADVANCED_FACE('',(#9521),#150,.F.);
#10432=ADVANCED_FACE('',(#9522),#392,.F.);
#10433=ADVANCED_FACE('',(#9523),#393,.T.);
#10434=ADVANCED_FACE('',(#9524),#394,.F.);
#10435=ADVANCED_FACE('',(#9525),#151,.F.);
#10436=ADVANCED_FACE('',(#9526),#70,.F.);
#10437=ADVANCED_FACE('',(#9527),#395,.F.);
#10438=ADVANCED_FACE('',(#9528),#396,.T.);
#10439=ADVANCED_FACE('',(#9529),#397,.F.);
#10440=ADVANCED_FACE('',(#9530),#152,.F.);
#10441=ADVANCED_FACE('',(#9531),#28,.F.);
#10442=ADVANCED_FACE('',(#9532),#398,.F.);
#10443=ADVANCED_FACE('',(#9533,#9534),#399,.F.);
#10444=CLOSED_SHELL('',(#9806,#9807,#9808,#9809,#9810,#9811,#9812,#9813,
#9814,#9815,#9816,#9817,#9818,#9819,#9820,#9821,#9822,#9823,#9824,#9825,
#9826,#9827,#9828,#9829,#9830,#9831,#9832,#9833,#9834,#9835,#9836,#9837,
#9838,#9839,#9840,#9841,#9842,#9843,#9844,#9845,#9846,#9847,#9848,#9849,
#9850,#9851,#9852,#9853,#9854,#9855,#9856,#9857,#9858,#9859,#9860,#9861,
#9862,#9863,#9864,#9865,#9866,#9867,#9868,#9869,#9870,#9871,#9872,#9873,
#9874,#9875,#9876,#9877,#9878,#9879,#9880,#9881,#9882,#9883,#9884,#9885,
#9886,#9887,#9888,#9889,#9890,#9891,#9892,#9893,#9894,#9895,#9896,#9897,
#9898,#9899,#9900,#9901,#9902,#9903,#9904,#9905,#9906,#9907,#9908,#9909,
#9910,#9911,#9912,#9913,#9914,#9915,#9916,#9917,#9918,#9919,#9920,#9921,
#9922,#9923,#9924,#9925,#9926,#9927,#9928,#9929,#9930,#9931,#9932,#9933,
#9934,#9935,#9936,#9937,#9938,#9939,#9940,#9941,#9942,#9943,#9944,#9945,
#9946,#9947,#9948,#9949,#9950,#9951,#9952,#9953,#9954,#9955,#9956,#9957,
#9958,#9959,#9960,#9961,#9962,#9963,#9964,#9965,#9966,#9967,#9968,#9969,
#9970,#9971,#9972,#9973,#9974,#9975,#9976,#9977,#9978,#9979,#9980,#9981,
#9982,#9983,#9984,#9985,#9986,#9987,#9988,#9989,#9990,#9991,#9992,#9993,
#9994,#9995,#9996,#9997,#9998,#9999,#10000,#10001,#10002,#10003,#10004,
#10005,#10006,#10007,#10008,#10009,#10010,#10011,#10012,#10013,#10014,#10015,
#10016,#10017,#10018,#10019,#10020,#10021,#10022,#10023,#10024,#10025,#10026,
#10027,#10028,#10029,#10030,#10031,#10032,#10033,#10034,#10035,#10036,#10037,
#10038,#10039,#10040,#10041,#10042,#10043,#10044,#10045,#10046,#10047,#10048,
#10049,#10050,#10051,#10052,#10053,#10054,#10055,#10056,#10057,#10058,#10059,
#10060,#10061,#10062,#10063,#10064,#10065,#10066,#10067,#10068,#10069,#10070,
#10071,#10072,#10073,#10074,#10075,#10076,#10077,#10078,#10079,#10080,#10081,
#10082,#10083,#10084,#10085,#10086,#10087,#10088,#10089,#10090,#10091,#10092,
#10093,#10094,#10095,#10096,#10097,#10098,#10099,#10100,#10101,#10102,#10103,
#10104,#10105,#10106,#10107,#10108,#10109,#10110,#10111,#10112,#10113,#10114,
#10115,#10116,#10117,#10118,#10119,#10120,#10121,#10122,#10123,#10124,#10125,
#10126,#10127,#10128,#10129,#10130,#10131,#10132,#10133,#10134,#10135,#10136,
#10137,#10138,#10139,#10140,#10141,#10142,#10143,#10144,#10145,#10146,#10147,
#10148,#10149,#10150,#10151,#10152,#10153,#10154,#10155,#10156,#10157,#10158,
#10159,#10160,#10161,#10162,#10163,#10164,#10165,#10166,#10167,#10168,#10169,
#10170,#10171,#10172,#10173,#10174,#10175,#10176,#10177,#10178,#10179,#10180,
#10181,#10182,#10183,#10184,#10185,#10186,#10187,#10188,#10189,#10190,#10191,
#10192,#10193,#10194,#10195,#10196,#10197,#10198,#10199,#10200,#10201,#10202,
#10203,#10204,#10205,#10206,#10207,#10208,#10209,#10210,#10211,#10212,#10213,
#10214,#10215,#10216,#10217,#10218,#10219,#10220,#10221,#10222,#10223,#10224,
#10225,#10226,#10227,#10228,#10229,#10230,#10231,#10232,#10233,#10234,#10235,
#10236,#10237,#10238,#10239,#10240,#10241,#10242,#10243,#10244,#10245,#10246,
#10247,#10248,#10249,#10250,#10251,#10252,#10253,#10254,#10255,#10256,#10257,
#10258,#10259,#10260,#10261,#10262,#10263,#10264,#10265,#10266,#10267,#10268,
#10269,#10270,#10271,#10272,#10273,#10274,#10275,#10276,#10277,#10278,#10279,
#10280,#10281,#10282,#10283,#10284,#10285,#10286,#10287,#10288,#10289,#10290,
#10291,#10292,#10293,#10294,#10295,#10296,#10297,#10298,#10299,#10300,#10301,
#10302,#10303,#10304,#10305,#10306,#10307,#10308,#10309,#10310,#10311,#10312,
#10313,#10314,#10315,#10316,#10317,#10318,#10319,#10320,#10321,#10322,#10323,
#10324,#10325,#10326,#10327,#10328,#10329,#10330,#10331,#10332,#10333,#10334,
#10335,#10336,#10337,#10338,#10339,#10340,#10341,#10342,#10343,#10344,#10345,
#10346,#10347,#10348,#10349,#10350,#10351,#10352,#10353,#10354,#10355,#10356,
#10357,#10358,#10359,#10360,#10361,#10362,#10363,#10364,#10365,#10366,#10367,
#10368,#10369,#10370,#10371,#10372,#10373,#10374,#10375,#10376,#10377,#10378,
#10379,#10380,#10381,#10382,#10383,#10384,#10385,#10386,#10387,#10388,#10389,
#10390,#10391,#10392,#10393,#10394,#10395,#10396,#10397,#10398,#10399,#10400,
#10401,#10402,#10403,#10404,#10405,#10406,#10407,#10408,#10409,#10410,#10411,
#10412,#10413,#10414,#10415,#10416,#10417,#10418,#10419,#10420,#10421,#10422,
#10423,#10424,#10425,#10426,#10427,#10428,#10429,#10430,#10431,#10432,#10433,
#10434,#10435,#10436,#10437,#10438,#10439,#10440,#10441,#10442,#10443));
#10445=STYLED_ITEM('',(#10446),#10453);
#10446=PRESENTATION_STYLE_ASSIGNMENT((#10447));
#10447=SURFACE_STYLE_USAGE(.BOTH.,#10448);
#10448=SURFACE_SIDE_STYLE('',(#10449));
#10449=SURFACE_STYLE_FILL_AREA(#10450);
#10450=FILL_AREA_STYLE('',(#10451));
#10451=FILL_AREA_STYLE_COLOUR('',#10452);
#10452=COLOUR_RGB('',0.792156862745098,0.819607843137255,0.933333333333333);
#10453=MANIFOLD_SOLID_BREP('back-pi-display2',#10444);
#10454=SHAPE_DEFINITION_REPRESENTATION(#18987,#10455);
#10455=SHAPE_REPRESENTATION('back-pi-display2',(#10456),#18982);
#10456=AXIS2_PLACEMENT_3D('',#14605,#11590,#11591);
#10457=AXIS2_PLACEMENT_3D('',#14606,#11592,#11593);
#10458=AXIS2_PLACEMENT_3D('',#14614,#11597,#11598);
#10459=AXIS2_PLACEMENT_3D('',#14625,#11601,#11602);
#10460=AXIS2_PLACEMENT_3D('',#14628,#11604,#11605);
#10461=AXIS2_PLACEMENT_3D('',#14629,#11606,#11607);
#10462=AXIS2_PLACEMENT_3D('',#14647,#11612,#11613);
#10463=AXIS2_PLACEMENT_3D('',#14651,#11615,#11616);
#10464=AXIS2_PLACEMENT_3D('',#14655,#11618,#11619);
#10465=AXIS2_PLACEMENT_3D('',#14656,#11620,#11621);
#10466=AXIS2_PLACEMENT_3D('',#14660,#11623,#11624);
#10467=AXIS2_PLACEMENT_3D('',#14666,#11625,#11626);
#10468=AXIS2_PLACEMENT_3D('',#14667,#11627,#11628);
#10469=AXIS2_PLACEMENT_3D('',#14671,#11630,#11631);
#10470=AXIS2_PLACEMENT_3D('',#14672,#11632,#11633);
#10471=AXIS2_PLACEMENT_3D('',#14676,#11635,#11636);
#10472=AXIS2_PLACEMENT_3D('',#14685,#11638,#11639);
#10473=AXIS2_PLACEMENT_3D('',#14715,#11655,#11656);
#10474=AXIS2_PLACEMENT_3D('',#14729,#11664,#11665);
#10475=AXIS2_PLACEMENT_3D('',#14733,#11667,#11668);
#10476=AXIS2_PLACEMENT_3D('',#14739,#11669,#11670);
#10477=AXIS2_PLACEMENT_3D('',#14740,#11671,#11672);
#10478=AXIS2_PLACEMENT_3D('',#14749,#11673,#11674);
#10479=AXIS2_PLACEMENT_3D('',#14756,#11675,#11676);
#10480=AXIS2_PLACEMENT_3D('',#14762,#11680,#11681);
#10481=AXIS2_PLACEMENT_3D('',#14775,#11685,#11686);
#10482=AXIS2_PLACEMENT_3D('',#14776,#11687,#11688);
#10483=AXIS2_PLACEMENT_3D('',#14789,#11689,#11690);
#10484=AXIS2_PLACEMENT_3D('',#14819,#11706,#11707);
#10485=AXIS2_PLACEMENT_3D('',#14820,#11708,#11709);
#10486=AXIS2_PLACEMENT_3D('',#14826,#11712,#11713);
#10487=AXIS2_PLACEMENT_3D('',#14827,#11714,#11715);
#10488=AXIS2_PLACEMENT_3D('',#14830,#11717,#11718);
#10489=AXIS2_PLACEMENT_3D('',#14831,#11719,#11720);
#10490=AXIS2_PLACEMENT_3D('',#14835,#11722,#11723);
#10491=AXIS2_PLACEMENT_3D('',#14836,#11724,#11725);
#10492=AXIS2_PLACEMENT_3D('',#14837,#11726,#11727);
#10493=AXIS2_PLACEMENT_3D('',#14842,#11730,#11731);
#10494=AXIS2_PLACEMENT_3D('',#14846,#11733,#11734);
#10495=AXIS2_PLACEMENT_3D('',#14847,#11735,#11736);
#10496=AXIS2_PLACEMENT_3D('',#14853,#11739,#11740);
#10497=AXIS2_PLACEMENT_3D('',#14859,#11743,#11744);
#10498=AXIS2_PLACEMENT_3D('',#14863,#11746,#11747);
#10499=AXIS2_PLACEMENT_3D('',#14868,#11751,#11752);
#10500=AXIS2_PLACEMENT_3D('',#14869,#11753,#11754);
#10501=AXIS2_PLACEMENT_3D('',#14871,#11755,#11756);
#10502=AXIS2_PLACEMENT_3D('',#14876,#11758,#11759);
#10503=AXIS2_PLACEMENT_3D('',#14880,#11761,#11762);
#10504=AXIS2_PLACEMENT_3D('',#14884,#11764,#11765);
#10505=AXIS2_PLACEMENT_3D('',#14888,#11767,#11768);
#10506=AXIS2_PLACEMENT_3D('',#14892,#11770,#11771);
#10507=AXIS2_PLACEMENT_3D('',#14895,#11773,#11774);
#10508=AXIS2_PLACEMENT_3D('',#14899,#11776,#11777);
#10509=AXIS2_PLACEMENT_3D('',#14902,#11779,#11780);
#10510=AXIS2_PLACEMENT_3D('',#14906,#11782,#11783);
#10511=AXIS2_PLACEMENT_3D('',#14910,#11785,#11786);
#10512=AXIS2_PLACEMENT_3D('',#14914,#11788,#11789);
#10513=AXIS2_PLACEMENT_3D('',#14918,#11791,#11792);
#10514=AXIS2_PLACEMENT_3D('',#14922,#11794,#11795);
#10515=AXIS2_PLACEMENT_3D('',#14926,#11797,#11798);
#10516=AXIS2_PLACEMENT_3D('',#14932,#11801,#11802);
#10517=AXIS2_PLACEMENT_3D('',#14968,#11811,#11812);
#10518=AXIS2_PLACEMENT_3D('',#14972,#11814,#11815);
#10519=AXIS2_PLACEMENT_3D('',#14976,#11817,#11818);
#10520=AXIS2_PLACEMENT_3D('',#14982,#11821,#11822);
#10521=AXIS2_PLACEMENT_3D('',#14988,#11825,#11826);
#10522=AXIS2_PLACEMENT_3D('',#15000,#11828,#11829);
#10523=AXIS2_PLACEMENT_3D('',#15020,#11833,#11834);
#10524=AXIS2_PLACEMENT_3D('',#15024,#11836,#11837);
#10525=AXIS2_PLACEMENT_3D('',#15028,#11839,#11840);
#10526=AXIS2_PLACEMENT_3D('',#15034,#11843,#11844);
#10527=AXIS2_PLACEMENT_3D('',#15078,#11853,#11854);
#10528=AXIS2_PLACEMENT_3D('',#15086,#11858,#11859);
#10529=AXIS2_PLACEMENT_3D('',#15090,#11861,#11862);
#10530=AXIS2_PLACEMENT_3D('',#15093,#11864,#11865);
#10531=AXIS2_PLACEMENT_3D('',#15094,#11866,#11867);
#10532=AXIS2_PLACEMENT_3D('',#15098,#11869,#11870);
#10533=AXIS2_PLACEMENT_3D('',#15099,#11871,#11872);
#10534=AXIS2_PLACEMENT_3D('',#15100,#11873,#11874);
#10535=AXIS2_PLACEMENT_3D('',#15114,#11881,#11882);
#10536=AXIS2_PLACEMENT_3D('',#15118,#11884,#11885);
#10537=AXIS2_PLACEMENT_3D('',#15120,#11887,#11888);
#10538=AXIS2_PLACEMENT_3D('',#15121,#11889,#11890);
#10539=AXIS2_PLACEMENT_3D('',#15125,#11892,#11893);
#10540=AXIS2_PLACEMENT_3D('',#15126,#11894,#11895);
#10541=AXIS2_PLACEMENT_3D('',#15127,#11896,#11897);
#10542=AXIS2_PLACEMENT_3D('',#15138,#11902,#11903);
#10543=AXIS2_PLACEMENT_3D('',#15156,#11907,#11908);
#10544=AXIS2_PLACEMENT_3D('',#15164,#11912,#11913);
#10545=AXIS2_PLACEMENT_3D('',#15168,#11915,#11916);
#10546=AXIS2_PLACEMENT_3D('',#15173,#11919,#11920);
#10547=AXIS2_PLACEMENT_3D('',#15177,#11922,#11923);
#10548=AXIS2_PLACEMENT_3D('',#15181,#11925,#11926);
#10549=AXIS2_PLACEMENT_3D('',#15185,#11928,#11929);
#10550=AXIS2_PLACEMENT_3D('',#15213,#11934,#11935);
#10551=AXIS2_PLACEMENT_3D('',#15217,#11937,#11938);
#10552=AXIS2_PLACEMENT_3D('',#15221,#11940,#11941);
#10553=AXIS2_PLACEMENT_3D('',#15225,#11943,#11944);
#10554=AXIS2_PLACEMENT_3D('',#15229,#11946,#11947);
#10555=AXIS2_PLACEMENT_3D('',#15230,#11948,#11949);
#10556=AXIS2_PLACEMENT_3D('',#15234,#11951,#11952);
#10557=AXIS2_PLACEMENT_3D('',#15238,#11954,#11955);
#10558=AXIS2_PLACEMENT_3D('',#15239,#11956,#11957);
#10559=AXIS2_PLACEMENT_3D('',#15240,#11958,#11959);
#10560=AXIS2_PLACEMENT_3D('',#15245,#11961,#11962);
#10561=AXIS2_PLACEMENT_3D('',#15249,#11964,#11965);
#10562=AXIS2_PLACEMENT_3D('',#15253,#11967,#11968);
#10563=AXIS2_PLACEMENT_3D('',#15256,#11970,#11971);
#10564=AXIS2_PLACEMENT_3D('',#15257,#11972,#11973);
#10565=AXIS2_PLACEMENT_3D('',#15261,#11975,#11976);
#10566=AXIS2_PLACEMENT_3D('',#15266,#11979,#11980);
#10567=AXIS2_PLACEMENT_3D('',#15269,#11982,#11983);
#10568=AXIS2_PLACEMENT_3D('',#15270,#11984,#11985);
#10569=AXIS2_PLACEMENT_3D('',#15274,#11987,#11988);
#10570=AXIS2_PLACEMENT_3D('',#15279,#11991,#11992);
#10571=AXIS2_PLACEMENT_3D('',#15282,#11994,#11995);
#10572=AXIS2_PLACEMENT_3D('',#15283,#11996,#11997);
#10573=AXIS2_PLACEMENT_3D('',#15287,#11999,#12000);
#10574=AXIS2_PLACEMENT_3D('',#15292,#12003,#12004);
#10575=AXIS2_PLACEMENT_3D('',#15295,#12006,#12007);
#10576=AXIS2_PLACEMENT_3D('',#15296,#12008,#12009);
#10577=AXIS2_PLACEMENT_3D('',#15300,#12011,#12012);
#10578=AXIS2_PLACEMENT_3D('',#15305,#12015,#12016);
#10579=AXIS2_PLACEMENT_3D('',#15308,#12018,#12019);
#10580=AXIS2_PLACEMENT_3D('',#15309,#12020,#12021);
#10581=AXIS2_PLACEMENT_3D('',#15313,#12023,#12024);
#10582=AXIS2_PLACEMENT_3D('',#15316,#12026,#12027);
#10583=AXIS2_PLACEMENT_3D('',#15317,#12028,#12029);
#10584=AXIS2_PLACEMENT_3D('',#15321,#12031,#12032);
#10585=AXIS2_PLACEMENT_3D('',#15324,#12034,#12035);
#10586=AXIS2_PLACEMENT_3D('',#15325,#12036,#12037);
#10587=AXIS2_PLACEMENT_3D('',#15329,#12039,#12040);
#10588=AXIS2_PLACEMENT_3D('',#15332,#12042,#12043);
#10589=AXIS2_PLACEMENT_3D('',#15333,#12044,#12045);
#10590=AXIS2_PLACEMENT_3D('',#15337,#12047,#12048);
#10591=AXIS2_PLACEMENT_3D('',#15340,#12050,#12051);
#10592=AXIS2_PLACEMENT_3D('',#15341,#12052,#12053);
#10593=AXIS2_PLACEMENT_3D('',#15346,#12055,#12056);
#10594=AXIS2_PLACEMENT_3D('',#15349,#12058,#12059);
#10595=AXIS2_PLACEMENT_3D('',#15361,#12061,#12062);
#10596=AXIS2_PLACEMENT_3D('',#15367,#12063,#12064);
#10597=AXIS2_PLACEMENT_3D('',#15370,#12066,#12067);
#10598=AXIS2_PLACEMENT_3D('',#15371,#12068,#12069);
#10599=AXIS2_PLACEMENT_3D('',#15376,#12071,#12072);
#10600=AXIS2_PLACEMENT_3D('',#15379,#12074,#12075);
#10601=AXIS2_PLACEMENT_3D('',#15391,#12077,#12078);
#10602=AXIS2_PLACEMENT_3D('',#15403,#12080,#12081);
#10603=AXIS2_PLACEMENT_3D('',#15412,#12086,#12087);
#10604=AXIS2_PLACEMENT_3D('',#15421,#12092,#12093);
#10605=AXIS2_PLACEMENT_3D('',#15440,#12094,#12095);
#10606=AXIS2_PLACEMENT_3D('',#15446,#12096,#12097);
#10607=AXIS2_PLACEMENT_3D('',#15457,#12098,#12099);
#10608=AXIS2_PLACEMENT_3D('',#15467,#12101,#12102);
#10609=AXIS2_PLACEMENT_3D('',#15475,#12104,#12105);
#10610=AXIS2_PLACEMENT_3D('',#15490,#12108,#12109);
#10611=AXIS2_PLACEMENT_3D('',#15502,#12111,#12112);
#10612=AXIS2_PLACEMENT_3D('',#15503,#12113,#12114);
#10613=AXIS2_PLACEMENT_3D('',#15505,#12115,#12116);
#10614=AXIS2_PLACEMENT_3D('',#15508,#12118,#12119);
#10615=AXIS2_PLACEMENT_3D('',#15517,#12121,#12122);
#10616=AXIS2_PLACEMENT_3D('',#15520,#12124,#12125);
#10617=AXIS2_PLACEMENT_3D('',#15532,#12127,#12128);
#10618=AXIS2_PLACEMENT_3D('',#15533,#12129,#12130);
#10619=AXIS2_PLACEMENT_3D('',#15535,#12131,#12132);
#10620=AXIS2_PLACEMENT_3D('',#15538,#12134,#12135);
#10621=AXIS2_PLACEMENT_3D('',#15547,#12140,#12141);
#10622=AXIS2_PLACEMENT_3D('',#15548,#12142,#12143);
#10623=AXIS2_PLACEMENT_3D('',#15550,#12144,#12145);
#10624=AXIS2_PLACEMENT_3D('',#15553,#12147,#12148);
#10625=AXIS2_PLACEMENT_3D('',#15554,#12149,#12150);
#10626=AXIS2_PLACEMENT_3D('',#15556,#12151,#12152);
#10627=AXIS2_PLACEMENT_3D('',#15557,#12153,#12154);
#10628=AXIS2_PLACEMENT_3D('',#15560,#12156,#12157);
#10629=AXIS2_PLACEMENT_3D('',#15561,#12158,#12159);
#10630=AXIS2_PLACEMENT_3D('',#15562,#12160,#12161);
#10631=AXIS2_PLACEMENT_3D('',#15564,#12162,#12163);
#10632=AXIS2_PLACEMENT_3D('',#15565,#12164,#12165);
#10633=AXIS2_PLACEMENT_3D('',#15568,#12167,#12168);
#10634=AXIS2_PLACEMENT_3D('',#15569,#12169,#12170);
#10635=AXIS2_PLACEMENT_3D('',#15575,#12171,#12172);
#10636=AXIS2_PLACEMENT_3D('',#15578,#12174,#12175);
#10637=AXIS2_PLACEMENT_3D('',#15582,#12178,#12179);
#10638=AXIS2_PLACEMENT_3D('',#15583,#12180,#12181);
#10639=AXIS2_PLACEMENT_3D('',#15589,#12182,#12183);
#10640=AXIS2_PLACEMENT_3D('',#15591,#12185,#12186);
#10641=AXIS2_PLACEMENT_3D('',#15597,#12187,#12188);
#10642=AXIS2_PLACEMENT_3D('',#15600,#12190,#12191);
#10643=AXIS2_PLACEMENT_3D('',#15604,#12194,#12195);
#10644=AXIS2_PLACEMENT_3D('',#15605,#12196,#12197);
#10645=AXIS2_PLACEMENT_3D('',#15611,#12198,#12199);
#10646=AXIS2_PLACEMENT_3D('',#15613,#12201,#12202);
#10647=AXIS2_PLACEMENT_3D('',#15614,#12203,#12204);
#10648=AXIS2_PLACEMENT_3D('',#15616,#12205,#12206);
#10649=AXIS2_PLACEMENT_3D('',#15618,#12207,#12208);
#10650=AXIS2_PLACEMENT_3D('',#15619,#12209,#12210);
#10651=AXIS2_PLACEMENT_3D('',#15620,#12211,#12212);
#10652=AXIS2_PLACEMENT_3D('',#15623,#12214,#12215);
#10653=AXIS2_PLACEMENT_3D('',#15624,#12216,#12217);
#10654=AXIS2_PLACEMENT_3D('',#15626,#12218,#12219);
#10655=AXIS2_PLACEMENT_3D('',#15627,#12220,#12221);
#10656=AXIS2_PLACEMENT_3D('',#15636,#12224,#12225);
#10657=AXIS2_PLACEMENT_3D('',#15645,#12228,#12229);
#10658=AXIS2_PLACEMENT_3D('',#15651,#12230,#12231);
#10659=AXIS2_PLACEMENT_3D('',#15652,#12232,#12233);
#10660=AXIS2_PLACEMENT_3D('',#15653,#12234,#12235);
#10661=AXIS2_PLACEMENT_3D('',#15654,#12236,#12237);
#10662=AXIS2_PLACEMENT_3D('',#15660,#12238,#12239);
#10663=AXIS2_PLACEMENT_3D('',#15666,#12240,#12241);
#10664=AXIS2_PLACEMENT_3D('',#15672,#12242,#12243);
#10665=AXIS2_PLACEMENT_3D('',#15678,#12244,#12245);
#10666=AXIS2_PLACEMENT_3D('',#15686,#12247,#12248);
#10667=AXIS2_PLACEMENT_3D('',#15697,#12249,#12250);
#10668=AXIS2_PLACEMENT_3D('',#15699,#12252,#12253);
#10669=AXIS2_PLACEMENT_3D('',#15710,#12254,#12255);
#10670=AXIS2_PLACEMENT_3D('',#15711,#12256,#12257);
#10671=AXIS2_PLACEMENT_3D('',#15715,#12259,#12260);
#10672=AXIS2_PLACEMENT_3D('',#15716,#12261,#12262);
#10673=AXIS2_PLACEMENT_3D('',#15717,#12263,#12264);
#10674=AXIS2_PLACEMENT_3D('',#15719,#12265,#12266);
#10675=AXIS2_PLACEMENT_3D('',#15720,#12267,#12268);
#10676=AXIS2_PLACEMENT_3D('',#15721,#12269,#12270);
#10677=AXIS2_PLACEMENT_3D('',#15724,#12272,#12273);
#10678=AXIS2_PLACEMENT_3D('',#15725,#12274,#12275);
#10679=AXIS2_PLACEMENT_3D('',#15727,#12276,#12277);
#10680=AXIS2_PLACEMENT_3D('',#15728,#12278,#12279);
#10681=AXIS2_PLACEMENT_3D('',#15729,#12280,#12281);
#10682=AXIS2_PLACEMENT_3D('',#15732,#12283,#12284);
#10683=AXIS2_PLACEMENT_3D('',#15738,#12288,#12289);
#10684=AXIS2_PLACEMENT_3D('',#15739,#12290,#12291);
#10685=AXIS2_PLACEMENT_3D('',#15745,#12292,#12293);
#10686=AXIS2_PLACEMENT_3D('',#15752,#12295,#12296);
#10687=AXIS2_PLACEMENT_3D('',#15753,#12297,#12298);
#10688=AXIS2_PLACEMENT_3D('',#15754,#12299,#12300);
#10689=AXIS2_PLACEMENT_3D('',#15760,#12304,#12305);
#10690=AXIS2_PLACEMENT_3D('',#15761,#12306,#12307);
#10691=AXIS2_PLACEMENT_3D('',#15767,#12308,#12309);
#10692=AXIS2_PLACEMENT_3D('',#15774,#12311,#12312);
#10693=AXIS2_PLACEMENT_3D('',#15775,#12313,#12314);
#10694=AXIS2_PLACEMENT_3D('',#15776,#12315,#12316);
#10695=AXIS2_PLACEMENT_3D('',#15777,#12317,#12318);
#10696=AXIS2_PLACEMENT_3D('',#15787,#12321,#12322);
#10697=AXIS2_PLACEMENT_3D('',#15788,#12323,#12324);
#10698=AXIS2_PLACEMENT_3D('',#15790,#12325,#12326);
#10699=AXIS2_PLACEMENT_3D('',#15791,#12327,#12328);
#10700=AXIS2_PLACEMENT_3D('',#15794,#12330,#12331);
#10701=AXIS2_PLACEMENT_3D('',#15795,#12332,#12333);
#10702=AXIS2_PLACEMENT_3D('',#15796,#12334,#12335);
#10703=AXIS2_PLACEMENT_3D('',#15798,#12336,#12337);
#10704=AXIS2_PLACEMENT_3D('',#15799,#12338,#12339);
#10705=AXIS2_PLACEMENT_3D('',#15808,#12342,#12343);
#10706=AXIS2_PLACEMENT_3D('',#15809,#12344,#12345);
#10707=AXIS2_PLACEMENT_3D('',#15811,#12346,#12347);
#10708=AXIS2_PLACEMENT_3D('',#15813,#12348,#12349);
#10709=AXIS2_PLACEMENT_3D('',#15814,#12350,#12351);
#10710=AXIS2_PLACEMENT_3D('',#15816,#12352,#12353);
#10711=AXIS2_PLACEMENT_3D('',#15818,#12354,#12355);
#10712=AXIS2_PLACEMENT_3D('',#15832,#12356,#12357);
#10713=AXIS2_PLACEMENT_3D('',#15833,#12358,#12359);
#10714=AXIS2_PLACEMENT_3D('',#15836,#12361,#12362);
#10715=AXIS2_PLACEMENT_3D('',#15837,#12363,#12364);
#10716=AXIS2_PLACEMENT_3D('',#15839,#12365,#12366);
#10717=AXIS2_PLACEMENT_3D('',#15841,#12367,#12368);
#10718=AXIS2_PLACEMENT_3D('',#15842,#12369,#12370);
#10719=AXIS2_PLACEMENT_3D('',#15845,#12372,#12373);
#10720=AXIS2_PLACEMENT_3D('',#15848,#12375,#12376);
#10721=AXIS2_PLACEMENT_3D('',#15849,#12377,#12378);
#10722=AXIS2_PLACEMENT_3D('',#15854,#12380,#12381);
#10723=AXIS2_PLACEMENT_3D('',#15857,#12383,#12384);
#10724=AXIS2_PLACEMENT_3D('',#15858,#12385,#12386);
#10725=AXIS2_PLACEMENT_3D('',#15860,#12387,#12388);
#10726=AXIS2_PLACEMENT_3D('',#15861,#12389,#12390);
#10727=AXIS2_PLACEMENT_3D('',#15862,#12391,#12392);
#10728=AXIS2_PLACEMENT_3D('',#15875,#12393,#12394);
#10729=AXIS2_PLACEMENT_3D('',#15876,#12395,#12396);
#10730=AXIS2_PLACEMENT_3D('',#15877,#12397,#12398);
#10731=AXIS2_PLACEMENT_3D('',#15889,#12399,#12400);
#10732=AXIS2_PLACEMENT_3D('',#15897,#12402,#12403);
#10733=AXIS2_PLACEMENT_3D('',#15898,#12404,#12405);
#10734=AXIS2_PLACEMENT_3D('',#15901,#12406,#12407);
#10735=AXIS2_PLACEMENT_3D('',#15903,#12408,#12409);
#10736=AXIS2_PLACEMENT_3D('',#15905,#12410,#12411);
#10737=AXIS2_PLACEMENT_3D('',#15906,#12412,#12413);
#10738=AXIS2_PLACEMENT_3D('',#15909,#12415,#12416);
#10739=AXIS2_PLACEMENT_3D('',#15912,#12418,#12419);
#10740=AXIS2_PLACEMENT_3D('',#15913,#12420,#12421);
#10741=AXIS2_PLACEMENT_3D('',#15918,#12423,#12424);
#10742=AXIS2_PLACEMENT_3D('',#15921,#12426,#12427);
#10743=AXIS2_PLACEMENT_3D('',#15922,#12428,#12429);
#10744=AXIS2_PLACEMENT_3D('',#15924,#12430,#12431);
#10745=AXIS2_PLACEMENT_3D('',#15926,#12432,#12433);
#10746=AXIS2_PLACEMENT_3D('',#15927,#12434,#12435);
#10747=AXIS2_PLACEMENT_3D('',#15937,#12438,#12439);
#10748=AXIS2_PLACEMENT_3D('',#15959,#12440,#12441);
#10749=AXIS2_PLACEMENT_3D('',#15969,#12444,#12445);
#10750=AXIS2_PLACEMENT_3D('',#15987,#12446,#12447);
#10751=AXIS2_PLACEMENT_3D('',#15997,#12450,#12451);
#10752=AXIS2_PLACEMENT_3D('',#16015,#12452,#12453);
#10753=AXIS2_PLACEMENT_3D('',#16025,#12456,#12457);
#10754=AXIS2_PLACEMENT_3D('',#16043,#12458,#12459);
#10755=AXIS2_PLACEMENT_3D('',#16053,#12462,#12463);
#10756=AXIS2_PLACEMENT_3D('',#16071,#12464,#12465);
#10757=AXIS2_PLACEMENT_3D('',#16081,#12468,#12469);
#10758=AXIS2_PLACEMENT_3D('',#16103,#12470,#12471);
#10759=AXIS2_PLACEMENT_3D('',#16106,#12474,#12475);
#10760=AXIS2_PLACEMENT_3D('',#16110,#12478,#12479);
#10761=AXIS2_PLACEMENT_3D('',#16111,#12480,#12481);
#10762=AXIS2_PLACEMENT_3D('',#16114,#12483,#12484);
#10763=AXIS2_PLACEMENT_3D('',#16116,#12486,#12487);
#10764=AXIS2_PLACEMENT_3D('',#16117,#12488,#12489);
#10765=AXIS2_PLACEMENT_3D('',#16118,#12490,#12491);
#10766=AXIS2_PLACEMENT_3D('',#16119,#12492,#12493);
#10767=AXIS2_PLACEMENT_3D('',#16120,#12494,#12495);
#10768=AXIS2_PLACEMENT_3D('',#16128,#12496,#12497);
#10769=AXIS2_PLACEMENT_3D('',#16129,#12498,#12499);
#10770=AXIS2_PLACEMENT_3D('',#16145,#12500,#12501);
#10771=AXIS2_PLACEMENT_3D('',#16149,#12504,#12505);
#10772=AXIS2_PLACEMENT_3D('',#16157,#12507,#12508);
#10773=AXIS2_PLACEMENT_3D('',#16161,#12511,#12512);
#10774=AXIS2_PLACEMENT_3D('',#16169,#12514,#12515);
#10775=AXIS2_PLACEMENT_3D('',#16177,#12517,#12518);
#10776=AXIS2_PLACEMENT_3D('',#16183,#12523,#12524);
#10777=AXIS2_PLACEMENT_3D('',#16193,#12525,#12526);
#10778=AXIS2_PLACEMENT_3D('',#16201,#12527,#12528);
#10779=AXIS2_PLACEMENT_3D('',#16207,#12532,#12533);
#10780=AXIS2_PLACEMENT_3D('',#16210,#12536,#12537);
#10781=AXIS2_PLACEMENT_3D('',#16211,#12538,#12539);
#10782=AXIS2_PLACEMENT_3D('',#16213,#12540,#12541);
#10783=AXIS2_PLACEMENT_3D('',#16216,#12543,#12544);
#10784=AXIS2_PLACEMENT_3D('',#16217,#12545,#12546);
#10785=AXIS2_PLACEMENT_3D('',#16221,#12548,#12549);
#10786=AXIS2_PLACEMENT_3D('',#16222,#12550,#12551);
#10787=AXIS2_PLACEMENT_3D('',#16225,#12553,#12554);
#10788=AXIS2_PLACEMENT_3D('',#16228,#12556,#12557);
#10789=AXIS2_PLACEMENT_3D('',#16230,#12559,#12560);
#10790=AXIS2_PLACEMENT_3D('',#16234,#12562,#12563);
#10791=AXIS2_PLACEMENT_3D('',#16238,#12565,#12566);
#10792=AXIS2_PLACEMENT_3D('',#16239,#12567,#12568);
#10793=AXIS2_PLACEMENT_3D('',#16242,#12571,#12572);
#10794=AXIS2_PLACEMENT_3D('',#16245,#12574,#12575);
#10795=AXIS2_PLACEMENT_3D('',#16258,#12580,#12581);
#10796=AXIS2_PLACEMENT_3D('',#16262,#12583,#12584);
#10797=AXIS2_PLACEMENT_3D('',#16266,#12586,#12587);
#10798=AXIS2_PLACEMENT_3D('',#16267,#12588,#12589);
#10799=AXIS2_PLACEMENT_3D('',#16270,#12592,#12593);
#10800=AXIS2_PLACEMENT_3D('',#16282,#12594,#12595);
#10801=AXIS2_PLACEMENT_3D('',#16283,#12596,#12597);
#10802=AXIS2_PLACEMENT_3D('',#16287,#12599,#12600);
#10803=AXIS2_PLACEMENT_3D('',#16288,#12601,#12602);
#10804=AXIS2_PLACEMENT_3D('',#16295,#12604,#12605);
#10805=AXIS2_PLACEMENT_3D('',#16299,#12607,#12608);
#10806=AXIS2_PLACEMENT_3D('',#16300,#12609,#12610);
#10807=AXIS2_PLACEMENT_3D('',#16301,#12611,#12612);
#10808=AXIS2_PLACEMENT_3D('',#16314,#12614,#12615);
#10809=AXIS2_PLACEMENT_3D('',#16315,#12616,#12617);
#10810=AXIS2_PLACEMENT_3D('',#16319,#12620,#12621);
#10811=AXIS2_PLACEMENT_3D('',#16325,#12622,#12623);
#10812=AXIS2_PLACEMENT_3D('',#16335,#12625,#12626);
#10813=AXIS2_PLACEMENT_3D('',#16343,#12631,#12632);
#10814=AXIS2_PLACEMENT_3D('',#16344,#12633,#12634);
#10815=AXIS2_PLACEMENT_3D('',#16350,#12635,#12636);
#10816=AXIS2_PLACEMENT_3D('',#16351,#12637,#12638);
#10817=AXIS2_PLACEMENT_3D('',#16356,#12640,#12641);
#10818=AXIS2_PLACEMENT_3D('',#16362,#12644,#12645);
#10819=AXIS2_PLACEMENT_3D('',#16367,#12648,#12649);
#10820=AXIS2_PLACEMENT_3D('',#16370,#12652,#12653);
#10821=AXIS2_PLACEMENT_3D('',#16371,#12654,#12655);
#10822=AXIS2_PLACEMENT_3D('',#16376,#12657,#12658);
#10823=AXIS2_PLACEMENT_3D('',#16379,#12660,#12661);
#10824=AXIS2_PLACEMENT_3D('',#16382,#12664,#12665);
#10825=AXIS2_PLACEMENT_3D('',#16388,#12669,#12670);
#10826=AXIS2_PLACEMENT_3D('',#16389,#12671,#12672);
#10827=AXIS2_PLACEMENT_3D('',#16393,#12674,#12675);
#10828=AXIS2_PLACEMENT_3D('',#16394,#12676,#12677);
#10829=AXIS2_PLACEMENT_3D('',#16397,#12680,#12681);
#10830=AXIS2_PLACEMENT_3D('',#16411,#12683,#12684);
#10831=AXIS2_PLACEMENT_3D('',#16417,#12688,#12689);
#10832=AXIS2_PLACEMENT_3D('',#16428,#12690,#12691);
#10833=AXIS2_PLACEMENT_3D('',#16436,#12693,#12694);
#10834=AXIS2_PLACEMENT_3D('',#16437,#12695,#12696);
#10835=AXIS2_PLACEMENT_3D('',#16442,#12698,#12699);
#10836=AXIS2_PLACEMENT_3D('',#16445,#12701,#12702);
#10837=AXIS2_PLACEMENT_3D('',#16448,#12705,#12706);
#10838=AXIS2_PLACEMENT_3D('',#16458,#12709,#12710);
#10839=AXIS2_PLACEMENT_3D('',#16468,#12711,#12712);
#10840=AXIS2_PLACEMENT_3D('',#16476,#12714,#12715);
#10841=AXIS2_PLACEMENT_3D('',#16480,#12718,#12719);
#10842=AXIS2_PLACEMENT_3D('',#16488,#12721,#12722);
#10843=AXIS2_PLACEMENT_3D('',#16496,#12724,#12725);
#10844=AXIS2_PLACEMENT_3D('',#16506,#12726,#12727);
#10845=AXIS2_PLACEMENT_3D('',#16512,#12731,#12732);
#10846=AXIS2_PLACEMENT_3D('',#16513,#12733,#12734);
#10847=AXIS2_PLACEMENT_3D('',#16520,#12735,#12736);
#10848=AXIS2_PLACEMENT_3D('',#16521,#12737,#12738);
#10849=AXIS2_PLACEMENT_3D('',#16522,#12739,#12740);
#10850=AXIS2_PLACEMENT_3D('',#16531,#12741,#12742);
#10851=AXIS2_PLACEMENT_3D('',#16532,#12743,#12744);
#10852=AXIS2_PLACEMENT_3D('',#16536,#12747,#12748);
#10853=AXIS2_PLACEMENT_3D('',#16546,#12750,#12751);
#10854=AXIS2_PLACEMENT_3D('',#16550,#12754,#12755);
#10855=AXIS2_PLACEMENT_3D('',#16558,#12757,#12758);
#10856=AXIS2_PLACEMENT_3D('',#16562,#12761,#12762);
#10857=AXIS2_PLACEMENT_3D('',#16570,#12764,#12765);
#10858=AXIS2_PLACEMENT_3D('',#16574,#12768,#12769);
#10859=AXIS2_PLACEMENT_3D('',#16582,#12771,#12772);
#10860=AXIS2_PLACEMENT_3D('',#16586,#12775,#12776);
#10861=AXIS2_PLACEMENT_3D('',#16594,#12778,#12779);
#10862=AXIS2_PLACEMENT_3D('',#16598,#12782,#12783);
#10863=AXIS2_PLACEMENT_3D('',#16608,#12785,#12786);
#10864=AXIS2_PLACEMENT_3D('',#16611,#12788,#12789);
#10865=AXIS2_PLACEMENT_3D('',#16612,#12790,#12791);
#10866=AXIS2_PLACEMENT_3D('',#16620,#12792,#12793);
#10867=AXIS2_PLACEMENT_3D('',#16621,#12794,#12795);
#10868=AXIS2_PLACEMENT_3D('',#16624,#12798,#12799);
#10869=AXIS2_PLACEMENT_3D('',#16625,#12800,#12801);
#10870=AXIS2_PLACEMENT_3D('',#16628,#12803,#12804);
#10871=AXIS2_PLACEMENT_3D('',#16632,#12807,#12808);
#10872=AXIS2_PLACEMENT_3D('',#16638,#12812,#12813);
#10873=AXIS2_PLACEMENT_3D('',#16639,#12814,#12815);
#10874=AXIS2_PLACEMENT_3D('',#16640,#12816,#12817);
#10875=AXIS2_PLACEMENT_3D('',#16643,#12819,#12820);
#10876=AXIS2_PLACEMENT_3D('',#16646,#12822,#12823);
#10877=AXIS2_PLACEMENT_3D('',#16650,#12826,#12827);
#10878=AXIS2_PLACEMENT_3D('',#16656,#12831,#12832);
#10879=AXIS2_PLACEMENT_3D('',#16657,#12833,#12834);
#10880=AXIS2_PLACEMENT_3D('',#16660,#12836,#12837);
#10881=AXIS2_PLACEMENT_3D('',#16661,#12838,#12839);
#10882=AXIS2_PLACEMENT_3D('',#16667,#12842,#12843);
#10883=AXIS2_PLACEMENT_3D('',#16670,#12845,#12846);
#10884=AXIS2_PLACEMENT_3D('',#16673,#12848,#12849);
#10885=AXIS2_PLACEMENT_3D('',#16676,#12851,#12852);
#10886=AXIS2_PLACEMENT_3D('',#16680,#12855,#12856);
#10887=AXIS2_PLACEMENT_3D('',#16681,#12857,#12858);
#10888=AXIS2_PLACEMENT_3D('',#16684,#12860,#12861);
#10889=AXIS2_PLACEMENT_3D('',#16693,#12866,#12867);
#10890=AXIS2_PLACEMENT_3D('',#16699,#12871,#12872);
#10891=AXIS2_PLACEMENT_3D('',#16700,#12873,#12874);
#10892=AXIS2_PLACEMENT_3D('',#16731,#12875,#12876);
#10893=AXIS2_PLACEMENT_3D('',#16732,#12877,#12878);
#10894=AXIS2_PLACEMENT_3D('',#16733,#12879,#12880);
#10895=AXIS2_PLACEMENT_3D('',#16738,#12881,#12882);
#10896=AXIS2_PLACEMENT_3D('',#16743,#12883,#12884);
#10897=AXIS2_PLACEMENT_3D('',#16748,#12885,#12886);
#10898=AXIS2_PLACEMENT_3D('',#16753,#12887,#12888);
#10899=AXIS2_PLACEMENT_3D('',#16754,#12889,#12890);
#10900=AXIS2_PLACEMENT_3D('',#16760,#12891,#12892);
#10901=AXIS2_PLACEMENT_3D('',#16770,#12893,#12894);
#10902=AXIS2_PLACEMENT_3D('',#16771,#12895,#12896);
#10903=AXIS2_PLACEMENT_3D('',#16776,#12898,#12899);
#10904=AXIS2_PLACEMENT_3D('',#16779,#12901,#12902);
#10905=AXIS2_PLACEMENT_3D('',#16784,#12904,#12905);
#10906=AXIS2_PLACEMENT_3D('',#16792,#12907,#12908);
#10907=AXIS2_PLACEMENT_3D('',#16794,#12909,#12910);
#10908=AXIS2_PLACEMENT_3D('',#16795,#12911,#12912);
#10909=AXIS2_PLACEMENT_3D('',#16796,#12913,#12914);
#10910=AXIS2_PLACEMENT_3D('',#16798,#12916,#12917);
#10911=AXIS2_PLACEMENT_3D('',#16801,#12920,#12921);
#10912=AXIS2_PLACEMENT_3D('',#16804,#12924,#12925);
#10913=AXIS2_PLACEMENT_3D('',#16812,#12928,#12929);
#10914=AXIS2_PLACEMENT_3D('',#16818,#12930,#12931);
#10915=AXIS2_PLACEMENT_3D('',#16824,#12932,#12933);
#10916=AXIS2_PLACEMENT_3D('',#16830,#12934,#12935);
#10917=AXIS2_PLACEMENT_3D('',#16841,#12936,#12937);
#10918=AXIS2_PLACEMENT_3D('',#16842,#12938,#12939);
#10919=AXIS2_PLACEMENT_3D('',#16847,#12941,#12942);
#10920=AXIS2_PLACEMENT_3D('',#16850,#12944,#12945);
#10921=AXIS2_PLACEMENT_3D('',#16855,#12947,#12948);
#10922=AXIS2_PLACEMENT_3D('',#16862,#12950,#12951);
#10923=AXIS2_PLACEMENT_3D('',#16864,#12952,#12953);
#10924=AXIS2_PLACEMENT_3D('',#16870,#12954,#12955);
#10925=AXIS2_PLACEMENT_3D('',#16876,#12956,#12957);
#10926=AXIS2_PLACEMENT_3D('',#16879,#12960,#12961);
#10927=AXIS2_PLACEMENT_3D('',#16881,#12963,#12964);
#10928=AXIS2_PLACEMENT_3D('',#16884,#12967,#12968);
#10929=AXIS2_PLACEMENT_3D('',#16886,#12970,#12971);
#10930=AXIS2_PLACEMENT_3D('',#16889,#12974,#12975);
#10931=AXIS2_PLACEMENT_3D('',#16892,#12978,#12979);
#10932=AXIS2_PLACEMENT_3D('',#16898,#12980,#12981);
#10933=AXIS2_PLACEMENT_3D('',#16903,#12982,#12983);
#10934=AXIS2_PLACEMENT_3D('',#16908,#12984,#12985);
#10935=AXIS2_PLACEMENT_3D('',#16913,#12986,#12987);
#10936=AXIS2_PLACEMENT_3D('',#16918,#12988,#12989);
#10937=AXIS2_PLACEMENT_3D('',#16919,#12990,#12991);
#10938=AXIS2_PLACEMENT_3D('',#16920,#12992,#12993);
#10939=AXIS2_PLACEMENT_3D('',#16957,#12994,#12995);
#10940=AXIS2_PLACEMENT_3D('',#16958,#12996,#12997);
#10941=AXIS2_PLACEMENT_3D('',#16959,#12998,#12999);
#10942=AXIS2_PLACEMENT_3D('',#16960,#13000,#13001);
#10943=AXIS2_PLACEMENT_3D('',#16999,#13003,#13004);
#10944=AXIS2_PLACEMENT_3D('',#17000,#13005,#13006);
#10945=AXIS2_PLACEMENT_3D('',#17008,#13008,#13009);
#10946=AXIS2_PLACEMENT_3D('',#17022,#13010,#13011);
#10947=AXIS2_PLACEMENT_3D('',#17030,#13013,#13014);
#10948=AXIS2_PLACEMENT_3D('',#17042,#13015,#13016);
#10949=AXIS2_PLACEMENT_3D('',#17050,#13018,#13019);
#10950=AXIS2_PLACEMENT_3D('',#17062,#13020,#13021);
#10951=AXIS2_PLACEMENT_3D('',#17070,#13023,#13024);
#10952=AXIS2_PLACEMENT_3D('',#17082,#13025,#13026);
#10953=AXIS2_PLACEMENT_3D('',#17090,#13028,#13029);
#10954=AXIS2_PLACEMENT_3D('',#17102,#13030,#13031);
#10955=AXIS2_PLACEMENT_3D('',#17110,#13033,#13034);
#10956=AXIS2_PLACEMENT_3D('',#17124,#13035,#13036);
#10957=AXIS2_PLACEMENT_3D('',#17125,#13037,#13038);
#10958=AXIS2_PLACEMENT_3D('',#17169,#13040,#13041);
#10959=AXIS2_PLACEMENT_3D('',#17172,#13043,#13044);
#10960=AXIS2_PLACEMENT_3D('',#17173,#13045,#13046);
#10961=AXIS2_PLACEMENT_3D('',#17174,#13047,#13048);
#10962=AXIS2_PLACEMENT_3D('',#17175,#13049,#13050);
#10963=AXIS2_PLACEMENT_3D('',#17176,#13051,#13052);
#10964=AXIS2_PLACEMENT_3D('',#17177,#13053,#13054);
#10965=AXIS2_PLACEMENT_3D('',#17178,#13055,#13056);
#10966=AXIS2_PLACEMENT_3D('',#17179,#13057,#13058);
#10967=AXIS2_PLACEMENT_3D('',#17180,#13059,#13060);
#10968=AXIS2_PLACEMENT_3D('',#17181,#13061,#13062);
#10969=AXIS2_PLACEMENT_3D('',#17182,#13063,#13064);
#10970=AXIS2_PLACEMENT_3D('',#17183,#13065,#13066);
#10971=AXIS2_PLACEMENT_3D('',#17184,#13067,#13068);
#10972=AXIS2_PLACEMENT_3D('',#17185,#13069,#13070);
#10973=AXIS2_PLACEMENT_3D('',#17186,#13071,#13072);
#10974=AXIS2_PLACEMENT_3D('',#17187,#13073,#13074);
#10975=AXIS2_PLACEMENT_3D('',#17191,#13077,#13078);
#10976=AXIS2_PLACEMENT_3D('',#17194,#13080,#13081);
#10977=AXIS2_PLACEMENT_3D('',#17195,#13082,#13083);
#10978=AXIS2_PLACEMENT_3D('',#17199,#13086,#13087);
#10979=AXIS2_PLACEMENT_3D('',#17205,#13091,#13092);
#10980=AXIS2_PLACEMENT_3D('',#17206,#13093,#13094);
#10981=AXIS2_PLACEMENT_3D('',#17209,#13096,#13097);
#10982=AXIS2_PLACEMENT_3D('',#17211,#13099,#13100);
#10983=AXIS2_PLACEMENT_3D('',#17215,#13102,#13103);
#10984=AXIS2_PLACEMENT_3D('',#17216,#13104,#13105);
#10985=AXIS2_PLACEMENT_3D('',#17217,#13106,#13107);
#10986=AXIS2_PLACEMENT_3D('',#17218,#13108,#13109);
#10987=AXIS2_PLACEMENT_3D('',#17222,#13111,#13112);
#10988=AXIS2_PLACEMENT_3D('',#17223,#13113,#13114);
#10989=AXIS2_PLACEMENT_3D('',#17226,#13116,#13117);
#10990=AXIS2_PLACEMENT_3D('',#17227,#13118,#13119);
#10991=AXIS2_PLACEMENT_3D('',#17230,#13121,#13122);
#10992=AXIS2_PLACEMENT_3D('',#17231,#13123,#13124);
#10993=AXIS2_PLACEMENT_3D('',#17232,#13125,#13126);
#10994=AXIS2_PLACEMENT_3D('',#17235,#13128,#13129);
#10995=AXIS2_PLACEMENT_3D('',#17238,#13131,#13132);
#10996=AXIS2_PLACEMENT_3D('',#17239,#13133,#13134);
#10997=AXIS2_PLACEMENT_3D('',#17244,#13137,#13138);
#10998=AXIS2_PLACEMENT_3D('',#17245,#13139,#13140);
#10999=AXIS2_PLACEMENT_3D('',#17249,#13143,#13144);
#11000=AXIS2_PLACEMENT_3D('',#17252,#13146,#13147);
#11001=AXIS2_PLACEMENT_3D('',#17253,#13148,#13149);
#11002=AXIS2_PLACEMENT_3D('',#17256,#13151,#13152);
#11003=AXIS2_PLACEMENT_3D('',#17259,#13154,#13155);
#11004=AXIS2_PLACEMENT_3D('',#17263,#13158,#13159);
#11005=AXIS2_PLACEMENT_3D('',#17264,#13160,#13161);
#11006=AXIS2_PLACEMENT_3D('',#17267,#13163,#13164);
#11007=AXIS2_PLACEMENT_3D('',#17268,#13165,#13166);
#11008=AXIS2_PLACEMENT_3D('',#17269,#13167,#13168);
#11009=AXIS2_PLACEMENT_3D('',#17275,#13172,#13173);
#11010=AXIS2_PLACEMENT_3D('',#17281,#13177,#13178);
#11011=AXIS2_PLACEMENT_3D('',#17282,#13179,#13180);
#11012=AXIS2_PLACEMENT_3D('',#17288,#13183,#13184);
#11013=AXIS2_PLACEMENT_3D('',#17293,#13187,#13188);
#11014=AXIS2_PLACEMENT_3D('',#17297,#13190,#13191);
#11015=AXIS2_PLACEMENT_3D('',#17300,#13193,#13194);
#11016=AXIS2_PLACEMENT_3D('',#17304,#13197,#13198);
#11017=AXIS2_PLACEMENT_3D('',#17308,#13201,#13202);
#11018=AXIS2_PLACEMENT_3D('',#17314,#13206,#13207);
#11019=AXIS2_PLACEMENT_3D('',#17316,#13209,#13210);
#11020=AXIS2_PLACEMENT_3D('',#17318,#13212,#13213);
#11021=AXIS2_PLACEMENT_3D('',#17324,#13217,#13218);
#11022=AXIS2_PLACEMENT_3D('',#17326,#13220,#13221);
#11023=AXIS2_PLACEMENT_3D('',#17328,#13223,#13224);
#11024=AXIS2_PLACEMENT_3D('',#17329,#13225,#13226);
#11025=AXIS2_PLACEMENT_3D('',#17331,#13227,#13228);
#11026=AXIS2_PLACEMENT_3D('',#17333,#13229,#13230);
#11027=AXIS2_PLACEMENT_3D('',#17335,#13231,#13232);
#11028=AXIS2_PLACEMENT_3D('',#17337,#13233,#13234);
#11029=AXIS2_PLACEMENT_3D('',#17339,#13235,#13236);
#11030=AXIS2_PLACEMENT_3D('',#17341,#13237,#13238);
#11031=AXIS2_PLACEMENT_3D('',#17343,#13239,#13240);
#11032=AXIS2_PLACEMENT_3D('',#17345,#13241,#13242);
#11033=AXIS2_PLACEMENT_3D('',#17350,#13244,#13245);
#11034=AXIS2_PLACEMENT_3D('',#17354,#13247,#13248);
#11035=AXIS2_PLACEMENT_3D('',#17358,#13250,#13251);
#11036=AXIS2_PLACEMENT_3D('',#17361,#13253,#13254);
#11037=AXIS2_PLACEMENT_3D('',#17365,#13256,#13257);
#11038=AXIS2_PLACEMENT_3D('',#17369,#13259,#13260);
#11039=AXIS2_PLACEMENT_3D('',#17373,#13262,#13263);
#11040=AXIS2_PLACEMENT_3D('',#17377,#13265,#13266);
#11041=AXIS2_PLACEMENT_3D('',#17381,#13268,#13269);
#11042=AXIS2_PLACEMENT_3D('',#17382,#13270,#13271);
#11043=AXIS2_PLACEMENT_3D('',#17383,#13272,#13273);
#11044=AXIS2_PLACEMENT_3D('',#17385,#13274,#13275);
#11045=AXIS2_PLACEMENT_3D('',#17388,#13277,#13278);
#11046=AXIS2_PLACEMENT_3D('',#17392,#13280,#13281);
#11047=AXIS2_PLACEMENT_3D('',#17393,#13282,#13283);
#11048=AXIS2_PLACEMENT_3D('',#17394,#13284,#13285);
#11049=AXIS2_PLACEMENT_3D('',#17410,#13293,#13294);
#11050=AXIS2_PLACEMENT_3D('',#17411,#13295,#13296);
#11051=AXIS2_PLACEMENT_3D('',#17420,#13300,#13301);
#11052=AXIS2_PLACEMENT_3D('',#17424,#13303,#13304);
#11053=AXIS2_PLACEMENT_3D('',#17444,#13314,#13315);
#11054=AXIS2_PLACEMENT_3D('',#17448,#13317,#13318);
#11055=AXIS2_PLACEMENT_3D('',#17452,#13320,#13321);
#11056=AXIS2_PLACEMENT_3D('',#17456,#13323,#13324);
#11057=AXIS2_PLACEMENT_3D('',#17469,#13331,#13332);
#11058=AXIS2_PLACEMENT_3D('',#17470,#13333,#13334);
#11059=AXIS2_PLACEMENT_3D('',#17476,#13337,#13338);
#11060=AXIS2_PLACEMENT_3D('',#17480,#13340,#13341);
#11061=AXIS2_PLACEMENT_3D('',#17484,#13343,#13344);
#11062=AXIS2_PLACEMENT_3D('',#17485,#13345,#13346);
#11063=AXIS2_PLACEMENT_3D('',#17486,#13347,#13348);
#11064=AXIS2_PLACEMENT_3D('',#17492,#13351,#13352);
#11065=AXIS2_PLACEMENT_3D('',#17494,#13353,#13354);
#11066=AXIS2_PLACEMENT_3D('',#17498,#13356,#13357);
#11067=AXIS2_PLACEMENT_3D('',#17501,#13359,#13360);
#11068=AXIS2_PLACEMENT_3D('',#17502,#13361,#13362);
#11069=AXIS2_PLACEMENT_3D('',#17507,#13364,#13365);
#11070=AXIS2_PLACEMENT_3D('',#17512,#13368,#13369);
#11071=AXIS2_PLACEMENT_3D('',#17516,#13371,#13372);
#11072=AXIS2_PLACEMENT_3D('',#17539,#13373,#13374);
#11073=AXIS2_PLACEMENT_3D('',#17572,#13375,#13376);
#11074=AXIS2_PLACEMENT_3D('',#17583,#13377,#13378);
#11075=AXIS2_PLACEMENT_3D('',#17584,#13379,#13380);
#11076=AXIS2_PLACEMENT_3D('',#17589,#13382,#13383);
#11077=AXIS2_PLACEMENT_3D('',#17593,#13385,#13386);
#11078=AXIS2_PLACEMENT_3D('',#17594,#13387,#13388);
#11079=AXIS2_PLACEMENT_3D('',#17599,#13391,#13392);
#11080=AXIS2_PLACEMENT_3D('',#17600,#13393,#13394);
#11081=AXIS2_PLACEMENT_3D('',#17601,#13395,#13396);
#11082=AXIS2_PLACEMENT_3D('',#17605,#13398,#13399);
#11083=AXIS2_PLACEMENT_3D('',#17608,#13401,#13402);
#11084=AXIS2_PLACEMENT_3D('',#17613,#13405,#13406);
#11085=AXIS2_PLACEMENT_3D('',#17654,#13429,#13430);
#11086=AXIS2_PLACEMENT_3D('',#17659,#13433,#13434);
#11087=AXIS2_PLACEMENT_3D('',#17661,#13435,#13436);
#11088=AXIS2_PLACEMENT_3D('',#17665,#13438,#13439);
#11089=AXIS2_PLACEMENT_3D('',#17675,#13441,#13442);
#11090=AXIS2_PLACEMENT_3D('',#17689,#13443,#13444);
#11091=AXIS2_PLACEMENT_3D('',#17691,#13445,#13446);
#11092=AXIS2_PLACEMENT_3D('',#17695,#13448,#13449);
#11093=AXIS2_PLACEMENT_3D('',#17705,#13451,#13452);
#11094=AXIS2_PLACEMENT_3D('',#17712,#13453,#13454);
#11095=AXIS2_PLACEMENT_3D('',#17714,#13455,#13456);
#11096=AXIS2_PLACEMENT_3D('',#17717,#13458,#13459);
#11097=AXIS2_PLACEMENT_3D('',#17721,#13461,#13462);
#11098=AXIS2_PLACEMENT_3D('',#17725,#13464,#13465);
#11099=AXIS2_PLACEMENT_3D('',#17728,#13467,#13468);
#11100=AXIS2_PLACEMENT_3D('',#17730,#13469,#13470);
#11101=AXIS2_PLACEMENT_3D('',#17736,#13476,#13477);
#11102=AXIS2_PLACEMENT_3D('',#17739,#13479,#13480);
#11103=AXIS2_PLACEMENT_3D('',#17740,#13481,#13482);
#11104=AXIS2_PLACEMENT_3D('',#17741,#13483,#13484);
#11105=AXIS2_PLACEMENT_3D('',#17746,#13487,#13488);
#11106=AXIS2_PLACEMENT_3D('',#17747,#13489,#13490);
#11107=AXIS2_PLACEMENT_3D('',#17748,#13491,#13492);
#11108=AXIS2_PLACEMENT_3D('',#17754,#13496,#13497);
#11109=AXIS2_PLACEMENT_3D('',#17755,#13498,#13499);
#11110=AXIS2_PLACEMENT_3D('',#17765,#13504,#13505);
#11111=AXIS2_PLACEMENT_3D('',#17774,#13510,#13511);
#11112=AXIS2_PLACEMENT_3D('',#17783,#13516,#13517);
#11113=AXIS2_PLACEMENT_3D('',#17789,#13521,#13522);
#11114=AXIS2_PLACEMENT_3D('',#17792,#13524,#13525);
#11115=AXIS2_PLACEMENT_3D('',#17801,#13530,#13531);
#11116=AXIS2_PLACEMENT_3D('',#17802,#13532,#13533);
#11117=AXIS2_PLACEMENT_3D('',#17813,#13539,#13540);
#11118=AXIS2_PLACEMENT_3D('',#17814,#13541,#13542);
#11119=AXIS2_PLACEMENT_3D('',#17815,#13543,#13544);
#11120=AXIS2_PLACEMENT_3D('',#17816,#13545,#13546);
#11121=AXIS2_PLACEMENT_3D('',#17817,#13547,#13548);
#11122=AXIS2_PLACEMENT_3D('',#17820,#13551,#13552);
#11123=AXIS2_PLACEMENT_3D('',#17823,#13554,#13555);
#11124=AXIS2_PLACEMENT_3D('',#17825,#13556,#13557);
#11125=AXIS2_PLACEMENT_3D('',#17826,#13558,#13559);
#11126=AXIS2_PLACEMENT_3D('',#17828,#13561,#13562);
#11127=AXIS2_PLACEMENT_3D('',#17829,#13563,#13564);
#11128=AXIS2_PLACEMENT_3D('',#17831,#13565,#13566);
#11129=AXIS2_PLACEMENT_3D('',#17835,#13569,#13570);
#11130=AXIS2_PLACEMENT_3D('',#17836,#13571,#13572);
#11131=AXIS2_PLACEMENT_3D('',#17837,#13573,#13574);
#11132=AXIS2_PLACEMENT_3D('',#17838,#13575,#13576);
#11133=AXIS2_PLACEMENT_3D('',#17839,#13577,#13578);
#11134=AXIS2_PLACEMENT_3D('',#17840,#13579,#13580);
#11135=AXIS2_PLACEMENT_3D('',#17841,#13581,#13582);
#11136=AXIS2_PLACEMENT_3D('',#17842,#13583,#13584);
#11137=AXIS2_PLACEMENT_3D('',#17843,#13585,#13586);
#11138=AXIS2_PLACEMENT_3D('',#17844,#13587,#13588);
#11139=AXIS2_PLACEMENT_3D('',#17845,#13589,#13590);
#11140=AXIS2_PLACEMENT_3D('',#17846,#13591,#13592);
#11141=AXIS2_PLACEMENT_3D('',#17847,#13593,#13594);
#11142=AXIS2_PLACEMENT_3D('',#17848,#13595,#13596);
#11143=AXIS2_PLACEMENT_3D('',#17849,#13597,#13598);
#11144=AXIS2_PLACEMENT_3D('',#17850,#13599,#13600);
#11145=AXIS2_PLACEMENT_3D('',#17851,#13601,#13602);
#11146=AXIS2_PLACEMENT_3D('',#17852,#13603,#13604);
#11147=AXIS2_PLACEMENT_3D('',#17853,#13605,#13606);
#11148=AXIS2_PLACEMENT_3D('',#17854,#13607,#13608);
#11149=AXIS2_PLACEMENT_3D('',#17855,#13609,#13610);
#11150=AXIS2_PLACEMENT_3D('',#17856,#13611,#13612);
#11151=AXIS2_PLACEMENT_3D('',#17857,#13613,#13614);
#11152=AXIS2_PLACEMENT_3D('',#17858,#13615,#13616);
#11153=AXIS2_PLACEMENT_3D('',#17859,#13617,#13618);
#11154=AXIS2_PLACEMENT_3D('',#17860,#13619,#13620);
#11155=AXIS2_PLACEMENT_3D('',#17861,#13621,#13622);
#11156=AXIS2_PLACEMENT_3D('',#17862,#13623,#13624);
#11157=AXIS2_PLACEMENT_3D('',#17863,#13625,#13626);
#11158=AXIS2_PLACEMENT_3D('',#17864,#13627,#13628);
#11159=AXIS2_PLACEMENT_3D('',#17865,#13629,#13630);
#11160=AXIS2_PLACEMENT_3D('',#17866,#13631,#13632);
#11161=AXIS2_PLACEMENT_3D('',#17867,#13633,#13634);
#11162=AXIS2_PLACEMENT_3D('',#17868,#13635,#13636);
#11163=AXIS2_PLACEMENT_3D('',#17869,#13637,#13638);
#11164=AXIS2_PLACEMENT_3D('',#17870,#13639,#13640);
#11165=AXIS2_PLACEMENT_3D('',#17871,#13641,#13642);
#11166=AXIS2_PLACEMENT_3D('',#17872,#13643,#13644);
#11167=AXIS2_PLACEMENT_3D('',#17873,#13645,#13646);
#11168=AXIS2_PLACEMENT_3D('',#17874,#13647,#13648);
#11169=AXIS2_PLACEMENT_3D('',#17875,#13649,#13650);
#11170=AXIS2_PLACEMENT_3D('',#17876,#13651,#13652);
#11171=AXIS2_PLACEMENT_3D('',#17877,#13653,#13654);
#11172=AXIS2_PLACEMENT_3D('',#17878,#13655,#13656);
#11173=AXIS2_PLACEMENT_3D('',#17879,#13657,#13658);
#11174=AXIS2_PLACEMENT_3D('',#17880,#13659,#13660);
#11175=AXIS2_PLACEMENT_3D('',#17881,#13661,#13662);
#11176=AXIS2_PLACEMENT_3D('',#17882,#13663,#13664);
#11177=AXIS2_PLACEMENT_3D('',#17883,#13665,#13666);
#11178=AXIS2_PLACEMENT_3D('',#17884,#13667,#13668);
#11179=AXIS2_PLACEMENT_3D('',#17892,#13672,#13673);
#11180=AXIS2_PLACEMENT_3D('',#17893,#13674,#13675);
#11181=AXIS2_PLACEMENT_3D('',#17894,#13676,#13677);
#11182=AXIS2_PLACEMENT_3D('',#17895,#13678,#13679);
#11183=AXIS2_PLACEMENT_3D('',#17896,#13680,#13681);
#11184=AXIS2_PLACEMENT_3D('',#17897,#13682,#13683);
#11185=AXIS2_PLACEMENT_3D('',#17898,#13684,#13685);
#11186=AXIS2_PLACEMENT_3D('',#17899,#13686,#13687);
#11187=AXIS2_PLACEMENT_3D('',#17900,#13688,#13689);
#11188=AXIS2_PLACEMENT_3D('',#17902,#13691,#13692);
#11189=AXIS2_PLACEMENT_3D('',#17904,#13694,#13695);
#11190=AXIS2_PLACEMENT_3D('',#17905,#13696,#13697);
#11191=AXIS2_PLACEMENT_3D('',#17907,#13699,#13700);
#11192=AXIS2_PLACEMENT_3D('',#17909,#13702,#13703);
#11193=AXIS2_PLACEMENT_3D('',#17911,#13705,#13706);
#11194=AXIS2_PLACEMENT_3D('',#17913,#13708,#13709);
#11195=AXIS2_PLACEMENT_3D('',#17915,#13711,#13712);
#11196=AXIS2_PLACEMENT_3D('',#17917,#13714,#13715);
#11197=AXIS2_PLACEMENT_3D('',#17919,#13717,#13718);
#11198=AXIS2_PLACEMENT_3D('',#17921,#13720,#13721);
#11199=AXIS2_PLACEMENT_3D('',#17923,#13723,#13724);
#11200=AXIS2_PLACEMENT_3D('',#17925,#13726,#13727);
#11201=AXIS2_PLACEMENT_3D('',#17927,#13729,#13730);
#11202=AXIS2_PLACEMENT_3D('',#17936,#13735,#13736);
#11203=AXIS2_PLACEMENT_3D('',#17938,#13738,#13739);
#11204=AXIS2_PLACEMENT_3D('',#17939,#13740,#13741);
#11205=AXIS2_PLACEMENT_3D('',#17941,#13743,#13744);
#11206=AXIS2_PLACEMENT_3D('',#17942,#13745,#13746);
#11207=AXIS2_PLACEMENT_3D('',#17949,#13751,#13752);
#11208=AXIS2_PLACEMENT_3D('',#17972,#13753,#13754);
#11209=AXIS2_PLACEMENT_3D('',#18008,#13755,#13756);
#11210=AXIS2_PLACEMENT_3D('',#18010,#13757,#13758);
#11211=AXIS2_PLACEMENT_3D('',#18053,#13759,#13760);
#11212=AXIS2_PLACEMENT_3D('',#18089,#13761,#13762);
#11213=AXIS2_PLACEMENT_3D('',#18091,#13763,#13764);
#11214=AXIS2_PLACEMENT_3D('',#18146,#13765,#13766);
#11215=AXIS2_PLACEMENT_3D('',#18201,#13767,#13768);
#11216=AXIS2_PLACEMENT_3D('',#18203,#13769,#13770);
#11217=AXIS2_PLACEMENT_3D('',#18224,#13771,#13772);
#11218=AXIS2_PLACEMENT_3D('',#18225,#13773,#13774);
#11219=AXIS2_PLACEMENT_3D('',#18227,#13775,#13776);
#11220=AXIS2_PLACEMENT_3D('',#18228,#13777,#13778);
#11221=AXIS2_PLACEMENT_3D('',#18233,#13780,#13781);
#11222=AXIS2_PLACEMENT_3D('',#18236,#13783,#13784);
#11223=AXIS2_PLACEMENT_3D('',#18239,#13786,#13787);
#11224=AXIS2_PLACEMENT_3D('',#18242,#13789,#13790);
#11225=AXIS2_PLACEMENT_3D('',#18243,#13791,#13792);
#11226=AXIS2_PLACEMENT_3D('',#18248,#13795,#13796);
#11227=AXIS2_PLACEMENT_3D('',#18249,#13797,#13798);
#11228=AXIS2_PLACEMENT_3D('',#18251,#13799,#13800);
#11229=AXIS2_PLACEMENT_3D('',#18252,#13801,#13802);
#11230=AXIS2_PLACEMENT_3D('',#18254,#13803,#13804);
#11231=AXIS2_PLACEMENT_3D('',#18255,#13805,#13806);
#11232=AXIS2_PLACEMENT_3D('',#18257,#13807,#13808);
#11233=AXIS2_PLACEMENT_3D('',#18258,#13809,#13810);
#11234=AXIS2_PLACEMENT_3D('',#18259,#13811,#13812);
#11235=AXIS2_PLACEMENT_3D('',#18260,#13813,#13814);
#11236=AXIS2_PLACEMENT_3D('',#18262,#13815,#13816);
#11237=AXIS2_PLACEMENT_3D('',#18263,#13817,#13818);
#11238=AXIS2_PLACEMENT_3D('',#18268,#13820,#13821);
#11239=AXIS2_PLACEMENT_3D('',#18271,#13823,#13824);
#11240=AXIS2_PLACEMENT_3D('',#18272,#13825,#13826);
#11241=AXIS2_PLACEMENT_3D('',#18275,#13828,#13829);
#11242=AXIS2_PLACEMENT_3D('',#18276,#13830,#13831);
#11243=AXIS2_PLACEMENT_3D('',#18278,#13833,#13834);
#11244=AXIS2_PLACEMENT_3D('',#18280,#13836,#13837);
#11245=AXIS2_PLACEMENT_3D('',#18281,#13838,#13839);
#11246=AXIS2_PLACEMENT_3D('',#18282,#13840,#13841);
#11247=AXIS2_PLACEMENT_3D('',#18283,#13842,#13843);
#11248=AXIS2_PLACEMENT_3D('',#18286,#13846,#13847);
#11249=AXIS2_PLACEMENT_3D('',#18289,#13850,#13851);
#11250=AXIS2_PLACEMENT_3D('',#18290,#13852,#13853);
#11251=AXIS2_PLACEMENT_3D('',#18291,#13854,#13855);
#11252=AXIS2_PLACEMENT_3D('',#18293,#13857,#13858);
#11253=AXIS2_PLACEMENT_3D('',#18294,#13859,#13860);
#11254=AXIS2_PLACEMENT_3D('',#18296,#13862,#13863);
#11255=AXIS2_PLACEMENT_3D('',#18298,#13865,#13866);
#11256=AXIS2_PLACEMENT_3D('',#18299,#13867,#13868);
#11257=AXIS2_PLACEMENT_3D('',#18300,#13869,#13870);
#11258=AXIS2_PLACEMENT_3D('',#18301,#13871,#13872);
#11259=AXIS2_PLACEMENT_3D('',#18302,#13873,#13874);
#11260=AXIS2_PLACEMENT_3D('',#18305,#13876,#13877);
#11261=AXIS2_PLACEMENT_3D('',#18307,#13878,#13879);
#11262=AXIS2_PLACEMENT_3D('',#18308,#13880,#13881);
#11263=AXIS2_PLACEMENT_3D('',#18309,#13882,#13883);
#11264=AXIS2_PLACEMENT_3D('',#18311,#13884,#13885);
#11265=AXIS2_PLACEMENT_3D('',#18314,#13887,#13888);
#11266=AXIS2_PLACEMENT_3D('',#18317,#13890,#13891);
#11267=AXIS2_PLACEMENT_3D('',#18319,#13892,#13893);
#11268=AXIS2_PLACEMENT_3D('',#18320,#13894,#13895);
#11269=AXIS2_PLACEMENT_3D('',#18321,#13896,#13897);
#11270=AXIS2_PLACEMENT_3D('',#18323,#13898,#13899);
#11271=AXIS2_PLACEMENT_3D('',#18326,#13901,#13902);
#11272=AXIS2_PLACEMENT_3D('',#18329,#13904,#13905);
#11273=AXIS2_PLACEMENT_3D('',#18331,#13906,#13907);
#11274=AXIS2_PLACEMENT_3D('',#18332,#13908,#13909);
#11275=AXIS2_PLACEMENT_3D('',#18333,#13910,#13911);
#11276=AXIS2_PLACEMENT_3D('',#18335,#13912,#13913);
#11277=AXIS2_PLACEMENT_3D('',#18338,#13915,#13916);
#11278=AXIS2_PLACEMENT_3D('',#18340,#13918,#13919);
#11279=AXIS2_PLACEMENT_3D('',#18342,#13921,#13922);
#11280=AXIS2_PLACEMENT_3D('',#18344,#13924,#13925);
#11281=AXIS2_PLACEMENT_3D('',#18346,#13927,#13928);
#11282=AXIS2_PLACEMENT_3D('',#18348,#13930,#13931);
#11283=AXIS2_PLACEMENT_3D('',#18350,#13933,#13934);
#11284=AXIS2_PLACEMENT_3D('',#18352,#13936,#13937);
#11285=AXIS2_PLACEMENT_3D('',#18354,#13939,#13940);
#11286=AXIS2_PLACEMENT_3D('',#18355,#13941,#13942);
#11287=AXIS2_PLACEMENT_3D('',#18356,#13943,#13944);
#11288=AXIS2_PLACEMENT_3D('',#18357,#13945,#13946);
#11289=AXIS2_PLACEMENT_3D('',#18358,#13947,#13948);
#11290=AXIS2_PLACEMENT_3D('',#18359,#13949,#13950);
#11291=AXIS2_PLACEMENT_3D('',#18360,#13951,#13952);
#11292=AXIS2_PLACEMENT_3D('',#18362,#13953,#13954);
#11293=AXIS2_PLACEMENT_3D('',#18363,#13955,#13956);
#11294=AXIS2_PLACEMENT_3D('',#18365,#13957,#13958);
#11295=AXIS2_PLACEMENT_3D('',#18366,#13959,#13960);
#11296=AXIS2_PLACEMENT_3D('',#18368,#13961,#13962);
#11297=AXIS2_PLACEMENT_3D('',#18370,#13963,#13964);
#11298=AXIS2_PLACEMENT_3D('',#18371,#13965,#13966);
#11299=AXIS2_PLACEMENT_3D('',#18373,#13967,#13968);
#11300=AXIS2_PLACEMENT_3D('',#18374,#13969,#13970);
#11301=AXIS2_PLACEMENT_3D('',#18375,#13971,#13972);
#11302=AXIS2_PLACEMENT_3D('',#18377,#13973,#13974);
#11303=AXIS2_PLACEMENT_3D('',#18379,#13975,#13976);
#11304=AXIS2_PLACEMENT_3D('',#18380,#13977,#13978);
#11305=AXIS2_PLACEMENT_3D('',#18382,#13979,#13980);
#11306=AXIS2_PLACEMENT_3D('',#18383,#13981,#13982);
#11307=AXIS2_PLACEMENT_3D('',#18384,#13983,#13984);
#11308=AXIS2_PLACEMENT_3D('',#18386,#13985,#13986);
#11309=AXIS2_PLACEMENT_3D('',#18387,#13987,#13988);
#11310=AXIS2_PLACEMENT_3D('',#18389,#13989,#13990);
#11311=AXIS2_PLACEMENT_3D('',#18391,#13992,#13993);
#11312=AXIS2_PLACEMENT_3D('',#18393,#13995,#13996);
#11313=AXIS2_PLACEMENT_3D('',#18394,#13997,#13998);
#11314=AXIS2_PLACEMENT_3D('',#18396,#14000,#14001);
#11315=AXIS2_PLACEMENT_3D('',#18398,#14003,#14004);
#11316=AXIS2_PLACEMENT_3D('',#18399,#14005,#14006);
#11317=AXIS2_PLACEMENT_3D('',#18400,#14007,#14008);
#11318=AXIS2_PLACEMENT_3D('',#18402,#14009,#14010);
#11319=AXIS2_PLACEMENT_3D('',#18404,#14011,#14012);
#11320=AXIS2_PLACEMENT_3D('',#18405,#14013,#14014);
#11321=AXIS2_PLACEMENT_3D('',#18407,#14015,#14016);
#11322=AXIS2_PLACEMENT_3D('',#18408,#14017,#14018);
#11323=AXIS2_PLACEMENT_3D('',#18409,#14019,#14020);
#11324=AXIS2_PLACEMENT_3D('',#18411,#14021,#14022);
#11325=AXIS2_PLACEMENT_3D('',#18413,#14023,#14024);
#11326=AXIS2_PLACEMENT_3D('',#18414,#14025,#14026);
#11327=AXIS2_PLACEMENT_3D('',#18416,#14027,#14028);
#11328=AXIS2_PLACEMENT_3D('',#18417,#14029,#14030);
#11329=AXIS2_PLACEMENT_3D('',#18418,#14031,#14032);
#11330=AXIS2_PLACEMENT_3D('',#18420,#14033,#14034);
#11331=AXIS2_PLACEMENT_3D('',#18422,#14035,#14036);
#11332=AXIS2_PLACEMENT_3D('',#18423,#14037,#14038);
#11333=AXIS2_PLACEMENT_3D('',#18425,#14039,#14040);
#11334=AXIS2_PLACEMENT_3D('',#18426,#14041,#14042);
#11335=AXIS2_PLACEMENT_3D('',#18427,#14043,#14044);
#11336=AXIS2_PLACEMENT_3D('',#18429,#14045,#14046);
#11337=AXIS2_PLACEMENT_3D('',#18431,#14047,#14048);
#11338=AXIS2_PLACEMENT_3D('',#18432,#14049,#14050);
#11339=AXIS2_PLACEMENT_3D('',#18434,#14051,#14052);
#11340=AXIS2_PLACEMENT_3D('',#18435,#14053,#14054);
#11341=AXIS2_PLACEMENT_3D('',#18437,#14056,#14057);
#11342=AXIS2_PLACEMENT_3D('',#18439,#14059,#14060);
#11343=AXIS2_PLACEMENT_3D('',#18440,#14061,#14062);
#11344=AXIS2_PLACEMENT_3D('',#18442,#14064,#14065);
#11345=AXIS2_PLACEMENT_3D('',#18444,#14067,#14068);
#11346=AXIS2_PLACEMENT_3D('',#18445,#14069,#14070);
#11347=AXIS2_PLACEMENT_3D('',#18447,#14072,#14073);
#11348=AXIS2_PLACEMENT_3D('',#18449,#14075,#14076);
#11349=AXIS2_PLACEMENT_3D('',#18450,#14077,#14078);
#11350=AXIS2_PLACEMENT_3D('',#18452,#14080,#14081);
#11351=AXIS2_PLACEMENT_3D('',#18454,#14083,#14084);
#11352=AXIS2_PLACEMENT_3D('',#18455,#14085,#14086);
#11353=AXIS2_PLACEMENT_3D('',#18456,#14087,#14088);
#11354=AXIS2_PLACEMENT_3D('',#18458,#14089,#14090);
#11355=AXIS2_PLACEMENT_3D('',#18459,#14091,#14092);
#11356=AXIS2_PLACEMENT_3D('',#18461,#14093,#14094);
#11357=AXIS2_PLACEMENT_3D('',#18462,#14095,#14096);
#11358=AXIS2_PLACEMENT_3D('',#18464,#14097,#14098);
#11359=AXIS2_PLACEMENT_3D('',#18465,#14099,#14100);
#11360=AXIS2_PLACEMENT_3D('',#18467,#14101,#14102);
#11361=AXIS2_PLACEMENT_3D('',#18468,#14103,#14104);
#11362=AXIS2_PLACEMENT_3D('',#18470,#14105,#14106);
#11363=AXIS2_PLACEMENT_3D('',#18471,#14107,#14108);
#11364=AXIS2_PLACEMENT_3D('',#18473,#14109,#14110);
#11365=AXIS2_PLACEMENT_3D('',#18474,#14111,#14112);
#11366=AXIS2_PLACEMENT_3D('',#18476,#14113,#14114);
#11367=AXIS2_PLACEMENT_3D('',#18477,#14115,#14116);
#11368=AXIS2_PLACEMENT_3D('',#18479,#14117,#14118);
#11369=AXIS2_PLACEMENT_3D('',#18480,#14119,#14120);
#11370=AXIS2_PLACEMENT_3D('',#18481,#14121,#14122);
#11371=AXIS2_PLACEMENT_3D('',#18483,#14123,#14124);
#11372=AXIS2_PLACEMENT_3D('',#18484,#14125,#14126);
#11373=AXIS2_PLACEMENT_3D('',#18486,#14127,#14128);
#11374=AXIS2_PLACEMENT_3D('',#18487,#14129,#14130);
#11375=AXIS2_PLACEMENT_3D('',#18489,#14131,#14132);
#11376=AXIS2_PLACEMENT_3D('',#18490,#14133,#14134);
#11377=AXIS2_PLACEMENT_3D('',#18492,#14135,#14136);
#11378=AXIS2_PLACEMENT_3D('',#18493,#14137,#14138);
#11379=AXIS2_PLACEMENT_3D('',#18495,#14139,#14140);
#11380=AXIS2_PLACEMENT_3D('',#18496,#14141,#14142);
#11381=AXIS2_PLACEMENT_3D('',#18498,#14143,#14144);
#11382=AXIS2_PLACEMENT_3D('',#18499,#14145,#14146);
#11383=AXIS2_PLACEMENT_3D('',#18501,#14147,#14148);
#11384=AXIS2_PLACEMENT_3D('',#18502,#14149,#14150);
#11385=AXIS2_PLACEMENT_3D('',#18504,#14151,#14152);
#11386=AXIS2_PLACEMENT_3D('',#18505,#14153,#14154);
#11387=AXIS2_PLACEMENT_3D('',#18507,#14155,#14156);
#11388=AXIS2_PLACEMENT_3D('',#18508,#14157,#14158);
#11389=AXIS2_PLACEMENT_3D('',#18510,#14159,#14160);
#11390=AXIS2_PLACEMENT_3D('',#18511,#14161,#14162);
#11391=AXIS2_PLACEMENT_3D('',#18513,#14163,#14164);
#11392=AXIS2_PLACEMENT_3D('',#18514,#14165,#14166);
#11393=AXIS2_PLACEMENT_3D('',#18516,#14167,#14168);
#11394=AXIS2_PLACEMENT_3D('',#18517,#14169,#14170);
#11395=AXIS2_PLACEMENT_3D('',#18519,#14171,#14172);
#11396=AXIS2_PLACEMENT_3D('',#18520,#14173,#14174);
#11397=AXIS2_PLACEMENT_3D('',#18522,#14175,#14176);
#11398=AXIS2_PLACEMENT_3D('',#18523,#14177,#14178);
#11399=AXIS2_PLACEMENT_3D('',#18525,#14179,#14180);
#11400=AXIS2_PLACEMENT_3D('',#18526,#14181,#14182);
#11401=AXIS2_PLACEMENT_3D('',#18528,#14183,#14184);
#11402=AXIS2_PLACEMENT_3D('',#18529,#14185,#14186);
#11403=AXIS2_PLACEMENT_3D('',#18531,#14187,#14188);
#11404=AXIS2_PLACEMENT_3D('',#18532,#14189,#14190);
#11405=AXIS2_PLACEMENT_3D('',#18534,#14191,#14192);
#11406=AXIS2_PLACEMENT_3D('',#18535,#14193,#14194);
#11407=AXIS2_PLACEMENT_3D('',#18537,#14195,#14196);
#11408=AXIS2_PLACEMENT_3D('',#18538,#14197,#14198);
#11409=AXIS2_PLACEMENT_3D('',#18540,#14199,#14200);
#11410=AXIS2_PLACEMENT_3D('',#18541,#14201,#14202);
#11411=AXIS2_PLACEMENT_3D('',#18543,#14203,#14204);
#11412=AXIS2_PLACEMENT_3D('',#18544,#14205,#14206);
#11413=AXIS2_PLACEMENT_3D('',#18546,#14207,#14208);
#11414=AXIS2_PLACEMENT_3D('',#18547,#14209,#14210);
#11415=AXIS2_PLACEMENT_3D('',#18549,#14211,#14212);
#11416=AXIS2_PLACEMENT_3D('',#18550,#14213,#14214);
#11417=AXIS2_PLACEMENT_3D('',#18552,#14215,#14216);
#11418=AXIS2_PLACEMENT_3D('',#18553,#14217,#14218);
#11419=AXIS2_PLACEMENT_3D('',#18555,#14219,#14220);
#11420=AXIS2_PLACEMENT_3D('',#18556,#14221,#14222);
#11421=AXIS2_PLACEMENT_3D('',#18558,#14223,#14224);
#11422=AXIS2_PLACEMENT_3D('',#18559,#14225,#14226);
#11423=AXIS2_PLACEMENT_3D('',#18561,#14227,#14228);
#11424=AXIS2_PLACEMENT_3D('',#18562,#14229,#14230);
#11425=AXIS2_PLACEMENT_3D('',#18564,#14231,#14232);
#11426=AXIS2_PLACEMENT_3D('',#18565,#14233,#14234);
#11427=AXIS2_PLACEMENT_3D('',#18567,#14235,#14236);
#11428=AXIS2_PLACEMENT_3D('',#18568,#14237,#14238);
#11429=AXIS2_PLACEMENT_3D('',#18570,#14239,#14240);
#11430=AXIS2_PLACEMENT_3D('',#18571,#14241,#14242);
#11431=AXIS2_PLACEMENT_3D('',#18573,#14243,#14244);
#11432=AXIS2_PLACEMENT_3D('',#18574,#14245,#14246);
#11433=AXIS2_PLACEMENT_3D('',#18576,#14247,#14248);
#11434=AXIS2_PLACEMENT_3D('',#18577,#14249,#14250);
#11435=AXIS2_PLACEMENT_3D('',#18579,#14251,#14252);
#11436=AXIS2_PLACEMENT_3D('',#18580,#14253,#14254);
#11437=AXIS2_PLACEMENT_3D('',#18582,#14255,#14256);
#11438=AXIS2_PLACEMENT_3D('',#18583,#14257,#14258);
#11439=AXIS2_PLACEMENT_3D('',#18585,#14259,#14260);
#11440=AXIS2_PLACEMENT_3D('',#18586,#14261,#14262);
#11441=AXIS2_PLACEMENT_3D('',#18588,#14263,#14264);
#11442=AXIS2_PLACEMENT_3D('',#18589,#14265,#14266);
#11443=AXIS2_PLACEMENT_3D('',#18591,#14267,#14268);
#11444=AXIS2_PLACEMENT_3D('',#18592,#14269,#14270);
#11445=AXIS2_PLACEMENT_3D('',#18594,#14271,#14272);
#11446=AXIS2_PLACEMENT_3D('',#18595,#14273,#14274);
#11447=AXIS2_PLACEMENT_3D('',#18597,#14275,#14276);
#11448=AXIS2_PLACEMENT_3D('',#18598,#14277,#14278);
#11449=AXIS2_PLACEMENT_3D('',#18600,#14279,#14280);
#11450=AXIS2_PLACEMENT_3D('',#18601,#14281,#14282);
#11451=AXIS2_PLACEMENT_3D('',#18602,#14283,#14284);
#11452=AXIS2_PLACEMENT_3D('',#18603,#14285,#14286);
#11453=AXIS2_PLACEMENT_3D('',#18604,#14287,#14288);
#11454=AXIS2_PLACEMENT_3D('',#18605,#14289,#14290);
#11455=AXIS2_PLACEMENT_3D('',#18606,#14291,#14292);
#11456=AXIS2_PLACEMENT_3D('',#18607,#14293,#14294);
#11457=AXIS2_PLACEMENT_3D('',#18608,#14295,#14296);
#11458=AXIS2_PLACEMENT_3D('',#18609,#14297,#14298);
#11459=AXIS2_PLACEMENT_3D('',#18610,#14299,#14300);
#11460=AXIS2_PLACEMENT_3D('',#18611,#14301,#14302);
#11461=AXIS2_PLACEMENT_3D('',#18612,#14303,#14304);
#11462=AXIS2_PLACEMENT_3D('',#18613,#14305,#14306);
#11463=AXIS2_PLACEMENT_3D('',#18614,#14307,#14308);
#11464=AXIS2_PLACEMENT_3D('',#18615,#14309,#14310);
#11465=AXIS2_PLACEMENT_3D('',#18760,#14311,#14312);
#11466=AXIS2_PLACEMENT_3D('',#18763,#14315,#14316);
#11467=AXIS2_PLACEMENT_3D('',#18765,#14318,#14319);
#11468=AXIS2_PLACEMENT_3D('',#18767,#14321,#14322);
#11469=AXIS2_PLACEMENT_3D('',#18769,#14324,#14325);
#11470=AXIS2_PLACEMENT_3D('',#18771,#14327,#14328);
#11471=AXIS2_PLACEMENT_3D('',#18773,#14330,#14331);
#11472=AXIS2_PLACEMENT_3D('',#18775,#14333,#14334);
#11473=AXIS2_PLACEMENT_3D('',#18776,#14335,#14336);
#11474=AXIS2_PLACEMENT_3D('',#18777,#14337,#14338);
#11475=AXIS2_PLACEMENT_3D('',#18779,#14339,#14340);
#11476=AXIS2_PLACEMENT_3D('',#18780,#14341,#14342);
#11477=AXIS2_PLACEMENT_3D('',#18782,#14343,#14344);
#11478=AXIS2_PLACEMENT_3D('',#18783,#14345,#14346);
#11479=AXIS2_PLACEMENT_3D('',#18785,#14347,#14348);
#11480=AXIS2_PLACEMENT_3D('',#18786,#14349,#14350);
#11481=AXIS2_PLACEMENT_3D('',#18787,#14351,#14352);
#11482=AXIS2_PLACEMENT_3D('',#18789,#14353,#14354);
#11483=AXIS2_PLACEMENT_3D('',#18790,#14355,#14356);
#11484=AXIS2_PLACEMENT_3D('',#18791,#14357,#14358);
#11485=AXIS2_PLACEMENT_3D('',#18793,#14359,#14360);
#11486=AXIS2_PLACEMENT_3D('',#18794,#14361,#14362);
#11487=AXIS2_PLACEMENT_3D('',#18796,#14363,#14364);
#11488=AXIS2_PLACEMENT_3D('',#18797,#14365,#14366);
#11489=AXIS2_PLACEMENT_3D('',#18799,#14367,#14368);
#11490=AXIS2_PLACEMENT_3D('',#18800,#14369,#14370);
#11491=AXIS2_PLACEMENT_3D('',#18802,#14371,#14372);
#11492=AXIS2_PLACEMENT_3D('',#18803,#14373,#14374);
#11493=AXIS2_PLACEMENT_3D('',#18805,#14375,#14376);
#11494=AXIS2_PLACEMENT_3D('',#18807,#14377,#14378);
#11495=AXIS2_PLACEMENT_3D('',#18808,#14379,#14380);
#11496=AXIS2_PLACEMENT_3D('',#18809,#14381,#14382);
#11497=AXIS2_PLACEMENT_3D('',#18811,#14383,#14384);
#11498=AXIS2_PLACEMENT_3D('',#18813,#14385,#14386);
#11499=AXIS2_PLACEMENT_3D('',#18814,#14387,#14388);
#11500=AXIS2_PLACEMENT_3D('',#18815,#14389,#14390);
#11501=AXIS2_PLACEMENT_3D('',#18817,#14391,#14392);
#11502=AXIS2_PLACEMENT_3D('',#18819,#14393,#14394);
#11503=AXIS2_PLACEMENT_3D('',#18820,#14395,#14396);
#11504=AXIS2_PLACEMENT_3D('',#18821,#14397,#14398);
#11505=AXIS2_PLACEMENT_3D('',#18823,#14399,#14400);
#11506=AXIS2_PLACEMENT_3D('',#18825,#14401,#14402);
#11507=AXIS2_PLACEMENT_3D('',#18826,#14403,#14404);
#11508=AXIS2_PLACEMENT_3D('',#18827,#14405,#14406);
#11509=AXIS2_PLACEMENT_3D('',#18828,#14407,#14408);
#11510=AXIS2_PLACEMENT_3D('',#18829,#14409,#14410);
#11511=AXIS2_PLACEMENT_3D('',#18830,#14411,#14412);
#11512=AXIS2_PLACEMENT_3D('',#18836,#14416,#14417);
#11513=AXIS2_PLACEMENT_3D('',#18841,#14420,#14421);
#11514=AXIS2_PLACEMENT_3D('',#18846,#14424,#14425);
#11515=AXIS2_PLACEMENT_3D('',#18852,#14429,#14430);
#11516=AXIS2_PLACEMENT_3D('',#18858,#14434,#14435);
#11517=AXIS2_PLACEMENT_3D('',#18864,#14439,#14440);
#11518=AXIS2_PLACEMENT_3D('',#18873,#14445,#14446);
#11519=AXIS2_PLACEMENT_3D('',#18874,#14447,#14448);
#11520=AXIS2_PLACEMENT_3D('',#18877,#14451,#14452);
#11521=AXIS2_PLACEMENT_3D('',#18879,#14454,#14455);
#11522=AXIS2_PLACEMENT_3D('',#18881,#14457,#14458);
#11523=AXIS2_PLACEMENT_3D('',#18882,#14459,#14460);
#11524=AXIS2_PLACEMENT_3D('',#18885,#14463,#14464);
#11525=AXIS2_PLACEMENT_3D('',#18888,#14467,#14468);
#11526=AXIS2_PLACEMENT_3D('',#18889,#14469,#14470);
#11527=AXIS2_PLACEMENT_3D('',#18890,#14471,#14472);
#11528=AXIS2_PLACEMENT_3D('',#18893,#14475,#14476);
#11529=AXIS2_PLACEMENT_3D('',#18895,#14478,#14479);
#11530=AXIS2_PLACEMENT_3D('',#18897,#14481,#14482);
#11531=AXIS2_PLACEMENT_3D('',#18898,#14483,#14484);
#11532=AXIS2_PLACEMENT_3D('',#18901,#14487,#14488);
#11533=AXIS2_PLACEMENT_3D('',#18903,#14490,#14491);
#11534=AXIS2_PLACEMENT_3D('',#18905,#14493,#14494);
#11535=AXIS2_PLACEMENT_3D('',#18906,#14495,#14496);
#11536=AXIS2_PLACEMENT_3D('',#18907,#14497,#14498);
#11537=AXIS2_PLACEMENT_3D('',#18908,#14499,#14500);
#11538=AXIS2_PLACEMENT_3D('',#18909,#14501,#14502);
#11539=AXIS2_PLACEMENT_3D('',#18910,#14503,#14504);
#11540=AXIS2_PLACEMENT_3D('',#18911,#14505,#14506);
#11541=AXIS2_PLACEMENT_3D('',#18912,#14507,#14508);
#11542=AXIS2_PLACEMENT_3D('',#18913,#14509,#14510);
#11543=AXIS2_PLACEMENT_3D('',#18914,#14511,#14512);
#11544=AXIS2_PLACEMENT_3D('',#18915,#14513,#14514);
#11545=AXIS2_PLACEMENT_3D('',#18916,#14515,#14516);
#11546=AXIS2_PLACEMENT_3D('',#18917,#14517,#14518);
#11547=AXIS2_PLACEMENT_3D('',#18918,#14519,#14520);
#11548=AXIS2_PLACEMENT_3D('',#18919,#14521,#14522);
#11549=AXIS2_PLACEMENT_3D('',#18920,#14523,#14524);
#11550=AXIS2_PLACEMENT_3D('',#18921,#14525,#14526);
#11551=AXIS2_PLACEMENT_3D('',#18922,#14527,#14528);
#11552=AXIS2_PLACEMENT_3D('',#18923,#14529,#14530);
#11553=AXIS2_PLACEMENT_3D('',#18924,#14531,#14532);
#11554=AXIS2_PLACEMENT_3D('',#18925,#14533,#14534);
#11555=AXIS2_PLACEMENT_3D('',#18926,#14535,#14536);
#11556=AXIS2_PLACEMENT_3D('',#18927,#14537,#14538);
#11557=AXIS2_PLACEMENT_3D('',#18928,#14539,#14540);
#11558=AXIS2_PLACEMENT_3D('',#18929,#14541,#14542);
#11559=AXIS2_PLACEMENT_3D('',#18930,#14543,#14544);
#11560=AXIS2_PLACEMENT_3D('',#18931,#14545,#14546);
#11561=AXIS2_PLACEMENT_3D('',#18932,#14547,#14548);
#11562=AXIS2_PLACEMENT_3D('',#18933,#14549,#14550);
#11563=AXIS2_PLACEMENT_3D('',#18934,#14551,#14552);
#11564=AXIS2_PLACEMENT_3D('',#18935,#14553,#14554);
#11565=AXIS2_PLACEMENT_3D('',#18936,#14555,#14556);
#11566=AXIS2_PLACEMENT_3D('',#18937,#14557,#14558);
#11567=AXIS2_PLACEMENT_3D('',#18938,#14559,#14560);
#11568=AXIS2_PLACEMENT_3D('',#18939,#14561,#14562);
#11569=AXIS2_PLACEMENT_3D('',#18945,#14563,#14564);
#11570=AXIS2_PLACEMENT_3D('',#18946,#14565,#14566);
#11571=AXIS2_PLACEMENT_3D('',#18947,#14567,#14568);
#11572=AXIS2_PLACEMENT_3D('',#18948,#14569,#14570);
#11573=AXIS2_PLACEMENT_3D('',#18949,#14571,#14572);
#11574=AXIS2_PLACEMENT_3D('',#18950,#14573,#14574);
#11575=AXIS2_PLACEMENT_3D('',#18951,#14575,#14576);
#11576=AXIS2_PLACEMENT_3D('',#18952,#14577,#14578);
#11577=AXIS2_PLACEMENT_3D('',#18953,#14579,#14580);
#11578=AXIS2_PLACEMENT_3D('',#18954,#14581,#14582);
#11579=AXIS2_PLACEMENT_3D('',#18955,#14583,#14584);
#11580=AXIS2_PLACEMENT_3D('',#18956,#14585,#14586);
#11581=AXIS2_PLACEMENT_3D('',#18957,#14587,#14588);
#11582=AXIS2_PLACEMENT_3D('',#18958,#14589,#14590);
#11583=AXIS2_PLACEMENT_3D('',#18959,#14591,#14592);
#11584=AXIS2_PLACEMENT_3D('',#18960,#14593,#14594);
#11585=AXIS2_PLACEMENT_3D('',#18961,#14595,#14596);
#11586=AXIS2_PLACEMENT_3D('',#18962,#14597,#14598);
#11587=AXIS2_PLACEMENT_3D('',#18978,#14599,#14600);
#11588=AXIS2_PLACEMENT_3D('',#18979,#14601,#14602);
#11589=AXIS2_PLACEMENT_3D('',#18980,#14603,#14604);
#11590=DIRECTION('',(0.,0.,1.));
#11591=DIRECTION('',(1.,0.,0.));
#11592=DIRECTION('',(0.,0.,-1.));
#11593=DIRECTION('',(-1.,0.,0.));
#11594=DIRECTION('',(0.,1.,0.));
#11595=DIRECTION('',(-1.,0.,0.));
#11596=DIRECTION('',(0.,1.,0.));
#11597=DIRECTION('',(0.,0.,-1.));
#11598=DIRECTION('',(-1.,0.,0.));
#11599=DIRECTION('',(0.,1.,0.));
#11600=DIRECTION('',(-0.500000000000007,-0.866025403784435,0.));
#11601=DIRECTION('',(-2.21443931027213E-7,3.83552155952026E-7,0.999999999999902));
#11602=DIRECTION('',(0.,-0.999999999999927,3.83552155952036E-7));
#11603=DIRECTION('',(-1.,0.,0.));
#11604=DIRECTION('',(0.,0.,-1.));
#11605=DIRECTION('',(-1.,0.,0.));
#11606=DIRECTION('',(0.,0.,-1.));
#11607=DIRECTION('',(-1.,0.,0.));
#11608=DIRECTION('',(0.,1.,0.));
#11609=DIRECTION('',(-1.,0.,0.));
#11610=DIRECTION('',(0.,1.,0.));
#11611=DIRECTION('',(1.,0.,0.));
#11612=DIRECTION('',(-2.06267608115493E-16,-1.,0.));
#11613=DIRECTION('',(1.,-2.06267608115493E-16,0.));
#11614=DIRECTION('',(-2.06267608115493E-16,-1.,0.));
#11615=DIRECTION('',(0.,-1.,0.));
#11616=DIRECTION('',(0.,0.,-1.));
#11617=DIRECTION('',(0.,1.,0.));
#11618=DIRECTION('',(-2.06267608115493E-16,-1.,3.82856869892695E-16));
#11619=DIRECTION('',(0.,-3.82856869892695E-16,-1.));
#11620=DIRECTION('',(1.,0.,0.));
#11621=DIRECTION('',(0.,0.,-1.));
#11622=DIRECTION('',(1.,0.,0.));
#11623=DIRECTION('',(-1.,0.,0.));
#11624=DIRECTION('',(0.,0.,1.));
#11625=DIRECTION('',(-1.,0.,0.));
#11626=DIRECTION('',(0.,0.,1.));
#11627=DIRECTION('',(-1.,0.,0.));
#11628=DIRECTION('',(0.,0.,1.));
#11629=DIRECTION('',(1.,0.,0.));
#11630=DIRECTION('',(-1.,0.,0.));
#11631=DIRECTION('',(0.,0.,1.));
#11632=DIRECTION('',(1.,0.,0.));
#11633=DIRECTION('',(0.,0.,-1.));
#11634=DIRECTION('',(1.,0.,0.));
#11635=DIRECTION('',(-1.,0.,0.));
#11636=DIRECTION('',(0.,0.,1.));
#11637=DIRECTION('',(-1.,0.,0.));
#11638=DIRECTION('',(0.,-0.998629534754574,-0.0523359562429439));
#11639=DIRECTION('',(0.,0.0523359562429439,-0.998629534754574));
#11640=DIRECTION('',(0.,0.0523359562429439,-0.998629534754574));
#11641=DIRECTION('',(-1.07952125126692E-17,-0.0523359562429439,0.998629534754574));
#11642=DIRECTION('',(1.,0.,0.));
#11643=DIRECTION('',(0.,0.0523359562429439,-0.998629534754574));
#11644=DIRECTION('',(-1.,0.,0.));
#11645=DIRECTION('',(0.,0.0523359562429439,-0.998629534754574));
#11646=DIRECTION('',(1.,0.,0.));
#11647=DIRECTION('',(0.0302023939146506,0.0523120807703843,-0.99817396359918));
#11648=DIRECTION('',(1.,0.,0.));
#11649=DIRECTION('',(0.,0.0523359562429439,-0.998629534754574));
#11650=DIRECTION('',(-1.,0.,0.));
#11651=DIRECTION('',(0.,-0.0523359562429439,0.998629534754574));
#11652=DIRECTION('',(1.,0.,0.));
#11653=DIRECTION('',(0.,0.0523359562429439,-0.998629534754574));
#11654=DIRECTION('',(1.,0.,0.));
#11655=DIRECTION('',(0.,-0.998629534754574,-0.0523359562429439));
#11656=DIRECTION('',(0.,0.0523359562429439,-0.998629534754574));
#11657=DIRECTION('',(0.,0.0523359562429439,-0.998629534754574));
#11658=DIRECTION('',(-0.0302023939146506,0.0523120807703843,-0.99817396359918));
#11659=DIRECTION('',(1.,0.,0.));
#11660=DIRECTION('',(0.,-0.0523359562429439,0.998629534754574));
#11661=DIRECTION('',(1.,0.,0.));
#11662=DIRECTION('',(0.,0.0523359562429439,-0.998629534754574));
#11663=DIRECTION('',(1.,0.,0.));
#11664=DIRECTION('',(0.,1.,0.));
#11665=DIRECTION('',(0.,0.,1.));
#11666=DIRECTION('',(0.,1.,0.));
#11667=DIRECTION('',(0.,1.,0.));
#11668=DIRECTION('',(0.,0.,1.));
#11669=DIRECTION('',(0.,0.,-1.));
#11670=DIRECTION('',(-1.,0.,0.));
#11671=DIRECTION('',(0.,0.,-1.));
#11672=DIRECTION('',(-1.,0.,0.));
#11673=DIRECTION('',(0.,0.,-1.));
#11674=DIRECTION('',(-1.,0.,0.));
#11675=DIRECTION('',(0.,0.,-1.));
#11676=DIRECTION('',(-1.,0.,0.));
#11677=DIRECTION('',(-1.,0.,0.));
#11678=DIRECTION('',(0.,1.,0.));
#11679=DIRECTION('',(1.,2.497052925295E-16,0.));
#11680=DIRECTION('',(0.,0.,-1.));
#11681=DIRECTION('',(-1.,0.,0.));
#11682=DIRECTION('',(-1.,0.,0.));
#11683=DIRECTION('',(0.,1.,0.));
#11684=DIRECTION('',(0.,1.,0.));
#11685=DIRECTION('',(0.,0.,-1.));
#11686=DIRECTION('',(-1.,0.,0.));
#11687=DIRECTION('',(0.,0.,-1.));
#11688=DIRECTION('',(-1.,0.,0.));
#11689=DIRECTION('',(0.,1.,0.));
#11690=DIRECTION('',(0.,0.,1.));
#11691=DIRECTION('',(0.,0.,1.));
#11692=DIRECTION('',(1.,0.,0.));
#11693=DIRECTION('',(0.,0.,-1.));
#11694=DIRECTION('',(1.,0.,0.));
#11695=DIRECTION('',(0.,0.,1.));
#11696=DIRECTION('',(1.,0.,0.));
#11697=DIRECTION('',(0.,0.,-1.));
#11698=DIRECTION('',(1.,0.,0.));
#11699=DIRECTION('',(0.,0.,1.));
#11700=DIRECTION('',(0.,0.,1.));
#11701=DIRECTION('',(1.,0.,0.));
#11702=DIRECTION('',(0.,0.,-1.));
#11703=DIRECTION('',(-1.,0.,0.));
#11704=DIRECTION('',(0.,0.,1.));
#11705=DIRECTION('',(1.,0.,0.));
#11706=DIRECTION('',(0.,0.,-1.));
#11707=DIRECTION('',(-1.,0.,0.));
#11708=DIRECTION('',(0.,0.,1.));
#11709=DIRECTION('',(1.,0.,0.));
#11710=DIRECTION('',(0.,0.,-1.));
#11711=DIRECTION('',(0.,0.,-1.));
#11712=DIRECTION('',(0.,0.,1.));
#11713=DIRECTION('',(1.,0.,0.));
#11714=DIRECTION('',(0.,0.,-1.));
#11715=DIRECTION('',(-1.,0.,0.));
#11716=DIRECTION('',(0.,0.,-1.));
#11717=DIRECTION('',(-7.01426215071668E-17,-1.,0.));
#11718=DIRECTION('',(1.,-7.01426215071668E-17,0.));
#11719=DIRECTION('',(0.,-1.,0.));
#11720=DIRECTION('',(0.,0.,-1.));
#11721=DIRECTION('',(-7.01426215071668E-17,-1.,0.));
#11722=DIRECTION('',(-7.01426215071668E-17,-1.,0.));
#11723=DIRECTION('',(1.,-7.01426215071668E-17,0.));
#11724=DIRECTION('',(0.,0.,-1.));
#11725=DIRECTION('',(-1.,0.,0.));
#11726=DIRECTION('',(0.,0.,1.));
#11727=DIRECTION('',(1.,0.,0.));
#11728=DIRECTION('',(0.,0.,-1.));
#11729=DIRECTION('',(0.,0.,-1.));
#11730=DIRECTION('',(0.,0.,1.));
#11731=DIRECTION('',(1.,0.,0.));
#11732=DIRECTION('',(0.,0.,1.));
#11733=DIRECTION('',(0.,0.,-1.));
#11734=DIRECTION('',(-1.,0.,0.));
#11735=DIRECTION('',(-1.,7.01426215071668E-17,0.));
#11736=DIRECTION('',(-7.01426215071668E-17,-1.,0.));
#11737=DIRECTION('',(0.,0.,1.));
#11738=DIRECTION('',(7.01426215071668E-17,1.,0.));
#11739=DIRECTION('',(-1.,7.01426215071668E-17,0.));
#11740=DIRECTION('',(-7.01426215071668E-17,-1.,0.));
#11741=DIRECTION('',(0.,0.,1.));
#11742=DIRECTION('',(-7.01426215071668E-17,-1.,0.));
#11743=DIRECTION('',(-1.,7.01426215071668E-17,0.));
#11744=DIRECTION('',(-7.01426215071668E-17,-1.,0.));
#11745=DIRECTION('',(0.,0.,1.));
#11746=DIRECTION('',(-1.,7.01426215071668E-17,0.));
#11747=DIRECTION('',(-7.01426215071668E-17,-1.,0.));
#11748=DIRECTION('',(0.,0.,1.));
#11749=DIRECTION('',(7.01426215071668E-17,1.,0.));
#11750=DIRECTION('',(0.,1.,0.));
#11751=DIRECTION('',(0.,0.,1.));
#11752=DIRECTION('',(1.,0.,0.));
#11753=DIRECTION('',(0.,0.,1.));
#11754=DIRECTION('',(1.,0.,0.));
#11755=DIRECTION('',(0.,0.,1.));
#11756=DIRECTION('',(1.,0.,0.));
#11757=DIRECTION('',(1.,0.,0.));
#11758=DIRECTION('',(0.,0.,1.));
#11759=DIRECTION('',(1.,0.,0.));
#11760=DIRECTION('',(0.,1.,0.));
#11761=DIRECTION('',(0.,0.,1.));
#11762=DIRECTION('',(1.,0.,0.));
#11763=DIRECTION('',(1.,0.,0.));
#11764=DIRECTION('',(0.,0.,1.));
#11765=DIRECTION('',(1.,0.,0.));
#11766=DIRECTION('',(-1.,0.,0.));
#11767=DIRECTION('',(0.,0.,1.));
#11768=DIRECTION('',(1.,0.,0.));
#11769=DIRECTION('',(-1.,0.,0.));
#11770=DIRECTION('',(0.,0.,1.));
#11771=DIRECTION('',(1.,0.,0.));
#11772=DIRECTION('',(1.,0.,0.));
#11773=DIRECTION('',(0.,0.,1.));
#11774=DIRECTION('',(1.,0.,0.));
#11775=DIRECTION('',(0.,1.,0.));
#11776=DIRECTION('',(0.,0.,1.));
#11777=DIRECTION('',(1.,0.,0.));
#11778=DIRECTION('',(1.,0.,0.));
#11779=DIRECTION('',(0.,0.,1.));
#11780=DIRECTION('',(1.,0.,0.));
#11781=DIRECTION('',(-1.,0.,0.));
#11782=DIRECTION('',(0.,0.,1.));
#11783=DIRECTION('',(1.,0.,0.));
#11784=DIRECTION('',(-1.,0.,0.));
#11785=DIRECTION('',(0.,0.,1.));
#11786=DIRECTION('',(1.,0.,0.));
#11787=DIRECTION('',(-1.,0.,0.));
#11788=DIRECTION('',(0.,0.,1.));
#11789=DIRECTION('',(1.,0.,0.));
#11790=DIRECTION('',(0.,1.,0.));
#11791=DIRECTION('',(0.,0.,1.));
#11792=DIRECTION('',(1.,0.,0.));
#11793=DIRECTION('',(-1.,0.,0.));
#11794=DIRECTION('',(0.,0.,1.));
#11795=DIRECTION('',(1.,0.,0.));
#11796=DIRECTION('',(0.,1.,0.));
#11797=DIRECTION('',(0.,0.,1.));
#11798=DIRECTION('',(1.,0.,0.));
#11799=DIRECTION('',(1.,0.,0.));
#11800=DIRECTION('',(0.,-1.,0.));
#11801=DIRECTION('',(0.,0.,1.));
#11802=DIRECTION('',(1.,0.,0.));
#11803=DIRECTION('',(1.,0.,0.));
#11804=DIRECTION('',(0.,1.,0.));
#11805=DIRECTION('',(1.,0.,0.));
#11806=DIRECTION('',(0.,1.,0.));
#11807=DIRECTION('',(1.,0.,0.));
#11808=DIRECTION('',(0.,1.,0.));
#11809=DIRECTION('',(1.,0.,0.));
#11810=DIRECTION('',(0.,1.,0.));
#11811=DIRECTION('',(0.,0.,1.));
#11812=DIRECTION('',(1.,0.,0.));
#11813=DIRECTION('',(1.,0.,0.));
#11814=DIRECTION('',(0.,0.,1.));
#11815=DIRECTION('',(1.,0.,0.));
#11816=DIRECTION('',(0.,1.,0.));
#11817=DIRECTION('',(0.,0.,1.));
#11818=DIRECTION('',(1.,0.,0.));
#11819=DIRECTION('',(1.,0.,0.));
#11820=DIRECTION('',(0.,1.,0.));
#11821=DIRECTION('',(0.,0.,1.));
#11822=DIRECTION('',(1.,0.,0.));
#11823=DIRECTION('',(0.,1.,0.));
#11824=DIRECTION('',(1.,0.,0.));
#11825=DIRECTION('',(0.,0.,1.));
#11826=DIRECTION('',(1.,0.,0.));
#11827=DIRECTION('',(0.,1.,0.));
#11828=DIRECTION('',(0.,0.,-1.));
#11829=DIRECTION('',(-1.,0.,0.));
#11830=DIRECTION('',(1.,0.,0.));
#11831=DIRECTION('',(0.500000000000012,0.866025403784432,0.));
#11832=DIRECTION('',(0.,1.,0.));
#11833=DIRECTION('',(0.,0.,1.));
#11834=DIRECTION('',(1.,0.,0.));
#11835=DIRECTION('',(1.,0.,0.));
#11836=DIRECTION('',(0.,0.,1.));
#11837=DIRECTION('',(1.,0.,0.));
#11838=DIRECTION('',(0.,1.,0.));
#11839=DIRECTION('',(0.,0.,1.));
#11840=DIRECTION('',(1.,0.,0.));
#11841=DIRECTION('',(0.,1.,0.));
#11842=DIRECTION('',(1.,0.,0.));
#11843=DIRECTION('',(0.,0.,-1.));
#11844=DIRECTION('',(-1.,0.,0.));
#11845=DIRECTION('',(0.,1.,0.));
#11846=DIRECTION('',(1.,0.,0.));
#11847=DIRECTION('',(0.,1.,0.));
#11848=DIRECTION('',(1.,0.,0.));
#11849=DIRECTION('',(0.,1.,0.));
#11850=DIRECTION('',(1.,0.,0.));
#11851=DIRECTION('',(0.,1.,0.));
#11852=DIRECTION('',(-1.,0.,0.));
#11853=DIRECTION('',(0.,0.,1.));
#11854=DIRECTION('',(1.,0.,0.));
#11855=DIRECTION('',(-0.0291770366750661,-0.999574259638003,0.));
#11856=DIRECTION('',(1.,0.,0.));
#11857=DIRECTION('',(0.,1.,0.));
#11858=DIRECTION('',(0.,0.,-1.));
#11859=DIRECTION('',(-1.,0.,0.));
#11860=DIRECTION('',(1.,0.,0.));
#11861=DIRECTION('',(0.,0.,1.));
#11862=DIRECTION('',(1.,0.,0.));
#11863=DIRECTION('',(0.,1.,0.));
#11864=DIRECTION('',(-7.01426215071668E-17,1.,0.));
#11865=DIRECTION('',(-1.,-7.01426215071668E-17,0.));
#11866=DIRECTION('',(-7.01426215071668E-17,1.,0.));
#11867=DIRECTION('',(-1.,-7.01426215071668E-17,0.));
#11868=DIRECTION('',(-7.01426215071668E-17,1.,0.));
#11869=DIRECTION('',(-7.01426215071668E-17,1.,0.));
#11870=DIRECTION('',(-1.,-7.01426215071668E-17,0.));
#11871=DIRECTION('',(1.,7.01426215071668E-17,0.));
#11872=DIRECTION('',(-7.01426215071668E-17,1.,0.));
#11873=DIRECTION('',(1.,7.01426215071668E-17,0.));
#11874=DIRECTION('',(-7.01426215071668E-17,1.,0.));
#11875=DIRECTION('',(7.01426215071668E-17,-1.,0.));
#11876=DIRECTION('',(0.,0.,-1.));
#11877=DIRECTION('',(0.,1.,0.));
#11878=DIRECTION('',(7.01426215071668E-17,-1.,0.));
#11879=DIRECTION('',(0.,0.,1.));
#11880=DIRECTION('',(-7.01426215071668E-17,1.,0.));
#11881=DIRECTION('',(1.,7.01426215071668E-17,0.));
#11882=DIRECTION('',(-7.01426215071668E-17,1.,0.));
#11883=DIRECTION('',(0.,0.,1.));
#11884=DIRECTION('',(1.,7.01426215071668E-17,0.));
#11885=DIRECTION('',(-7.01426215071668E-17,1.,0.));
#11886=DIRECTION('',(0.,0.,1.));
#11887=DIRECTION('',(1.,0.,0.));
#11888=DIRECTION('',(0.,0.,-1.));
#11889=DIRECTION('',(1.,0.,0.));
#11890=DIRECTION('',(0.,0.,-1.));
#11891=DIRECTION('',(1.,0.,0.));
#11892=DIRECTION('',(1.,0.,0.));
#11893=DIRECTION('',(0.,0.,-1.));
#11894=DIRECTION('',(0.,0.,-1.));
#11895=DIRECTION('',(-1.,0.,0.));
#11896=DIRECTION('',(0.,0.,-1.));
#11897=DIRECTION('',(-1.,0.,0.));
#11898=DIRECTION('',(0.,-1.,0.));
#11899=DIRECTION('',(-1.,0.,0.));
#11900=DIRECTION('',(0.,1.,0.));
#11901=DIRECTION('',(-1.,0.,0.));
#11902=DIRECTION('',(2.21442815812206E-7,3.83550516077592E-7,0.999999999999902));
#11903=DIRECTION('',(0.,-0.999999999999927,3.83550516077601E-7));
#11904=DIRECTION('',(-0.5,0.866025403784436,0.));
#11905=DIRECTION('',(-1.,0.,0.));
#11906=DIRECTION('',(0.,-1.,0.));
#11907=DIRECTION('',(0.,0.,-1.));
#11908=DIRECTION('',(-1.,0.,0.));
#11909=DIRECTION('',(0.,1.,0.));
#11910=DIRECTION('',(1.,0.,0.));
#11911=DIRECTION('',(0.,1.,0.));
#11912=DIRECTION('',(0.,0.,-1.));
#11913=DIRECTION('',(-1.,0.,0.));
#11914=DIRECTION('',(0.,1.,0.));
#11915=DIRECTION('',(0.,0.,-1.));
#11916=DIRECTION('',(-1.,0.,0.));
#11917=DIRECTION('',(0.,1.,0.));
#11918=DIRECTION('',(-1.,0.,0.));
#11919=DIRECTION('',(0.,0.,1.));
#11920=DIRECTION('',(1.,0.,0.));
#11921=DIRECTION('',(0.,1.,0.));
#11922=DIRECTION('',(0.,0.,1.));
#11923=DIRECTION('',(1.,0.,0.));
#11924=DIRECTION('',(0.,1.,0.));
#11925=DIRECTION('',(0.,0.,1.));
#11926=DIRECTION('',(1.,0.,0.));
#11927=DIRECTION('',(1.,0.,0.));
#11928=DIRECTION('',(0.,0.,1.));
#11929=DIRECTION('',(1.,0.,0.));
#11930=DIRECTION('',(0.,1.,0.));
#11931=DIRECTION('',(1.,0.,0.));
#11932=DIRECTION('',(0.500000000000006,-0.866025403784435,0.));
#11933=DIRECTION('',(1.,0.,0.));
#11934=DIRECTION('',(0.,0.,1.));
#11935=DIRECTION('',(1.,0.,0.));
#11936=DIRECTION('',(1.,0.,0.));
#11937=DIRECTION('',(0.,0.,1.));
#11938=DIRECTION('',(1.,0.,0.));
#11939=DIRECTION('',(-1.46092434067012E-16,1.,0.));
#11940=DIRECTION('',(0.,0.,1.));
#11941=DIRECTION('',(1.,0.,0.));
#11942=DIRECTION('',(1.,0.,0.));
#11943=DIRECTION('',(0.,0.,1.));
#11944=DIRECTION('',(1.,0.,0.));
#11945=DIRECTION('',(0.,1.,0.));
#11946=DIRECTION('',(0.,0.,1.));
#11947=DIRECTION('',(1.,0.,0.));
#11948=DIRECTION('',(0.,0.,1.));
#11949=DIRECTION('',(1.,0.,0.));
#11950=DIRECTION('',(0.,1.,0.));
#11951=DIRECTION('',(0.,0.,1.));
#11952=DIRECTION('',(1.,0.,0.));
#11953=DIRECTION('',(0.,1.,0.));
#11954=DIRECTION('',(0.,0.,1.));
#11955=DIRECTION('',(1.,0.,0.));
#11956=DIRECTION('',(0.,0.,1.));
#11957=DIRECTION('',(1.,0.,0.));
#11958=DIRECTION('',(0.,0.,1.));
#11959=DIRECTION('',(1.,0.,0.));
#11960=DIRECTION('',(-1.,0.,0.));
#11961=DIRECTION('',(0.,0.,1.));
#11962=DIRECTION('',(1.,0.,0.));
#11963=DIRECTION('',(0.,1.,0.));
#11964=DIRECTION('',(0.,0.,1.));
#11965=DIRECTION('',(1.,0.,0.));
#11966=DIRECTION('',(-1.,0.,0.));
#11967=DIRECTION('',(0.,0.,1.));
#11968=DIRECTION('',(1.,0.,0.));
#11969=DIRECTION('',(0.,1.,0.));
#11970=DIRECTION('',(0.,0.,-1.));
#11971=DIRECTION('',(-1.,0.,0.));
#11972=DIRECTION('',(0.,0.,1.));
#11973=DIRECTION('',(1.,0.,0.));
#11974=DIRECTION('',(0.,0.,-1.));
#11975=DIRECTION('',(0.,0.,1.));
#11976=DIRECTION('',(1.,0.,0.));
#11977=DIRECTION('',(0.,0.,-1.));
#11978=DIRECTION('',(0.,0.,-1.));
#11979=DIRECTION('',(0.,0.,1.));
#11980=DIRECTION('',(1.,0.,0.));
#11981=DIRECTION('',(0.,0.,-1.));
#11982=DIRECTION('',(0.,0.,-1.));
#11983=DIRECTION('',(-1.,0.,0.));
#11984=DIRECTION('',(0.,0.,1.));
#11985=DIRECTION('',(1.,0.,0.));
#11986=DIRECTION('',(0.,0.,-1.));
#11987=DIRECTION('',(0.,0.,1.));
#11988=DIRECTION('',(1.,0.,0.));
#11989=DIRECTION('',(0.,0.,-1.));
#11990=DIRECTION('',(0.,0.,-1.));
#11991=DIRECTION('',(0.,0.,1.));
#11992=DIRECTION('',(1.,0.,0.));
#11993=DIRECTION('',(0.,0.,-1.));
#11994=DIRECTION('',(0.,0.,-1.));
#11995=DIRECTION('',(-1.,0.,0.));
#11996=DIRECTION('',(0.,0.,1.));
#11997=DIRECTION('',(1.,0.,0.));
#11998=DIRECTION('',(0.,0.,-1.));
#11999=DIRECTION('',(0.,0.,1.));
#12000=DIRECTION('',(1.,0.,0.));
#12001=DIRECTION('',(0.,0.,-1.));
#12002=DIRECTION('',(0.,0.,-1.));
#12003=DIRECTION('',(0.,0.,1.));
#12004=DIRECTION('',(1.,0.,0.));
#12005=DIRECTION('',(0.,0.,-1.));
#12006=DIRECTION('',(0.,0.,-1.));
#12007=DIRECTION('',(-1.,0.,0.));
#12008=DIRECTION('',(0.,0.,1.));
#12009=DIRECTION('',(1.,0.,0.));
#12010=DIRECTION('',(0.,0.,-1.));
#12011=DIRECTION('',(0.,0.,1.));
#12012=DIRECTION('',(1.,0.,0.));
#12013=DIRECTION('',(0.,0.,-1.));
#12014=DIRECTION('',(0.,0.,-1.));
#12015=DIRECTION('',(0.,0.,1.));
#12016=DIRECTION('',(1.,0.,0.));
#12017=DIRECTION('',(0.,0.,-1.));
#12018=DIRECTION('',(0.,0.,-1.));
#12019=DIRECTION('',(-1.,0.,0.));
#12020=DIRECTION('',(0.,0.,1.));
#12021=DIRECTION('',(1.,0.,0.));
#12022=DIRECTION('',(0.,0.,-1.));
#12023=DIRECTION('',(0.,0.,1.));
#12024=DIRECTION('',(1.,0.,0.));
#12025=DIRECTION('',(0.,0.,-1.));
#12026=DIRECTION('',(0.,0.,-1.));
#12027=DIRECTION('',(-1.,0.,0.));
#12028=DIRECTION('',(0.,0.,1.));
#12029=DIRECTION('',(1.,0.,0.));
#12030=DIRECTION('',(0.,0.,-1.));
#12031=DIRECTION('',(0.,0.,1.));
#12032=DIRECTION('',(1.,0.,0.));
#12033=DIRECTION('',(0.,0.,-1.));
#12034=DIRECTION('',(0.,0.,-1.));
#12035=DIRECTION('',(-1.,0.,0.));
#12036=DIRECTION('',(0.,0.,1.));
#12037=DIRECTION('',(1.,0.,0.));
#12038=DIRECTION('',(0.,0.,-1.));
#12039=DIRECTION('',(0.,0.,1.));
#12040=DIRECTION('',(1.,0.,0.));
#12041=DIRECTION('',(0.,0.,-1.));
#12042=DIRECTION('',(0.,0.,-1.));
#12043=DIRECTION('',(-1.,0.,0.));
#12044=DIRECTION('',(0.,0.,1.));
#12045=DIRECTION('',(1.,0.,0.));
#12046=DIRECTION('',(0.,0.,-1.));
#12047=DIRECTION('',(0.,0.,1.));
#12048=DIRECTION('',(1.,0.,0.));
#12049=DIRECTION('',(0.,0.,-1.));
#12050=DIRECTION('',(-1.,2.06267608115493E-16,0.));
#12051=DIRECTION('',(-2.06267608115493E-16,-1.,0.));
#12052=DIRECTION('',(-1.,2.06267608115493E-16,0.));
#12053=DIRECTION('',(-2.06267608115493E-16,-1.,0.));
#12054=DIRECTION('',(0.,0.,1.));
#12055=DIRECTION('',(-1.,2.06267608115493E-16,0.));
#12056=DIRECTION('',(-2.06267608115493E-16,-1.,0.));
#12057=DIRECTION('',(-2.06267608115493E-16,-1.,0.));
#12058=DIRECTION('',(-3.70526249187195E-33,-1.79633754699734E-17,1.));
#12059=DIRECTION('',(6.65590213563051E-50,-1.,-1.79633754699734E-17));
#12060=DIRECTION('',(-3.46667389989702E-33,-1.79633754699735E-17,1.));
#12061=DIRECTION('',(-0.0871557427476582,0.996194698091746,1.78950194030188E-17));
#12062=DIRECTION('',(-0.996194698091746,-0.0871557427476582,-1.5656113313406E-18));
#12063=DIRECTION('',(-0.0871557427476582,0.996194698091746,1.78950194030188E-17));
#12064=DIRECTION('',(-0.996194698091746,-0.0871557427476582,-1.5656113313406E-18));
#12065=DIRECTION('',(-3.46667389989702E-33,-1.79633754699735E-17,1.));
#12066=DIRECTION('',(-1.,2.06267608115493E-16,0.));
#12067=DIRECTION('',(-2.06267608115493E-16,-1.,0.));
#12068=DIRECTION('',(-1.,2.06267608115493E-16,0.));
#12069=DIRECTION('',(-2.06267608115493E-16,-1.,0.));
#12070=DIRECTION('',(0.,0.,1.));
#12071=DIRECTION('',(-1.,2.06267608115493E-16,0.));
#12072=DIRECTION('',(-2.06267608115493E-16,-1.,0.));
#12073=DIRECTION('',(-2.06267608115493E-16,-1.,0.));
#12074=DIRECTION('',(-3.70526249187195E-33,-1.79633754699734E-17,-1.));
#12075=DIRECTION('',(-6.65590213563051E-50,1.,-1.79633754699734E-17));
#12076=DIRECTION('',(-3.2740809054583E-33,-1.79633754699735E-17,-1.));
#12077=DIRECTION('',(-0.0871557427476586,-0.996194698091746,1.78950194030188E-17));
#12078=DIRECTION('',(-0.996194698091746,0.0871557427476586,-1.5656113313406E-18));
#12079=DIRECTION('',(-3.2740809054583E-33,-1.79633754699735E-17,-1.));
#12080=DIRECTION('',(0.,0.,1.));
#12081=DIRECTION('',(1.,0.,0.));
#12082=DIRECTION('',(0.,1.,0.));
#12083=DIRECTION('',(1.,0.,0.));
#12084=DIRECTION('',(0.,1.,0.));
#12085=DIRECTION('',(1.,0.,0.));
#12086=DIRECTION('',(-0.864838546066894,-0.499314767377291,-0.0523359562429439));
#12087=DIRECTION('',(0.0453242676377401,0.0261679781214722,-0.998629534754574));
#12088=DIRECTION('',(0.0302023939146506,0.0523120807703843,-0.99817396359918));
#12089=DIRECTION('',(0.5,-0.866025403784436,0.));
#12090=DIRECTION('',(-0.0302023939146506,-0.0523120807703843,0.99817396359918));
#12091=DIRECTION('',(0.5,-0.866025403784436,0.));
#12092=DIRECTION('',(-1.77658324630722E-7,-3.07713239984507E-7,0.999999999999937));
#12093=DIRECTION('',(0.,-0.999999999999953,-3.07713239984512E-7));
#12094=DIRECTION('',(-0.5,0.866025403784436,0.));
#12095=DIRECTION('',(-0.866025403784436,-0.5,0.));
#12096=DIRECTION('',(2.21442815812206E-7,3.83550516077592E-7,0.999999999999902));
#12097=DIRECTION('',(0.,-0.999999999999927,3.83550516077601E-7));
#12098=DIRECTION('',(-0.0302023939146506,-0.0523120807703843,0.99817396359918));
#12099=DIRECTION('',(-3.25260651745651E-18,-0.998629534754574,-0.0523359562429439));
#12100=DIRECTION('',(-0.0302023939146506,-0.0523120807703843,0.99817396359918));
#12101=DIRECTION('',(-1.,0.,0.));
#12102=DIRECTION('',(0.,0.,1.));
#12103=DIRECTION('',(1.,0.,0.));
#12104=DIRECTION('',(0.0871557427476584,0.996194698091746,1.78950194030188E-17));
#12105=DIRECTION('',(0.996194698091746,-0.0871557427476584,-1.5656113313406E-18));
#12106=DIRECTION('',(1.92592994438723E-34,1.79633754699735E-17,-1.));
#12107=DIRECTION('',(1.92592994438723E-34,1.79633754699735E-17,-1.));
#12108=DIRECTION('',(3.70526249187195E-33,-1.79633754699734E-17,1.));
#12109=DIRECTION('',(-6.65590213563051E-50,-1.,-1.79633754699734E-17));
#12110=DIRECTION('',(0.,0.,-1.));
#12111=DIRECTION('',(1.,2.06267608115493E-16,0.));
#12112=DIRECTION('',(2.06267608115493E-16,-1.,0.));
#12113=DIRECTION('',(1.,2.06267608115493E-16,0.));
#12114=DIRECTION('',(-2.06267608115493E-16,1.,0.));
#12115=DIRECTION('',(1.,2.06267608115493E-16,0.));
#12116=DIRECTION('',(-2.06267608115493E-16,1.,0.));
#12117=DIRECTION('',(0.,1.,0.));
#12118=DIRECTION('',(0.0871557427476584,-0.996194698091746,1.78950194030188E-17));
#12119=DIRECTION('',(0.996194698091746,0.0871557427476584,-1.5656113313406E-18));
#12120=DIRECTION('',(-1.92592994438723E-34,1.79633754699735E-17,1.));
#12121=DIRECTION('',(0.0871557427476584,-0.996194698091746,1.78950194030188E-17));
#12122=DIRECTION('',(0.996194698091746,0.0871557427476584,-1.5656113313406E-18));
#12123=DIRECTION('',(-1.92592994438723E-34,1.79633754699735E-17,1.));
#12124=DIRECTION('',(3.70526249187195E-33,-1.79633754699734E-17,-1.));
#12125=DIRECTION('',(6.65590213563051E-50,1.,-1.79633754699734E-17));
#12126=DIRECTION('',(0.,0.,-1.));
#12127=DIRECTION('',(1.,2.06267608115493E-16,0.));
#12128=DIRECTION('',(2.06267608115493E-16,-1.,0.));
#12129=DIRECTION('',(1.,2.06267608115493E-16,0.));
#12130=DIRECTION('',(-2.06267608115493E-16,1.,0.));
#12131=DIRECTION('',(1.,2.06267608115493E-16,0.));
#12132=DIRECTION('',(-2.06267608115493E-16,1.,0.));
#12133=DIRECTION('',(0.,1.,0.));
#12134=DIRECTION('',(0.,0.,1.));
#12135=DIRECTION('',(-1.,0.,0.));
#12136=DIRECTION('',(0.,-1.,0.));
#12137=DIRECTION('',(-1.,0.,0.));
#12138=DIRECTION('',(0.,-1.,0.));
#12139=DIRECTION('',(-1.,0.,0.));
#12140=DIRECTION('',(-1.,0.,0.));
#12141=DIRECTION('',(0.,0.,1.));
#12142=DIRECTION('',(-1.,0.,0.));
#12143=DIRECTION('',(0.,0.,1.));
#12144=DIRECTION('',(-1.,2.06267608115493E-16,0.));
#12145=DIRECTION('',(-2.06267608115493E-16,-1.,0.));
#12146=DIRECTION('',(1.,0.,0.));
#12147=DIRECTION('',(0.,0.,1.));
#12148=DIRECTION('',(0.,-1.,0.));
#12149=DIRECTION('',(0.,-0.258819045102515,0.96592582628907));
#12150=DIRECTION('',(0.,-0.96592582628907,-0.258819045102515));
#12151=DIRECTION('',(1.83697019872103E-16,1.,0.));
#12152=DIRECTION('',(-1.,1.83697019872103E-16,0.));
#12153=DIRECTION('',(0.,-1.,0.));
#12154=DIRECTION('',(0.,0.,-1.));
#12155=DIRECTION('',(0.,1.,0.));
#12156=DIRECTION('',(1.83697019872103E-16,1.,0.));
#12157=DIRECTION('',(-1.,1.83697019872103E-16,0.));
#12158=DIRECTION('',(0.,0.,1.));
#12159=DIRECTION('',(0.,-1.,0.));
#12160=DIRECTION('',(0.,-0.258819045102512,-0.965925826289071));
#12161=DIRECTION('',(0.,0.965925826289071,-0.258819045102512));
#12162=DIRECTION('',(-1.,0.,0.));
#12163=DIRECTION('',(0.,0.,1.));
#12164=DIRECTION('',(-1.,0.,0.));
#12165=DIRECTION('',(0.,0.,1.));
#12166=DIRECTION('',(1.,0.,0.));
#12167=DIRECTION('',(-1.,2.06267608115493E-16,0.));
#12168=DIRECTION('',(-2.06267608115493E-16,-1.,0.));
#12169=DIRECTION('',(-1.,2.06267608115493E-16,0.));
#12170=DIRECTION('',(-2.06267608115493E-16,-1.,0.));
#12171=DIRECTION('',(-1.,2.06267608115493E-16,0.));
#12172=DIRECTION('',(-2.06267608115493E-16,-1.,0.));
#12173=DIRECTION('',(-1.,0.,0.));
#12174=DIRECTION('',(0.,0.,-1.));
#12175=DIRECTION('',(-1.,0.,0.));
#12176=DIRECTION('',(0.,1.,0.));
#12177=DIRECTION('',(-1.,2.06267608115493E-16,0.));
#12178=DIRECTION('',(-1.,2.06267608115493E-16,0.));
#12179=DIRECTION('',(-2.06267608115493E-16,-1.,0.));
#12180=DIRECTION('',(-1.,2.06267608115493E-16,0.));
#12181=DIRECTION('',(-2.06267608115493E-16,-1.,0.));
#12182=DIRECTION('',(3.70526249187195E-33,1.79633754699734E-17,-1.));
#12183=DIRECTION('',(-6.65590213563051E-50,1.,1.79633754699734E-17));
#12184=DIRECTION('',(0.,0.,1.));
#12185=DIRECTION('',(-1.,2.06267608115493E-16,0.));
#12186=DIRECTION('',(-2.06267608115493E-16,-1.,0.));
#12187=DIRECTION('',(-1.,2.06267608115493E-16,0.));
#12188=DIRECTION('',(-2.06267608115493E-16,-1.,0.));
#12189=DIRECTION('',(-1.,0.,0.));
#12190=DIRECTION('',(0.,0.,-1.));
#12191=DIRECTION('',(-1.,0.,0.));
#12192=DIRECTION('',(0.,1.,0.));
#12193=DIRECTION('',(-1.,2.06267608115493E-16,0.));
#12194=DIRECTION('',(-1.,2.06267608115493E-16,0.));
#12195=DIRECTION('',(-2.06267608115493E-16,-1.,0.));
#12196=DIRECTION('',(-1.,2.06267608115493E-16,0.));
#12197=DIRECTION('',(-2.06267608115493E-16,-1.,0.));
#12198=DIRECTION('',(3.70526249187195E-33,1.79633754699734E-17,1.));
#12199=DIRECTION('',(6.65590213563051E-50,-1.,1.79633754699734E-17));
#12200=DIRECTION('',(0.,0.,1.));
#12201=DIRECTION('',(-1.,2.06267608115493E-16,0.));
#12202=DIRECTION('',(-2.06267608115493E-16,-1.,0.));
#12203=DIRECTION('',(-5.338598536803E-17,-0.258819045102507,-0.965925826289072));
#12204=DIRECTION('',(0.,0.965925826289072,-0.258819045102507));
#12205=DIRECTION('',(-1.,2.06267608115493E-16,0.));
#12206=DIRECTION('',(-2.06267608115493E-16,-1.,0.));
#12207=DIRECTION('',(2.06267608115493E-16,1.,0.));
#12208=DIRECTION('',(-1.,2.06267608115493E-16,0.));
#12209=DIRECTION('',(2.06267608115493E-16,1.,0.));
#12210=DIRECTION('',(-1.,2.06267608115493E-16,0.));
#12211=DIRECTION('',(2.06267608115493E-16,1.,0.));
#12212=DIRECTION('',(-1.,2.06267608115493E-16,0.));
#12213=DIRECTION('',(-2.06267608115493E-16,-1.,0.));
#12214=DIRECTION('',(-1.,2.06267608115493E-16,0.));
#12215=DIRECTION('',(-2.06267608115493E-16,-1.,0.));
#12216=DIRECTION('',(-5.33859853680312E-17,-0.258819045102512,0.965925826289071));
#12217=DIRECTION('',(0.,-0.965925826289071,-0.258819045102512));
#12218=DIRECTION('',(-1.,2.06267608115493E-16,0.));
#12219=DIRECTION('',(-2.06267608115493E-16,-1.,0.));
#12220=DIRECTION('',(5.33859853680318E-17,0.258819045102515,-0.96592582628907));
#12221=DIRECTION('',(5.39260384428426E-32,0.96592582628907,0.258819045102515));
#12222=DIRECTION('',(0.,-0.258819045102515,0.96592582628907));
#12223=DIRECTION('',(0.,-0.258819045102517,0.965925826289069));
#12224=DIRECTION('',(5.33859853680312E-17,0.258819045102512,0.965925826289071));
#12225=DIRECTION('',(-1.95674482349743E-31,-0.965925826289071,0.258819045102512));
#12226=DIRECTION('',(0.,-0.258819045102513,-0.965925826289071));
#12227=DIRECTION('',(0.,-0.258819045102512,-0.965925826289071));
#12228=DIRECTION('',(0.0302023939146506,0.0523120807703843,-0.99817396359918));
#12229=DIRECTION('',(-6.93889390390723E-18,0.998629534754574,0.0523359562429439));
#12230=DIRECTION('',(1.,0.,0.));
#12231=DIRECTION('',(0.,0.,-1.));
#12232=DIRECTION('',(-1.,0.,0.));
#12233=DIRECTION('',(0.,0.,1.));
#12234=DIRECTION('',(1.,0.,0.));
#12235=DIRECTION('',(0.,0.,-1.));
#12236=DIRECTION('',(1.,0.,0.));
#12237=DIRECTION('',(0.,0.,-1.));
#12238=DIRECTION('',(-3.07085191770066E-7,-5.31887095582869E-7,0.999999999999812));
#12239=DIRECTION('',(0.,-0.999999999999859,-5.31887095582894E-7));
#12240=DIRECTION('',(0.5,-0.866025403784436,0.));
#12241=DIRECTION('',(0.866025403784436,0.5,0.));
#12242=DIRECTION('',(1.37493112616698E-7,2.38144964979742E-7,0.999999999999962));
#12243=DIRECTION('',(0.,-0.999999999999972,2.38144964979745E-7));
#12244=DIRECTION('',(1.,0.,0.));
#12245=DIRECTION('',(0.,0.,-1.));
#12246=DIRECTION('',(1.,0.,0.));
#12247=DIRECTION('',(-5.28117257502683E-6,3.86396277360718E-5,0.999999999239544));
#12248=DIRECTION('',(0.,-0.99999999925349,3.86396277366106E-5));
#12249=DIRECTION('',(0.,-0.998629534754574,-0.0523359562429439));
#12250=DIRECTION('',(0.,0.0523359562429439,-0.998629534754574));
#12251=DIRECTION('',(0.0302023939146506,-0.0523120807703843,0.99817396359918));
#12252=DIRECTION('',(1.7765841150304E-7,-3.07713414586811E-7,0.999999999999937));
#12253=DIRECTION('',(0.,-0.999999999999953,-3.07713414586815E-7));
#12254=DIRECTION('',(1.,0.,0.));
#12255=DIRECTION('',(0.,0.,-1.));
#12256=DIRECTION('',(1.,0.,0.));
#12257=DIRECTION('',(0.,0.,-1.));
#12258=DIRECTION('',(1.,0.,0.));
#12259=DIRECTION('',(-1.,1.22464679914735E-16,0.));
#12260=DIRECTION('',(-1.22464679914735E-16,-1.,0.));
#12261=DIRECTION('',(0.,0.,1.));
#12262=DIRECTION('',(0.,1.,0.));
#12263=DIRECTION('',(-1.83697019872103E-16,-1.,0.));
#12264=DIRECTION('',(1.,-1.83697019872103E-16,0.));
#12265=DIRECTION('',(0.,-0.258819045102512,-0.965925826289071));
#12266=DIRECTION('',(0.,0.965925826289071,-0.258819045102512));
#12267=DIRECTION('',(0.,-1.,0.));
#12268=DIRECTION('',(0.,0.,-1.));
#12269=DIRECTION('',(0.,1.,0.));
#12270=DIRECTION('',(0.,0.,1.));
#12271=DIRECTION('',(0.,-1.,0.));
#12272=DIRECTION('',(0.,1.,0.));
#12273=DIRECTION('',(0.,0.,-1.));
#12274=DIRECTION('',(-1.,0.,-1.22464679914735E-16));
#12275=DIRECTION('',(-1.22464679914735E-16,0.,1.));
#12276=DIRECTION('',(0.,-0.258819045102515,0.96592582628907));
#12277=DIRECTION('',(0.,-0.96592582628907,-0.258819045102515));
#12278=DIRECTION('',(1.,0.,0.));
#12279=DIRECTION('',(0.,0.,-1.));
#12280=DIRECTION('',(1.,0.,0.));
#12281=DIRECTION('',(0.,0.,-1.));
#12282=DIRECTION('',(1.,0.,0.));
#12283=DIRECTION('',(0.,0.,1.));
#12284=DIRECTION('',(1.,0.,0.));
#12285=DIRECTION('',(0.,1.,0.));
#12286=DIRECTION('',(1.,2.06267608115493E-16,0.));
#12287=DIRECTION('',(1.,0.,0.));
#12288=DIRECTION('',(1.,2.06267608115493E-16,0.));
#12289=DIRECTION('',(-2.06267608115493E-16,1.,0.));
#12290=DIRECTION('',(1.,2.06267608115493E-16,0.));
#12291=DIRECTION('',(-2.06267608115493E-16,1.,0.));
#12292=DIRECTION('',(0.,1.79633754699734E-17,-1.));
#12293=DIRECTION('',(0.,1.,1.79633754699734E-17));
#12294=DIRECTION('',(0.,0.,-1.));
#12295=DIRECTION('',(1.,2.06267608115493E-16,0.));
#12296=DIRECTION('',(-2.06267608115493E-16,1.,0.));
#12297=DIRECTION('',(1.,2.06267608115493E-16,0.));
#12298=DIRECTION('',(-2.06267608115493E-16,1.,0.));
#12299=DIRECTION('',(0.,0.,1.));
#12300=DIRECTION('',(1.,0.,0.));
#12301=DIRECTION('',(0.,1.,0.));
#12302=DIRECTION('',(1.,2.06267608115493E-16,0.));
#12303=DIRECTION('',(1.,0.,0.));
#12304=DIRECTION('',(1.,2.06267608115493E-16,0.));
#12305=DIRECTION('',(-2.06267608115493E-16,1.,0.));
#12306=DIRECTION('',(1.,2.06267608115493E-16,0.));
#12307=DIRECTION('',(-2.06267608115493E-16,1.,0.));
#12308=DIRECTION('',(0.,1.79633754699734E-17,1.));
#12309=DIRECTION('',(0.,-1.,1.79633754699734E-17));
#12310=DIRECTION('',(0.,0.,-1.));
#12311=DIRECTION('',(1.,2.06267608115493E-16,0.));
#12312=DIRECTION('',(-2.06267608115493E-16,1.,0.));
#12313=DIRECTION('',(1.,2.06267608115493E-16,0.));
#12314=DIRECTION('',(-2.06267608115493E-16,1.,0.));
#12315=DIRECTION('',(0.,0.258819045102515,-0.96592582628907));
#12316=DIRECTION('',(0.,0.96592582628907,0.258819045102515));
#12317=DIRECTION('',(0.,0.258819045102515,-0.96592582628907));
#12318=DIRECTION('',(0.,0.96592582628907,0.258819045102515));
#12319=DIRECTION('',(0.,-0.258819045102515,0.96592582628907));
#12320=DIRECTION('',(0.,0.258819045102485,-0.965925826289078));
#12321=DIRECTION('',(1.,0.,0.));
#12322=DIRECTION('',(0.,0.,-1.));
#12323=DIRECTION('',(1.,0.,0.));
#12324=DIRECTION('',(0.,0.,-1.));
#12325=DIRECTION('',(0.,1.,-1.22464679914735E-16));
#12326=DIRECTION('',(0.,1.22464679914735E-16,1.));
#12327=DIRECTION('',(0.,1.,0.));
#12328=DIRECTION('',(0.,0.,1.));
#12329=DIRECTION('',(0.,1.,0.));
#12330=DIRECTION('',(0.,1.,-1.22464679914735E-16));
#12331=DIRECTION('',(0.,1.22464679914735E-16,1.));
#12332=DIRECTION('',(1.,0.,0.));
#12333=DIRECTION('',(0.,0.,-1.));
#12334=DIRECTION('',(1.,0.,0.));
#12335=DIRECTION('',(0.,0.,-1.));
#12336=DIRECTION('',(0.,0.258819045102512,0.965925826289071));
#12337=DIRECTION('',(0.,-0.965925826289071,0.258819045102512));
#12338=DIRECTION('',(0.,0.258819045102512,0.965925826289071));
#12339=DIRECTION('',(0.,-0.965925826289071,0.258819045102512));
#12340=DIRECTION('',(0.,0.258819045102485,0.965925826289078));
#12341=DIRECTION('',(0.,-0.258819045102512,-0.965925826289071));
#12342=DIRECTION('',(-1.,-6.08674903851512E-16,0.));
#12343=DIRECTION('',(6.08674903851512E-16,-1.,0.));
#12344=DIRECTION('',(-1.,-6.08674903851512E-16,0.));
#12345=DIRECTION('',(6.08674903851512E-16,-1.,0.));
#12346=DIRECTION('',(-1.,-6.08674903851512E-16,0.));
#12347=DIRECTION('',(6.08674903851512E-16,-1.,0.));
#12348=DIRECTION('',(-1.,-6.08674903851512E-16,0.));
#12349=DIRECTION('',(6.08674903851512E-16,-1.,0.));
#12350=DIRECTION('',(-1.,-6.08674903851512E-16,0.));
#12351=DIRECTION('',(6.08674903851512E-16,-1.,0.));
#12352=DIRECTION('',(-1.,-6.08674903851512E-16,0.));
#12353=DIRECTION('',(6.08674903851512E-16,-1.,0.));
#12354=DIRECTION('',(5.35709584378117E-6,-5.56694508660324E-6,0.999999999970155));
#12355=DIRECTION('',(0.,-0.999999999984505,-5.56694508668312E-6));
#12356=DIRECTION('',(-2.06267608115493E-16,-1.,0.));
#12357=DIRECTION('',(1.,-2.06267608115493E-16,0.));
#12358=DIRECTION('',(0.,-1.,0.));
#12359=DIRECTION('',(0.,0.,-1.));
#12360=DIRECTION('',(-2.06267608115493E-16,-1.,0.));
#12361=DIRECTION('',(-1.,2.06267608115493E-16,0.));
#12362=DIRECTION('',(-2.06267608115493E-16,-1.,0.));
#12363=DIRECTION('',(1.,2.497052925295E-16,0.));
#12364=DIRECTION('',(-2.497052925295E-16,1.,0.));
#12365=DIRECTION('',(0.,0.,-1.));
#12366=DIRECTION('',(-1.,0.,0.));
#12367=DIRECTION('',(-1.,2.06267608115493E-16,0.));
#12368=DIRECTION('',(-2.06267608115493E-16,-1.,0.));
#12369=DIRECTION('',(0.,0.,-1.));
#12370=DIRECTION('',(-1.,0.,0.));
#12371=DIRECTION('',(0.,0.,1.));
#12372=DIRECTION('',(0.,0.,-1.));
#12373=DIRECTION('',(-1.,0.,0.));
#12374=DIRECTION('',(0.,0.,1.));
#12375=DIRECTION('',(0.,0.,-1.));
#12376=DIRECTION('',(-1.,0.,0.));
#12377=DIRECTION('',(0.,0.,-1.));
#12378=DIRECTION('',(-1.,0.,0.));
#12379=DIRECTION('',(0.,0.,-1.));
#12380=DIRECTION('',(0.,1.83697019872103E-16,1.));
#12381=DIRECTION('',(0.,-1.,1.83697019872103E-16));
#12382=DIRECTION('',(0.,0.,1.));
#12383=DIRECTION('',(1.,0.,0.));
#12384=DIRECTION('',(0.,0.,-1.));
#12385=DIRECTION('',(0.,1.,-1.22464679914735E-16));
#12386=DIRECTION('',(0.,1.22464679914735E-16,1.));
#12387=DIRECTION('',(1.,0.,0.));
#12388=DIRECTION('',(0.,0.,-1.));
#12389=DIRECTION('',(-1.,8.32350975098331E-17,0.));
#12390=DIRECTION('',(-8.32350975098331E-17,-1.,0.));
#12391=DIRECTION('',(-5.35710194244613E-6,-5.56693595882734E-6,0.999999999970155));
#12392=DIRECTION('',(0.,-0.999999999984505,-5.56693595890723E-6));
#12393=DIRECTION('',(1.,0.,0.));
#12394=DIRECTION('',(0.,0.,-1.));
#12395=DIRECTION('',(-1.,0.,0.));
#12396=DIRECTION('',(0.,0.,1.));
#12397=DIRECTION('',(-2.21443931027213E-7,3.83552155952026E-7,0.999999999999902));
#12398=DIRECTION('',(0.,-0.999999999999927,3.83552155952036E-7));
#12399=DIRECTION('',(-0.5,-0.866025403784436,0.));
#12400=DIRECTION('',(0.866025403784436,-0.5,0.));
#12401=DIRECTION('',(0.5,0.866025403784436,5.55111512312578E-17));
#12402=DIRECTION('',(1.,0.,0.));
#12403=DIRECTION('',(0.,0.,-1.));
#12404=DIRECTION('',(0.,1.,-1.22464679914735E-16));
#12405=DIRECTION('',(0.,1.22464679914735E-16,1.));
#12406=DIRECTION('',(-1.,8.32350975098331E-17,0.));
#12407=DIRECTION('',(-8.32350975098331E-17,-1.,0.));
#12408=DIRECTION('',(0.,0.,1.));
#12409=DIRECTION('',(1.,0.,0.));
#12410=DIRECTION('',(1.,0.,0.));
#12411=DIRECTION('',(0.,0.,-1.));
#12412=DIRECTION('',(0.,0.,1.));
#12413=DIRECTION('',(1.,0.,0.));
#12414=DIRECTION('',(0.,0.,1.));
#12415=DIRECTION('',(0.,1.83697019872103E-16,1.));
#12416=DIRECTION('',(0.,-1.,1.83697019872103E-16));
#12417=DIRECTION('',(0.,0.,-1.));
#12418=DIRECTION('',(0.,0.,1.));
#12419=DIRECTION('',(1.,0.,0.));
#12420=DIRECTION('',(0.,0.,1.));
#12421=DIRECTION('',(1.,0.,0.));
#12422=DIRECTION('',(0.,0.,1.));
#12423=DIRECTION('',(0.,0.,-1.));
#12424=DIRECTION('',(-1.,0.,0.));
#12425=DIRECTION('',(0.,0.,1.));
#12426=DIRECTION('',(-1.,2.06267608115493E-16,0.));
#12427=DIRECTION('',(-2.06267608115493E-16,-1.,0.));
#12428=DIRECTION('',(1.,2.497052925295E-16,0.));
#12429=DIRECTION('',(-2.497052925295E-16,1.,0.));
#12430=DIRECTION('',(2.06267608115493E-16,1.,0.));
#12431=DIRECTION('',(-1.,2.06267608115493E-16,0.));
#12432=DIRECTION('',(-1.,2.06267608115493E-16,0.));
#12433=DIRECTION('',(-2.06267608115493E-16,-1.,0.));
#12434=DIRECTION('',(2.06267608115493E-16,1.,0.));
#12435=DIRECTION('',(-1.,2.06267608115493E-16,0.));
#12436=DIRECTION('',(0.,1.,0.));
#12437=DIRECTION('',(-2.06267608115493E-16,-1.,0.));
#12438=DIRECTION('',(5.40387674026223E-6,-5.61632202511337E-6,0.999999999969628));
#12439=DIRECTION('',(0.,-0.999999999984229,-5.61632202519537E-6));
#12440=DIRECTION('',(-1.,0.,0.));
#12441=DIRECTION('',(0.,0.,1.));
#12442=DIRECTION('',(-1.,0.,0.));
#12443=DIRECTION('',(1.,0.,0.));
#12444=DIRECTION('',(2.46137388565702E-7,4.26322160389086E-7,0.999999999999879));
#12445=DIRECTION('',(0.,-0.999999999999909,4.26322160389099E-7));
#12446=DIRECTION('',(0.5,-0.866025403784436,0.));
#12447=DIRECTION('',(0.866025403784436,0.5,0.));
#12448=DIRECTION('',(0.5,-0.866025403784437,0.));
#12449=DIRECTION('',(0.5,-0.866025403784436,0.));
#12450=DIRECTION('',(-3.50962565502006E-7,-6.07885107628252E-7,0.999999999999754));
#12451=DIRECTION('',(0.,-0.999999999999815,-6.0788510762829E-7));
#12452=DIRECTION('',(1.,0.,0.));
#12453=DIRECTION('',(0.,0.,-1.));
#12454=DIRECTION('',(-1.,0.,0.));
#12455=DIRECTION('',(1.,0.,0.));
#12456=DIRECTION('',(3.50962357940308E-7,-6.07884744981274E-7,0.999999999999754));
#12457=DIRECTION('',(0.,-0.999999999999815,-6.07884744981311E-7));
#12458=DIRECTION('',(0.5,0.866025403784436,0.));
#12459=DIRECTION('',(-0.866025403784436,0.5,0.));
#12460=DIRECTION('',(0.5,0.866025403784439,0.));
#12461=DIRECTION('',(0.5,0.866025403784436,5.55111512312578E-17));
#12462=DIRECTION('',(-2.46137458035093E-7,4.26322519738354E-7,0.999999999999879));
#12463=DIRECTION('',(0.,-0.999999999999909,4.26322519738367E-7));
#12464=DIRECTION('',(-1.,0.,0.));
#12465=DIRECTION('',(0.,0.,1.));
#12466=DIRECTION('',(-1.,0.,0.));
#12467=DIRECTION('',(1.,0.,0.));
#12468=DIRECTION('',(-5.40388296022926E-6,-5.61631367179422E-6,0.999999999969628));
#12469=DIRECTION('',(0.,-0.999999999984229,-5.61631367187622E-6));
#12470=DIRECTION('',(0.,-1.,0.));
#12471=DIRECTION('',(0.,0.,-1.));
#12472=DIRECTION('',(0.,1.,0.));
#12473=DIRECTION('',(0.,1.,0.));
#12474=DIRECTION('',(-1.,0.,0.));
#12475=DIRECTION('',(0.,0.,1.));
#12476=DIRECTION('',(0.,0.,1.));
#12477=DIRECTION('',(0.,-1.,0.));
#12478=DIRECTION('',(0.,0.,1.));
#12479=DIRECTION('',(1.,0.,0.));
#12480=DIRECTION('',(0.,0.,1.));
#12481=DIRECTION('',(1.,0.,0.));
#12482=DIRECTION('',(0.,1.,0.));
#12483=DIRECTION('',(1.,0.,0.));
#12484=DIRECTION('',(0.,0.,-1.));
#12485=DIRECTION('',(0.,0.,1.));
#12486=DIRECTION('',(1.,0.,0.));
#12487=DIRECTION('',(0.,0.,-1.));
#12488=DIRECTION('',(-1.,0.,0.));
#12489=DIRECTION('',(0.,0.,1.));
#12490=DIRECTION('',(-1.,0.,0.));
#12491=DIRECTION('',(0.,0.,1.));
#12492=DIRECTION('',(-1.,2.06267608115493E-16,0.));
#12493=DIRECTION('',(-2.06267608115493E-16,-1.,0.));
#12494=DIRECTION('',(1.,0.,0.));
#12495=DIRECTION('',(0.,0.,-1.));
#12496=DIRECTION('',(-1.,2.06267608115493E-16,0.));
#12497=DIRECTION('',(-2.06267608115493E-16,-1.,0.));
#12498=DIRECTION('',(0.000989147119276394,0.966184850436038,0.257848514395309));
#12499=DIRECTION('',(0.,-0.257848640536445,0.966185323099822));
#12500=DIRECTION('',(0.,0.96592582628907,0.258819045102515));
#12501=DIRECTION('',(0.,-0.258819045102515,0.96592582628907));
#12502=DIRECTION('',(1.,0.,0.));
#12503=DIRECTION('',(0.,-0.258819045102515,0.96592582628907));
#12504=DIRECTION('',(0.,-0.258819045102515,0.96592582628907));
#12505=DIRECTION('',(0.,-0.96592582628907,-0.258819045102515));
#12506=DIRECTION('',(0.,0.258819045102515,-0.96592582628907));
#12507=DIRECTION('',(1.,0.,0.));
#12508=DIRECTION('',(0.,0.,-1.));
#12509=DIRECTION('',(0.,0.258819045102512,0.965925826289071));
#12510=DIRECTION('',(0.,1.,0.));
#12511=DIRECTION('',(0.,-0.258819045102512,-0.965925826289071));
#12512=DIRECTION('',(0.,0.965925826289071,-0.258819045102512));
#12513=DIRECTION('',(0.,-0.258819045102512,-0.965925826289071));
#12514=DIRECTION('',(0.,-0.965925826289071,0.258819045102512));
#12515=DIRECTION('',(0.,-0.258819045102512,-0.965925826289071));
#12516=DIRECTION('',(1.,0.,0.));
#12517=DIRECTION('',(-1.,2.06267608115493E-16,0.));
#12518=DIRECTION('',(-2.06267608115493E-16,-1.,0.));
#12519=DIRECTION('',(-2.06267608115493E-16,-1.,0.));
#12520=DIRECTION('',(-2.06267608115493E-16,-1.,0.));
#12521=DIRECTION('',(-2.06267608115493E-16,-1.,0.));
#12522=DIRECTION('',(-1.07952125126692E-17,-0.0523359562429439,0.998629534754574));
#12523=DIRECTION('',(-0.000989146586795161,0.966184850309419,-0.257848514871806));
#12524=DIRECTION('',(0.,0.257848641012806,0.966185322972694));
#12525=DIRECTION('',(-1.07952125126692E-17,-0.0523359562429439,0.998629534754574));
#12526=DIRECTION('',(-1.54074395550979E-33,-0.998629534754574,-0.0523359562429439));
#12527=DIRECTION('',(0.,1.,0.));
#12528=DIRECTION('',(0.,0.,1.));
#12529=DIRECTION('',(0.,0.,-1.));
#12530=DIRECTION('',(-1.,0.,0.));
#12531=DIRECTION('',(0.,0.,-1.));
#12532=DIRECTION('',(0.,0.,1.));
#12533=DIRECTION('',(1.,0.,0.));
#12534=DIRECTION('',(0.,1.,0.));
#12535=DIRECTION('',(0.,-1.,0.));
#12536=DIRECTION('',(1.,0.,0.));
#12537=DIRECTION('',(0.,0.,-1.));
#12538=DIRECTION('',(-1.,0.,0.));
#12539=DIRECTION('',(0.,0.,1.));
#12540=DIRECTION('',(1.,0.,0.));
#12541=DIRECTION('',(0.,0.,-1.));
#12542=DIRECTION('',(-1.,0.,0.));
#12543=DIRECTION('',(-1.,0.,0.));
#12544=DIRECTION('',(0.,0.,1.));
#12545=DIRECTION('',(-1.,0.,0.));
#12546=DIRECTION('',(0.,0.,1.));
#12547=DIRECTION('',(-1.,0.,0.));
#12548=DIRECTION('',(1.,0.,0.));
#12549=DIRECTION('',(0.,0.,-1.));
#12550=DIRECTION('',(0.,0.,-1.));
#12551=DIRECTION('',(-1.,0.,0.));
#12552=DIRECTION('',(0.,1.,0.));
#12553=DIRECTION('',(0.,0.,-1.));
#12554=DIRECTION('',(-1.,0.,0.));
#12555=DIRECTION('',(0.,1.,0.));
#12556=DIRECTION('',(-1.,0.,0.));
#12557=DIRECTION('',(0.,0.,1.));
#12558=DIRECTION('',(0.,0.,1.));
#12559=DIRECTION('',(0.,0.,-1.));
#12560=DIRECTION('',(-1.,0.,0.));
#12561=DIRECTION('',(0.,1.,0.));
#12562=DIRECTION('',(0.,0.,-1.));
#12563=DIRECTION('',(-1.,0.,0.));
#12564=DIRECTION('',(0.,1.,0.));
#12565=DIRECTION('',(0.,0.,-1.));
#12566=DIRECTION('',(-1.,0.,0.));
#12567=DIRECTION('',(-1.,0.,0.));
#12568=DIRECTION('',(0.,0.,1.));
#12569=DIRECTION('',(0.,0.,1.));
#12570=DIRECTION('',(0.,0.,1.));
#12571=DIRECTION('',(1.,0.,0.));
#12572=DIRECTION('',(0.,0.,-1.));
#12573=DIRECTION('',(0.,0.,1.));
#12574=DIRECTION('',(1.,0.,0.));
#12575=DIRECTION('',(0.,-0.0523359562429439,0.998629534754574));
#12576=DIRECTION('',(0.,1.,0.));
#12577=DIRECTION('',(0.,0.,-1.));
#12578=DIRECTION('',(0.,0.,1.));
#12579=DIRECTION('',(0.,1.,0.));
#12580=DIRECTION('',(0.,0.,-1.));
#12581=DIRECTION('',(-1.,0.,0.));
#12582=DIRECTION('',(-1.,0.,0.));
#12583=DIRECTION('',(0.,0.,-1.));
#12584=DIRECTION('',(-1.,0.,0.));
#12585=DIRECTION('',(-1.,0.,0.));
#12586=DIRECTION('',(0.,0.,-1.));
#12587=DIRECTION('',(-1.,0.,0.));
#12588=DIRECTION('',(0.,-1.,0.));
#12589=DIRECTION('',(0.,0.,-1.));
#12590=DIRECTION('',(0.,0.,1.));
#12591=DIRECTION('',(0.,0.,1.));
#12592=DIRECTION('',(1.7765841150304E-7,-3.07713414586811E-7,0.999999999999937));
#12593=DIRECTION('',(0.,-0.999999999999953,-3.07713414586815E-7));
#12594=DIRECTION('',(0.,0.,1.));
#12595=DIRECTION('',(1.,0.,0.));
#12596=DIRECTION('',(0.,0.,1.));
#12597=DIRECTION('',(0.5,-0.86602540378444,0.));
#12598=DIRECTION('',(0.,-1.,0.));
#12599=DIRECTION('',(-8.17094667404401E-14,2.07961894980441E-13,-1.));
#12600=DIRECTION('',(-0.425030719463073,0.905178925689669,2.22979031192074E-13));
#12601=DIRECTION('',(0.,0.,-1.));
#12602=DIRECTION('',(-0.365692417041955,0.930735760631347,0.));
#12603=DIRECTION('',(0.,0.,-1.));
#12604=DIRECTION('',(0.,0.,-1.));
#12605=DIRECTION('',(-1.,0.,0.));
#12606=DIRECTION('',(0.,1.,0.));
#12607=DIRECTION('',(0.,0.,-1.));
#12608=DIRECTION('',(-1.,0.,0.));
#12609=DIRECTION('',(0.,0.,-1.));
#12610=DIRECTION('',(-1.,0.,0.));
#12611=DIRECTION('',(0.0302023939146506,-0.0523120807703843,0.99817396359918));
#12612=DIRECTION('',(2.81892564846231E-18,-0.998629534754574,-0.0523359562429439));
#12613=DIRECTION('',(0.0302023939146506,-0.0523120807703843,0.99817396359918));
#12614=DIRECTION('',(-1.,0.,0.));
#12615=DIRECTION('',(0.,-0.0523359562429439,0.998629534754574));
#12616=DIRECTION('',(0.864838546066893,-0.499314767377291,-0.0523359562429439));
#12617=DIRECTION('',(-0.04532426763774,0.0261679781214722,-0.998629534754574));
#12618=DIRECTION('',(0.5,0.866025403784436,5.55111512312578E-17));
#12619=DIRECTION('',(-0.0302023939146506,0.0523120807703843,-0.99817396359918));
#12620=DIRECTION('',(-0.0302023939146506,0.0523120807703843,-0.99817396359918));
#12621=DIRECTION('',(7.58941520739853E-18,0.998629534754574,0.0523359562429439));
#12622=DIRECTION('',(0.,-0.0523359562429439,0.998629534754574));
#12623=DIRECTION('',(0.,-0.998629534754574,-0.0523359562429439));
#12624=DIRECTION('',(0.,-0.0523359562429439,0.998629534754574));
#12625=DIRECTION('',(1.,0.,0.));
#12626=DIRECTION('',(0.,0.,-1.));
#12627=DIRECTION('',(0.,0.,1.));
#12628=DIRECTION('',(0.,1.,0.));
#12629=DIRECTION('',(0.,1.,0.));
#12630=DIRECTION('',(0.,1.,0.));
#12631=DIRECTION('',(0.,1.,0.));
#12632=DIRECTION('',(0.,0.,1.));
#12633=DIRECTION('',(0.,1.,0.));
#12634=DIRECTION('',(0.,0.,1.));
#12635=DIRECTION('',(0.,0.,1.));
#12636=DIRECTION('',(1.,0.,0.));
#12637=DIRECTION('',(0.,0.,1.));
#12638=DIRECTION('',(1.,0.,0.));
#12639=DIRECTION('',(1.,0.,0.));
#12640=DIRECTION('',(0.,0.,1.));
#12641=DIRECTION('',(1.,0.,0.));
#12642=DIRECTION('',(1.,0.,0.));
#12643=DIRECTION('',(0.,1.,0.));
#12644=DIRECTION('',(0.,0.,-1.));
#12645=DIRECTION('',(-1.,0.,0.));
#12646=DIRECTION('',(0.,1.,0.));
#12647=DIRECTION('',(1.,0.,0.));
#12648=DIRECTION('',(0.,-1.,0.));
#12649=DIRECTION('',(0.,0.,-1.));
#12650=DIRECTION('',(0.,0.,1.));
#12651=DIRECTION('',(0.,0.,1.));
#12652=DIRECTION('',(0.,0.,1.));
#12653=DIRECTION('',(1.,0.,0.));
#12654=DIRECTION('',(0.,0.,1.));
#12655=DIRECTION('',(1.,0.,0.));
#12656=DIRECTION('',(0.,1.,0.));
#12657=DIRECTION('',(0.,0.,1.));
#12658=DIRECTION('',(1.,0.,0.));
#12659=DIRECTION('',(-1.46092434067012E-16,1.,0.));
#12660=DIRECTION('',(1.,1.46092434067012E-16,0.));
#12661=DIRECTION('',(-1.46092434067012E-16,1.,0.));
#12662=DIRECTION('',(0.,0.,1.));
#12663=DIRECTION('',(0.,0.,1.));
#12664=DIRECTION('',(-1.,0.,0.));
#12665=DIRECTION('',(0.,0.,1.));
#12666=DIRECTION('',(0.,0.,1.));
#12667=DIRECTION('',(0.,1.,0.));
#12668=DIRECTION('',(0.,0.,1.));
#12669=DIRECTION('',(0.,0.,1.));
#12670=DIRECTION('',(1.,0.,0.));
#12671=DIRECTION('',(0.,0.,1.));
#12672=DIRECTION('',(1.,0.,0.));
#12673=DIRECTION('',(0.,1.,0.));
#12674=DIRECTION('',(0.,0.,1.));
#12675=DIRECTION('',(1.,0.,0.));
#12676=DIRECTION('',(-1.,0.,0.));
#12677=DIRECTION('',(0.,0.,1.));
#12678=DIRECTION('',(0.,0.,1.));
#12679=DIRECTION('',(0.,0.,1.));
#12680=DIRECTION('',(0.,1.,0.));
#12681=DIRECTION('',(0.,0.,1.));
#12682=DIRECTION('',(0.,1.,0.));
#12683=DIRECTION('',(1.,0.,0.));
#12684=DIRECTION('',(0.,0.,-1.));
#12685=DIRECTION('',(0.,0.,1.));
#12686=DIRECTION('',(0.,1.,0.));
#12687=DIRECTION('',(0.,0.,1.));
#12688=DIRECTION('',(0.,1.,0.));
#12689=DIRECTION('',(0.,0.,1.));
#12690=DIRECTION('',(0.,1.,0.));
#12691=DIRECTION('',(0.,0.,1.));
#12692=DIRECTION('',(0.,1.,0.));
#12693=DIRECTION('',(0.,0.,1.));
#12694=DIRECTION('',(1.,0.,0.));
#12695=DIRECTION('',(0.,0.,1.));
#12696=DIRECTION('',(1.,0.,0.));
#12697=DIRECTION('',(1.,0.,0.));
#12698=DIRECTION('',(0.,0.,1.));
#12699=DIRECTION('',(1.,0.,0.));
#12700=DIRECTION('',(1.,0.,0.));
#12701=DIRECTION('',(0.,1.,0.));
#12702=DIRECTION('',(0.,0.,1.));
#12703=DIRECTION('',(0.,0.,1.));
#12704=DIRECTION('',(0.,0.,1.));
#12705=DIRECTION('',(0.,-0.965925826289071,0.258819045102512));
#12706=DIRECTION('',(0.,-0.258819045102512,-0.965925826289071));
#12707=DIRECTION('',(1.,0.,0.));
#12708=DIRECTION('',(0.,-0.258819045102512,-0.965925826289071));
#12709=DIRECTION('',(0.000989146586727297,0.966184850309444,-0.257848514871712));
#12710=DIRECTION('',(0.,0.257848641012712,0.966185322972719));
#12711=DIRECTION('',(0.,-0.258819045102512,-0.965925826289071));
#12712=DIRECTION('',(0.,0.965925826289071,-0.258819045102512));
#12713=DIRECTION('',(0.,-0.258819045102515,-0.96592582628907));
#12714=DIRECTION('',(-1.,0.,0.));
#12715=DIRECTION('',(0.,0.,-1.));
#12716=DIRECTION('',(0.,-1.,0.));
#12717=DIRECTION('',(0.,-0.258819045102512,0.965925826289071));
#12718=DIRECTION('',(0.,-0.258819045102515,0.96592582628907));
#12719=DIRECTION('',(0.,-0.96592582628907,-0.258819045102515));
#12720=DIRECTION('',(0.,-0.258819045102515,0.96592582628907));
#12721=DIRECTION('',(0.,0.96592582628907,0.258819045102515));
#12722=DIRECTION('',(0.,-0.258819045102515,0.96592582628907));
#12723=DIRECTION('',(1.,0.,0.));
#12724=DIRECTION('',(-0.000989146728569837,0.96618485034139,0.257848514751464));
#12725=DIRECTION('',(0.,-0.257848640892501,0.9661853230048));
#12726=DIRECTION('',(1.,0.,0.));
#12727=DIRECTION('',(0.,0.,-1.));
#12728=DIRECTION('',(0.,0.,1.));
#12729=DIRECTION('',(0.,1.,0.));
#12730=DIRECTION('',(0.,1.,0.));
#12731=DIRECTION('',(1.,0.,0.));
#12732=DIRECTION('',(0.,0.,-1.));
#12733=DIRECTION('',(1.,0.,0.));
#12734=DIRECTION('',(0.,0.,-1.));
#12735=DIRECTION('',(1.,0.,0.));
#12736=DIRECTION('',(0.,0.,-1.));
#12737=DIRECTION('',(1.,0.,0.));
#12738=DIRECTION('',(0.,0.,-1.));
#12739=DIRECTION('',(1.,0.,0.));
#12740=DIRECTION('',(0.,0.,-1.));
#12741=DIRECTION('',(1.,0.,0.));
#12742=DIRECTION('',(0.,0.,-1.));
#12743=DIRECTION('',(1.,0.,0.));
#12744=DIRECTION('',(0.,0.,-1.));
#12745=DIRECTION('',(0.,1.,0.));
#12746=DIRECTION('',(0.,-0.0523359562429437,0.998629534754574));
#12747=DIRECTION('',(0.,-0.0523359562429439,0.998629534754574));
#12748=DIRECTION('',(0.,-0.998629534754574,-0.0523359562429439));
#12749=DIRECTION('',(0.,0.0523359562429439,-0.998629534754574));
#12750=DIRECTION('',(0.,-0.998629534754574,-0.0523359562429439));
#12751=DIRECTION('',(0.,0.0523359562429439,-0.998629534754574));
#12752=DIRECTION('',(1.,0.,0.));
#12753=DIRECTION('',(0.030202393914653,-0.0523120807703847,0.99817396359918));
#12754=DIRECTION('',(-0.0302023939146506,0.0523120807703843,-0.99817396359918));
#12755=DIRECTION('',(-3.46944695195361E-18,0.998629534754574,0.0523359562429439));
#12756=DIRECTION('',(-0.0302023939146512,0.0523120807703831,-0.99817396359918));
#12757=DIRECTION('',(0.864838546066893,-0.499314767377291,-0.0523359562429439));
#12758=DIRECTION('',(-0.04532426763774,0.0261679781214722,-0.998629534754574));
#12759=DIRECTION('',(0.5,0.866025403784436,5.55111512312578E-17));
#12760=DIRECTION('',(0.0302023939146506,-0.0523120807703847,0.99817396359918));
#12761=DIRECTION('',(0.0302023939146506,-0.0523120807703843,0.99817396359918));
#12762=DIRECTION('',(3.46944695195361E-18,-0.998629534754574,-0.0523359562429439));
#12763=DIRECTION('',(-0.0302023939146506,0.0523120807703847,-0.99817396359918));
#12764=DIRECTION('',(0.,-0.998629534754574,-0.0523359562429439));
#12765=DIRECTION('',(0.,0.0523359562429439,-0.998629534754574));
#12766=DIRECTION('',(1.,0.,0.));
#12767=DIRECTION('',(-0.0302023939146507,-0.0523120807703847,0.99817396359918));
#12768=DIRECTION('',(-0.0302023939146506,-0.0523120807703843,0.99817396359918));
#12769=DIRECTION('',(-3.90312782094781E-18,-0.998629534754574,-0.0523359562429439));
#12770=DIRECTION('',(0.0302023939146504,0.0523120807703846,-0.99817396359918));
#12771=DIRECTION('',(-0.864838546066894,-0.499314767377291,-0.0523359562429439));
#12772=DIRECTION('',(0.0453242676377401,0.0261679781214722,-0.998629534754574));
#12773=DIRECTION('',(0.5,-0.866025403784436,0.));
#12774=DIRECTION('',(-0.0302023939146511,-0.0523120807703847,0.99817396359918));
#12775=DIRECTION('',(0.0302023939146506,0.0523120807703843,-0.99817396359918));
#12776=DIRECTION('',(5.85469173142172E-18,0.998629534754574,0.0523359562429439));
#12777=DIRECTION('',(0.0302023939146506,0.0523120807703847,-0.99817396359918));
#12778=DIRECTION('',(0.,-0.998629534754574,-0.0523359562429439));
#12779=DIRECTION('',(0.,0.0523359562429439,-0.998629534754574));
#12780=DIRECTION('',(1.,0.,0.));
#12781=DIRECTION('',(0.,0.0523359562429439,-0.998629534754574));
#12782=DIRECTION('',(-1.07952125126692E-17,-0.0523359562429439,0.998629534754574));
#12783=DIRECTION('',(1.05926146941298E-33,-0.998629534754574,-0.0523359562429439));
#12784=DIRECTION('',(0.,0.0523359562429437,-0.998629534754574));
#12785=DIRECTION('',(-1.,2.06267608115493E-16,0.));
#12786=DIRECTION('',(-2.06267608115493E-16,-1.,0.));
#12787=DIRECTION('',(-2.06267608115493E-16,-1.,0.));
#12788=DIRECTION('',(-1.,2.06267608115493E-16,0.));
#12789=DIRECTION('',(-2.06267608115493E-16,-1.,0.));
#12790=DIRECTION('',(-1.,2.06267608115493E-16,0.));
#12791=DIRECTION('',(-2.06267608115493E-16,-1.,0.));
#12792=DIRECTION('',(1.,0.,0.));
#12793=DIRECTION('',(0.,0.,-1.));
#12794=DIRECTION('',(0.,0.,-1.));
#12795=DIRECTION('',(-1.,0.,0.));
#12796=DIRECTION('',(0.,1.,0.));
#12797=DIRECTION('',(0.,-1.,0.));
#12798=DIRECTION('',(1.,2.497052925295E-16,0.));
#12799=DIRECTION('',(-2.497052925295E-16,1.,0.));
#12800=DIRECTION('',(1.,2.497052925295E-16,0.));
#12801=DIRECTION('',(-2.497052925295E-16,1.,0.));
#12802=DIRECTION('',(1.,0.,0.));
#12803=DIRECTION('',(0.,1.,0.));
#12804=DIRECTION('',(0.,0.,1.));
#12805=DIRECTION('',(0.,0.,1.));
#12806=DIRECTION('',(1.,0.,0.));
#12807=DIRECTION('',(0.,1.,0.));
#12808=DIRECTION('',(0.,0.,1.));
#12809=DIRECTION('',(1.,0.,0.));
#12810=DIRECTION('',(0.,0.,1.));
#12811=DIRECTION('',(-1.,8.32350975098331E-17,0.));
#12812=DIRECTION('',(-1.,8.32350975098331E-17,0.));
#12813=DIRECTION('',(-8.32350975098331E-17,-1.,0.));
#12814=DIRECTION('',(-1.,8.32350975098331E-17,0.));
#12815=DIRECTION('',(-8.32350975098331E-17,-1.,0.));
#12816=DIRECTION('',(-1.,8.32350975098331E-17,0.));
#12817=DIRECTION('',(-8.32350975098331E-17,-1.,0.));
#12818=DIRECTION('',(-1.,8.32350975098331E-17,0.));
#12819=DIRECTION('',(-1.,8.32350975098331E-17,0.));
#12820=DIRECTION('',(-8.32350975098331E-17,-1.,0.));
#12821=DIRECTION('',(1.,0.,0.));
#12822=DIRECTION('',(0.,1.,0.));
#12823=DIRECTION('',(0.,0.,1.));
#12824=DIRECTION('',(0.,0.,1.));
#12825=DIRECTION('',(1.,0.,0.));
#12826=DIRECTION('',(0.,1.,0.));
#12827=DIRECTION('',(0.,0.,1.));
#12828=DIRECTION('',(1.,0.,0.));
#12829=DIRECTION('',(0.,0.,1.));
#12830=DIRECTION('',(1.,2.497052925295E-16,0.));
#12831=DIRECTION('',(1.,2.497052925295E-16,0.));
#12832=DIRECTION('',(-2.497052925295E-16,1.,0.));
#12833=DIRECTION('',(1.,2.497052925295E-16,0.));
#12834=DIRECTION('',(-2.497052925295E-16,1.,0.));
#12835=DIRECTION('',(-1.,0.,0.));
#12836=DIRECTION('',(0.,0.,-1.));
#12837=DIRECTION('',(-1.,0.,0.));
#12838=DIRECTION('',(0.,0.,1.));
#12839=DIRECTION('',(1.,0.,0.));
#12840=DIRECTION('',(0.,1.,0.));
#12841=DIRECTION('',(0.,1.,0.));
#12842=DIRECTION('',(0.,0.,1.));
#12843=DIRECTION('',(1.,0.,0.));
#12844=DIRECTION('',(-1.,0.,0.));
#12845=DIRECTION('',(0.,0.,1.));
#12846=DIRECTION('',(1.,0.,0.));
#12847=DIRECTION('',(0.70710678118656,0.,0.707106781186535));
#12848=DIRECTION('',(0.,0.,-1.));
#12849=DIRECTION('',(-1.,0.,0.));
#12850=DIRECTION('',(0.,-0.707106781186557,0.707106781186538));
#12851=DIRECTION('',(0.,-0.707106781186538,-0.707106781186557));
#12852=DIRECTION('',(1.,0.,0.));
#12853=DIRECTION('',(1.,0.,0.));
#12854=DIRECTION('',(-1.29893408435325E-16,-0.707106781186555,0.70710678118654));
#12855=DIRECTION('',(0.,0.,1.));
#12856=DIRECTION('',(1.,0.,0.));
#12857=DIRECTION('',(0.,0.,-1.));
#12858=DIRECTION('',(-1.,0.,0.));
#12859=DIRECTION('',(-0.707106781186557,-4.95983233179197E-17,0.707106781186538));
#12860=DIRECTION('',(0.,0.999847695156391,0.0174524064372835));
#12861=DIRECTION('',(0.,-0.0174524064372835,0.999847695156391));
#12862=DIRECTION('',(0.,-0.0174524064372835,0.999847695156391));
#12863=DIRECTION('',(1.,0.,0.));
#12864=DIRECTION('',(6.6817737006735E-18,-0.0174524064372835,0.999847695156391));
#12865=DIRECTION('',(-1.,0.,0.));
#12866=DIRECTION('',(0.,1.,0.));
#12867=DIRECTION('',(0.,0.,1.));
#12868=DIRECTION('',(0.,0.,-1.));
#12869=DIRECTION('',(-1.,0.,0.));
#12870=DIRECTION('',(0.,0.,-1.));
#12871=DIRECTION('',(1.,0.,0.));
#12872=DIRECTION('',(0.,0.,-1.));
#12873=DIRECTION('',(1.,0.,0.));
#12874=DIRECTION('',(0.,0.,-1.));
#12875=DIRECTION('',(-2.06267608115493E-16,-1.,0.));
#12876=DIRECTION('',(1.,-2.06267608115493E-16,0.));
#12877=DIRECTION('',(-2.06267608115493E-16,-1.,0.));
#12878=DIRECTION('',(1.,-2.06267608115493E-16,0.));
#12879=DIRECTION('',(1.,0.,0.));
#12880=DIRECTION('',(0.,0.,-1.));
#12881=DIRECTION('',(0.000949800250692974,-0.000920628254699224,0.999999125161168));
#12882=DIRECTION('',(0.999999548939258,0.,-0.000949800653197862));
#12883=DIRECTION('',(0.,-1.,0.));
#12884=DIRECTION('',(0.,0.,-1.));
#12885=DIRECTION('',(0.000949800256273392,0.000920628256892013,0.99999912516116));
#12886=DIRECTION('',(0.999999548939252,0.,-0.000949800658778285));
#12887=DIRECTION('',(1.,0.,0.));
#12888=DIRECTION('',(0.,0.,-1.));
#12889=DIRECTION('',(-2.06267608115493E-16,-1.,0.));
#12890=DIRECTION('',(1.,-2.06267608115493E-16,0.));
#12891=DIRECTION('',(8.43541125674487E-6,-8.82179226149423E-6,0.99999999992551));
#12892=DIRECTION('',(0.,-0.999999999961088,-8.82179226180809E-6));
#12893=DIRECTION('',(0.,0.,-1.));
#12894=DIRECTION('',(-1.,0.,0.));
#12895=DIRECTION('',(0.,0.,-1.));
#12896=DIRECTION('',(-1.,0.,0.));
#12897=DIRECTION('',(0.,0.,1.));
#12898=DIRECTION('',(0.,0.,1.));
#12899=DIRECTION('',(1.,0.,0.));
#12900=DIRECTION('',(0.,0.,1.));
#12901=DIRECTION('',(0.,0.,-1.));
#12902=DIRECTION('',(-1.,0.,0.));
#12903=DIRECTION('',(0.,0.,1.));
#12904=DIRECTION('',(0.,0.,1.));
#12905=DIRECTION('',(1.,0.,0.));
#12906=DIRECTION('',(0.,0.,1.));
#12907=DIRECTION('',(0.,0.,-1.));
#12908=DIRECTION('',(-1.,0.,0.));
#12909=DIRECTION('',(1.,0.,0.));
#12910=DIRECTION('',(0.,0.,-1.));
#12911=DIRECTION('',(1.,0.,0.));
#12912=DIRECTION('',(0.,0.,-1.));
#12913=DIRECTION('',(1.,0.,0.));
#12914=DIRECTION('',(0.,0.,-1.));
#12915=DIRECTION('',(0.,0.,1.));
#12916=DIRECTION('',(1.,0.,0.));
#12917=DIRECTION('',(0.,0.,-1.));
#12918=DIRECTION('',(0.,0.,1.));
#12919=DIRECTION('',(0.,0.,1.));
#12920=DIRECTION('',(0.,1.,0.));
#12921=DIRECTION('',(0.,0.,1.));
#12922=DIRECTION('',(0.,0.,1.));
#12923=DIRECTION('',(0.,0.,1.));
#12924=DIRECTION('',(-1.,0.,0.));
#12925=DIRECTION('',(0.,0.,1.));
#12926=DIRECTION('',(0.,0.,1.));
#12927=DIRECTION('',(0.,0.,1.));
#12928=DIRECTION('',(-3.11272329146727E-6,3.70058256983564E-6,0.999999999988308));
#12929=DIRECTION('',(0.,-0.999999999993153,3.70058256985357E-6));
#12930=DIRECTION('',(0.5,0.866025403784436,0.));
#12931=DIRECTION('',(-0.866025403784436,0.5,0.));
#12932=DIRECTION('',(3.07084906535408E-7,-5.31886528065482E-7,0.999999999999812));
#12933=DIRECTION('',(0.,-0.999999999999859,-5.31886528065507E-7));
#12934=DIRECTION('',(1.,0.,0.));
#12935=DIRECTION('',(0.,0.,-1.));
#12936=DIRECTION('',(0.,0.,-1.));
#12937=DIRECTION('',(-1.,0.,0.));
#12938=DIRECTION('',(0.,0.,-1.));
#12939=DIRECTION('',(-1.,0.,0.));
#12940=DIRECTION('',(0.,0.,1.));
#12941=DIRECTION('',(0.,0.,1.));
#12942=DIRECTION('',(1.,0.,0.));
#12943=DIRECTION('',(0.,0.,1.));
#12944=DIRECTION('',(0.,0.,-1.));
#12945=DIRECTION('',(-1.,0.,0.));
#12946=DIRECTION('',(0.,0.,1.));
#12947=DIRECTION('',(0.,0.,1.));
#12948=DIRECTION('',(1.,0.,0.));
#12949=DIRECTION('',(0.,0.,1.));
#12950=DIRECTION('',(0.,0.,-1.));
#12951=DIRECTION('',(-1.,0.,0.));
#12952=DIRECTION('',(-8.43541141108499E-6,-8.82179246418713E-6,0.99999999992551));
#12953=DIRECTION('',(0.,-0.999999999961088,-8.82179246450099E-6));
#12954=DIRECTION('',(0.,1.,0.));
#12955=DIRECTION('',(0.,0.,1.));
#12956=DIRECTION('',(0.,-1.,0.));
#12957=DIRECTION('',(0.,0.,-1.));
#12958=DIRECTION('',(0.,0.,1.));
#12959=DIRECTION('',(0.,0.,-1.));
#12960=DIRECTION('',(-1.,0.,0.));
#12961=DIRECTION('',(0.,0.,1.));
#12962=DIRECTION('',(0.,0.,1.));
#12963=DIRECTION('',(1.,0.,0.));
#12964=DIRECTION('',(0.,0.,-1.));
#12965=DIRECTION('',(0.,0.,-1.));
#12966=DIRECTION('',(0.,0.,-1.));
#12967=DIRECTION('',(0.,-1.,0.));
#12968=DIRECTION('',(0.,0.,-1.));
#12969=DIRECTION('',(0.,0.,1.));
#12970=DIRECTION('',(1.,1.37413091255792E-16,0.));
#12971=DIRECTION('',(-1.37413091255792E-16,1.,0.));
#12972=DIRECTION('',(0.,0.,1.));
#12973=DIRECTION('',(0.,0.,1.));
#12974=DIRECTION('',(0.,1.,0.));
#12975=DIRECTION('',(0.,0.,1.));
#12976=DIRECTION('',(0.,0.,1.));
#12977=DIRECTION('',(0.,0.,1.));
#12978=DIRECTION('',(0.,1.,0.));
#12979=DIRECTION('',(0.,0.,1.));
#12980=DIRECTION('',(-1.,0.,0.));
#12981=DIRECTION('',(0.,0.,1.));
#12982=DIRECTION('',(-0.000949800256269279,0.000920628256976273,0.99999912516116));
#12983=DIRECTION('',(0.999999548939252,0.,0.000949800658774171));
#12984=DIRECTION('',(0.,-1.,0.));
#12985=DIRECTION('',(0.,0.,-1.));
#12986=DIRECTION('',(-0.000949800256256349,-0.000920628256983645,0.99999912516116));
#12987=DIRECTION('',(0.999999548939252,0.,0.000949800658761242));
#12988=DIRECTION('',(-1.,0.,0.));
#12989=DIRECTION('',(0.,0.,1.));
#12990=DIRECTION('',(0.,1.,0.));
#12991=DIRECTION('',(0.,0.,1.));
#12992=DIRECTION('',(0.,1.,0.));
#12993=DIRECTION('',(0.,0.,1.));
#12994=DIRECTION('',(1.,0.,0.));
#12995=DIRECTION('',(0.,0.,-1.));
#12996=DIRECTION('',(1.,0.,0.));
#12997=DIRECTION('',(0.,0.,-1.));
#12998=DIRECTION('',(1.,0.,0.));
#12999=DIRECTION('',(0.,0.,-1.));
#13000=DIRECTION('',(1.,0.,0.));
#13001=DIRECTION('',(0.,0.,-1.));
#13002=DIRECTION('',(1.,0.,0.));
#13003=DIRECTION('',(0.,-1.,0.));
#13004=DIRECTION('',(0.,0.,-1.));
#13005=DIRECTION('',(0.,-1.,0.));
#13006=DIRECTION('',(0.,0.,-1.));
#13007=DIRECTION('',(0.,1.,0.));
#13008=DIRECTION('',(-8.31068370782813E-6,-8.68999416333934E-6,0.999999999927708));
#13009=DIRECTION('',(0.,-0.999999999962242,-8.68999416363944E-6));
#13010=DIRECTION('',(-1.,0.,0.));
#13011=DIRECTION('',(0.,0.,1.));
#13012=DIRECTION('',(1.,0.,0.));
#13013=DIRECTION('',(3.50962953141442E-7,-6.07885155529605E-7,0.999999999999754));
#13014=DIRECTION('',(0.,-0.999999999999815,-6.07885155529643E-7));
#13015=DIRECTION('',(-0.5,-0.866025403784436,0.));
#13016=DIRECTION('',(0.866025403784436,-0.5,0.));
#13017=DIRECTION('',(-0.500000000000006,-0.866025403784435,0.));
#13018=DIRECTION('',(-2.46137080674919E-7,4.26321963899993E-7,0.999999999999879));
#13019=DIRECTION('',(0.,-0.999999999999909,4.26321963900005E-7));
#13020=DIRECTION('',(-1.,0.,0.));
#13021=DIRECTION('',(0.,0.,1.));
#13022=DIRECTION('',(1.,0.,0.));
#13023=DIRECTION('',(2.46137540990028E-7,4.26322869056151E-7,0.999999999999879));
#13024=DIRECTION('',(0.,-0.999999999999909,4.26322869056164E-7));
#13025=DIRECTION('',(-0.5,0.866025403784436,0.));
#13026=DIRECTION('',(-0.866025403784436,-0.5,0.));
#13027=DIRECTION('',(-0.5,0.866025403784437,0.));
#13028=DIRECTION('',(-3.50963060422697E-7,-6.07885453326549E-7,0.999999999999754));
#13029=DIRECTION('',(0.,-0.999999999999815,-6.07885453326586E-7));
#13030=DIRECTION('',(-1.,0.,0.));
#13031=DIRECTION('',(0.,0.,1.));
#13032=DIRECTION('',(1.,0.,0.));
#13033=DIRECTION('',(8.31069205429732E-6,-8.69001063620147E-6,0.999999999927708));
#13034=DIRECTION('',(0.,-0.999999999962242,-8.69001063650157E-6));
#13035=DIRECTION('',(2.06267608115493E-16,1.,0.));
#13036=DIRECTION('',(-1.,2.06267608115493E-16,0.));
#13037=DIRECTION('',(2.06267608115493E-16,1.,0.));
#13038=DIRECTION('',(-1.,2.06267608115493E-16,0.));
#13039=DIRECTION('',(0.,1.,0.));
#13040=DIRECTION('',(1.,0.,0.));
#13041=DIRECTION('',(0.,0.,-1.));
#13042=DIRECTION('',(1.,0.,0.));
#13043=DIRECTION('',(1.,0.,0.));
#13044=DIRECTION('',(0.,0.,-1.));
#13045=DIRECTION('',(-1.,7.01426215071668E-17,0.));
#13046=DIRECTION('',(-7.01426215071668E-17,-1.,0.));
#13047=DIRECTION('',(-8.58999369125561E-33,-1.22464679914735E-16,1.));
#13048=DIRECTION('',(0.,-1.,-1.22464679914735E-16));
#13049=DIRECTION('',(0.,0.,1.));
#13050=DIRECTION('',(1.,0.,0.));
#13051=DIRECTION('',(0.,0.,1.));
#13052=DIRECTION('',(1.,0.,0.));
#13053=DIRECTION('',(0.,0.,1.));
#13054=DIRECTION('',(1.,0.,0.));
#13055=DIRECTION('',(0.,0.,1.));
#13056=DIRECTION('',(1.,0.,0.));
#13057=DIRECTION('',(-8.58999369125561E-33,1.22464679914735E-16,1.));
#13058=DIRECTION('',(0.,-1.,1.22464679914735E-16));
#13059=DIRECTION('',(1.,7.01426215071668E-17,0.));
#13060=DIRECTION('',(-7.01426215071668E-17,1.,0.));
#13061=DIRECTION('',(-7.01426215071668E-17,1.,3.82856869892695E-16));
#13062=DIRECTION('',(0.,-3.82856869892695E-16,1.));
#13063=DIRECTION('',(-7.01426215071668E-17,1.,0.));
#13064=DIRECTION('',(-1.,-7.01426215071668E-17,0.));
#13065=DIRECTION('',(0.,1.,0.));
#13066=DIRECTION('',(0.,0.,1.));
#13067=DIRECTION('',(-1.,7.01426215071668E-17,0.));
#13068=DIRECTION('',(-7.01426215071668E-17,-1.,0.));
#13069=DIRECTION('',(7.01426215071668E-17,1.,1.43945517350741E-14));
#13070=DIRECTION('',(0.,-1.43945517350741E-14,1.));
#13071=DIRECTION('',(1.,7.01426215071668E-17,0.));
#13072=DIRECTION('',(-7.01426215071668E-17,1.,0.));
#13073=DIRECTION('',(-0.707106781186538,-4.95983233179184E-17,-0.707106781186557));
#13074=DIRECTION('',(7.01426215071668E-17,-1.,-1.23259516440783E-32));
#13075=DIRECTION('',(-7.01426215071668E-17,1.,0.));
#13076=DIRECTION('',(-0.707106781186557,-4.95983233179197E-17,0.707106781186538));
#13077=DIRECTION('',(-1.,8.32350975098325E-17,0.));
#13078=DIRECTION('',(-8.32350975098325E-17,-1.,0.));
#13079=DIRECTION('',(-0.707106781186558,0.707106781186537,8.65956056235481E-17));
#13080=DIRECTION('',(-1.,8.32350975098325E-17,0.));
#13081=DIRECTION('',(-8.32350975098325E-17,-1.,0.));
#13082=DIRECTION('',(0.707106781186539,0.707106781186557,0.));
#13083=DIRECTION('',(0.,0.,-1.));
#13084=DIRECTION('',(-0.707106781186557,0.707106781186539,0.));
#13085=DIRECTION('',(0.,0.,1.));
#13086=DIRECTION('',(-0.707106781186539,0.707106781186557,0.));
#13087=DIRECTION('',(0.,0.,-1.));
#13088=DIRECTION('',(-0.707106781186557,-0.707106781186539,0.));
#13089=DIRECTION('',(0.,0.,1.));
#13090=DIRECTION('',(0.707106781186557,0.707106781186538,0.));
#13091=DIRECTION('',(1.,2.49705292529501E-16,0.));
#13092=DIRECTION('',(-2.49705292529501E-16,1.,0.));
#13093=DIRECTION('',(1.,2.49705292529501E-16,0.));
#13094=DIRECTION('',(-2.49705292529501E-16,1.,0.));
#13095=DIRECTION('',(0.707106781186557,-4.95983233179197E-17,0.707106781186538));
#13096=DIRECTION('',(0.707106781186538,-4.95983233179184E-17,-0.707106781186557));
#13097=DIRECTION('',(7.01426215071668E-17,1.,1.23259516440783E-32));
#13098=DIRECTION('',(-7.01426215071668E-17,-1.,0.));
#13099=DIRECTION('',(0.,0.,1.));
#13100=DIRECTION('',(-1.,0.,0.));
#13101=DIRECTION('',(-0.0174524064372835,0.,0.999847695156391));
#13102=DIRECTION('',(0.,0.,1.));
#13103=DIRECTION('',(1.,0.,0.));
#13104=DIRECTION('',(0.,0.,1.));
#13105=DIRECTION('',(1.,0.,0.));
#13106=DIRECTION('',(0.,0.,1.));
#13107=DIRECTION('',(-1.,0.,0.));
#13108=DIRECTION('',(0.,0.,1.));
#13109=DIRECTION('',(1.,0.,0.));
#13110=DIRECTION('',(0.0174524064372835,-2.44831507823924E-18,0.999847695156391));
#13111=DIRECTION('',(0.,0.,1.));
#13112=DIRECTION('',(1.,0.,0.));
#13113=DIRECTION('',(-1.,0.,0.));
#13114=DIRECTION('',(0.,0.,1.));
#13115=DIRECTION('',(-0.707106781186557,8.65956056235482E-17,-0.707106781186539));
#13116=DIRECTION('',(-1.,0.,0.));
#13117=DIRECTION('',(0.,0.,1.));
#13118=DIRECTION('',(1.,0.,0.));
#13119=DIRECTION('',(0.,0.,-1.));
#13120=DIRECTION('',(0.707106781186557,0.,-0.707106781186538));
#13121=DIRECTION('',(1.,0.,0.));
#13122=DIRECTION('',(0.,0.,-1.));
#13123=DIRECTION('',(0.,0.,-1.));
#13124=DIRECTION('',(-1.,0.,0.));
#13125=DIRECTION('',(0.,0.,1.));
#13126=DIRECTION('',(1.,0.,0.));
#13127=DIRECTION('',(0.,0.,-1.));
#13128=DIRECTION('',(0.,0.,-1.));
#13129=DIRECTION('',(-1.,0.,0.));
#13130=DIRECTION('',(0.,0.,-1.));
#13131=DIRECTION('',(0.,0.,1.));
#13132=DIRECTION('',(1.,0.,0.));
#13133=DIRECTION('',(0.,0.,-1.));
#13134=DIRECTION('',(-1.,0.,0.));
#13135=DIRECTION('',(0.,0.,-1.));
#13136=DIRECTION('',(0.,0.,1.));
#13137=DIRECTION('',(0.,0.,-1.));
#13138=DIRECTION('',(-1.,0.,0.));
#13139=DIRECTION('',(0.,1.,0.));
#13140=DIRECTION('',(0.,0.,1.));
#13141=DIRECTION('',(0.,0.,1.));
#13142=DIRECTION('',(1.,0.,0.));
#13143=DIRECTION('',(0.,0.,-1.));
#13144=DIRECTION('',(-1.,0.,0.));
#13145=DIRECTION('',(0.,0.,-1.));
#13146=DIRECTION('',(0.,0.,-1.));
#13147=DIRECTION('',(-1.,0.,0.));
#13148=DIRECTION('',(0.,0.,-1.));
#13149=DIRECTION('',(-1.,0.,0.));
#13150=DIRECTION('',(0.,0.,-1.));
#13151=DIRECTION('',(0.,0.,1.));
#13152=DIRECTION('',(1.,0.,0.));
#13153=DIRECTION('',(0.,0.,-1.));
#13154=DIRECTION('',(0.,1.,0.));
#13155=DIRECTION('',(0.,0.,1.));
#13156=DIRECTION('',(1.,0.,0.));
#13157=DIRECTION('',(0.,0.,-1.));
#13158=DIRECTION('',(0.,0.,-1.));
#13159=DIRECTION('',(-1.,0.,0.));
#13160=DIRECTION('',(0.,0.,1.));
#13161=DIRECTION('',(1.,0.,0.));
#13162=DIRECTION('',(0.,0.,-1.));
#13163=DIRECTION('',(-7.01426215071668E-17,-1.,0.));
#13164=DIRECTION('',(1.,-7.01426215071668E-17,0.));
#13165=DIRECTION('',(-7.01426215071668E-17,-1.,0.));
#13166=DIRECTION('',(1.,-7.01426215071668E-17,0.));
#13167=DIRECTION('',(0.707106781186538,4.95983233179184E-17,0.707106781186557));
#13168=DIRECTION('',(7.01426215071668E-17,-1.,-1.23259516440783E-32));
#13169=DIRECTION('',(-7.01426215071668E-17,1.,0.));
#13170=DIRECTION('',(0.707106781186557,4.95983233179197E-17,-0.707106781186538));
#13171=DIRECTION('',(0.,1.,0.));
#13172=DIRECTION('',(1.,0.,0.));
#13173=DIRECTION('',(0.,0.,-1.));
#13174=DIRECTION('',(0.,1.,0.));
#13175=DIRECTION('',(0.,0.,-1.));
#13176=DIRECTION('',(0.,1.,0.));
#13177=DIRECTION('',(0.,0.,-1.));
#13178=DIRECTION('',(-1.,0.,0.));
#13179=DIRECTION('',(0.,0.,1.));
#13180=DIRECTION('',(1.,0.,0.));
#13181=DIRECTION('',(1.40285243014334E-16,1.,3.85185988877447E-34));
#13182=DIRECTION('',(1.40285243014334E-16,-1.,-3.85185988877447E-34));
#13183=DIRECTION('',(0.,0.,1.));
#13184=DIRECTION('',(1.,0.,0.));
#13185=DIRECTION('',(-1.,0.,0.));
#13186=DIRECTION('',(-7.01426215071668E-17,-1.,0.));
#13187=DIRECTION('',(0.,0.,-1.));
#13188=DIRECTION('',(-1.,0.,0.));
#13189=DIRECTION('',(1.,0.,0.));
#13190=DIRECTION('',(0.,0.,-1.));
#13191=DIRECTION('',(-1.,0.,0.));
#13192=DIRECTION('',(-7.01426215071668E-17,1.,0.));
#13193=DIRECTION('',(1.,1.40285243014334E-16,0.));
#13194=DIRECTION('',(-1.40285243014334E-16,1.,0.));
#13195=DIRECTION('',(1.40285243014334E-16,-1.,-3.85185988877447E-34));
#13196=DIRECTION('',(0.,0.,-1.));
#13197=DIRECTION('',(-1.,1.40285243014334E-16,0.));
#13198=DIRECTION('',(-1.40285243014334E-16,-1.,0.));
#13199=DIRECTION('',(0.,0.,-1.));
#13200=DIRECTION('',(1.40285243014334E-16,1.,3.85185988877447E-34));
#13201=DIRECTION('',(-1.,0.,0.));
#13202=DIRECTION('',(0.,0.,1.));
#13203=DIRECTION('',(0.,1.,0.));
#13204=DIRECTION('',(0.,0.,-1.));
#13205=DIRECTION('',(0.,1.,0.));
#13206=DIRECTION('',(-0.999847695156391,1.40263876892336E-16,0.0174524064372835));
#13207=DIRECTION('',(0.0174524064372835,-2.44831507823924E-18,0.999847695156391));
#13208=DIRECTION('',(0.0174524064372835,-2.13730336808379E-18,0.999847695156391));
#13209=DIRECTION('',(0.999847695156391,1.40263876892336E-16,0.0174524064372835));
#13210=DIRECTION('',(-0.0174524064372835,-2.44831507823924E-18,0.999847695156391));
#13211=DIRECTION('',(-0.0174524064372835,-2.44831507823924E-18,0.999847695156391));
#13212=DIRECTION('',(-0.707106781186538,4.95983233179184E-17,0.707106781186557));
#13213=DIRECTION('',(7.01426215071668E-17,1.,1.23259516440783E-32));
#13214=DIRECTION('',(0.,1.,0.));
#13215=DIRECTION('',(0.707106781186557,0.,0.707106781186538));
#13216=DIRECTION('',(-7.01426215071668E-17,-1.,0.));
#13217=DIRECTION('',(-1.,7.01426215071668E-17,0.));
#13218=DIRECTION('',(-7.01426215071668E-17,-1.,0.));
#13219=DIRECTION('',(0.,0.,-1.));
#13220=DIRECTION('',(1.,7.01426215071668E-17,0.));
#13221=DIRECTION('',(-7.01426215071668E-17,1.,0.));
#13222=DIRECTION('',(0.,0.,1.));
#13223=DIRECTION('',(0.,0.,1.));
#13224=DIRECTION('',(1.,0.,0.));
#13225=DIRECTION('',(0.,0.,-1.));
#13226=DIRECTION('',(-1.,0.,0.));
#13227=DIRECTION('',(0.,0.,-1.));
#13228=DIRECTION('',(-1.,0.,0.));
#13229=DIRECTION('',(0.,0.,-1.));
#13230=DIRECTION('',(-1.,0.,0.));
#13231=DIRECTION('',(0.,0.,-1.));
#13232=DIRECTION('',(-1.,0.,0.));
#13233=DIRECTION('',(0.,0.,1.));
#13234=DIRECTION('',(1.,0.,0.));
#13235=DIRECTION('',(0.,0.,1.));
#13236=DIRECTION('',(1.,0.,0.));
#13237=DIRECTION('',(0.,0.,1.));
#13238=DIRECTION('',(1.,0.,0.));
#13239=DIRECTION('',(0.,0.,1.));
#13240=DIRECTION('',(1.,0.,0.));
#13241=DIRECTION('',(0.,0.,1.));
#13242=DIRECTION('',(1.,0.,0.));
#13243=DIRECTION('',(1.,0.,0.));
#13244=DIRECTION('',(0.,0.,1.));
#13245=DIRECTION('',(1.,0.,0.));
#13246=DIRECTION('',(0.,1.,0.));
#13247=DIRECTION('',(0.,0.,1.));
#13248=DIRECTION('',(1.,0.,0.));
#13249=DIRECTION('',(1.,0.,0.));
#13250=DIRECTION('',(0.,0.,1.));
#13251=DIRECTION('',(1.,0.,0.));
#13252=DIRECTION('',(0.,1.,0.));
#13253=DIRECTION('',(0.,0.,1.));
#13254=DIRECTION('',(1.,0.,0.));
#13255=DIRECTION('',(1.,0.,0.));
#13256=DIRECTION('',(0.,0.,1.));
#13257=DIRECTION('',(1.,0.,0.));
#13258=DIRECTION('',(0.,1.,0.));
#13259=DIRECTION('',(0.,0.,-1.));
#13260=DIRECTION('',(-1.,0.,0.));
#13261=DIRECTION('',(1.,0.,0.));
#13262=DIRECTION('',(0.,0.,1.));
#13263=DIRECTION('',(1.,0.,0.));
#13264=DIRECTION('',(0.,1.,0.));
#13265=DIRECTION('',(0.,6.93889390390722E-15,-1.));
#13266=DIRECTION('',(0.,1.,6.93889390390722E-15));
#13267=DIRECTION('',(1.,0.,0.));
#13268=DIRECTION('',(0.,-6.93889390390722E-15,1.));
#13269=DIRECTION('',(0.,-1.,-6.93889390390722E-15));
#13270=DIRECTION('',(0.,0.,-1.));
#13271=DIRECTION('',(-1.,0.,0.));
#13272=DIRECTION('',(0.,0.,1.));
#13273=DIRECTION('',(1.,0.,0.));
#13274=DIRECTION('',(0.,0.,1.));
#13275=DIRECTION('',(1.,0.,0.));
#13276=DIRECTION('',(-1.,0.,0.));
#13277=DIRECTION('',(0.,0.,-1.));
#13278=DIRECTION('',(-1.,0.,0.));
#13279=DIRECTION('',(-1.,0.,0.));
#13280=DIRECTION('',(0.,0.,-1.));
#13281=DIRECTION('',(-1.,0.,0.));
#13282=DIRECTION('',(0.,-0.999847695156391,0.0174524064372835));
#13283=DIRECTION('',(0.,0.0174524064372835,0.999847695156391));
#13284=DIRECTION('',(0.,-0.999847695156391,0.0174524064372835));
#13285=DIRECTION('',(0.,-0.0174524064372835,-0.999847695156391));
#13286=DIRECTION('',(-1.,0.,0.));
#13287=DIRECTION('',(0.,0.0174524064372835,0.999847695156391));
#13288=DIRECTION('',(-1.,0.,0.));
#13289=DIRECTION('',(0.,0.0174524064372835,0.999847695156391));
#13290=DIRECTION('',(-1.,0.,0.));
#13291=DIRECTION('',(0.,-0.0174524064372835,-0.999847695156391));
#13292=DIRECTION('',(-1.,0.,0.));
#13293=DIRECTION('',(0.,-2.23835287222814E-16,1.));
#13294=DIRECTION('',(0.,-1.,-2.23835287222814E-16));
#13295=DIRECTION('',(0.,-2.23835287222814E-16,1.));
#13296=DIRECTION('',(0.,-1.,-2.23835287222814E-16));
#13297=DIRECTION('',(0.,1.,2.23835287222814E-16));
#13298=DIRECTION('',(1.,0.,0.));
#13299=DIRECTION('',(0.,-1.,-2.23835287222814E-16));
#13300=DIRECTION('',(0.,0.,1.));
#13301=DIRECTION('',(1.,0.,0.));
#13302=DIRECTION('',(1.,0.,0.));
#13303=DIRECTION('',(0.,0.,-1.));
#13304=DIRECTION('',(-1.,0.,0.));
#13305=DIRECTION('',(0.,1.,0.));
#13306=DIRECTION('',(-1.,0.,0.));
#13307=DIRECTION('',(0.,1.,2.23835287222814E-16));
#13308=DIRECTION('',(1.,0.,0.));
#13309=DIRECTION('',(0.,1.,2.23835287222814E-16));
#13310=DIRECTION('',(1.,0.,0.));
#13311=DIRECTION('',(0.,-1.,-2.23835287222814E-16));
#13312=DIRECTION('',(1.,0.,0.));
#13313=DIRECTION('',(0.,-1.,-2.23835287222814E-16));
#13314=DIRECTION('',(0.,0.,-1.));
#13315=DIRECTION('',(-1.,0.,0.));
#13316=DIRECTION('',(0.,-1.,-2.23835287222814E-16));
#13317=DIRECTION('',(0.,0.,-1.));
#13318=DIRECTION('',(-1.,0.,0.));
#13319=DIRECTION('',(1.,0.,0.));
#13320=DIRECTION('',(0.,0.,-1.));
#13321=DIRECTION('',(-1.,0.,0.));
#13322=DIRECTION('',(0.,-1.,-2.23835287222814E-16));
#13323=DIRECTION('',(0.,0.,-1.));
#13324=DIRECTION('',(-1.,0.,0.));
#13325=DIRECTION('',(0.,-1.,-2.23835287222814E-16));
#13326=DIRECTION('',(1.,0.,0.));
#13327=DIRECTION('',(0.,-1.,-2.23835287222814E-16));
#13328=DIRECTION('',(-1.,0.,0.));
#13329=DIRECTION('',(0.,1.,2.23835287222814E-16));
#13330=DIRECTION('',(1.,0.,0.));
#13331=DIRECTION('',(0.,0.,-1.));
#13332=DIRECTION('',(-1.,0.,0.));
#13333=DIRECTION('',(8.9253798625012E-18,0.17364817766693,-0.984807753012208));
#13334=DIRECTION('',(-5.06183445473851E-17,-0.984807753012208,-0.17364817766693));
#13335=DIRECTION('',(0.,0.,-1.));
#13336=DIRECTION('',(0.,0.,-1.));
#13337=DIRECTION('',(0.,0.,1.));
#13338=DIRECTION('',(1.,0.,0.));
#13339=DIRECTION('',(0.,0.,-1.));
#13340=DIRECTION('',(0.,0.,-1.));
#13341=DIRECTION('',(-1.,0.,0.));
#13342=DIRECTION('',(0.,0.,-1.));
#13343=DIRECTION('',(0.,0.,1.));
#13344=DIRECTION('',(1.,0.,0.));
#13345=DIRECTION('',(0.,0.,-1.));
#13346=DIRECTION('',(-1.,0.,0.));
#13347=DIRECTION('',(0.,0.,1.));
#13348=DIRECTION('',(1.,0.,0.));
#13349=DIRECTION('',(0.,0.,-1.));
#13350=DIRECTION('',(0.,0.,-1.));
#13351=DIRECTION('',(8.9253798625012E-18,0.17364817766693,-0.984807753012208));
#13352=DIRECTION('',(-5.06183445473851E-17,-0.984807753012208,-0.17364817766693));
#13353=DIRECTION('',(0.,0.,1.));
#13354=DIRECTION('',(1.,0.,0.));
#13355=DIRECTION('',(0.,0.,-1.));
#13356=DIRECTION('',(0.,0.,-1.));
#13357=DIRECTION('',(-1.,0.,0.));
#13358=DIRECTION('',(0.,0.,-1.));
#13359=DIRECTION('',(0.,0.,-1.));
#13360=DIRECTION('',(-1.,0.,0.));
#13361=DIRECTION('',(8.9253798625012E-18,0.17364817766693,-0.984807753012208));
#13362=DIRECTION('',(-5.06183445473851E-17,-0.984807753012208,-0.17364817766693));
#13363=DIRECTION('',(0.,0.,-1.));
#13364=DIRECTION('',(0.,0.,1.));
#13365=DIRECTION('',(1.,0.,0.));
#13366=DIRECTION('',(0.,0.,-1.));
#13367=DIRECTION('',(0.,0.,-1.));
#13368=DIRECTION('',(0.,0.,1.));
#13369=DIRECTION('',(1.,0.,0.));
#13370=DIRECTION('',(0.,0.,-1.));
#13371=DIRECTION('',(0.,0.,-1.));
#13372=DIRECTION('',(-1.,0.,0.));
#13373=DIRECTION('',(8.9253798625012E-18,0.17364817766693,-0.984807753012208));
#13374=DIRECTION('',(-5.06183445473851E-17,-0.984807753012208,-0.17364817766693));
#13375=DIRECTION('',(8.9253798625012E-18,0.17364817766693,-0.984807753012208));
#13376=DIRECTION('',(-5.06183445473851E-17,-0.984807753012208,-0.17364817766693));
#13377=DIRECTION('',(0.,0.,1.));
#13378=DIRECTION('',(1.,0.,0.));
#13379=DIRECTION('',(0.,0.,1.));
#13380=DIRECTION('',(1.,0.,0.));
#13381=DIRECTION('',(0.,0.,1.));
#13382=DIRECTION('',(0.,0.,1.));
#13383=DIRECTION('',(1.,0.,0.));
#13384=DIRECTION('',(0.,0.,1.));
#13385=DIRECTION('',(0.,0.,1.));
#13386=DIRECTION('',(1.,0.,0.));
#13387=DIRECTION('',(0.,0.,1.));
#13388=DIRECTION('',(1.,0.,0.));
#13389=DIRECTION('',(-1.,0.,0.));
#13390=DIRECTION('',(-1.,0.,0.));
#13391=DIRECTION('',(0.,0.,1.));
#13392=DIRECTION('',(1.,0.,0.));
#13393=DIRECTION('',(0.,0.,1.));
#13394=DIRECTION('',(1.,0.,0.));
#13395=DIRECTION('',(8.9253798625012E-18,0.17364817766693,-0.984807753012208));
#13396=DIRECTION('',(5.06183445473851E-17,0.984807753012208,0.17364817766693));
#13397=DIRECTION('',(0.,0.,1.));
#13398=DIRECTION('',(0.,0.,1.));
#13399=DIRECTION('',(1.,0.,0.));
#13400=DIRECTION('',(0.,0.,1.));
#13401=DIRECTION('',(0.,-1.,0.));
#13402=DIRECTION('',(0.,0.,-1.));
#13403=DIRECTION('',(0.,0.,-1.));
#13404=DIRECTION('',(-1.,0.,0.));
#13405=DIRECTION('',(0.,-1.,0.));
#13406=DIRECTION('',(0.,0.,-1.));
#13407=DIRECTION('',(0.,0.,1.));
#13408=DIRECTION('',(1.,0.,0.));
#13409=DIRECTION('',(0.,0.,-1.));
#13410=DIRECTION('',(-1.,0.,0.));
#13411=DIRECTION('',(0.,2.23835287222814E-16,-1.));
#13412=DIRECTION('',(0.,2.23835287222814E-16,-1.));
#13413=DIRECTION('',(-1.,0.,0.));
#13414=DIRECTION('',(0.,2.23835287222814E-16,-1.));
#13415=DIRECTION('',(0.,0.,-1.));
#13416=DIRECTION('',(-1.,0.,0.));
#13417=DIRECTION('',(0.,0.,1.));
#13418=DIRECTION('',(1.,0.,0.));
#13419=DIRECTION('',(0.,0.,-1.));
#13420=DIRECTION('',(-1.,0.,0.));
#13421=DIRECTION('',(0.,0.,1.));
#13422=DIRECTION('',(0.,2.23835287222814E-16,-1.));
#13423=DIRECTION('',(-1.,0.,0.));
#13424=DIRECTION('',(0.,2.23835287222814E-16,-1.));
#13425=DIRECTION('',(0.,2.23835287222814E-16,-1.));
#13426=DIRECTION('',(-1.,0.,0.));
#13427=DIRECTION('',(0.,0.,-1.));
#13428=DIRECTION('',(0.,0.,1.));
#13429=DIRECTION('',(0.,-1.,0.));
#13430=DIRECTION('',(-1.,0.,0.));
#13431=DIRECTION('',(-1.,0.,0.));
#13432=DIRECTION('',(0.,0.,-1.));
#13433=DIRECTION('',(0.,-1.,0.));
#13434=DIRECTION('',(0.,0.,-1.));
#13435=DIRECTION('',(0.,0.,-1.));
#13436=DIRECTION('',(-1.,0.,0.));
#13437=DIRECTION('',(0.,0.,1.));
#13438=DIRECTION('',(0.,0.,1.));
#13439=DIRECTION('',(1.,0.,0.));
#13440=DIRECTION('',(0.,0.,1.));
#13441=DIRECTION('',(0.,0.,-1.));
#13442=DIRECTION('',(-1.,0.,0.));
#13443=DIRECTION('',(0.,0.,-1.));
#13444=DIRECTION('',(-1.,0.,0.));
#13445=DIRECTION('',(0.,0.,-1.));
#13446=DIRECTION('',(-1.,0.,0.));
#13447=DIRECTION('',(0.,0.,1.));
#13448=DIRECTION('',(0.,0.,1.));
#13449=DIRECTION('',(1.,0.,0.));
#13450=DIRECTION('',(0.,0.,1.));
#13451=DIRECTION('',(0.,0.,1.));
#13452=DIRECTION('',(1.,0.,0.));
#13453=DIRECTION('',(0.,0.,-1.));
#13454=DIRECTION('',(-1.,0.,0.));
#13455=DIRECTION('',(0.,0.,-1.));
#13456=DIRECTION('',(-1.,0.,0.));
#13457=DIRECTION('',(0.,0.,-1.));
#13458=DIRECTION('',(0.,0.,1.));
#13459=DIRECTION('',(1.,0.,0.));
#13460=DIRECTION('',(0.,0.,-1.));
#13461=DIRECTION('',(0.,0.,-1.));
#13462=DIRECTION('',(-1.,0.,0.));
#13463=DIRECTION('',(0.,0.,-1.));
#13464=DIRECTION('',(0.,0.,1.));
#13465=DIRECTION('',(1.,0.,0.));
#13466=DIRECTION('',(0.,0.,-1.));
#13467=DIRECTION('',(8.9253798625012E-18,0.17364817766693,-0.984807753012208));
#13468=DIRECTION('',(-5.06183445473851E-17,-0.984807753012208,-0.17364817766693));
#13469=DIRECTION('',(0.,-2.23835287222814E-16,1.));
#13470=DIRECTION('',(0.,-1.,-2.23835287222814E-16));
#13471=DIRECTION('',(0.,-1.,-2.23835287222814E-16));
#13472=DIRECTION('',(1.,0.,0.));
#13473=DIRECTION('',(0.,-1.,-2.23835287222814E-16));
#13474=DIRECTION('',(0.,-1.,-2.23835287222814E-16));
#13475=DIRECTION('',(0.,-1.,-2.23835287222814E-16));
#13476=DIRECTION('',(0.,0.,-1.));
#13477=DIRECTION('',(-1.,0.,0.));
#13478=DIRECTION('',(0.,0.,-1.));
#13479=DIRECTION('',(0.,0.,-1.));
#13480=DIRECTION('',(-1.,0.,0.));
#13481=DIRECTION('',(0.,-1.,0.));
#13482=DIRECTION('',(0.,0.,-1.));
#13483=DIRECTION('',(0.,-1.,0.));
#13484=DIRECTION('',(0.,0.,-1.));
#13485=DIRECTION('',(0.,0.,-1.));
#13486=DIRECTION('',(1.,0.,0.));
#13487=DIRECTION('',(0.,0.,-1.));
#13488=DIRECTION('',(-1.,0.,0.));
#13489=DIRECTION('',(0.,0.,-1.));
#13490=DIRECTION('',(-1.,0.,0.));
#13491=DIRECTION('',(0.,-1.,0.));
#13492=DIRECTION('',(0.,0.,-1.));
#13493=DIRECTION('',(0.,0.,-1.));
#13494=DIRECTION('',(1.,0.,0.));
#13495=DIRECTION('',(0.,0.,-1.));
#13496=DIRECTION('',(0.,-2.23835287222814E-16,1.));
#13497=DIRECTION('',(0.,-1.,-2.23835287222814E-16));
#13498=DIRECTION('',(0.,-2.23835287222814E-16,1.));
#13499=DIRECTION('',(0.,-1.,-2.23835287222814E-16));
#13500=DIRECTION('',(1.,0.,0.));
#13501=DIRECTION('',(0.,-1.,-2.23835287222814E-16));
#13502=DIRECTION('',(1.,0.,0.));
#13503=DIRECTION('',(0.,-1.,-2.23835287222814E-16));
#13504=DIRECTION('',(0.,1.,0.));
#13505=DIRECTION('',(0.,0.,1.));
#13506=DIRECTION('',(1.,0.,0.));
#13507=DIRECTION('',(0.,0.,1.));
#13508=DIRECTION('',(1.,0.,0.));
#13509=DIRECTION('',(0.,0.,1.));
#13510=DIRECTION('',(0.,0.707106781186546,-0.707106781186549));
#13511=DIRECTION('',(0.,0.707106781186549,0.707106781186546));
#13512=DIRECTION('',(1.,0.,0.));
#13513=DIRECTION('',(0.,0.707106781186549,0.707106781186546));
#13514=DIRECTION('',(1.,0.,0.));
#13515=DIRECTION('',(0.,0.707106781186549,0.707106781186546));
#13516=DIRECTION('',(0.,1.,6.93889390390722E-15));
#13517=DIRECTION('',(0.,-6.93889390390722E-15,1.));
#13518=DIRECTION('',(1.,0.,0.));
#13519=DIRECTION('',(0.,-6.93889390390722E-15,1.));
#13520=DIRECTION('',(0.,-6.93889390390722E-15,1.));
#13521=DIRECTION('',(1.,0.,0.));
#13522=DIRECTION('',(0.,0.,-1.));
#13523=DIRECTION('',(0.,0.,-1.));
#13524=DIRECTION('',(1.,0.,0.));
#13525=DIRECTION('',(0.,0.,-1.));
#13526=DIRECTION('',(0.,0.707106781186544,0.707106781186551));
#13527=DIRECTION('',(0.,0.,-1.));
#13528=DIRECTION('',(0.,1.,0.));
#13529=DIRECTION('',(0.,0.,-1.));
#13530=DIRECTION('',(1.,0.,0.));
#13531=DIRECTION('',(0.,0.,-1.));
#13532=DIRECTION('',(1.,0.,0.));
#13533=DIRECTION('',(0.,0.,-1.));
#13534=DIRECTION('',(0.,0.,-1.));
#13535=DIRECTION('',(0.,0.,-1.));
#13536=DIRECTION('',(0.,1.,0.));
#13537=DIRECTION('',(0.,0.,-1.));
#13538=DIRECTION('',(0.,-0.707106781186551,-0.707106781186544));
#13539=DIRECTION('',(0.,0.,-1.));
#13540=DIRECTION('',(-1.,0.,0.));
#13541=DIRECTION('',(0.,0.,1.));
#13542=DIRECTION('',(1.,0.,0.));
#13543=DIRECTION('',(0.,0.,-1.));
#13544=DIRECTION('',(-1.,0.,0.));
#13545=DIRECTION('',(0.,0.,1.));
#13546=DIRECTION('',(1.,0.,0.));
#13547=DIRECTION('',(0.,-1.,0.));
#13548=DIRECTION('',(0.,0.,-1.));
#13549=DIRECTION('',(0.,0.,-1.));
#13550=DIRECTION('',(0.,0.,-1.));
#13551=DIRECTION('',(1.,0.,0.));
#13552=DIRECTION('',(0.,0.,-1.));
#13553=DIRECTION('',(0.,0.544988350595414,0.838443616300637));
#13554=DIRECTION('',(1.,0.,0.));
#13555=DIRECTION('',(0.,0.,-1.));
#13556=DIRECTION('',(1.,0.,0.));
#13557=DIRECTION('',(0.,0.,-1.));
#13558=DIRECTION('',(1.,0.,0.));
#13559=DIRECTION('',(0.,0.,-1.));
#13560=DIRECTION('',(0.,0.,-1.));
#13561=DIRECTION('',(1.,0.,0.));
#13562=DIRECTION('',(0.,0.,-1.));
#13563=DIRECTION('',(1.,0.,0.));
#13564=DIRECTION('',(0.,0.,-1.));
#13565=DIRECTION('',(1.,0.,0.));
#13566=DIRECTION('',(0.,0.,-1.));
#13567=DIRECTION('',(0.,0.544988350595414,0.838443616300637));
#13568=DIRECTION('',(0.,0.,-1.));
#13569=DIRECTION('',(-1.,0.,0.));
#13570=DIRECTION('',(0.,0.,1.));
#13571=DIRECTION('',(-1.,0.,0.));
#13572=DIRECTION('',(0.,0.,1.));
#13573=DIRECTION('',(-1.,0.,0.));
#13574=DIRECTION('',(0.,0.,1.));
#13575=DIRECTION('',(-1.,0.,0.));
#13576=DIRECTION('',(0.,0.,1.));
#13577=DIRECTION('',(-1.,0.,0.));
#13578=DIRECTION('',(0.,0.,1.));
#13579=DIRECTION('',(-1.,0.,0.));
#13580=DIRECTION('',(0.,0.,1.));
#13581=DIRECTION('',(-1.,0.,0.));
#13582=DIRECTION('',(0.,0.,1.));
#13583=DIRECTION('',(-1.,0.,0.));
#13584=DIRECTION('',(0.,0.,1.));
#13585=DIRECTION('',(-1.,0.,0.));
#13586=DIRECTION('',(0.,0.,1.));
#13587=DIRECTION('',(1.,0.,0.));
#13588=DIRECTION('',(0.,0.,-1.));
#13589=DIRECTION('',(1.,0.,0.));
#13590=DIRECTION('',(0.,0.,-1.));
#13591=DIRECTION('',(1.,0.,0.));
#13592=DIRECTION('',(0.,0.,-1.));
#13593=DIRECTION('',(0.,0.,-1.));
#13594=DIRECTION('',(-1.,0.,0.));
#13595=DIRECTION('',(-3.82856869892695E-16,0.,-1.));
#13596=DIRECTION('',(-1.,0.,3.82856869892695E-16));
#13597=DIRECTION('',(0.,1.,0.));
#13598=DIRECTION('',(0.,0.,-1.));
#13599=DIRECTION('',(0.,-1.,-2.23835287222814E-16));
#13600=DIRECTION('',(0.,2.23835287222814E-16,-1.));
#13601=DIRECTION('',(0.,-1.,-2.23835287222814E-16));
#13602=DIRECTION('',(0.,2.23835287222814E-16,-1.));
#13603=DIRECTION('',(0.,1.,0.));
#13604=DIRECTION('',(0.,0.,1.));
#13605=DIRECTION('',(0.,1.,0.));
#13606=DIRECTION('',(0.,0.,-1.));
#13607=DIRECTION('',(0.,0.,1.));
#13608=DIRECTION('',(1.,0.,0.));
#13609=DIRECTION('',(0.,0.,1.));
#13610=DIRECTION('',(1.,0.,0.));
#13611=DIRECTION('',(-3.82856869892695E-16,0.,-1.));
#13612=DIRECTION('',(-1.,0.,3.82856869892695E-16));
#13613=DIRECTION('',(0.,1.,0.));
#13614=DIRECTION('',(0.,0.,-1.));
#13615=DIRECTION('',(0.,0.707106781186549,0.707106781186546));
#13616=DIRECTION('',(0.,-0.707106781186546,0.707106781186549));
#13617=DIRECTION('',(0.,0.707106781186549,0.707106781186546));
#13618=DIRECTION('',(0.,-0.707106781186546,0.707106781186549));
#13619=DIRECTION('',(0.,0.70710678118655,0.707106781186545));
#13620=DIRECTION('',(0.,-0.707106781186545,0.70710678118655));
#13621=DIRECTION('',(1.,0.,0.));
#13622=DIRECTION('',(0.,0.,-1.));
#13623=DIRECTION('',(0.,-6.93889390390722E-15,1.));
#13624=DIRECTION('',(0.,-1.,-6.93889390390722E-15));
#13625=DIRECTION('',(0.,-6.93889390390722E-15,1.));
#13626=DIRECTION('',(0.,-1.,-6.93889390390722E-15));
#13627=DIRECTION('',(0.,0.,1.));
#13628=DIRECTION('',(1.,0.,0.));
#13629=DIRECTION('',(-1.83697019872103E-16,0.,1.));
#13630=DIRECTION('',(1.,0.,1.83697019872103E-16));
#13631=DIRECTION('',(0.,1.,0.));
#13632=DIRECTION('',(0.,0.,-1.));
#13633=DIRECTION('',(0.,1.,2.23835287222814E-16));
#13634=DIRECTION('',(0.,-2.23835287222814E-16,1.));
#13635=DIRECTION('',(0.,1.,2.23835287222814E-16));
#13636=DIRECTION('',(0.,-2.23835287222814E-16,1.));
#13637=DIRECTION('',(0.,1.,0.));
#13638=DIRECTION('',(0.,0.,1.));
#13639=DIRECTION('',(0.,1.,0.));
#13640=DIRECTION('',(0.,0.,-1.));
#13641=DIRECTION('',(0.,0.,-1.));
#13642=DIRECTION('',(-1.,0.,0.));
#13643=DIRECTION('',(0.,0.,-1.));
#13644=DIRECTION('',(-1.,0.,0.));
#13645=DIRECTION('',(-1.83697019872103E-16,0.,1.));
#13646=DIRECTION('',(1.,0.,1.83697019872103E-16));
#13647=DIRECTION('',(0.,1.,0.));
#13648=DIRECTION('',(0.,0.,-1.));
#13649=DIRECTION('',(0.,-0.707106781186549,-0.707106781186546));
#13650=DIRECTION('',(0.,0.707106781186546,-0.707106781186549));
#13651=DIRECTION('',(0.,-0.707106781186549,-0.707106781186546));
#13652=DIRECTION('',(0.,0.707106781186546,-0.707106781186549));
#13653=DIRECTION('',(0.,0.70710678118655,0.707106781186545));
#13654=DIRECTION('',(0.,-0.707106781186545,0.70710678118655));
#13655=DIRECTION('',(1.,0.,0.));
#13656=DIRECTION('',(0.,0.,-1.));
#13657=DIRECTION('',(0.,6.93889390390722E-15,-1.));
#13658=DIRECTION('',(0.,1.,6.93889390390722E-15));
#13659=DIRECTION('',(0.,6.93889390390722E-15,-1.));
#13660=DIRECTION('',(0.,1.,6.93889390390722E-15));
#13661=DIRECTION('',(0.,0.,1.));
#13662=DIRECTION('',(1.,0.,0.));
#13663=DIRECTION('',(0.,0.,-1.));
#13664=DIRECTION('',(-1.,0.,0.));
#13665=DIRECTION('',(0.,-0.999847695156391,0.0174524064372835));
#13666=DIRECTION('',(0.,0.0174524064372835,0.999847695156391));
#13667=DIRECTION('',(0.,-0.999847695156391,0.0174524064372835));
#13668=DIRECTION('',(0.,-0.0174524064372835,-0.999847695156391));
#13669=DIRECTION('',(-1.,0.,0.));
#13670=DIRECTION('',(3.2059550521257E-18,0.0174524064372835,0.999847695156391));
#13671=DIRECTION('',(-1.,0.,0.));
#13672=DIRECTION('',(0.,0.,1.));
#13673=DIRECTION('',(-1.,0.,0.));
#13674=DIRECTION('',(0.,0.,1.));
#13675=DIRECTION('',(1.,0.,0.));
#13676=DIRECTION('',(0.,0.,1.));
#13677=DIRECTION('',(1.,0.,0.));
#13678=DIRECTION('',(0.,0.,1.));
#13679=DIRECTION('',(-1.,0.,0.));
#13680=DIRECTION('',(0.,0.,1.));
#13681=DIRECTION('',(1.,0.,0.));
#13682=DIRECTION('',(0.,0.,1.));
#13683=DIRECTION('',(1.,0.,0.));
#13684=DIRECTION('',(1.,0.,0.));
#13685=DIRECTION('',(0.,0.,-1.));
#13686=DIRECTION('',(1.,0.,0.));
#13687=DIRECTION('',(0.,0.,-1.));
#13688=DIRECTION('',(0.,0.,1.));
#13689=DIRECTION('',(1.,0.,0.));
#13690=DIRECTION('',(0.,-0.707106781186553,-0.707106781186543));
#13691=DIRECTION('',(0.,-0.707106781186543,0.707106781186553));
#13692=DIRECTION('',(-1.,0.,0.));
#13693=DIRECTION('',(-2.70720688924984E-16,0.707106781186557,0.707106781186538));
#13694=DIRECTION('',(0.,0.,1.));
#13695=DIRECTION('',(1.,0.,0.));
#13696=DIRECTION('',(-1.,1.07579750448174E-16,0.));
#13697=DIRECTION('',(-1.07579750448174E-16,-1.,0.));
#13698=DIRECTION('',(0.,-1.,0.));
#13699=DIRECTION('',(1.,-5.13992141030165E-17,0.));
#13700=DIRECTION('',(5.13992141030165E-17,1.,0.));
#13701=DIRECTION('',(-2.17001339762943E-15,1.,0.));
#13702=DIRECTION('',(0.,-1.,0.));
#13703=DIRECTION('',(0.,0.,-1.));
#13704=DIRECTION('',(1.,0.,0.));
#13705=DIRECTION('',(0.,1.,0.));
#13706=DIRECTION('',(0.,0.,1.));
#13707=DIRECTION('',(1.,0.,0.));
#13708=DIRECTION('',(-1.,-5.13992141030165E-17,0.));
#13709=DIRECTION('',(5.13992141030165E-17,-1.,0.));
#13710=DIRECTION('',(0.,-1.,0.));
#13711=DIRECTION('',(1.,1.07579750448174E-16,0.));
#13712=DIRECTION('',(-1.07579750448174E-16,1.,0.));
#13713=DIRECTION('',(0.,1.,0.));
#13714=DIRECTION('',(1.,1.07579750448174E-16,0.));
#13715=DIRECTION('',(-1.07579750448174E-16,1.,0.));
#13716=DIRECTION('',(0.,-1.,0.));
#13717=DIRECTION('',(-1.,-5.13992141030165E-17,0.));
#13718=DIRECTION('',(5.13992141030165E-17,-1.,0.));
#13719=DIRECTION('',(0.,1.,0.));
#13720=DIRECTION('',(1.,-5.13992141030165E-17,0.));
#13721=DIRECTION('',(5.13992141030165E-17,1.,0.));
#13722=DIRECTION('',(0.,-1.,0.));
#13723=DIRECTION('',(-1.,1.07579750448174E-16,0.));
#13724=DIRECTION('',(-1.07579750448174E-16,-1.,0.));
#13725=DIRECTION('',(0.,1.,0.));
#13726=DIRECTION('',(0.,0.,-1.));
#13727=DIRECTION('',(-1.,0.,0.));
#13728=DIRECTION('',(0.,0.,-1.));
#13729=DIRECTION('',(0.,-1.,0.));
#13730=DIRECTION('',(0.,0.,-1.));
#13731=DIRECTION('',(0.,0.,1.));
#13732=DIRECTION('',(-1.,0.,0.));
#13733=DIRECTION('',(0.,0.,-1.));
#13734=DIRECTION('',(-1.,0.,0.));
#13735=DIRECTION('',(0.,-1.,0.));
#13736=DIRECTION('',(0.,0.,-1.));
#13737=DIRECTION('',(0.,0.,-1.));
#13738=DIRECTION('',(0.,0.,-1.));
#13739=DIRECTION('',(-1.,0.,0.));
#13740=DIRECTION('',(0.,0.,-1.));
#13741=DIRECTION('',(-1.,0.,0.));
#13742=DIRECTION('',(0.,0.,-1.));
#13743=DIRECTION('',(0.,-1.,0.));
#13744=DIRECTION('',(0.,0.,-1.));
#13745=DIRECTION('',(0.,-1.,0.));
#13746=DIRECTION('',(0.,0.,-1.));
#13747=DIRECTION('',(0.,0.,-1.));
#13748=DIRECTION('',(-1.,0.,0.));
#13749=DIRECTION('',(0.,0.,1.));
#13750=DIRECTION('',(0.,0.,-1.));
#13751=DIRECTION('',(0.,0.,-1.));
#13752=DIRECTION('',(-1.,0.,0.));
#13753=DIRECTION('',(8.9253798625012E-18,0.17364817766693,-0.984807753012208));
#13754=DIRECTION('',(-5.06183445473851E-17,-0.984807753012208,-0.17364817766693));
#13755=DIRECTION('',(8.9253798625012E-18,0.17364817766693,-0.984807753012208));
#13756=DIRECTION('',(5.06183445473851E-17,0.984807753012208,0.17364817766693));
#13757=DIRECTION('',(8.9253798625012E-18,0.17364817766693,-0.984807753012208));
#13758=DIRECTION('',(0.,0.984807753012208,0.17364817766693));
#13759=DIRECTION('',(8.9253798625012E-18,0.17364817766693,-0.984807753012208));
#13760=DIRECTION('',(-5.06183445473851E-17,-0.984807753012208,-0.17364817766693));
#13761=DIRECTION('',(8.9253798625012E-18,0.17364817766693,-0.984807753012208));
#13762=DIRECTION('',(5.06183445473851E-17,0.984807753012208,0.17364817766693));
#13763=DIRECTION('',(8.9253798625012E-18,0.17364817766693,-0.984807753012208));
#13764=DIRECTION('',(0.,0.984807753012208,0.17364817766693));
#13765=DIRECTION('',(8.9253798625012E-18,0.17364817766693,-0.984807753012208));
#13766=DIRECTION('',(0.,0.984807753012208,0.17364817766693));
#13767=DIRECTION('',(8.9253798625012E-18,0.17364817766693,-0.984807753012208));
#13768=DIRECTION('',(5.06183445473851E-17,0.984807753012208,0.17364817766693));
#13769=DIRECTION('',(8.9253798625012E-18,0.17364817766693,-0.984807753012208));
#13770=DIRECTION('',(0.,0.984807753012208,0.17364817766693));
#13771=DIRECTION('',(0.,0.,1.));
#13772=DIRECTION('',(1.,0.,0.));
#13773=DIRECTION('',(0.,0.,1.));
#13774=DIRECTION('',(1.,0.,0.));
#13775=DIRECTION('',(0.,0.,1.));
#13776=DIRECTION('',(1.,0.,0.));
#13777=DIRECTION('',(0.,0.,1.));
#13778=DIRECTION('',(1.,0.,0.));
#13779=DIRECTION('',(0.,0.,1.));
#13780=DIRECTION('',(0.,0.,1.));
#13781=DIRECTION('',(1.,0.,0.));
#13782=DIRECTION('',(0.,0.,1.));
#13783=DIRECTION('',(0.,0.,1.));
#13784=DIRECTION('',(1.,0.,0.));
#13785=DIRECTION('',(1.,0.,0.));
#13786=DIRECTION('',(0.,0.,1.));
#13787=DIRECTION('',(1.,0.,0.));
#13788=DIRECTION('',(1.,0.,0.));
#13789=DIRECTION('',(0.,0.,1.));
#13790=DIRECTION('',(1.,0.,0.));
#13791=DIRECTION('',(0.,0.,1.));
#13792=DIRECTION('',(1.,0.,0.));
#13793=DIRECTION('',(0.,0.,1.));
#13794=DIRECTION('',(0.,0.,1.));
#13795=DIRECTION('',(0.,0.,1.));
#13796=DIRECTION('',(1.,0.,0.));
#13797=DIRECTION('',(0.,0.,1.));
#13798=DIRECTION('',(1.,0.,0.));
#13799=DIRECTION('',(0.,0.,1.));
#13800=DIRECTION('',(1.,0.,0.));
#13801=DIRECTION('',(0.,0.,1.));
#13802=DIRECTION('',(1.,0.,0.));
#13803=DIRECTION('',(0.,0.,1.));
#13804=DIRECTION('',(1.,0.,0.));
#13805=DIRECTION('',(0.,0.,1.));
#13806=DIRECTION('',(1.,0.,0.));
#13807=DIRECTION('',(0.,0.,1.));
#13808=DIRECTION('',(1.,0.,0.));
#13809=DIRECTION('',(0.,0.,1.));
#13810=DIRECTION('',(1.,0.,0.));
#13811=DIRECTION('',(0.,0.,1.));
#13812=DIRECTION('',(1.,0.,0.));
#13813=DIRECTION('',(0.,0.,1.));
#13814=DIRECTION('',(1.,0.,0.));
#13815=DIRECTION('',(0.,0.,1.));
#13816=DIRECTION('',(1.,0.,0.));
#13817=DIRECTION('',(0.,0.,1.));
#13818=DIRECTION('',(1.,0.,0.));
#13819=DIRECTION('',(0.,0.,1.));
#13820=DIRECTION('',(0.,0.,1.));
#13821=DIRECTION('',(1.,0.,0.));
#13822=DIRECTION('',(0.,0.,1.));
#13823=DIRECTION('',(0.,0.,1.));
#13824=DIRECTION('',(1.,0.,0.));
#13825=DIRECTION('',(0.,0.,1.));
#13826=DIRECTION('',(1.,0.,0.));
#13827=DIRECTION('',(1.,0.,0.));
#13828=DIRECTION('',(0.,0.,1.));
#13829=DIRECTION('',(1.,0.,0.));
#13830=DIRECTION('',(0.,0.,1.));
#13831=DIRECTION('',(1.,0.,0.));
#13832=DIRECTION('',(-1.,0.,0.));
#13833=DIRECTION('',(0.,-1.,0.));
#13834=DIRECTION('',(0.,0.,-1.));
#13835=DIRECTION('',(-1.,0.,0.));
#13836=DIRECTION('',(0.,0.,1.));
#13837=DIRECTION('',(1.,0.,0.));
#13838=DIRECTION('',(0.,0.,1.));
#13839=DIRECTION('',(1.,0.,0.));
#13840=DIRECTION('',(0.,0.,1.));
#13841=DIRECTION('',(1.,0.,0.));
#13842=DIRECTION('',(0.,0.,1.));
#13843=DIRECTION('',(1.,0.,0.));
#13844=DIRECTION('',(0.,-1.,0.));
#13845=DIRECTION('',(0.,1.,0.));
#13846=DIRECTION('',(0.,0.,1.));
#13847=DIRECTION('',(1.,0.,0.));
#13848=DIRECTION('',(0.,-1.,0.));
#13849=DIRECTION('',(0.,1.,0.));
#13850=DIRECTION('',(-1.,0.,0.));
#13851=DIRECTION('',(0.,0.,1.));
#13852=DIRECTION('',(1.,0.,0.));
#13853=DIRECTION('',(0.,0.,-1.));
#13854=DIRECTION('',(0.,-1.,0.));
#13855=DIRECTION('',(0.,0.,-1.));
#13856=DIRECTION('',(-1.,0.,0.));
#13857=DIRECTION('',(0.,0.,1.));
#13858=DIRECTION('',(1.,0.,0.));
#13859=DIRECTION('',(0.,0.,1.));
#13860=DIRECTION('',(1.,0.,0.));
#13861=DIRECTION('',(1.,0.,0.));
#13862=DIRECTION('',(0.,1.,0.));
#13863=DIRECTION('',(0.,0.,1.));
#13864=DIRECTION('',(1.,0.,0.));
#13865=DIRECTION('',(0.,0.,1.));
#13866=DIRECTION('',(1.,0.,0.));
#13867=DIRECTION('',(0.,0.,1.));
#13868=DIRECTION('',(1.,0.,0.));
#13869=DIRECTION('',(0.,0.,1.));
#13870=DIRECTION('',(1.,0.,0.));
#13871=DIRECTION('',(0.,0.,1.));
#13872=DIRECTION('',(1.,0.,0.));
#13873=DIRECTION('',(1.,0.,0.));
#13874=DIRECTION('',(0.,0.,-1.));
#13875=DIRECTION('',(0.,0.544988350595414,0.838443616300637));
#13876=DIRECTION('',(1.,0.,0.));
#13877=DIRECTION('',(0.,0.,-1.));
#13878=DIRECTION('',(1.,0.,0.));
#13879=DIRECTION('',(0.,0.,-1.));
#13880=DIRECTION('',(-1.,0.,0.));
#13881=DIRECTION('',(0.,0.,1.));
#13882=DIRECTION('',(-1.,0.,0.));
#13883=DIRECTION('',(0.,0.,1.));
#13884=DIRECTION('',(-1.,0.,0.));
#13885=DIRECTION('',(0.,0.,1.));
#13886=DIRECTION('',(0.,-0.544988350595414,-0.838443616300637));
#13887=DIRECTION('',(-1.,0.,0.));
#13888=DIRECTION('',(0.,0.,1.));
#13889=DIRECTION('',(0.,-0.544988350595414,-0.838443616300637));
#13890=DIRECTION('',(-1.,0.,0.));
#13891=DIRECTION('',(0.,0.,1.));
#13892=DIRECTION('',(-1.,0.,0.));
#13893=DIRECTION('',(0.,0.,1.));
#13894=DIRECTION('',(1.,0.,0.));
#13895=DIRECTION('',(0.,0.,-1.));
#13896=DIRECTION('',(1.,0.,0.));
#13897=DIRECTION('',(0.,0.,-1.));
#13898=DIRECTION('',(1.,0.,0.));
#13899=DIRECTION('',(0.,0.,-1.));
#13900=DIRECTION('',(0.,0.544988350595414,0.838443616300637));
#13901=DIRECTION('',(-1.,0.,0.));
#13902=DIRECTION('',(0.,0.,1.));
#13903=DIRECTION('',(0.,-0.544988350595414,-0.838443616300637));
#13904=DIRECTION('',(-1.,0.,0.));
#13905=DIRECTION('',(0.,0.,1.));
#13906=DIRECTION('',(-1.,0.,0.));
#13907=DIRECTION('',(0.,0.,1.));
#13908=DIRECTION('',(-1.,0.,0.));
#13909=DIRECTION('',(0.,0.,1.));
#13910=DIRECTION('',(-1.,0.,0.));
#13911=DIRECTION('',(0.,0.,1.));
#13912=DIRECTION('',(-1.,0.,0.));
#13913=DIRECTION('',(0.,0.,1.));
#13914=DIRECTION('',(0.,-0.544988350595414,-0.838443616300637));
#13915=DIRECTION('',(0.,0.838443616300637,-0.544988350595414));
#13916=DIRECTION('',(-1.,0.,0.));
#13917=DIRECTION('',(1.,0.,0.));
#13918=DIRECTION('',(0.,-0.838443616300637,0.544988350595414));
#13919=DIRECTION('',(-1.,0.,0.));
#13920=DIRECTION('',(-1.,0.,0.));
#13921=DIRECTION('',(0.,0.838443616300637,-0.544988350595414));
#13922=DIRECTION('',(-1.,0.,0.));
#13923=DIRECTION('',(1.,0.,0.));
#13924=DIRECTION('',(0.,-0.838443616300637,0.544988350595414));
#13925=DIRECTION('',(-1.,0.,0.));
#13926=DIRECTION('',(-1.,0.,0.));
#13927=DIRECTION('',(1.,0.,0.));
#13928=DIRECTION('',(0.,0.,-1.));
#13929=DIRECTION('',(1.,0.,0.));
#13930=DIRECTION('',(1.,0.,0.));
#13931=DIRECTION('',(0.,0.,-1.));
#13932=DIRECTION('',(1.,0.,0.));
#13933=DIRECTION('',(1.,0.,0.));
#13934=DIRECTION('',(0.,0.,-1.));
#13935=DIRECTION('',(1.,0.,0.));
#13936=DIRECTION('',(1.,0.,0.));
#13937=DIRECTION('',(0.,0.,-1.));
#13938=DIRECTION('',(1.,0.,0.));
#13939=DIRECTION('',(1.,0.,0.));
#13940=DIRECTION('',(0.,0.,-1.));
#13941=DIRECTION('',(1.,0.,0.));
#13942=DIRECTION('',(0.,0.,-1.));
#13943=DIRECTION('',(1.,0.,0.));
#13944=DIRECTION('',(0.,0.,-1.));
#13945=DIRECTION('',(1.,0.,0.));
#13946=DIRECTION('',(0.,0.,-1.));
#13947=DIRECTION('',(0.,-1.,0.));
#13948=DIRECTION('',(0.,0.,-1.));
#13949=DIRECTION('',(0.,0.,-1.));
#13950=DIRECTION('',(-1.,0.,0.));
#13951=DIRECTION('',(0.,0.,1.));
#13952=DIRECTION('',(1.,0.,0.));
#13953=DIRECTION('',(0.,0.,1.));
#13954=DIRECTION('',(1.,0.,0.));
#13955=DIRECTION('',(0.,0.,1.));
#13956=DIRECTION('',(1.,0.,0.));
#13957=DIRECTION('',(0.,0.,-1.));
#13958=DIRECTION('',(-1.,0.,0.));
#13959=DIRECTION('',(0.,0.,1.));
#13960=DIRECTION('',(1.,0.,0.));
#13961=DIRECTION('',(0.,0.,1.));
#13962=DIRECTION('',(1.,0.,0.));
#13963=DIRECTION('',(0.,0.,1.));
#13964=DIRECTION('',(1.,0.,0.));
#13965=DIRECTION('',(0.,0.,1.));
#13966=DIRECTION('',(1.,0.,0.));
#13967=DIRECTION('',(0.,0.,1.));
#13968=DIRECTION('',(1.,0.,0.));
#13969=DIRECTION('',(0.,0.,-1.));
#13970=DIRECTION('',(-1.,0.,0.));
#13971=DIRECTION('',(0.,0.,1.));
#13972=DIRECTION('',(1.,0.,0.));
#13973=DIRECTION('',(0.,0.,1.));
#13974=DIRECTION('',(1.,0.,0.));
#13975=DIRECTION('',(0.,0.,1.));
#13976=DIRECTION('',(1.,0.,0.));
#13977=DIRECTION('',(0.,0.,1.));
#13978=DIRECTION('',(1.,0.,0.));
#13979=DIRECTION('',(0.,0.,1.));
#13980=DIRECTION('',(1.,0.,0.));
#13981=DIRECTION('',(0.,0.,-1.));
#13982=DIRECTION('',(-1.,0.,0.));
#13983=DIRECTION('',(0.,0.,1.));
#13984=DIRECTION('',(1.,0.,0.));
#13985=DIRECTION('',(0.,0.,1.));
#13986=DIRECTION('',(1.,0.,0.));
#13987=DIRECTION('',(0.,0.,1.));
#13988=DIRECTION('',(1.,0.,0.));
#13989=DIRECTION('',(0.,-1.,0.));
#13990=DIRECTION('',(0.,0.,-1.));
#13991=DIRECTION('',(-1.,0.,0.));
#13992=DIRECTION('',(0.,-1.,0.));
#13993=DIRECTION('',(0.,0.,-1.));
#13994=DIRECTION('',(-1.,0.,0.));
#13995=DIRECTION('',(0.,0.,1.));
#13996=DIRECTION('',(1.,0.,0.));
#13997=DIRECTION('',(0.,-1.,0.));
#13998=DIRECTION('',(0.,0.,-1.));
#13999=DIRECTION('',(-1.,0.,0.));
#14000=DIRECTION('',(0.,-1.,0.));
#14001=DIRECTION('',(0.,0.,-1.));
#14002=DIRECTION('',(-1.,0.,0.));
#14003=DIRECTION('',(0.,0.,1.));
#14004=DIRECTION('',(1.,0.,0.));
#14005=DIRECTION('',(0.,0.,-1.));
#14006=DIRECTION('',(-1.,0.,0.));
#14007=DIRECTION('',(0.,0.,1.));
#14008=DIRECTION('',(1.,0.,0.));
#14009=DIRECTION('',(0.,0.,1.));
#14010=DIRECTION('',(1.,0.,0.));
#14011=DIRECTION('',(0.,0.,1.));
#14012=DIRECTION('',(1.,0.,0.));
#14013=DIRECTION('',(0.,0.,1.));
#14014=DIRECTION('',(1.,0.,0.));
#14015=DIRECTION('',(0.,0.,1.));
#14016=DIRECTION('',(1.,0.,0.));
#14017=DIRECTION('',(0.,0.,-1.));
#14018=DIRECTION('',(-1.,0.,0.));
#14019=DIRECTION('',(0.,0.,1.));
#14020=DIRECTION('',(1.,0.,0.));
#14021=DIRECTION('',(0.,0.,1.));
#14022=DIRECTION('',(1.,0.,0.));
#14023=DIRECTION('',(0.,0.,1.));
#14024=DIRECTION('',(1.,0.,0.));
#14025=DIRECTION('',(0.,0.,1.));
#14026=DIRECTION('',(1.,0.,0.));
#14027=DIRECTION('',(0.,0.,1.));
#14028=DIRECTION('',(1.,0.,0.));
#14029=DIRECTION('',(0.,0.,-1.));
#14030=DIRECTION('',(-1.,0.,0.));
#14031=DIRECTION('',(0.,0.,1.));
#14032=DIRECTION('',(1.,0.,0.));
#14033=DIRECTION('',(0.,0.,1.));
#14034=DIRECTION('',(1.,0.,0.));
#14035=DIRECTION('',(0.,0.,1.));
#14036=DIRECTION('',(1.,0.,0.));
#14037=DIRECTION('',(0.,0.,1.));
#14038=DIRECTION('',(1.,0.,0.));
#14039=DIRECTION('',(0.,0.,1.));
#14040=DIRECTION('',(1.,0.,0.));
#14041=DIRECTION('',(0.,0.,-1.));
#14042=DIRECTION('',(-1.,0.,0.));
#14043=DIRECTION('',(0.,0.,1.));
#14044=DIRECTION('',(1.,0.,0.));
#14045=DIRECTION('',(0.,0.,1.));
#14046=DIRECTION('',(1.,0.,0.));
#14047=DIRECTION('',(0.,0.,1.));
#14048=DIRECTION('',(1.,0.,0.));
#14049=DIRECTION('',(0.,0.,1.));
#14050=DIRECTION('',(1.,0.,0.));
#14051=DIRECTION('',(0.,0.,1.));
#14052=DIRECTION('',(1.,0.,0.));
#14053=DIRECTION('',(0.,-1.,0.));
#14054=DIRECTION('',(0.,0.,-1.));
#14055=DIRECTION('',(-1.,0.,0.));
#14056=DIRECTION('',(0.,-1.,0.));
#14057=DIRECTION('',(0.,0.,-1.));
#14058=DIRECTION('',(-1.,0.,0.));
#14059=DIRECTION('',(0.,0.,1.));
#14060=DIRECTION('',(1.,0.,0.));
#14061=DIRECTION('',(-1.,0.,0.));
#14062=DIRECTION('',(0.,0.,1.));
#14063=DIRECTION('',(0.,1.,0.));
#14064=DIRECTION('',(-1.,0.,0.));
#14065=DIRECTION('',(0.,0.,1.));
#14066=DIRECTION('',(0.,1.,0.));
#14067=DIRECTION('',(0.,0.,1.));
#14068=DIRECTION('',(1.,0.,0.));
#14069=DIRECTION('',(-1.,0.,0.));
#14070=DIRECTION('',(0.,0.,1.));
#14071=DIRECTION('',(0.,1.,0.));
#14072=DIRECTION('',(-1.,0.,0.));
#14073=DIRECTION('',(0.,0.,1.));
#14074=DIRECTION('',(0.,1.,0.));
#14075=DIRECTION('',(0.,0.,1.));
#14076=DIRECTION('',(1.,0.,0.));
#14077=DIRECTION('',(0.,-1.,0.));
#14078=DIRECTION('',(0.,0.,-1.));
#14079=DIRECTION('',(-1.,0.,0.));
#14080=DIRECTION('',(0.,-1.,0.));
#14081=DIRECTION('',(0.,0.,-1.));
#14082=DIRECTION('',(-1.,0.,0.));
#14083=DIRECTION('',(0.,0.,1.));
#14084=DIRECTION('',(1.,0.,0.));
#14085=DIRECTION('',(0.,0.,1.));
#14086=DIRECTION('',(1.,0.,0.));
#14087=DIRECTION('',(0.,0.,1.));
#14088=DIRECTION('',(1.,0.,0.));
#14089=DIRECTION('',(0.,0.,1.));
#14090=DIRECTION('',(1.,0.,0.));
#14091=DIRECTION('',(0.,0.,1.));
#14092=DIRECTION('',(1.,0.,0.));
#14093=DIRECTION('',(0.,0.,1.));
#14094=DIRECTION('',(1.,0.,0.));
#14095=DIRECTION('',(0.,0.,1.));
#14096=DIRECTION('',(1.,0.,0.));
#14097=DIRECTION('',(0.,0.,1.));
#14098=DIRECTION('',(1.,0.,0.));
#14099=DIRECTION('',(0.,0.,1.));
#14100=DIRECTION('',(1.,0.,0.));
#14101=DIRECTION('',(0.,0.,1.));
#14102=DIRECTION('',(1.,0.,0.));
#14103=DIRECTION('',(0.,0.,1.));
#14104=DIRECTION('',(1.,0.,0.));
#14105=DIRECTION('',(0.,0.,1.));
#14106=DIRECTION('',(1.,0.,0.));
#14107=DIRECTION('',(0.,0.,1.));
#14108=DIRECTION('',(1.,0.,0.));
#14109=DIRECTION('',(0.,0.,1.));
#14110=DIRECTION('',(1.,0.,0.));
#14111=DIRECTION('',(0.,0.,1.));
#14112=DIRECTION('',(1.,0.,0.));
#14113=DIRECTION('',(0.,0.,1.));
#14114=DIRECTION('',(1.,0.,0.));
#14115=DIRECTION('',(0.,0.,1.));
#14116=DIRECTION('',(1.,0.,0.));
#14117=DIRECTION('',(0.,0.,1.));
#14118=DIRECTION('',(1.,0.,0.));
#14119=DIRECTION('',(0.,0.,1.));
#14120=DIRECTION('',(1.,0.,0.));
#14121=DIRECTION('',(0.,0.,1.));
#14122=DIRECTION('',(1.,0.,0.));
#14123=DIRECTION('',(0.,0.,1.));
#14124=DIRECTION('',(1.,0.,0.));
#14125=DIRECTION('',(0.,0.,1.));
#14126=DIRECTION('',(1.,0.,0.));
#14127=DIRECTION('',(0.,0.,1.));
#14128=DIRECTION('',(1.,0.,0.));
#14129=DIRECTION('',(0.,0.,1.));
#14130=DIRECTION('',(1.,0.,0.));
#14131=DIRECTION('',(0.,0.,1.));
#14132=DIRECTION('',(1.,0.,0.));
#14133=DIRECTION('',(0.,0.,1.));
#14134=DIRECTION('',(1.,0.,0.));
#14135=DIRECTION('',(0.,0.,1.));
#14136=DIRECTION('',(1.,0.,0.));
#14137=DIRECTION('',(0.,0.,1.));
#14138=DIRECTION('',(1.,0.,0.));
#14139=DIRECTION('',(0.,0.,1.));
#14140=DIRECTION('',(1.,0.,0.));
#14141=DIRECTION('',(0.,0.,1.));
#14142=DIRECTION('',(1.,0.,0.));
#14143=DIRECTION('',(0.,0.,1.));
#14144=DIRECTION('',(1.,0.,0.));
#14145=DIRECTION('',(0.,0.,1.));
#14146=DIRECTION('',(1.,0.,0.));
#14147=DIRECTION('',(0.,0.,1.));
#14148=DIRECTION('',(1.,0.,0.));
#14149=DIRECTION('',(0.,0.,1.));
#14150=DIRECTION('',(1.,0.,0.));
#14151=DIRECTION('',(0.,0.,1.));
#14152=DIRECTION('',(1.,0.,0.));
#14153=DIRECTION('',(0.,0.,1.));
#14154=DIRECTION('',(1.,0.,0.));
#14155=DIRECTION('',(0.,0.,1.));
#14156=DIRECTION('',(1.,0.,0.));
#14157=DIRECTION('',(0.,0.,1.));
#14158=DIRECTION('',(1.,0.,0.));
#14159=DIRECTION('',(0.,0.,1.));
#14160=DIRECTION('',(1.,0.,0.));
#14161=DIRECTION('',(0.,0.,1.));
#14162=DIRECTION('',(1.,0.,0.));
#14163=DIRECTION('',(0.,0.,1.));
#14164=DIRECTION('',(1.,0.,0.));
#14165=DIRECTION('',(0.,0.,1.));
#14166=DIRECTION('',(1.,0.,0.));
#14167=DIRECTION('',(0.,0.,1.));
#14168=DIRECTION('',(1.,0.,0.));
#14169=DIRECTION('',(0.,0.,1.));
#14170=DIRECTION('',(1.,0.,0.));
#14171=DIRECTION('',(0.,0.,1.));
#14172=DIRECTION('',(1.,0.,0.));
#14173=DIRECTION('',(0.,0.,1.));
#14174=DIRECTION('',(1.,0.,0.));
#14175=DIRECTION('',(0.,0.,1.));
#14176=DIRECTION('',(1.,0.,0.));
#14177=DIRECTION('',(0.,0.,1.));
#14178=DIRECTION('',(1.,0.,0.));
#14179=DIRECTION('',(0.,0.,1.));
#14180=DIRECTION('',(1.,0.,0.));
#14181=DIRECTION('',(0.,0.,1.));
#14182=DIRECTION('',(1.,0.,0.));
#14183=DIRECTION('',(0.,0.,1.));
#14184=DIRECTION('',(1.,0.,0.));
#14185=DIRECTION('',(0.,0.,1.));
#14186=DIRECTION('',(1.,0.,0.));
#14187=DIRECTION('',(0.,0.,1.));
#14188=DIRECTION('',(1.,0.,0.));
#14189=DIRECTION('',(0.,0.,1.));
#14190=DIRECTION('',(1.,0.,0.));
#14191=DIRECTION('',(0.,0.,1.));
#14192=DIRECTION('',(1.,0.,0.));
#14193=DIRECTION('',(0.,0.,1.));
#14194=DIRECTION('',(1.,0.,0.));
#14195=DIRECTION('',(0.,0.,1.));
#14196=DIRECTION('',(1.,0.,0.));
#14197=DIRECTION('',(0.,0.,1.));
#14198=DIRECTION('',(1.,0.,0.));
#14199=DIRECTION('',(0.,0.,1.));
#14200=DIRECTION('',(1.,0.,0.));
#14201=DIRECTION('',(0.,0.,1.));
#14202=DIRECTION('',(1.,0.,0.));
#14203=DIRECTION('',(0.,0.,1.));
#14204=DIRECTION('',(1.,0.,0.));
#14205=DIRECTION('',(0.,0.,1.));
#14206=DIRECTION('',(1.,0.,0.));
#14207=DIRECTION('',(0.,0.,1.));
#14208=DIRECTION('',(1.,0.,0.));
#14209=DIRECTION('',(0.,0.,1.));
#14210=DIRECTION('',(1.,0.,0.));
#14211=DIRECTION('',(0.,0.,1.));
#14212=DIRECTION('',(1.,0.,0.));
#14213=DIRECTION('',(0.,0.,1.));
#14214=DIRECTION('',(1.,0.,0.));
#14215=DIRECTION('',(0.,0.,1.));
#14216=DIRECTION('',(1.,0.,0.));
#14217=DIRECTION('',(0.,0.,1.));
#14218=DIRECTION('',(1.,0.,0.));
#14219=DIRECTION('',(0.,0.,1.));
#14220=DIRECTION('',(1.,0.,0.));
#14221=DIRECTION('',(0.,0.,1.));
#14222=DIRECTION('',(1.,0.,0.));
#14223=DIRECTION('',(0.,0.,1.));
#14224=DIRECTION('',(1.,0.,0.));
#14225=DIRECTION('',(0.,0.,1.));
#14226=DIRECTION('',(1.,0.,0.));
#14227=DIRECTION('',(0.,0.,1.));
#14228=DIRECTION('',(1.,0.,0.));
#14229=DIRECTION('',(0.,0.,1.));
#14230=DIRECTION('',(1.,0.,0.));
#14231=DIRECTION('',(0.,0.,1.));
#14232=DIRECTION('',(1.,0.,0.));
#14233=DIRECTION('',(0.,0.,1.));
#14234=DIRECTION('',(1.,0.,0.));
#14235=DIRECTION('',(0.,0.,1.));
#14236=DIRECTION('',(1.,0.,0.));
#14237=DIRECTION('',(0.,0.,1.));
#14238=DIRECTION('',(1.,0.,0.));
#14239=DIRECTION('',(0.,0.,1.));
#14240=DIRECTION('',(1.,0.,0.));
#14241=DIRECTION('',(0.,0.,1.));
#14242=DIRECTION('',(1.,0.,0.));
#14243=DIRECTION('',(0.,0.,1.));
#14244=DIRECTION('',(1.,0.,0.));
#14245=DIRECTION('',(0.,0.,1.));
#14246=DIRECTION('',(1.,0.,0.));
#14247=DIRECTION('',(0.,0.,1.));
#14248=DIRECTION('',(1.,0.,0.));
#14249=DIRECTION('',(0.,0.,1.));
#14250=DIRECTION('',(1.,0.,0.));
#14251=DIRECTION('',(0.,0.,1.));
#14252=DIRECTION('',(1.,0.,0.));
#14253=DIRECTION('',(0.,0.,1.));
#14254=DIRECTION('',(1.,0.,0.));
#14255=DIRECTION('',(0.,0.,1.));
#14256=DIRECTION('',(1.,0.,0.));
#14257=DIRECTION('',(0.,0.,1.));
#14258=DIRECTION('',(1.,0.,0.));
#14259=DIRECTION('',(0.,0.,1.));
#14260=DIRECTION('',(1.,0.,0.));
#14261=DIRECTION('',(0.,0.,1.));
#14262=DIRECTION('',(1.,0.,0.));
#14263=DIRECTION('',(0.,0.,1.));
#14264=DIRECTION('',(1.,0.,0.));
#14265=DIRECTION('',(0.,0.,1.));
#14266=DIRECTION('',(1.,0.,0.));
#14267=DIRECTION('',(0.,0.,1.));
#14268=DIRECTION('',(1.,0.,0.));
#14269=DIRECTION('',(0.,0.,1.));
#14270=DIRECTION('',(1.,0.,0.));
#14271=DIRECTION('',(0.,0.,1.));
#14272=DIRECTION('',(1.,0.,0.));
#14273=DIRECTION('',(0.,0.,1.));
#14274=DIRECTION('',(1.,0.,0.));
#14275=DIRECTION('',(0.,0.,1.));
#14276=DIRECTION('',(1.,0.,0.));
#14277=DIRECTION('',(0.,0.,1.));
#14278=DIRECTION('',(1.,0.,0.));
#14279=DIRECTION('',(0.,0.,1.));
#14280=DIRECTION('',(1.,0.,0.));
#14281=DIRECTION('',(0.,0.,1.));
#14282=DIRECTION('',(1.,0.,0.));
#14283=DIRECTION('',(0.,0.,1.));
#14284=DIRECTION('',(1.,0.,0.));
#14285=DIRECTION('',(0.,0.,1.));
#14286=DIRECTION('',(1.,0.,0.));
#14287=DIRECTION('',(0.,0.,1.));
#14288=DIRECTION('',(1.,0.,0.));
#14289=DIRECTION('',(0.,0.,1.));
#14290=DIRECTION('',(1.,0.,0.));
#14291=DIRECTION('',(0.,0.,1.));
#14292=DIRECTION('',(1.,0.,0.));
#14293=DIRECTION('',(0.,0.,1.));
#14294=DIRECTION('',(1.,0.,0.));
#14295=DIRECTION('',(0.,0.,1.));
#14296=DIRECTION('',(1.,0.,0.));
#14297=DIRECTION('',(0.,0.,1.));
#14298=DIRECTION('',(1.,0.,0.));
#14299=DIRECTION('',(0.,0.,1.));
#14300=DIRECTION('',(1.,0.,0.));
#14301=DIRECTION('',(0.,0.,1.));
#14302=DIRECTION('',(1.,0.,0.));
#14303=DIRECTION('',(0.,0.,1.));
#14304=DIRECTION('',(1.,0.,0.));
#14305=DIRECTION('',(0.,0.,1.));
#14306=DIRECTION('',(1.,0.,0.));
#14307=DIRECTION('',(0.,0.,1.));
#14308=DIRECTION('',(1.,0.,0.));
#14309=DIRECTION('',(0.,0.,1.));
#14310=DIRECTION('',(1.,0.,0.));
#14311=DIRECTION('',(0.,-1.,0.));
#14312=DIRECTION('',(0.,0.,-1.));
#14313=DIRECTION('',(0.,0.,1.));
#14314=DIRECTION('',(0.,0.,1.));
#14315=DIRECTION('',(0.,0.,1.));
#14316=DIRECTION('',(1.,0.,0.));
#14317=DIRECTION('',(0.,0.,1.));
#14318=DIRECTION('',(1.,0.,0.));
#14319=DIRECTION('',(0.,0.,-1.));
#14320=DIRECTION('',(0.,0.,1.));
#14321=DIRECTION('',(0.,0.,1.));
#14322=DIRECTION('',(1.,0.,0.));
#14323=DIRECTION('',(0.,0.,1.));
#14324=DIRECTION('',(0.,-1.,0.));
#14325=DIRECTION('',(0.,0.,-1.));
#14326=DIRECTION('',(0.,0.,1.));
#14327=DIRECTION('',(0.,0.,1.));
#14328=DIRECTION('',(1.,0.,0.));
#14329=DIRECTION('',(0.,0.,1.));
#14330=DIRECTION('',(1.,0.,0.));
#14331=DIRECTION('',(0.,0.,-1.));
#14332=DIRECTION('',(0.,0.,1.));
#14333=DIRECTION('',(0.,0.,1.));
#14334=DIRECTION('',(1.,0.,0.));
#14335=DIRECTION('',(0.,0.,1.));
#14336=DIRECTION('',(1.,0.,0.));
#14337=DIRECTION('',(0.,0.,1.));
#14338=DIRECTION('',(1.,0.,0.));
#14339=DIRECTION('',(0.,0.,1.));
#14340=DIRECTION('',(1.,0.,0.));
#14341=DIRECTION('',(0.,0.,1.));
#14342=DIRECTION('',(1.,0.,0.));
#14343=DIRECTION('',(0.,0.,-1.));
#14344=DIRECTION('',(-1.,0.,0.));
#14345=DIRECTION('',(0.,0.,1.));
#14346=DIRECTION('',(1.,0.,0.));
#14347=DIRECTION('',(0.,0.,1.));
#14348=DIRECTION('',(1.,0.,0.));
#14349=DIRECTION('',(0.,0.,-1.));
#14350=DIRECTION('',(-1.,0.,0.));
#14351=DIRECTION('',(0.,0.,1.));
#14352=DIRECTION('',(1.,0.,0.));
#14353=DIRECTION('',(0.,0.,1.));
#14354=DIRECTION('',(1.,0.,0.));
#14355=DIRECTION('',(0.,0.,-1.));
#14356=DIRECTION('',(-1.,0.,0.));
#14357=DIRECTION('',(0.,0.,-1.));
#14358=DIRECTION('',(-1.,0.,0.));
#14359=DIRECTION('',(0.,0.,-1.));
#14360=DIRECTION('',(-1.,0.,0.));
#14361=DIRECTION('',(0.,0.,-1.));
#14362=DIRECTION('',(-1.,0.,0.));
#14363=DIRECTION('',(0.,0.,-1.));
#14364=DIRECTION('',(-1.,0.,0.));
#14365=DIRECTION('',(0.,0.,-1.));
#14366=DIRECTION('',(-1.,0.,0.));
#14367=DIRECTION('',(0.,0.,-1.));
#14368=DIRECTION('',(-1.,0.,0.));
#14369=DIRECTION('',(0.,0.,-1.));
#14370=DIRECTION('',(-1.,0.,0.));
#14371=DIRECTION('',(0.,0.,-1.));
#14372=DIRECTION('',(-1.,0.,0.));
#14373=DIRECTION('',(0.,0.,-1.));
#14374=DIRECTION('',(-1.,0.,0.));
#14375=DIRECTION('',(0.,0.,-1.));
#14376=DIRECTION('',(-1.,0.,0.));
#14377=DIRECTION('',(0.,0.,-1.));
#14378=DIRECTION('',(-1.,0.,0.));
#14379=DIRECTION('',(0.,0.,-1.));
#14380=DIRECTION('',(-1.,0.,0.));
#14381=DIRECTION('',(0.,0.,-1.));
#14382=DIRECTION('',(-1.,0.,0.));
#14383=DIRECTION('',(0.,0.,-1.));
#14384=DIRECTION('',(-1.,0.,0.));
#14385=DIRECTION('',(0.,0.,-1.));
#14386=DIRECTION('',(-1.,0.,0.));
#14387=DIRECTION('',(0.,0.,-1.));
#14388=DIRECTION('',(-1.,0.,0.));
#14389=DIRECTION('',(0.,0.,-1.));
#14390=DIRECTION('',(-1.,0.,0.));
#14391=DIRECTION('',(0.,0.,-1.));
#14392=DIRECTION('',(-1.,0.,0.));
#14393=DIRECTION('',(0.,0.,-1.));
#14394=DIRECTION('',(-1.,0.,0.));
#14395=DIRECTION('',(0.,0.,-1.));
#14396=DIRECTION('',(-1.,0.,0.));
#14397=DIRECTION('',(0.,0.,-1.));
#14398=DIRECTION('',(-1.,0.,0.));
#14399=DIRECTION('',(0.,0.,-1.));
#14400=DIRECTION('',(-1.,0.,0.));
#14401=DIRECTION('',(0.,0.,-1.));
#14402=DIRECTION('',(-1.,0.,0.));
#14403=DIRECTION('',(0.,0.,-1.));
#14404=DIRECTION('',(-1.,0.,0.));
#14405=DIRECTION('',(0.,0.,-1.));
#14406=DIRECTION('',(-1.,0.,0.));
#14407=DIRECTION('',(0.,0.,-1.));
#14408=DIRECTION('',(-1.,0.,0.));
#14409=DIRECTION('',(0.,0.,-1.));
#14410=DIRECTION('',(-1.,0.,0.));
#14411=DIRECTION('',(0.,1.,0.));
#14412=DIRECTION('',(0.,0.,1.));
#14413=DIRECTION('',(-1.,0.,0.));
#14414=DIRECTION('',(0.,0.,1.));
#14415=DIRECTION('',(1.,0.,0.));
#14416=DIRECTION('',(0.,0.,1.));
#14417=DIRECTION('',(1.,0.,0.));
#14418=DIRECTION('',(0.,1.,0.));
#14419=DIRECTION('',(-1.,0.,0.));
#14420=DIRECTION('',(0.,0.,1.));
#14421=DIRECTION('',(1.,0.,0.));
#14422=DIRECTION('',(7.01426215071668E-17,-1.,0.));
#14423=DIRECTION('',(-1.,0.,0.));
#14424=DIRECTION('',(1.,0.,0.));
#14425=DIRECTION('',(0.,0.,-1.));
#14426=DIRECTION('',(0.,0.,1.));
#14427=DIRECTION('',(0.,1.,0.));
#14428=DIRECTION('',(0.,-1.,0.));
#14429=DIRECTION('',(0.,-1.,0.));
#14430=DIRECTION('',(0.,0.,-1.));
#14431=DIRECTION('',(0.,0.,1.));
#14432=DIRECTION('',(1.,0.,0.));
#14433=DIRECTION('',(-1.,0.,0.));
#14434=DIRECTION('',(0.999574259638003,-0.0291770366750661,0.));
#14435=DIRECTION('',(0.0291770366750661,0.999574259638003,0.));
#14436=DIRECTION('',(0.0291770366750661,0.999574259638003,0.));
#14437=DIRECTION('',(0.,0.,1.));
#14438=DIRECTION('',(-0.0291770366750661,-0.999574259638003,0.));
#14439=DIRECTION('',(0.,0.,1.));
#14440=DIRECTION('',(1.,0.,0.));
#14441=DIRECTION('',(-1.,0.,0.));
#14442=DIRECTION('',(0.0291770366750661,0.999574259638003,0.));
#14443=DIRECTION('',(1.,0.,0.));
#14444=DIRECTION('',(7.01426215071668E-17,1.,0.));
#14445=DIRECTION('',(0.,0.,1.));
#14446=DIRECTION('',(1.,0.,0.));
#14447=DIRECTION('',(0.,0.,1.));
#14448=DIRECTION('',(1.,0.,0.));
#14449=DIRECTION('',(1.,0.,0.));
#14450=DIRECTION('',(1.,0.,0.));
#14451=DIRECTION('',(0.,-1.,0.));
#14452=DIRECTION('',(0.,0.,-1.));
#14453=DIRECTION('',(1.,0.,0.));
#14454=DIRECTION('',(0.,-1.,0.));
#14455=DIRECTION('',(0.,0.,-1.));
#14456=DIRECTION('',(1.,0.,0.));
#14457=DIRECTION('',(0.,0.,-1.));
#14458=DIRECTION('',(-1.,0.,0.));
#14459=DIRECTION('',(0.,1.,0.));
#14460=DIRECTION('',(0.,0.,1.));
#14461=DIRECTION('',(-1.,0.,0.));
#14462=DIRECTION('',(-1.,0.,0.));
#14463=DIRECTION('',(0.,1.,0.));
#14464=DIRECTION('',(0.,0.,1.));
#14465=DIRECTION('',(-1.,0.,0.));
#14466=DIRECTION('',(-1.,0.,0.));
#14467=DIRECTION('',(0.,0.,1.));
#14468=DIRECTION('',(1.,0.,0.));
#14469=DIRECTION('',(0.,0.,-1.));
#14470=DIRECTION('',(-1.,0.,0.));
#14471=DIRECTION('',(0.,0.,-1.));
#14472=DIRECTION('',(-1.,0.,0.));
#14473=DIRECTION('',(0.,-1.,0.));
#14474=DIRECTION('',(0.,-1.,0.));
#14475=DIRECTION('',(-1.,0.,0.));
#14476=DIRECTION('',(0.,0.,1.));
#14477=DIRECTION('',(0.,-1.,0.));
#14478=DIRECTION('',(-1.,0.,0.));
#14479=DIRECTION('',(0.,0.,1.));
#14480=DIRECTION('',(0.,-1.,0.));
#14481=DIRECTION('',(0.,0.,1.));
#14482=DIRECTION('',(1.,0.,0.));
#14483=DIRECTION('',(0.,0.,-1.));
#14484=DIRECTION('',(-1.,0.,0.));
#14485=DIRECTION('',(0.,-1.,0.));
#14486=DIRECTION('',(0.,-1.,0.));
#14487=DIRECTION('',(-1.,0.,0.));
#14488=DIRECTION('',(0.,0.,1.));
#14489=DIRECTION('',(0.,-1.,0.));
#14490=DIRECTION('',(-1.,0.,0.));
#14491=DIRECTION('',(0.,0.,1.));
#14492=DIRECTION('',(0.,-1.,0.));
#14493=DIRECTION('',(0.,0.,1.));
#14494=DIRECTION('',(1.,0.,0.));
#14495=DIRECTION('',(0.,1.,0.));
#14496=DIRECTION('',(0.,0.,1.));
#14497=DIRECTION('',(0.,1.,0.));
#14498=DIRECTION('',(0.,0.,1.));
#14499=DIRECTION('',(0.,-1.,0.));
#14500=DIRECTION('',(0.,0.,-1.));
#14501=DIRECTION('',(1.,0.,0.));
#14502=DIRECTION('',(0.,0.,-1.));
#14503=DIRECTION('',(0.,0.,-1.));
#14504=DIRECTION('',(-1.,0.,0.));
#14505=DIRECTION('',(0.,0.,1.));
#14506=DIRECTION('',(1.,0.,0.));
#14507=DIRECTION('',(1.,0.,0.));
#14508=DIRECTION('',(0.,0.,-1.));
#14509=DIRECTION('',(0.,0.,-1.));
#14510=DIRECTION('',(-1.,0.,0.));
#14511=DIRECTION('',(0.,0.,-1.));
#14512=DIRECTION('',(-1.,0.,0.));
#14513=DIRECTION('',(0.,1.,0.));
#14514=DIRECTION('',(0.,0.,1.));
#14515=DIRECTION('',(0.,-1.,0.));
#14516=DIRECTION('',(0.,0.,-1.));
#14517=DIRECTION('',(1.,0.,0.));
#14518=DIRECTION('',(0.,0.,-1.));
#14519=DIRECTION('',(1.,0.,0.));
#14520=DIRECTION('',(0.,0.,-1.));
#14521=DIRECTION('',(0.,-1.,0.));
#14522=DIRECTION('',(0.,0.,-1.));
#14523=DIRECTION('',(-1.,0.,0.));
#14524=DIRECTION('',(0.,0.,1.));
#14525=DIRECTION('',(0.,1.,0.));
#14526=DIRECTION('',(0.,0.,1.));
#14527=DIRECTION('',(0.,0.,-1.));
#14528=DIRECTION('',(-1.,0.,0.));
#14529=DIRECTION('',(1.,0.,0.));
#14530=DIRECTION('',(0.,0.,-1.));
#14531=DIRECTION('',(1.,0.,0.));
#14532=DIRECTION('',(0.,0.,-1.));
#14533=DIRECTION('',(1.,0.,0.));
#14534=DIRECTION('',(0.,0.,-1.));
#14535=DIRECTION('',(1.,7.01426215071668E-17,0.));
#14536=DIRECTION('',(-7.01426215071668E-17,1.,0.));
#14537=DIRECTION('',(0.,0.,1.));
#14538=DIRECTION('',(1.,0.,0.));
#14539=DIRECTION('',(0.,0.,-1.));
#14540=DIRECTION('',(-1.,0.,0.));
#14541=DIRECTION('',(0.,0.,1.));
#14542=DIRECTION('',(1.,0.,0.));
#14543=DIRECTION('',(0.,1.,0.));
#14544=DIRECTION('',(0.,0.,1.));
#14545=DIRECTION('',(1.,7.01426215071668E-17,0.));
#14546=DIRECTION('',(-7.01426215071668E-17,1.,0.));
#14547=DIRECTION('',(0.,1.,0.));
#14548=DIRECTION('',(0.,0.,1.));
#14549=DIRECTION('',(-7.01426215071668E-17,1.,0.));
#14550=DIRECTION('',(-1.,-7.01426215071668E-17,0.));
#14551=DIRECTION('',(1.,0.,0.));
#14552=DIRECTION('',(0.,0.,-1.));
#14553=DIRECTION('',(1.,0.,0.));
#14554=DIRECTION('',(0.,0.,-1.));
#14555=DIRECTION('',(-1.,0.,0.));
#14556=DIRECTION('',(0.,0.,1.));
#14557=DIRECTION('',(0.,-1.,0.));
#14558=DIRECTION('',(0.,0.,-1.));
#14559=DIRECTION('',(0.,0.,-1.));
#14560=DIRECTION('',(-1.,0.,0.));
#14561=DIRECTION('',(0.,0.,1.));
#14562=DIRECTION('',(1.,0.,0.));
#14563=DIRECTION('',(0.,0.,-1.));
#14564=DIRECTION('',(-1.,0.,0.));
#14565=DIRECTION('',(0.,0.,-1.));
#14566=DIRECTION('',(-1.,0.,0.));
#14567=DIRECTION('',(1.,0.,0.));
#14568=DIRECTION('',(0.,0.,-1.));
#14569=DIRECTION('',(-1.,7.01426215071668E-17,0.));
#14570=DIRECTION('',(-7.01426215071668E-17,-1.,0.));
#14571=DIRECTION('',(-0.0291770366750661,-0.999574259638003,0.));
#14572=DIRECTION('',(0.999574259638003,-0.0291770366750661,0.));
#14573=DIRECTION('',(-0.0291770366750717,-0.999574259638003,0.));
#14574=DIRECTION('',(0.999574259638003,-0.0291770366750717,0.));
#14575=DIRECTION('',(-1.,7.01426215071668E-17,0.));
#14576=DIRECTION('',(-7.01426215071668E-17,-1.,0.));
#14577=DIRECTION('',(0.,1.,0.));
#14578=DIRECTION('',(0.,0.,1.));
#14579=DIRECTION('',(0.999574259638003,-0.0291770366750661,0.));
#14580=DIRECTION('',(0.0291770366750661,0.999574259638003,0.));
#14581=DIRECTION('',(0.,0.,-1.));
#14582=DIRECTION('',(-1.,0.,0.));
#14583=DIRECTION('',(-7.01426215071668E-17,-1.,0.));
#14584=DIRECTION('',(1.,-7.01426215071668E-17,0.));
#14585=DIRECTION('',(0.,-1.,0.));
#14586=DIRECTION('',(0.,0.,-1.));
#14587=DIRECTION('',(-0.0291770366750661,-0.999574259638003,0.));
#14588=DIRECTION('',(0.999574259638003,-0.0291770366750661,0.));
#14589=DIRECTION('',(-0.0291274442834429,0.999575705982051,0.));
#14590=DIRECTION('',(-0.999575705982051,-0.0291274442834429,0.));
#14591=DIRECTION('',(0.,0.,1.));
#14592=DIRECTION('',(1.,0.,0.));
#14593=DIRECTION('',(0.,0.,-1.));
#14594=DIRECTION('',(-1.,0.,0.));
#14595=DIRECTION('',(0.,0.,1.));
#14596=DIRECTION('',(1.,0.,0.));
#14597=DIRECTION('',(1.,0.,0.));
#14598=DIRECTION('',(0.,0.,-1.));
#14599=DIRECTION('',(1.,0.,0.));
#14600=DIRECTION('',(0.,0.,-1.));
#14601=DIRECTION('',(1.,0.,0.));
#14602=DIRECTION('',(0.,0.,-1.));
#14603=DIRECTION('',(0.,-2.23835287222814E-16,1.));
#14604=DIRECTION('',(0.,-1.,-2.23835287222814E-16));
#14605=CARTESIAN_POINT('',(0.,0.,0.));
#14606=CARTESIAN_POINT('',(0.396293,-0.124561,-0.02348));
#14607=CARTESIAN_POINT('',(0.232707,-0.124561,-0.02348));
#14608=CARTESIAN_POINT('',(0.232707,-0.136061,-0.02348));
#14609=CARTESIAN_POINT('',(0.232707,-0.131837553149928,-0.02348));
#14610=CARTESIAN_POINT('',(0.396293,-0.136061,-0.02348));
#14611=CARTESIAN_POINT('',(0.29941,-0.136061,-0.02348));
#14612=CARTESIAN_POINT('',(0.29941,-0.124561,-0.02348));
#14613=CARTESIAN_POINT('',(0.29941,-0.128419058411375,-0.02348));
#14614=CARTESIAN_POINT('',(0.30016,-0.12449,-0.02348));
#14615=CARTESIAN_POINT('',(0.29941,-0.120560941588625,-0.02348));
#14616=CARTESIAN_POINT('',(0.29941,-0.124561,-0.02348));
#14617=CARTESIAN_POINT('',(0.29941,-0.118185154791411,-0.0234799985234916));
#14618=CARTESIAN_POINT('',(0.29941,-0.118185154830464,-0.02348));
#14619=CARTESIAN_POINT('',(0.297484591575431,-0.119210553505459,-0.02348));
#14620=CARTESIAN_POINT('',(0.295881584859779,-0.12081535976181,-0.02348));
#14621=CARTESIAN_POINT('',(0.294862958151344,-0.122579672974766,-0.02348));
#14622=CARTESIAN_POINT('',(0.294862958109984,-0.122579673046005,-0.02348));
#14623=CARTESIAN_POINT('',(0.294862958151344,-0.122579672974766,-0.02348));
#14624=CARTESIAN_POINT('',(0.291968294704268,-0.127593377135513,-0.02348));
#14625=CARTESIAN_POINT('',(0.284618183514368,-0.123350963141752,-0.0234800039930417));
#14626=CARTESIAN_POINT('',(0.284617166696419,-0.131837553149728,-0.02348));
#14627=CARTESIAN_POINT('',(0.396293,-0.131837553149928,-0.02348));
#14628=CARTESIAN_POINT('',(0.396293,-0.124561,-0.02348));
#14629=CARTESIAN_POINT('',(0.231707,-0.124561,-0.02348));
#14630=CARTESIAN_POINT('',(0.220250560762611,-0.125561,-0.02348));
#14631=CARTESIAN_POINT('',(0.230707,-0.13601743923739,-0.02348));
#14632=CARTESIAN_POINT('',(0.230707,-0.124561,-0.02348));
#14633=CARTESIAN_POINT('',(0.230707,-0.131837553149928,-0.02348));
#14634=CARTESIAN_POINT('',(0.396293,-0.131837553149928,-0.02348));
#14635=CARTESIAN_POINT('',(0.229807000412208,-0.131837553149714,-0.02348));
#14636=CARTESIAN_POINT('',(0.229807,-0.131837553149928,-0.02348));
#14637=CARTESIAN_POINT('',(0.229182389009952,-0.131837553149928,-0.02348));
#14638=CARTESIAN_POINT('',(0.227833030432032,-0.131610861386081,-0.02348));
#14639=CARTESIAN_POINT('',(0.225947398208893,-0.130395178216317,-0.02348));
#14640=CARTESIAN_POINT('',(0.224733381090663,-0.128506958253343,-0.02348));
#14641=CARTESIAN_POINT('',(0.224507,-0.127155747888579,-0.02348));
#14642=CARTESIAN_POINT('',(0.224507,-0.126530279716139,-0.02348));
#14643=CARTESIAN_POINT('',(0.224507000000208,-0.126530279633248,-0.02348));
#14644=CARTESIAN_POINT('',(0.224507,-0.124561,-0.02348));
#14645=CARTESIAN_POINT('',(0.224507,-0.125561,-0.02348));
#14646=CARTESIAN_POINT('',(0.396293,-0.125561,-0.02348));
#14647=CARTESIAN_POINT('',(0.403493,0.01,-0.02448));
#14648=CARTESIAN_POINT('',(0.402493,0.01,-0.02448));
#14649=CARTESIAN_POINT('',(0.402493,-0.123561,-0.02448));
#14650=CARTESIAN_POINT('',(0.402493,3.09352328805616E-17,-0.02448));
#14651=CARTESIAN_POINT('',(0.403493,-0.123561,-0.02448));
#14652=CARTESIAN_POINT('',(0.403493,-0.123561,-0.02348));
#14653=CARTESIAN_POINT('',(0.403493,-0.124561,-0.02348));
#14654=CARTESIAN_POINT('',(0.403493,2.60471712406696E-17,-0.02348));
#14655=CARTESIAN_POINT('',(0.403493,3.2987820804813E-17,-0.02448));
#14656=CARTESIAN_POINT('',(0.396293,-0.131837553149928,-0.02448));
#14657=CARTESIAN_POINT('',(0.396293,-0.130838923615173,-0.0244276640437571));
#14658=CARTESIAN_POINT('',(0.232707,-0.130838923615173,-0.0244276640437571));
#14659=CARTESIAN_POINT('',(0.284617166651177,-0.130838923608641,-0.0244276641684051));
#14660=CARTESIAN_POINT('',(0.232707,-0.131837553149928,-0.02448));
#14661=CARTESIAN_POINT('',(0.284617166779043,-0.131837553149928,-0.02348));
#14662=CARTESIAN_POINT('',(0.284617166779043,-0.131584480408388,-0.02348));
#14663=CARTESIAN_POINT('',(0.284617166779043,-0.131080072734723,-0.0236817821931681));
#14664=CARTESIAN_POINT('',(0.284617166779043,-0.1308521684191,-0.0241749381296147));
#14665=CARTESIAN_POINT('',(0.284617166779043,-0.130838923615173,-0.0244276640437571));
#14666=CARTESIAN_POINT('',(0.231707,-0.136061,-0.02248));
#14667=CARTESIAN_POINT('',(0.232707,-0.136061,-0.02248));
#14668=CARTESIAN_POINT('',(0.232707,-0.137061,-0.02248));
#14669=CARTESIAN_POINT('',(0.231707,-0.137061,-0.02248));
#14670=CARTESIAN_POINT('',(0.29941,-0.137061,-0.02248));
#14671=CARTESIAN_POINT('',(0.29941,-0.136061,-0.02248));
#14672=CARTESIAN_POINT('',(0.396293,-0.131837553149928,-0.02448));
#14673=CARTESIAN_POINT('',(0.396293,-0.130838923615173,-0.0244276640437571));
#14674=CARTESIAN_POINT('',(0.397293,-0.130838923615173,-0.0244276640437571));
#14675=CARTESIAN_POINT('',(0.398192999875537,-0.130838923608639,-0.0244276641684374));
#14676=CARTESIAN_POINT('',(0.397293,-0.131837553149928,-0.02448));
#14677=CARTESIAN_POINT('',(0.397293,-0.131837553149928,-0.02348));
#14678=CARTESIAN_POINT('',(0.396293,-0.131837553149928,-0.02348));
#14679=CARTESIAN_POINT('',(0.398192999917108,-0.131837553149729,-0.02348));
#14680=CARTESIAN_POINT('',(0.398193,-0.131837553149928,-0.02348));
#14681=CARTESIAN_POINT('',(0.398193,-0.131584480408388,-0.02348));
#14682=CARTESIAN_POINT('',(0.398193,-0.131080072734723,-0.0236817821931681));
#14683=CARTESIAN_POINT('',(0.398193,-0.1308521684191,-0.0241749381296147));
#14684=CARTESIAN_POINT('',(0.398193,-0.130838923615173,-0.0244276640437571));
#14685=CARTESIAN_POINT('',(0.396293,-0.130764426163114,-0.0258491601093927));
#14686=CARTESIAN_POINT('',(0.397293,-0.130764426163114,-0.0258491601093927));
#14687=CARTESIAN_POINT('',(0.397293,-0.13083618080393,-0.02448));
#14688=CARTESIAN_POINT('',(0.398193,-0.130356347519801,-0.0336357644817915));
#14689=CARTESIAN_POINT('',(0.398192999875537,-0.129874375638341,-0.0428323358315633));
#14690=CARTESIAN_POINT('',(0.396293,-0.129874375631807,-0.0428323359562429));
#14691=CARTESIAN_POINT('',(0.38291,-0.129874375631807,-0.0428323359562429));
#14692=CARTESIAN_POINT('',(0.38291,-0.130764426163114,-0.0258491601093927));
#14693=CARTESIAN_POINT('',(0.38291,-0.130678957466081,-0.02748));
#14694=CARTESIAN_POINT('',(0.314,-0.130678957466081,-0.02748));
#14695=CARTESIAN_POINT('',(0.38141,-0.130678957466081,-0.02748));
#14696=CARTESIAN_POINT('',(0.38141,-0.130764426163114,-0.0258491601093927));
#14697=CARTESIAN_POINT('',(0.38141,-0.129874375631807,-0.0428323359562429));
#14698=CARTESIAN_POINT('',(0.396293,-0.129874375631807,-0.0428323359562429));
#14699=CARTESIAN_POINT('',(0.343939715379114,-0.129874375638339,-0.0428323358315965));
#14700=CARTESIAN_POINT('',(0.343474068950095,-0.13068089869684,-0.0274429591105421));
#14701=CARTESIAN_POINT('',(0.343382833348823,-0.130838923608641,-0.0244276641683875));
#14702=CARTESIAN_POINT('',(0.396293,-0.130838923615173,-0.0244276640437571));
#14703=CARTESIAN_POINT('',(0.38141,-0.130838923615173,-0.0244276640437571));
#14704=CARTESIAN_POINT('',(0.38141,-0.130764426163114,-0.0258491601093927));
#14705=CARTESIAN_POINT('',(0.38141,-0.130783773024647,-0.02548));
#14706=CARTESIAN_POINT('',(0.396293,-0.130783773024647,-0.02548));
#14707=CARTESIAN_POINT('',(0.38291,-0.130783773024647,-0.02548));
#14708=CARTESIAN_POINT('',(0.38291,-0.130764426163114,-0.0258491601093927));
#14709=CARTESIAN_POINT('',(0.38291,-0.130838923615173,-0.0244276640437571));
#14710=CARTESIAN_POINT('',(0.396293,-0.130838923615173,-0.0244276640437571));
#14711=CARTESIAN_POINT('',(0.395293,-0.130838923615173,-0.0244276640437571));
#14712=CARTESIAN_POINT('',(0.395293,-0.130764426163114,-0.0258491601093927));
#14713=CARTESIAN_POINT('',(0.395293,-0.13083618080393,-0.02448));
#14714=CARTESIAN_POINT('',(0.396293,-0.13083618080393,-0.02448));
#14715=CARTESIAN_POINT('',(0.396293,-0.130764426163114,-0.0258491601093927));
#14716=CARTESIAN_POINT('',(0.232707,-0.130764426163114,-0.0258491601093927));
#14717=CARTESIAN_POINT('',(0.232707,-0.13083618080393,-0.02448));
#14718=CARTESIAN_POINT('',(0.284563615437021,-0.130746169969977,-0.026197509026026));
#14719=CARTESIAN_POINT('',(0.284060284620886,-0.129874375638339,-0.0428323358315949));
#14720=CARTESIAN_POINT('',(0.396293,-0.129874375631807,-0.0428323359562429));
#14721=CARTESIAN_POINT('',(0.229807000124463,-0.129874375638341,-0.0428323358315633));
#14722=CARTESIAN_POINT('',(0.229807,-0.130764426163114,-0.0258491601093927));
#14723=CARTESIAN_POINT('',(0.229807000124463,-0.130838923608639,-0.0244276641684337));
#14724=CARTESIAN_POINT('',(0.396293,-0.130838923615173,-0.0244276640437571));
#14725=CARTESIAN_POINT('',(0.230707,-0.130838923615173,-0.0244276640437571));
#14726=CARTESIAN_POINT('',(0.230707,-0.130764426163114,-0.0258491601093927));
#14727=CARTESIAN_POINT('',(0.230707,-0.13083618080393,-0.02448));
#14728=CARTESIAN_POINT('',(0.396293,-0.13083618080393,-0.02448));
#14729=CARTESIAN_POINT('',(0.224507,-0.124561,-0.02448));
#14730=CARTESIAN_POINT('',(0.225507,-0.124561,-0.02448));
#14731=CARTESIAN_POINT('',(0.225507,-0.125561,-0.02448));
#14732=CARTESIAN_POINT('',(0.225507,-0.126530279585045,-0.0244800001247569));
#14733=CARTESIAN_POINT('',(0.224507,-0.125561,-0.02448));
#14734=CARTESIAN_POINT('',(0.224507,-0.126530279716139,-0.02348));
#14735=CARTESIAN_POINT('',(0.224768799387799,-0.126530279716139,-0.02348));
#14736=CARTESIAN_POINT('',(0.225290313868474,-0.126530279716139,-0.0236966861315265));
#14737=CARTESIAN_POINT('',(0.225507,-0.126530279716139,-0.0242182006122008));
#14738=CARTESIAN_POINT('',(0.225507,-0.126530279716139,-0.02448));
#14739=CARTESIAN_POINT('',(0.396293,-0.124561,-0.02248));
#14740=CARTESIAN_POINT('',(0.396293,-0.124561,-0.02248));
#14741=CARTESIAN_POINT('',(0.408752935794377,-0.125561,-0.02248));
#14742=CARTESIAN_POINT('',(0.397293,-0.137020935794377,-0.02248));
#14743=CARTESIAN_POINT('',(0.408752935794377,-0.125561,-0.02248));
#14744=CARTESIAN_POINT('',(0.408752935794377,-0.125561,-0.0227428060548784));
#14745=CARTESIAN_POINT('',(0.408534513816544,-0.125561,-0.0232647704820597));
#14746=CARTESIAN_POINT('',(0.408010410338885,-0.125561,-0.02348));
#14747=CARTESIAN_POINT('',(0.407749439237389,-0.125561,-0.02348));
#14748=CARTESIAN_POINT('',(0.407749439237389,-0.125561,-0.02348));
#14749=CARTESIAN_POINT('',(0.396293,-0.124561,-0.02348));
#14750=CARTESIAN_POINT('',(0.397293,-0.13601743923739,-0.02348));
#14751=CARTESIAN_POINT('',(0.397293,-0.137020935794377,-0.02248));
#14752=CARTESIAN_POINT('',(0.397293,-0.137020935794377,-0.0227426471999342));
#14753=CARTESIAN_POINT('',(0.397293,-0.136801952980917,-0.0232643486276528));
#14754=CARTESIAN_POINT('',(0.397293,-0.136280540391549,-0.02348));
#14755=CARTESIAN_POINT('',(0.397293,-0.13601743923739,-0.02348));
#14756=CARTESIAN_POINT('',(0.396293,-0.124561,-0.02348));
#14757=CARTESIAN_POINT('',(0.396293,-0.123561,-0.02348));
#14758=CARTESIAN_POINT('',(0.407793,-0.123561,-0.02348));
#14759=CARTESIAN_POINT('',(0.407793,-0.124561,-0.02348));
#14760=CARTESIAN_POINT('',(0.407793,2.00386064486468E-17,-0.02348));
#14761=CARTESIAN_POINT('',(0.391150864376269,2.04876452190902E-17,-0.02348));
#14762=CARTESIAN_POINT('',(0.396293,-0.124561,-0.02348));
#14763=CARTESIAN_POINT('',(0.396293,-0.125561,-0.02348));
#14764=CARTESIAN_POINT('',(0.403493,-0.125561,-0.02348));
#14765=CARTESIAN_POINT('',(0.403493,-0.124561,-0.02348));
#14766=CARTESIAN_POINT('',(0.40349299999978,-0.126530279303085,-0.02348));
#14767=CARTESIAN_POINT('',(0.403493,-0.126530279716139,-0.02348));
#14768=CARTESIAN_POINT('',(0.403493,-0.127155747888579,-0.02348));
#14769=CARTESIAN_POINT('',(0.403266618909337,-0.128506958253344,-0.02348));
#14770=CARTESIAN_POINT('',(0.402052601791107,-0.130395178216317,-0.02348));
#14771=CARTESIAN_POINT('',(0.400166969567968,-0.131610861386081,-0.02348));
#14772=CARTESIAN_POINT('',(0.398817610990048,-0.131837553149928,-0.02348));
#14773=CARTESIAN_POINT('',(0.398193,-0.131837553149928,-0.02348));
#14774=CARTESIAN_POINT('',(0.397293,-0.124561,-0.02348));
#14775=CARTESIAN_POINT('',(0.231707,-0.124561,-0.02248));
#14776=CARTESIAN_POINT('',(0.231707,-0.124561,-0.02248));
#14777=CARTESIAN_POINT('',(0.230707,-0.137020935794377,-0.02248));
#14778=CARTESIAN_POINT('',(0.219247064205623,-0.125561,-0.02248));
#14779=CARTESIAN_POINT('',(0.230707,-0.137020935794377,-0.02248));
#14780=CARTESIAN_POINT('',(0.230707,-0.137020935794377,-0.0227426471999342));
#14781=CARTESIAN_POINT('',(0.230707,-0.136801952980918,-0.0232643486276528));
#14782=CARTESIAN_POINT('',(0.230707,-0.136280540391549,-0.02348));
#14783=CARTESIAN_POINT('',(0.230707,-0.13601743923739,-0.02348));
#14784=CARTESIAN_POINT('',(0.219247064205623,-0.125561,-0.02248));
#14785=CARTESIAN_POINT('',(0.219247064205623,-0.125561,-0.0227426471999342));
#14786=CARTESIAN_POINT('',(0.219466047019083,-0.125561,-0.0232643486276529));
#14787=CARTESIAN_POINT('',(0.219987459608451,-0.125561,-0.02348));
#14788=CARTESIAN_POINT('',(0.220250560762611,-0.125561,-0.02348));
#14789=CARTESIAN_POINT('',(0.231707,-0.137061,0.0028));
#14790=CARTESIAN_POINT('',(0.395293,-0.137061,0.0028));
#14791=CARTESIAN_POINT('',(0.395293,-0.137061,-0.02248));
#14792=CARTESIAN_POINT('',(0.395293,-0.137061,0.00151));
#14793=CARTESIAN_POINT('',(0.231707,-0.137061,-0.02248));
#14794=CARTESIAN_POINT('',(0.38291,-0.137061,-0.02248));
#14795=CARTESIAN_POINT('',(0.38291,-0.137061,0.0028));
#14796=CARTESIAN_POINT('',(0.38291,-0.137061,-0.00748));
#14797=CARTESIAN_POINT('',(0.231707,-0.137061,-0.00748));
#14798=CARTESIAN_POINT('',(0.38141,-0.137061,-0.00748));
#14799=CARTESIAN_POINT('',(0.38141,-0.137061,0.0028));
#14800=CARTESIAN_POINT('',(0.38141,-0.137061,-0.02248));
#14801=CARTESIAN_POINT('',(0.231707,-0.137061,-0.02248));
#14802=CARTESIAN_POINT('',(0.30091,-0.137061,-0.02248));
#14803=CARTESIAN_POINT('',(0.30091,-0.137061,0.0028));
#14804=CARTESIAN_POINT('',(0.30091,-0.137061,-0.00748));
#14805=CARTESIAN_POINT('',(0.231707,-0.137061,-0.00748));
#14806=CARTESIAN_POINT('',(0.29941,-0.137061,-0.00748));
#14807=CARTESIAN_POINT('',(0.29941,-0.137061,0.0028));
#14808=CARTESIAN_POINT('',(0.232707,-0.137061,0.0028));
#14809=CARTESIAN_POINT('',(0.232707,-0.137061,0.00151));
#14810=CARTESIAN_POINT('',(0.231707,-0.137061,0.00151));
#14811=CARTESIAN_POINT('',(0.231707,-0.137061,0.00151));
#14812=CARTESIAN_POINT('',(0.231707,-0.137061,0.0028));
#14813=CARTESIAN_POINT('',(0.231707,-0.137061,0.00701));
#14814=CARTESIAN_POINT('',(0.396293,-0.137061,0.00701));
#14815=CARTESIAN_POINT('',(0.396293,-0.137061,0.00701));
#14816=CARTESIAN_POINT('',(0.396293,-0.137061,0.0028));
#14817=CARTESIAN_POINT('',(0.396293,-0.137061,0.00151));
#14818=CARTESIAN_POINT('',(0.231707,-0.137061,0.00151));
#14819=CARTESIAN_POINT('',(0.396293,-0.124561,0.0028));
#14820=CARTESIAN_POINT('',(0.396293,-0.124561,0.00151));
#14821=CARTESIAN_POINT('',(0.408793,-0.124561,0.00151));
#14822=CARTESIAN_POINT('',(0.408752935794377,-0.125561,0.00151));
#14823=CARTESIAN_POINT('',(0.408752935794377,-0.125561,0.0028));
#14824=CARTESIAN_POINT('',(0.397293,-0.137020935794377,0.0028));
#14825=CARTESIAN_POINT('',(0.397293,-0.137020935794377,0.00151));
#14826=CARTESIAN_POINT('',(0.396293,-0.124561,0.00151));
#14827=CARTESIAN_POINT('',(0.396293,-0.124561,0.00701));
#14828=CARTESIAN_POINT('',(0.408793,-0.124561,0.00701));
#14829=CARTESIAN_POINT('',(0.408793,-0.124561,0.0028));
#14830=CARTESIAN_POINT('',(0.407793,0.07329,-0.02248));
#14831=CARTESIAN_POINT('',(0.407793,-0.123561,-0.02248));
#14832=CARTESIAN_POINT('',(0.408793,-0.123561,-0.02248));
#14833=CARTESIAN_POINT('',(0.408793,0.07329,-0.02248));
#14834=CARTESIAN_POINT('',(0.408793,2.16406725313781E-17,-0.02248));
#14835=CARTESIAN_POINT('',(0.407793,1.38777878078145E-17,-0.02248));
#14836=CARTESIAN_POINT('',(0.231707,-0.124561,0.0028));
#14837=CARTESIAN_POINT('',(0.231707,-0.124561,0.00151));
#14838=CARTESIAN_POINT('',(0.230707,-0.137020935794377,0.00151));
#14839=CARTESIAN_POINT('',(0.230707,-0.137020935794377,0.0028));
#14840=CARTESIAN_POINT('',(0.219247064205623,-0.125561,0.0028));
#14841=CARTESIAN_POINT('',(0.219247064205623,-0.125561,0.00151));
#14842=CARTESIAN_POINT('',(0.231707,-0.124561,0.00151));
#14843=CARTESIAN_POINT('',(0.219207,-0.124561,0.00151));
#14844=CARTESIAN_POINT('',(0.219207,-0.124561,0.0028));
#14845=CARTESIAN_POINT('',(0.219207,-0.124561,0.00701));
#14846=CARTESIAN_POINT('',(0.231707,-0.124561,0.00701));
#14847=CARTESIAN_POINT('',(0.408793,0.07329,0.0028));
#14848=CARTESIAN_POINT('',(0.408793,0.09329,0.0028));
#14849=CARTESIAN_POINT('',(0.408793,0.09329,0.00701));
#14850=CARTESIAN_POINT('',(0.408793,0.09329,0.00251));
#14851=CARTESIAN_POINT('',(0.408793,0.088415,0.00251));
#14852=CARTESIAN_POINT('',(0.408793,0.089415,0.00251));
#14853=CARTESIAN_POINT('',(0.408793,0.089415,0.00051));
#14854=CARTESIAN_POINT('',(0.408793,0.087415,0.00051));
#14855=CARTESIAN_POINT('',(0.408793,0.087415,-0.04278));
#14856=CARTESIAN_POINT('',(0.408793,0.087415,-0.04278));
#14857=CARTESIAN_POINT('',(0.408793,0.07329,-0.04278));
#14858=CARTESIAN_POINT('',(0.408793,0.0153,-0.04278));
#14859=CARTESIAN_POINT('',(0.408793,0.0153,-0.04128));
#14860=CARTESIAN_POINT('',(0.408793,0.0138,-0.04128));
#14861=CARTESIAN_POINT('',(0.408793,0.0138,0.0028));
#14862=CARTESIAN_POINT('',(0.408793,0.0138,-0.03628));
#14863=CARTESIAN_POINT('',(0.408793,2.94736998764489E-17,-0.03628));
#14864=CARTESIAN_POINT('',(0.408793,-0.123561,0.0028));
#14865=CARTESIAN_POINT('',(0.408793,-0.123561,0.00151));
#14866=CARTESIAN_POINT('',(0.408793,0.07329,0.00151));
#14867=CARTESIAN_POINT('',(0.408793,0.07329,0.00701));
#14868=CARTESIAN_POINT('',(0.396293,-0.124561,-0.04378));
#14869=CARTESIAN_POINT('',(0.295227738009559,0.040336327990804,-0.04378));
#14870=CARTESIAN_POINT('',(0.299227738009559,0.040336327990804,-0.04378));
#14871=CARTESIAN_POINT('',(0.295227738009559,-0.046756327990804,-0.04378));
#14872=CARTESIAN_POINT('',(0.299227738009559,-0.046756327990804,-0.04378));
#14873=CARTESIAN_POINT('',(0.340493,-0.04371,-0.04378));
#14874=CARTESIAN_POINT('',(0.300993,-0.04371,-0.04378));
#14875=CARTESIAN_POINT('',(0.323243,-0.04371,-0.04378));
#14876=CARTESIAN_POINT('',(0.300993,-0.04121,-0.04378));
#14877=CARTESIAN_POINT('',(0.298493,-0.04121,-0.04378));
#14878=CARTESIAN_POINT('',(0.298493,-0.00321,-0.04378));
#14879=CARTESIAN_POINT('',(0.298493,0.03479,-0.04378));
#14880=CARTESIAN_POINT('',(0.300993,0.03479,-0.04378));
#14881=CARTESIAN_POINT('',(0.300993,0.03729,-0.04378));
#14882=CARTESIAN_POINT('',(0.340493,0.03729,-0.04378));
#14883=CARTESIAN_POINT('',(0.323243,0.03729,-0.04378));
#14884=CARTESIAN_POINT('',(0.323243,0.04129,-0.04378));
#14885=CARTESIAN_POINT('',(0.327115983346208,0.0422899999999993,-0.04378));
#14886=CARTESIAN_POINT('',(0.352118,0.04229,-0.04378));
#14887=CARTESIAN_POINT('',(0.377120016653793,0.0422899999999993,-0.04378));
#14888=CARTESIAN_POINT('',(0.380993,0.04129,-0.04378));
#14889=CARTESIAN_POINT('',(0.377120016653793,0.0402900000000007,-0.04378));
#14890=CARTESIAN_POINT('',(0.352118,0.04029,-0.04378));
#14891=CARTESIAN_POINT('',(0.327115983346208,0.0402900000000007,-0.04378));
#14892=CARTESIAN_POINT('',(0.323243,0.04129,-0.04378));
#14893=CARTESIAN_POINT('',(0.340493,0.03729,-0.04378));
#14894=CARTESIAN_POINT('',(0.379993,0.03729,-0.04378));
#14895=CARTESIAN_POINT('',(0.379993,0.03479,-0.04378));
#14896=CARTESIAN_POINT('',(0.382493,0.03479,-0.04378));
#14897=CARTESIAN_POINT('',(0.382493,-0.00321,-0.04378));
#14898=CARTESIAN_POINT('',(0.382493,-0.04121,-0.04378));
#14899=CARTESIAN_POINT('',(0.379993,-0.04121,-0.04378));
#14900=CARTESIAN_POINT('',(0.379993,-0.04371,-0.04378));
#14901=CARTESIAN_POINT('',(0.340493,-0.04371,-0.04378));
#14902=CARTESIAN_POINT('',(0.323243,-0.04771,-0.04378));
#14903=CARTESIAN_POINT('',(0.327115983346208,-0.04671,-0.04378));
#14904=CARTESIAN_POINT('',(0.352118,-0.0467099999999993,-0.04378));
#14905=CARTESIAN_POINT('',(0.377120016653793,-0.04671,-0.04378));
#14906=CARTESIAN_POINT('',(0.380993,-0.04771,-0.04378));
#14907=CARTESIAN_POINT('',(0.377120016653793,-0.04871,-0.04378));
#14908=CARTESIAN_POINT('',(0.352118,-0.0487099999999993,-0.04378));
#14909=CARTESIAN_POINT('',(0.327115983346208,-0.04871,-0.04378));
#14910=CARTESIAN_POINT('',(0.323243,-0.04771,-0.04378));
#14911=CARTESIAN_POINT('',(0.249357,-0.0325072,-0.04378));
#14912=CARTESIAN_POINT('',(0.256392898384862,-0.0325072,-0.04378));
#14913=CARTESIAN_POINT('',(0.242321101615138,-0.0325072,-0.04378));
#14914=CARTESIAN_POINT('',(0.259857,-0.0330072,-0.04378));
#14915=CARTESIAN_POINT('',(0.260357,-0.0364713016151378,-0.04378));
#14916=CARTESIAN_POINT('',(0.260357,-0.0395572,-0.04378));
#14917=CARTESIAN_POINT('',(0.260357,-0.0426430983848623,-0.04378));
#14918=CARTESIAN_POINT('',(0.259857,-0.0461072,-0.04378));
#14919=CARTESIAN_POINT('',(0.256392898384862,-0.0466072,-0.04378));
#14920=CARTESIAN_POINT('',(0.249357,-0.0466072,-0.04378));
#14921=CARTESIAN_POINT('',(0.242321101615138,-0.0466072,-0.04378));
#14922=CARTESIAN_POINT('',(0.238857,-0.0461072,-0.04378));
#14923=CARTESIAN_POINT('',(0.238357,-0.0426430983848623,-0.04378));
#14924=CARTESIAN_POINT('',(0.238357,-0.0395572,-0.04378));
#14925=CARTESIAN_POINT('',(0.238357,-0.0364713016151378,-0.04378));
#14926=CARTESIAN_POINT('',(0.238857,-0.0330072,-0.04378));
#14927=CARTESIAN_POINT('',(0.396293,0.10479,-0.04378));
#14928=CARTESIAN_POINT('',(0.2515,0.10479,-0.04378));
#14929=CARTESIAN_POINT('',(0.237582,0.10479,-0.04378));
#14930=CARTESIAN_POINT('',(0.237582,0.09329,-0.04378));
#14931=CARTESIAN_POINT('',(0.237582,0.09329,-0.04378));
#14932=CARTESIAN_POINT('',(0.231707,0.09329,-0.04378));
#14933=CARTESIAN_POINT('',(0.231707,0.087415,-0.04378));
#14934=CARTESIAN_POINT('',(0.396293,0.087415,-0.04378));
#14935=CARTESIAN_POINT('',(0.220207,0.087415,-0.04378));
#14936=CARTESIAN_POINT('',(0.220207,-0.124561,-0.04378));
#14937=CARTESIAN_POINT('',(0.220207,0.0153,-0.04378));
#14938=CARTESIAN_POINT('',(0.222707,0.0153,-0.04378));
#14939=CARTESIAN_POINT('',(0.224507,0.0153,-0.04378));
#14940=CARTESIAN_POINT('',(0.224507,0.0153,-0.04378));
#14941=CARTESIAN_POINT('',(0.224993294320046,0.0148788553612092,-0.04378));
#14942=CARTESIAN_POINT('',(0.225980227723122,0.014024112173302,-0.04378));
#14943=CARTESIAN_POINT('',(0.226507,0.0127904321140664,-0.04378));
#14944=CARTESIAN_POINT('',(0.226507,0.0121377223398316,-0.04378));
#14945=CARTESIAN_POINT('',(0.226506999987878,0.0121377223398316,-0.04378));
#14946=CARTESIAN_POINT('',(0.226507,-0.124561,-0.04378));
#14947=CARTESIAN_POINT('',(0.226507000124875,0.00225359882042197,-0.04378));
#14948=CARTESIAN_POINT('',(0.396293,0.00225359869551248,-0.04378));
#14949=CARTESIAN_POINT('',(0.233406999597501,0.0022535986935614,-0.04378));
#14950=CARTESIAN_POINT('',(0.233407,0.00225359869551239,-0.04378));
#14951=CARTESIAN_POINT('',(0.233595561808316,0.00225359869551242,-0.04378));
#14952=CARTESIAN_POINT('',(0.234044089945741,0.00208494179678813,-0.04378));
#14953=CARTESIAN_POINT('',(0.234207,0.00162059129986951,-0.04378));
#14954=CARTESIAN_POINT('',(0.234207,0.0014253777511844,-0.04378));
#14955=CARTESIAN_POINT('',(0.234206999999919,0.00142537766792029,-0.04378));
#14956=CARTESIAN_POINT('',(0.234207,-0.124561,-0.04378));
#14957=CARTESIAN_POINT('',(0.234206999999917,-0.00142537732728093,-0.04378));
#14958=CARTESIAN_POINT('',(0.234207,-0.0014253777511844,-0.04378));
#14959=CARTESIAN_POINT('',(0.234207,-0.00162059129986944,-0.04378));
#14960=CARTESIAN_POINT('',(0.23404408994574,-0.00208494179678809,-0.04378));
#14961=CARTESIAN_POINT('',(0.233595561808316,-0.00225359869551258,-0.04378));
#14962=CARTESIAN_POINT('',(0.233407,-0.00225359869551262,-0.04378));
#14963=CARTESIAN_POINT('',(0.233406999916733,-0.00225359869543792,-0.04378));
#14964=CARTESIAN_POINT('',(0.396293,-0.00225359869551252,-0.04378));
#14965=CARTESIAN_POINT('',(0.226507000124875,-0.00225359882045692,-0.04378));
#14966=CARTESIAN_POINT('',(0.226507,-0.124561,-0.04378));
#14967=CARTESIAN_POINT('',(0.226507,-0.0553905637637314,-0.04378));
#14968=CARTESIAN_POINT('',(0.2277042,-0.0592072,-0.04378));
#14969=CARTESIAN_POINT('',(0.231633258411376,-0.0584572,-0.04378));
#14970=CARTESIAN_POINT('',(0.396293,-0.0584572,-0.04378));
#14971=CARTESIAN_POINT('',(0.272289141588624,-0.0584572,-0.04378));
#14972=CARTESIAN_POINT('',(0.2762182,-0.0592072,-0.04378));
#14973=CARTESIAN_POINT('',(0.2769682,-0.0631362584113754,-0.04378));
#14974=CARTESIAN_POINT('',(0.2769682,-0.124561,-0.04378));
#14975=CARTESIAN_POINT('',(0.2769682,-0.104274741588625,-0.04378));
#14976=CARTESIAN_POINT('',(0.2762182,-0.1082038,-0.04378));
#14977=CARTESIAN_POINT('',(0.272289141588624,-0.1089538,-0.04378));
#14978=CARTESIAN_POINT('',(0.396293,-0.1089538,-0.04378));
#14979=CARTESIAN_POINT('',(0.2454468,-0.1089538,-0.04378));
#14980=CARTESIAN_POINT('',(0.2454468,-0.124561,-0.04378));
#14981=CARTESIAN_POINT('',(0.2454468,-0.111194434760222,-0.04378));
#14982=CARTESIAN_POINT('',(0.2446968,-0.114741,-0.04378));
#14983=CARTESIAN_POINT('',(0.2439468,-0.111194434760222,-0.04378));
#14984=CARTESIAN_POINT('',(0.2439468,-0.124561,-0.04378));
#14985=CARTESIAN_POINT('',(0.2439468,-0.1089538,-0.04378));
#14986=CARTESIAN_POINT('',(0.396293,-0.1089538,-0.04378));
#14987=CARTESIAN_POINT('',(0.231633258411376,-0.1089538,-0.04378));
#14988=CARTESIAN_POINT('',(0.2277042,-0.1082038,-0.04378));
#14989=CARTESIAN_POINT('',(0.226507,-0.112020436236269,-0.04378));
#14990=CARTESIAN_POINT('',(0.226507,-0.124561,-0.04378));
#14991=CARTESIAN_POINT('',(0.226506999999798,-0.125571216914912,-0.04378));
#14992=CARTESIAN_POINT('',(0.226507,-0.125571217355259,-0.04378));
#14993=CARTESIAN_POINT('',(0.226507,-0.125935080884643,-0.04378));
#14994=CARTESIAN_POINT('',(0.226629835390227,-0.126711787227621,-0.04378));
#14995=CARTESIAN_POINT('',(0.227268771050852,-0.12780813749245,-0.04378));
#14996=CARTESIAN_POINT('',(0.228273571505836,-0.128582054170701,-0.04378));
#14997=CARTESIAN_POINT('',(0.229027322140772,-0.128802740167399,-0.04378));
#14998=CARTESIAN_POINT('',(0.22938774253652,-0.128848968200027,-0.04378));
#14999=CARTESIAN_POINT('',(0.229387742557028,-0.128848968040135,-0.0437799995910379));
#15000=CARTESIAN_POINT('',(0.231707,-0.124561,-0.04378));
#15001=CARTESIAN_POINT('',(0.23397605070855,-0.128875746097052,-0.04378));
#15002=CARTESIAN_POINT('',(0.396293,-0.128875746097052,-0.04378));
#15003=CARTESIAN_POINT('',(0.284060284173374,-0.12887574609725,-0.04378));
#15004=CARTESIAN_POINT('',(0.284060284741201,-0.128875746097052,-0.04378));
#15005=CARTESIAN_POINT('',(0.285142627164521,-0.128875746097052,-0.04378));
#15006=CARTESIAN_POINT('',(0.28747027849404,-0.128290936554557,-0.04378));
#15007=CARTESIAN_POINT('',(0.289140564078975,-0.126567536143289,-0.04378));
#15008=CARTESIAN_POINT('',(0.289681735290635,-0.1256302001091,-0.04378));
#15009=CARTESIAN_POINT('',(0.289681735332202,-0.125630200037499,-0.04378));
#15010=CARTESIAN_POINT('',(0.289681735290636,-0.1256302001091,-0.04378));
#15011=CARTESIAN_POINT('',(0.292576398610267,-0.120616496169255,-0.04378));
#15012=CARTESIAN_POINT('',(0.292576399021367,-0.120616495456645,-0.04378));
#15013=CARTESIAN_POINT('',(0.293325878825401,-0.119318358356812,-0.04378));
#15014=CARTESIAN_POINT('',(0.295315672348399,-0.116902018613834,-0.04378));
#15015=CARTESIAN_POINT('',(0.298011577831591,-0.11531278108266,-0.04378));
#15016=CARTESIAN_POINT('',(0.29941,-0.114774780753147,-0.04378));
#15017=CARTESIAN_POINT('',(0.299410000181665,-0.114774776798421,-0.04378));
#15018=CARTESIAN_POINT('',(0.29941,-0.124561,-0.04378));
#15019=CARTESIAN_POINT('',(0.29941,-0.0614190584113754,-0.04378));
#15020=CARTESIAN_POINT('',(0.30016,-0.05749,-0.04378));
#15021=CARTESIAN_POINT('',(0.304089058411376,-0.05674,-0.04378));
#15022=CARTESIAN_POINT('',(0.396293,-0.05674,-0.04378));
#15023=CARTESIAN_POINT('',(0.378230941588624,-0.05674,-0.04378));
#15024=CARTESIAN_POINT('',(0.38216,-0.05749,-0.04378));
#15025=CARTESIAN_POINT('',(0.38291,-0.0614190584113754,-0.04378));
#15026=CARTESIAN_POINT('',(0.38291,-0.124561,-0.04378));
#15027=CARTESIAN_POINT('',(0.38291,-0.120560941588625,-0.04378));
#15028=CARTESIAN_POINT('',(0.38216,-0.12449,-0.04378));
#15029=CARTESIAN_POINT('',(0.38291,-0.128419058411375,-0.04378));
#15030=CARTESIAN_POINT('',(0.38291,-0.124561,-0.04378));
#15031=CARTESIAN_POINT('',(0.38291,-0.128875746097052,-0.04378));
#15032=CARTESIAN_POINT('',(0.396293,-0.128875746097052,-0.04378));
#15033=CARTESIAN_POINT('',(0.394023949291449,-0.128875746097052,-0.04378));
#15034=CARTESIAN_POINT('',(0.396293,-0.124561,-0.04378));
#15035=CARTESIAN_POINT('',(0.398612257468054,-0.128848968118218,-0.0437799995910379));
#15036=CARTESIAN_POINT('',(0.398612257478303,-0.128848968198125,-0.04378));
#15037=CARTESIAN_POINT('',(0.398972677873223,-0.128802740163943,-0.04378));
#15038=CARTESIAN_POINT('',(0.399726428505457,-0.128582054164466,-0.04378));
#15039=CARTESIAN_POINT('',(0.400731228954568,-0.12780813748541,-0.04378));
#15040=CARTESIAN_POINT('',(0.401370164610639,-0.126711787223518,-0.04378));
#15041=CARTESIAN_POINT('',(0.401493,-0.125935080883396,-0.04378));
#15042=CARTESIAN_POINT('',(0.401493,-0.125571217355259,-0.04378));
#15043=CARTESIAN_POINT('',(0.401493000000201,-0.125571217272201,-0.04378));
#15044=CARTESIAN_POINT('',(0.401493,-0.124561,-0.04378));
#15045=CARTESIAN_POINT('',(0.401492999875125,-0.002253598820422,-0.04378));
#15046=CARTESIAN_POINT('',(0.396293,-0.00225359869551252,-0.04378));
#15047=CARTESIAN_POINT('',(0.394593000402499,-0.00225359869356235,-0.04378));
#15048=CARTESIAN_POINT('',(0.394593,-0.00225359869551262,-0.04378));
#15049=CARTESIAN_POINT('',(0.394404438191684,-0.00225359869551258,-0.04378));
#15050=CARTESIAN_POINT('',(0.39395591005426,-0.00208494179678812,-0.04378));
#15051=CARTESIAN_POINT('',(0.393793,-0.00162059129986944,-0.04378));
#15052=CARTESIAN_POINT('',(0.393793,-0.0014253777511844,-0.04378));
#15053=CARTESIAN_POINT('',(0.393793000000084,-0.0014253776679203,-0.04378));
#15054=CARTESIAN_POINT('',(0.393793,-0.124561,-0.04378));
#15055=CARTESIAN_POINT('',(0.393793000000081,0.00142537732728095,-0.04378));
#15056=CARTESIAN_POINT('',(0.393793,0.0014253777511844,-0.04378));
#15057=CARTESIAN_POINT('',(0.393793,0.00162059129986945,-0.04378));
#15058=CARTESIAN_POINT('',(0.39395591005426,0.00208494179678803,-0.04378));
#15059=CARTESIAN_POINT('',(0.394404438191684,0.00225359869551236,-0.04378));
#15060=CARTESIAN_POINT('',(0.394593,0.00225359869551239,-0.04378));
#15061=CARTESIAN_POINT('',(0.394593000083267,0.00225359869543633,-0.04378));
#15062=CARTESIAN_POINT('',(0.396293,0.00225359869551248,-0.04378));
#15063=CARTESIAN_POINT('',(0.401492999875125,0.00225359882045691,-0.04378));
#15064=CARTESIAN_POINT('',(0.401493,-0.124561,-0.04378));
#15065=CARTESIAN_POINT('',(0.401493000000013,0.0121377223398316,-0.04378));
#15066=CARTESIAN_POINT('',(0.401493,0.0121377223398316,-0.04378));
#15067=CARTESIAN_POINT('',(0.401493,0.0127904326472596,-0.04378));
#15068=CARTESIAN_POINT('',(0.402019688658309,0.0140240404348636,-0.04378));
#15069=CARTESIAN_POINT('',(0.403006876653233,0.0148790034289048,-0.04378));
#15070=CARTESIAN_POINT('',(0.403493,0.0153,-0.04378));
#15071=CARTESIAN_POINT('',(0.403493,0.0153,-0.04378));
#15072=CARTESIAN_POINT('',(0.411293,0.0153,-0.04378));
#15073=CARTESIAN_POINT('',(0.407793,0.0153,-0.04378));
#15074=CARTESIAN_POINT('',(0.407793,-0.124561,-0.04378));
#15075=CARTESIAN_POINT('',(0.407793,0.087415,-0.04378));
#15076=CARTESIAN_POINT('',(0.396293,0.087415,-0.04378));
#15077=CARTESIAN_POINT('',(0.396293,0.087415,-0.04378));
#15078=CARTESIAN_POINT('',(0.396293,0.09329,-0.04378));
#15079=CARTESIAN_POINT('',(0.390427131801798,0.0936174374464264,-0.04378));
#15080=CARTESIAN_POINT('',(0.38406903531931,-0.124204189025363,-0.04378));
#15081=CARTESIAN_POINT('',(0.390753252912098,0.10479,-0.04378));
#15082=CARTESIAN_POINT('',(0.396293,0.10479,-0.04378));
#15083=CARTESIAN_POINT('',(0.3765,0.10479,-0.04378));
#15084=CARTESIAN_POINT('',(0.3765,0.02,-0.04378));
#15085=CARTESIAN_POINT('',(0.3765,0.06779,-0.04378));
#15086=CARTESIAN_POINT('',(0.3735,0.06779,-0.04378));
#15087=CARTESIAN_POINT('',(0.3735,0.06479,-0.04378));
#15088=CARTESIAN_POINT('',(0.254,0.06479,-0.04378));
#15089=CARTESIAN_POINT('',(0.2545,0.06479,-0.04378));
#15090=CARTESIAN_POINT('',(0.2545,0.06779,-0.04378));
#15091=CARTESIAN_POINT('',(0.2515,0.06779,-0.04378));
#15092=CARTESIAN_POINT('',(0.2515,-0.104561,-0.04378));
#15093=CARTESIAN_POINT('',(0.220207,-0.124561,-0.04278));
#15094=CARTESIAN_POINT('',(0.220207,0.087415,-0.04278));
#15095=CARTESIAN_POINT('',(0.219207,0.087415,-0.04278));
#15096=CARTESIAN_POINT('',(0.219207,0.07329,-0.04278));
#15097=CARTESIAN_POINT('',(0.219207,0.0153,-0.04278));
#15098=CARTESIAN_POINT('',(0.220207,0.0153,-0.04278));
#15099=CARTESIAN_POINT('',(0.219207,0.07329,0.0028));
#15100=CARTESIAN_POINT('',(0.219207,0.089415,0.00051));
#15101=CARTESIAN_POINT('',(0.219207,0.089415,0.00251));
#15102=CARTESIAN_POINT('',(0.219207,0.087415,0.00051));
#15103=CARTESIAN_POINT('',(0.219207,0.09329,0.00251));
#15104=CARTESIAN_POINT('',(0.219207,0.09329,0.00251));
#15105=CARTESIAN_POINT('',(0.219207,0.09329,0.0028));
#15106=CARTESIAN_POINT('',(0.219207,0.09329,0.00701));
#15107=CARTESIAN_POINT('',(0.219207,0.07329,0.00701));
#15108=CARTESIAN_POINT('',(0.219207,0.07329,0.00151));
#15109=CARTESIAN_POINT('',(0.219207,-0.123561,0.00151));
#15110=CARTESIAN_POINT('',(0.219207,-0.123561,0.0028));
#15111=CARTESIAN_POINT('',(0.219207,-0.123561,-0.02248));
#15112=CARTESIAN_POINT('',(0.219207,0.07329,-0.02248));
#15113=CARTESIAN_POINT('',(0.219207,1.12182484727098E-17,-0.02248));
#15114=CARTESIAN_POINT('',(0.219207,1.38599608749694E-17,-0.03628));
#15115=CARTESIAN_POINT('',(0.219207,0.0138,-0.03628));
#15116=CARTESIAN_POINT('',(0.219207,0.0138,0.0028));
#15117=CARTESIAN_POINT('',(0.219207,0.0138,-0.04128));
#15118=CARTESIAN_POINT('',(0.219207,0.0153,-0.04128));
#15119=CARTESIAN_POINT('',(0.219207,0.087415,0.0028));
#15120=CARTESIAN_POINT('',(0.396293,0.10479,-0.04278));
#15121=CARTESIAN_POINT('',(0.390753252912098,0.10479,-0.04278));
#15122=CARTESIAN_POINT('',(0.390753252912098,0.10579,-0.04278));
#15123=CARTESIAN_POINT('',(0.231707,0.10579,-0.04278));
#15124=CARTESIAN_POINT('',(0.3765,0.10579,-0.04278));
#15125=CARTESIAN_POINT('',(0.3765,0.10479,-0.04278));
#15126=CARTESIAN_POINT('',(0.396293,-0.124561,-0.02348));
#15127=CARTESIAN_POINT('',(0.30016,-0.12449,-0.02348));
#15128=CARTESIAN_POINT('',(0.30091,-0.128419058411375,-0.02348));
#15129=CARTESIAN_POINT('',(0.30091,-0.120560941588625,-0.02348));
#15130=CARTESIAN_POINT('',(0.30091,-0.124561,-0.02348));
#15131=CARTESIAN_POINT('',(0.30091,-0.136061,-0.02348));
#15132=CARTESIAN_POINT('',(0.396293,-0.136061,-0.02348));
#15133=CARTESIAN_POINT('',(0.38141,-0.136061,-0.02348));
#15134=CARTESIAN_POINT('',(0.38141,-0.124561,-0.02348));
#15135=CARTESIAN_POINT('',(0.38141,-0.131837553149928,-0.02348));
#15136=CARTESIAN_POINT('',(0.396293,-0.131837553149928,-0.02348));
#15137=CARTESIAN_POINT('',(0.343382833788617,-0.131837553149728,-0.02348));
#15138=CARTESIAN_POINT('',(0.343381816485623,-0.123350963141762,-0.0234800039930257));
#15139=CARTESIAN_POINT('',(0.336031705538249,-0.127593377555566,-0.02348));
#15140=CARTESIAN_POINT('',(0.336031705579388,-0.127593377627221,-0.02348));
#15141=CARTESIAN_POINT('',(0.333137042132534,-0.122579673466057,-0.02348));
#15142=CARTESIAN_POINT('',(0.333137041848656,-0.122579672974766,-0.02348));
#15143=CARTESIAN_POINT('',(0.332179585089565,-0.12092130922197,-0.02348));
#15144=CARTESIAN_POINT('',(0.329224464439295,-0.117872216186649,-0.02348));
#15145=CARTESIAN_POINT('',(0.32510631208707,-0.116837553149928,-0.02348));
#15146=CARTESIAN_POINT('',(0.323191398568887,-0.116837553149928,-0.02348));
#15147=CARTESIAN_POINT('',(0.323191398486513,-0.116837553149728,-0.02348));
#15148=CARTESIAN_POINT('',(0.396293,-0.116837553149928,-0.02348));
#15149=CARTESIAN_POINT('',(0.304808601998523,-0.116837553149729,-0.02348));
#15150=CARTESIAN_POINT('',(0.304808601431113,-0.116837553149928,-0.02348));
#15151=CARTESIAN_POINT('',(0.303528852995168,-0.116837553149928,-0.02348));
#15152=CARTESIAN_POINT('',(0.30218935395403,-0.117057624548697,-0.02348));
#15153=CARTESIAN_POINT('',(0.30091,-0.117519228033238,-0.02348));
#15154=CARTESIAN_POINT('',(0.30091,-0.117519228033238,-0.02348));
#15155=CARTESIAN_POINT('',(0.30091,-0.124561,-0.02348));
#15156=CARTESIAN_POINT('',(0.396293,-0.124561,-0.02348));
#15157=CARTESIAN_POINT('',(0.220207,-0.124561,-0.02348));
#15158=CARTESIAN_POINT('',(0.220207,4.51476778092502E-18,-0.02348));
#15159=CARTESIAN_POINT('',(0.220207,-0.123561,-0.02348));
#15160=CARTESIAN_POINT('',(0.396293,-0.123561,-0.02348));
#15161=CARTESIAN_POINT('',(0.224507,-0.123561,-0.02348));
#15162=CARTESIAN_POINT('',(0.224507,-0.124561,-0.02348));
#15163=CARTESIAN_POINT('',(0.224507,-0.110607528803338,-0.02348));
#15164=CARTESIAN_POINT('',(0.2277042,-0.1082038,-0.02348));
#15165=CARTESIAN_POINT('',(0.224507,-0.105800071196662,-0.02348));
#15166=CARTESIAN_POINT('',(0.224507,-0.124561,-0.02348));
#15167=CARTESIAN_POINT('',(0.224507,-0.061610928803338,-0.02348));
#15168=CARTESIAN_POINT('',(0.2277042,-0.0592072,-0.02348));
#15169=CARTESIAN_POINT('',(0.224507,-0.056803471196662,-0.02348));
#15170=CARTESIAN_POINT('',(0.224507,-0.124561,-0.02348));
#15171=CARTESIAN_POINT('',(0.224507,7.56987024004643E-18,-0.02348));
#15172=CARTESIAN_POINT('',(0.396293,0.,-0.02348));
#15173=CARTESIAN_POINT('',(0.396293,-0.124561,-0.04378));
#15174=CARTESIAN_POINT('',(0.38141,-0.124561,-0.04378));
#15175=CARTESIAN_POINT('',(0.38141,-0.128875746097052,-0.04378));
#15176=CARTESIAN_POINT('',(0.38141,-0.128419058411375,-0.04378));
#15177=CARTESIAN_POINT('',(0.38216,-0.12449,-0.04378));
#15178=CARTESIAN_POINT('',(0.38141,-0.120560941588625,-0.04378));
#15179=CARTESIAN_POINT('',(0.38141,-0.124561,-0.04378));
#15180=CARTESIAN_POINT('',(0.38141,-0.0614190584113754,-0.04378));
#15181=CARTESIAN_POINT('',(0.38216,-0.05749,-0.04378));
#15182=CARTESIAN_POINT('',(0.378230941588624,-0.05824,-0.04378));
#15183=CARTESIAN_POINT('',(0.396293,-0.05824,-0.04378));
#15184=CARTESIAN_POINT('',(0.304089058411376,-0.05824,-0.04378));
#15185=CARTESIAN_POINT('',(0.30016,-0.05749,-0.04378));
#15186=CARTESIAN_POINT('',(0.30091,-0.0614190584113754,-0.04378));
#15187=CARTESIAN_POINT('',(0.30091,-0.124561,-0.04378));
#15188=CARTESIAN_POINT('',(0.300910001911774,-0.114296243291632,-0.04378));
#15189=CARTESIAN_POINT('',(0.30091,-0.114296236074586,-0.04378));
#15190=CARTESIAN_POINT('',(0.301997527007869,-0.114018097835438,-0.04378));
#15191=CARTESIAN_POINT('',(0.303128825231952,-0.113875746097052,-0.04378));
#15192=CARTESIAN_POINT('',(0.30425171939327,-0.113875746097052,-0.04378));
#15193=CARTESIAN_POINT('',(0.304251719475478,-0.113875746097318,-0.04378));
#15194=CARTESIAN_POINT('',(0.396293,-0.113875746097052,-0.04378));
#15195=CARTESIAN_POINT('',(0.323748280039487,-0.11387574609725,-0.04378));
#15196=CARTESIAN_POINT('',(0.32374828060673,-0.113875746097052,-0.04378));
#15197=CARTESIAN_POINT('',(0.324872251584794,-0.113875746097052,-0.04378));
#15198=CARTESIAN_POINT('',(0.327197941581152,-0.11416077028441,-0.04378));
#15199=CARTESIAN_POINT('',(0.330571407733002,-0.115539241967035,-0.04378));
#15200=CARTESIAN_POINT('',(0.333451932304477,-0.117771513512031,-0.04378));
#15201=CARTESIAN_POINT('',(0.334861615489601,-0.119643108036526,-0.04378));
#15202=CARTESIAN_POINT('',(0.335423600978633,-0.120616495456646,-0.04378));
#15203=CARTESIAN_POINT('',(0.335423601019565,-0.120616495527938,-0.04378));
#15204=CARTESIAN_POINT('',(0.335423600978633,-0.120616495456645,-0.04378));
#15205=CARTESIAN_POINT('',(0.338318264425279,-0.125630199617447,-0.04378));
#15206=CARTESIAN_POINT('',(0.338318264709365,-0.1256302001091,-0.04378));
#15207=CARTESIAN_POINT('',(0.338859435921025,-0.126567536143289,-0.04378));
#15208=CARTESIAN_POINT('',(0.34052972150596,-0.128290936554557,-0.04378));
#15209=CARTESIAN_POINT('',(0.342857372835478,-0.128875746097052,-0.04378));
#15210=CARTESIAN_POINT('',(0.343939715258799,-0.128875746097052,-0.04378));
#15211=CARTESIAN_POINT('',(0.343939715341591,-0.12887574609725,-0.04378));
#15212=CARTESIAN_POINT('',(0.396293,-0.128875746097052,-0.04378));
#15213=CARTESIAN_POINT('',(0.396293,-0.124561,-0.04378));
#15214=CARTESIAN_POINT('',(0.2284542,-0.1074538,-0.04378));
#15215=CARTESIAN_POINT('',(0.272289141588624,-0.1074538,-0.04378));
#15216=CARTESIAN_POINT('',(0.231633258411376,-0.1074538,-0.04378));
#15217=CARTESIAN_POINT('',(0.2762182,-0.1082038,-0.04378));
#15218=CARTESIAN_POINT('',(0.2754682,-0.104274741588625,-0.04378));
#15219=CARTESIAN_POINT('',(0.2754682,-0.0599572,-0.04378));
#15220=CARTESIAN_POINT('',(0.2754682,-0.0631362584113754,-0.04378));
#15221=CARTESIAN_POINT('',(0.2762182,-0.0592072,-0.04378));
#15222=CARTESIAN_POINT('',(0.272289141588624,-0.0599572,-0.04378));
#15223=CARTESIAN_POINT('',(0.2284542,-0.0599572,-0.04378));
#15224=CARTESIAN_POINT('',(0.231633258411376,-0.0599572,-0.04378));
#15225=CARTESIAN_POINT('',(0.2277042,-0.0592072,-0.04378));
#15226=CARTESIAN_POINT('',(0.2284542,-0.0631362584113755,-0.04378));
#15227=CARTESIAN_POINT('',(0.2284542,-0.0599572,-0.04378));
#15228=CARTESIAN_POINT('',(0.2284542,-0.104274741588624,-0.04378));
#15229=CARTESIAN_POINT('',(0.2277042,-0.1082038,-0.04378));
#15230=CARTESIAN_POINT('',(0.396293,-0.124561,-0.04378));
#15231=CARTESIAN_POINT('',(0.2269542,-0.124561,-0.04378));
#15232=CARTESIAN_POINT('',(0.2269542,-0.104274741588625,-0.04378));
#15233=CARTESIAN_POINT('',(0.2269542,-0.0631362584113753,-0.04378));
#15234=CARTESIAN_POINT('',(0.2277042,-0.0592072,-0.04378));
#15235=CARTESIAN_POINT('',(0.226507,-0.0630238362362686,-0.04378));
#15236=CARTESIAN_POINT('',(0.226507,-0.124561,-0.04378));
#15237=CARTESIAN_POINT('',(0.226507,-0.104387163763731,-0.04378));
#15238=CARTESIAN_POINT('',(0.2277042,-0.1082038,-0.04378));
#15239=CARTESIAN_POINT('',(0.396293,-0.124561,-0.04378));
#15240=CARTESIAN_POINT('',(0.259857,-0.0330072,-0.04378));
#15241=CARTESIAN_POINT('',(0.256392898384862,-0.0335072,-0.04378));
#15242=CARTESIAN_POINT('',(0.259357,-0.0364713016151378,-0.04378));
#15243=CARTESIAN_POINT('',(0.249357,-0.0335072,-0.04378));
#15244=CARTESIAN_POINT('',(0.242321101615138,-0.0335072,-0.04378));
#15245=CARTESIAN_POINT('',(0.238857,-0.0330072,-0.04378));
#15246=CARTESIAN_POINT('',(0.239357,-0.0364713016151378,-0.04378));
#15247=CARTESIAN_POINT('',(0.239357,-0.0395572,-0.04378));
#15248=CARTESIAN_POINT('',(0.239357,-0.0426430983848623,-0.04378));
#15249=CARTESIAN_POINT('',(0.238857,-0.0461072,-0.04378));
#15250=CARTESIAN_POINT('',(0.242321101615138,-0.0456072,-0.04378));
#15251=CARTESIAN_POINT('',(0.249357,-0.0456072,-0.04378));
#15252=CARTESIAN_POINT('',(0.256392898384862,-0.0456072,-0.04378));
#15253=CARTESIAN_POINT('',(0.259857,-0.0461072,-0.04378));
#15254=CARTESIAN_POINT('',(0.259357,-0.0426430983848623,-0.04378));
#15255=CARTESIAN_POINT('',(0.259357,-0.0395572,-0.04378));
#15256=CARTESIAN_POINT('',(0.238857,-0.0330072,-0.03878));
#15257=CARTESIAN_POINT('',(0.238857,-0.0330072,-0.03878));
#15258=CARTESIAN_POINT('',(0.242357000000001,-0.0330072,-0.03878));
#15259=CARTESIAN_POINT('',(0.242321101615138,-0.0335072,-0.04078));
#15260=CARTESIAN_POINT('',(0.242321101615138,-0.0335072,-0.04078));
#15261=CARTESIAN_POINT('',(0.238857,-0.0330072,-0.04078));
#15262=CARTESIAN_POINT('',(0.242321101615138,-0.0325072,-0.04078));
#15263=CARTESIAN_POINT('',(0.242321101615138,-0.0325072,-0.04078));
#15264=CARTESIAN_POINT('',(0.238357,-0.0364713016151378,-0.04078));
#15265=CARTESIAN_POINT('',(0.238357,-0.0364713016151378,-0.04078));
#15266=CARTESIAN_POINT('',(0.238857,-0.0330072,-0.04078));
#15267=CARTESIAN_POINT('',(0.239357,-0.0364713016151378,-0.04078));
#15268=CARTESIAN_POINT('',(0.239357,-0.0364713016151378,-0.04078));
#15269=CARTESIAN_POINT('',(0.259857,-0.0461072,-0.03878));
#15270=CARTESIAN_POINT('',(0.259857,-0.0461072,-0.03878));
#15271=CARTESIAN_POINT('',(0.263357,-0.0461072,-0.03878));
#15272=CARTESIAN_POINT('',(0.260357,-0.0426430983848623,-0.04078));
#15273=CARTESIAN_POINT('',(0.260357,-0.0426430983848623,-0.04078));
#15274=CARTESIAN_POINT('',(0.259857,-0.0461072,-0.04078));
#15275=CARTESIAN_POINT('',(0.259357,-0.0426430983848623,-0.04078));
#15276=CARTESIAN_POINT('',(0.259357,-0.0426430983848623,-0.04078));
#15277=CARTESIAN_POINT('',(0.256392898384862,-0.0456072,-0.04078));
#15278=CARTESIAN_POINT('',(0.256392898384862,-0.0456072,-0.04078));
#15279=CARTESIAN_POINT('',(0.259857,-0.0461072,-0.04078));
#15280=CARTESIAN_POINT('',(0.256392898384862,-0.0466072,-0.04078));
#15281=CARTESIAN_POINT('',(0.256392898384862,-0.0466072,-0.04078));
#15282=CARTESIAN_POINT('',(0.259857,-0.0330072,-0.03878));
#15283=CARTESIAN_POINT('',(0.259857,-0.0330072,-0.03878));
#15284=CARTESIAN_POINT('',(0.263357,-0.0330072,-0.03878));
#15285=CARTESIAN_POINT('',(0.256392898384862,-0.0325072,-0.04078));
#15286=CARTESIAN_POINT('',(0.256392898384862,-0.0325072,-0.04078));
#15287=CARTESIAN_POINT('',(0.259857,-0.0330072,-0.04078));
#15288=CARTESIAN_POINT('',(0.256392898384862,-0.0335072,-0.04078));
#15289=CARTESIAN_POINT('',(0.256392898384862,-0.0335072,-0.04078));
#15290=CARTESIAN_POINT('',(0.259357,-0.0364713016151378,-0.04078));
#15291=CARTESIAN_POINT('',(0.259357,-0.0364713016151378,-0.04078));
#15292=CARTESIAN_POINT('',(0.259857,-0.0330072,-0.04078));
#15293=CARTESIAN_POINT('',(0.260357,-0.0364713016151378,-0.04078));
#15294=CARTESIAN_POINT('',(0.260357,-0.0364713016151378,-0.04078));
#15295=CARTESIAN_POINT('',(0.238857,-0.0461072,-0.03878));
#15296=CARTESIAN_POINT('',(0.238857,-0.0461072,-0.03878));
#15297=CARTESIAN_POINT('',(0.242357,-0.0461072,-0.03878));
#15298=CARTESIAN_POINT('',(0.239357,-0.0426430983848623,-0.04078));
#15299=CARTESIAN_POINT('',(0.239357,-0.0426430983848623,-0.04078));
#15300=CARTESIAN_POINT('',(0.238857,-0.0461072,-0.04078));
#15301=CARTESIAN_POINT('',(0.238357,-0.0426430983848623,-0.04078));
#15302=CARTESIAN_POINT('',(0.238357,-0.0426430983848623,-0.04078));
#15303=CARTESIAN_POINT('',(0.242321101615138,-0.0466072,-0.04078));
#15304=CARTESIAN_POINT('',(0.242321101615138,-0.0466072,-0.04078));
#15305=CARTESIAN_POINT('',(0.238857,-0.0461072,-0.04078));
#15306=CARTESIAN_POINT('',(0.242321101615138,-0.0456072,-0.04078));
#15307=CARTESIAN_POINT('',(0.242321101615138,-0.0456072,-0.04078));
#15308=CARTESIAN_POINT('',(0.380993,0.04129,-0.02378));
#15309=CARTESIAN_POINT('',(0.380993,0.04129,-0.02378));
#15310=CARTESIAN_POINT('',(0.384993,0.04129,-0.02378));
#15311=CARTESIAN_POINT('',(0.377120016653793,0.0422899999999993,-0.03378));
#15312=CARTESIAN_POINT('',(0.377120016653793,0.0422899999999993,-0.03378));
#15313=CARTESIAN_POINT('',(0.380993,0.04129,-0.03378));
#15314=CARTESIAN_POINT('',(0.377120016653793,0.0402900000000007,-0.03378));
#15315=CARTESIAN_POINT('',(0.377120016653793,0.0402900000000007,-0.03378));
#15316=CARTESIAN_POINT('',(0.323243,-0.04771,-0.02378));
#15317=CARTESIAN_POINT('',(0.323243,-0.04771,-0.02378));
#15318=CARTESIAN_POINT('',(0.327243,-0.04771,-0.02378));
#15319=CARTESIAN_POINT('',(0.327115983346208,-0.04871,-0.03378));
#15320=CARTESIAN_POINT('',(0.327115983346208,-0.04871,-0.03378));
#15321=CARTESIAN_POINT('',(0.323243,-0.04771,-0.03378));
#15322=CARTESIAN_POINT('',(0.327115983346208,-0.04671,-0.03378));
#15323=CARTESIAN_POINT('',(0.327115983346208,-0.04671,-0.03378));
#15324=CARTESIAN_POINT('',(0.323243,0.04129,-0.02378));
#15325=CARTESIAN_POINT('',(0.323243,0.04129,-0.02378));
#15326=CARTESIAN_POINT('',(0.327243,0.04129,-0.02378));
#15327=CARTESIAN_POINT('',(0.327115983346208,0.0402900000000007,-0.03378));
#15328=CARTESIAN_POINT('',(0.327115983346208,0.0402900000000007,-0.03378));
#15329=CARTESIAN_POINT('',(0.323243,0.04129,-0.03378));
#15330=CARTESIAN_POINT('',(0.327115983346208,0.04229,-0.03378));
#15331=CARTESIAN_POINT('',(0.327115983346208,0.0422899999999993,-0.03378));
#15332=CARTESIAN_POINT('',(0.380993,-0.04771,-0.02378));
#15333=CARTESIAN_POINT('',(0.380993,-0.04771,-0.02378));
#15334=CARTESIAN_POINT('',(0.384993,-0.04771,-0.02378));
#15335=CARTESIAN_POINT('',(0.377120016653793,-0.04671,-0.03378));
#15336=CARTESIAN_POINT('',(0.377120016653793,-0.04671,-0.03378));
#15337=CARTESIAN_POINT('',(0.380993,-0.04771,-0.03378));
#15338=CARTESIAN_POINT('',(0.377120016653793,-0.0487099999999993,-0.03378));
#15339=CARTESIAN_POINT('',(0.377120016653793,-0.04871,-0.03378));
#15340=CARTESIAN_POINT('',(0.403293,-1.229501953572E-17,-0.03628));
#15341=CARTESIAN_POINT('',(0.403293,-1.229501953572E-17,-0.03628));
#15342=CARTESIAN_POINT('',(0.403293,0.0045,-0.03628));
#15343=CARTESIAN_POINT('',(0.403293,0.000836523400427691,-0.0318584359553958));
#15344=CARTESIAN_POINT('',(0.403293,0.000836523400427692,-0.03628));
#15345=CARTESIAN_POINT('',(0.403293,0.000836523400427692,-0.0288267974265731));
#15346=CARTESIAN_POINT('',(0.403293,-1.229501953572E-17,-0.03628));
#15347=CARTESIAN_POINT('',(0.403293,0.0075,-0.03628));
#15348=CARTESIAN_POINT('',(0.403293,-1.229501953572E-17,-0.03628));
#15349=CARTESIAN_POINT('',(0.402893,0.00083652340042769,-0.031797813033797));
#15350=CARTESIAN_POINT('',(0.403293,0.000836523400427692,-0.0288267974265731));
#15351=CARTESIAN_POINT('',(0.403293,0.000637793621666772,-0.0288044926376374));
#15352=CARTESIAN_POINT('',(0.403127100772892,0.000455476629161091,-0.0287938230101171));
#15353=CARTESIAN_POINT('',(0.402927862297099,0.000438045521190991,-0.0287928031866817));
#15354=CARTESIAN_POINT('',(0.402927862297099,0.000438045521190991,-0.0287928031866817));
#15355=CARTESIAN_POINT('',(0.402927862297099,0.000438045521190993,-0.0318013711784337));
#15356=CARTESIAN_POINT('',(0.403127852504349,0.000455542397141538,-0.0318030825120696));
#15357=CARTESIAN_POINT('',(0.403293,0.000639315835846501,-0.0318211259128748));
#15358=CARTESIAN_POINT('',(0.403293,0.000836523400427695,-0.0318584359553958));
#15359=CARTESIAN_POINT('',(0.402927862297099,0.000438045521190993,-0.0318013711784337));
#15360=CARTESIAN_POINT('',(0.402927862297099,0.000438045521190991,-0.031797813033797));
#15361=CARTESIAN_POINT('',(0.402493,0.000399999999999982,-0.031797813033797));
#15362=CARTESIAN_POINT('',(0.402927862297099,0.000438045521190984,-0.0287928031866816));
#15363=CARTESIAN_POINT('',(0.4029046207657,0.000436012198905728,-0.0287926842252409));
#15364=CARTESIAN_POINT('',(0.4028813792343,0.000433978828160354,-0.028792566092094));
#15365=CARTESIAN_POINT('',(0.402858137702901,0.000431945409629705,-0.0287924487872803));
#15366=CARTESIAN_POINT('',(0.402858137702901,0.00043194540962971,-0.0287924487872804));
#15367=CARTESIAN_POINT('',(0.397920979078896,-1.11869456295774E-17,-0.03628));
#15368=CARTESIAN_POINT('',(0.402858137702901,0.000431945409629709,-0.0318007787325139));
#15369=CARTESIAN_POINT('',(0.402858137702901,0.00043194540962971,-0.031797813033797));
#15370=CARTESIAN_POINT('',(0.403293,-1.229501953572E-17,-0.03628));
#15371=CARTESIAN_POINT('',(0.403293,-1.229501953572E-17,-0.03628));
#15372=CARTESIAN_POINT('',(0.403293,-0.0075,-0.03628));
#15373=CARTESIAN_POINT('',(0.403293,-0.000836523400427727,-0.0288267974265731));
#15374=CARTESIAN_POINT('',(0.403293,-0.000836523400427727,-0.03628));
#15375=CARTESIAN_POINT('',(0.403293,-0.000836523400427729,-0.0318584359553958));
#15376=CARTESIAN_POINT('',(0.403293,-1.229501953572E-17,-0.03628));
#15377=CARTESIAN_POINT('',(0.403293,-0.0045,-0.03628));
#15378=CARTESIAN_POINT('',(0.403293,-1.229501953572E-17,-0.03628));
#15379=CARTESIAN_POINT('',(0.402893,-0.000836523400427727,-0.031797813033797));
#15380=CARTESIAN_POINT('',(0.403293,-0.000836523400427731,-0.0318584359553958));
#15381=CARTESIAN_POINT('',(0.403293,-0.000639282032471967,-0.0318211195175555));
#15382=CARTESIAN_POINT('',(0.403127900436212,-0.00045554659063623,-0.0318030829222267));
#15383=CARTESIAN_POINT('',(0.402927862297099,-0.000438045521191027,-0.0318013711784337));
#15384=CARTESIAN_POINT('',(0.402927862297099,-0.000438045521191031,-0.0318013711784337));
#15385=CARTESIAN_POINT('',(0.402927862297099,-0.000438045521191031,-0.0287928031866817));
#15386=CARTESIAN_POINT('',(0.403127083760787,-0.000455475140794778,-0.0287938229230388));
#15387=CARTESIAN_POINT('',(0.403293,-0.000637806224202533,-0.0288044940521054));
#15388=CARTESIAN_POINT('',(0.403293,-0.000836523400427727,-0.0288267974265731));
#15389=CARTESIAN_POINT('',(0.402927862297099,-0.000438045521191031,-0.0287928031866817));
#15390=CARTESIAN_POINT('',(0.402927862297099,-0.000438045521191031,-0.031797813033797));
#15391=CARTESIAN_POINT('',(0.402493,-0.000400000000000019,-0.031797813033797));
#15392=CARTESIAN_POINT('',(0.402927862297099,-0.000438045521191036,-0.0318013711784337));
#15393=CARTESIAN_POINT('',(0.4029046207657,-0.000436012285466062,-0.0318011723118077));
#15394=CARTESIAN_POINT('',(0.4028813792343,-0.000433978914317007,-0.0318009748297734));
#15395=CARTESIAN_POINT('',(0.402858137702901,-0.000431945409629755,-0.0318007787325139));
#15396=CARTESIAN_POINT('',(0.402858137702901,-0.000431945409629751,-0.0318007787325139));
#15397=CARTESIAN_POINT('',(0.402858137702901,-0.000431945409629754,-0.0287924487872803));
#15398=CARTESIAN_POINT('',(0.4028813792343,-0.000433978828160403,-0.028792566092094));
#15399=CARTESIAN_POINT('',(0.4029046207657,-0.000436012198905777,-0.0287926842252409));
#15400=CARTESIAN_POINT('',(0.402927862297099,-0.000438045521191032,-0.0287928031866816));
#15401=CARTESIAN_POINT('',(0.402858137702901,-0.000431945409629751,-0.0287924487872804));
#15402=CARTESIAN_POINT('',(0.402858137702901,-0.000431945409629751,-0.031797813033797));
#15403=CARTESIAN_POINT('',(0.411295,0.00125,-0.04118));
#15404=CARTESIAN_POINT('',(0.402093,0.00125,-0.04118));
#15405=CARTESIAN_POINT('',(0.402093,-0.000943069204808416,-0.04118));
#15406=CARTESIAN_POINT('',(0.402093,0.00094306920480841,-0.04118));
#15407=CARTESIAN_POINT('',(0.411295,0.000943069204808413,-0.04118));
#15408=CARTESIAN_POINT('',(0.394593,0.000943069204808413,-0.04118));
#15409=CARTESIAN_POINT('',(0.394593,0.00125,-0.04118));
#15410=CARTESIAN_POINT('',(0.394593,-0.000943069204808412,-0.04118));
#15411=CARTESIAN_POINT('',(0.411295,-0.000943069204808412,-0.04118));
#15412=CARTESIAN_POINT('',(0.339822350403012,-0.132012713081557,-0.0258491601093927));
#15413=CARTESIAN_POINT('',(0.336987779854593,-0.12693603794151,-0.0274429591105421));
#15414=CARTESIAN_POINT('',(0.337453426097483,-0.126129514775548,-0.0428323358315949));
#15415=CARTESIAN_POINT('',(0.336896544067179,-0.127094062745841,-0.0244276641684051));
#15416=CARTESIAN_POINT('',(0.340593156773775,-0.131567687815903,-0.0428323359562429));
#15417=CARTESIAN_POINT('',(0.33455876249053,-0.121115810337483,-0.0428323358315964));
#15418=CARTESIAN_POINT('',(0.334034351300702,-0.122024116948466,-0.0255008111927593));
#15419=CARTESIAN_POINT('',(0.334001880460225,-0.122080358307777,-0.0244276641684051));
#15420=CARTESIAN_POINT('',(0.339757833717011,-0.132049961807587,-0.0244276640437571));
#15421=CARTESIAN_POINT('',(0.323192751483239,-0.128319449483209,-0.0244800075324685));
#15422=CARTESIAN_POINT('',(0.323191398568887,-0.116837553149928,-0.02348));
#15423=CARTESIAN_POINT('',(0.323191398568887,-0.116584480408388,-0.02348));
#15424=CARTESIAN_POINT('',(0.323191398568887,-0.116080072734723,-0.0236817821931681));
#15425=CARTESIAN_POINT('',(0.323191398568887,-0.1158521684191,-0.0241749381296147));
#15426=CARTESIAN_POINT('',(0.323191398568887,-0.115838923615173,-0.0244276640437571));
#15427=CARTESIAN_POINT('',(0.323191398449198,-0.115838923608641,-0.0244276641684046));
#15428=CARTESIAN_POINT('',(0.334001880394723,-0.122080358207389,-0.0244276640437571));
#15429=CARTESIAN_POINT('',(0.333990410058054,-0.122086980609353,-0.0241749381296147));
#15430=CARTESIAN_POINT('',(0.333793039131093,-0.122200932767164,-0.0236817821931681));
#15431=CARTESIAN_POINT('',(0.333356209271835,-0.122453136603997,-0.02348));
#15432=CARTESIAN_POINT('',(0.333137041848656,-0.122579672974766,-0.02348));
#15433=CARTESIAN_POINT('',(0.323191398568887,-0.115838923615173,-0.0244276640437571));
#15434=CARTESIAN_POINT('',(0.324232036491612,-0.115839055157249,-0.0244251540714256));
#15435=CARTESIAN_POINT('',(0.326385329367157,-0.11610318084851,-0.0244210629484402));
#15436=CARTESIAN_POINT('',(0.329508842522023,-0.117379658898805,-0.024418861344036));
#15437=CARTESIAN_POINT('',(0.332176061518384,-0.119446461614826,-0.0244210629484402));
#15438=CARTESIAN_POINT('',(0.333481447514581,-0.121179205101206,-0.0244251540714256));
#15439=CARTESIAN_POINT('',(0.334001880394723,-0.122080358207389,-0.0244276640437571));
#15440=CARTESIAN_POINT('',(0.349783971155021,-0.151413000323397,-0.02448));
#15441=CARTESIAN_POINT('',(0.336031705579388,-0.127593377627221,-0.02348));
#15442=CARTESIAN_POINT('',(0.336250873002567,-0.127466841256451,-0.02348));
#15443=CARTESIAN_POINT('',(0.336687702861824,-0.127214637419619,-0.0236817821931681));
#15444=CARTESIAN_POINT('',(0.336885073788786,-0.127100685261807,-0.0241749381296147));
#15445=CARTESIAN_POINT('',(0.336896544125455,-0.127094062859843,-0.0244276640437571));
#15446=CARTESIAN_POINT('',(0.343381816264183,-0.123350963525308,-0.0244799929034126));
#15447=CARTESIAN_POINT('',(0.343382833220957,-0.130838923615173,-0.0244276640437571));
#15448=CARTESIAN_POINT('',(0.343382833220957,-0.1308521684191,-0.0241749381296147));
#15449=CARTESIAN_POINT('',(0.343382833220957,-0.131080072734723,-0.0236817821931681));
#15450=CARTESIAN_POINT('',(0.343382833220957,-0.131584480408388,-0.02348));
#15451=CARTESIAN_POINT('',(0.343382833220957,-0.131837553149928,-0.02348));
#15452=CARTESIAN_POINT('',(0.336896544125455,-0.127094062859843,-0.0244276640437571));
#15453=CARTESIAN_POINT('',(0.337520820554896,-0.128175867521906,-0.0244226440990942));
#15454=CARTESIAN_POINT('',(0.339447888648618,-0.130164726028771,-0.0244165463252472));
#15455=CARTESIAN_POINT('',(0.342133824686957,-0.130839186699325,-0.0244226440990941));
#15456=CARTESIAN_POINT('',(0.343382833220957,-0.130838923615173,-0.0244276640437571));
#15457=CARTESIAN_POINT('',(0.323223869474865,-0.128265551540682,-0.0261550106457961));
#15458=CARTESIAN_POINT('',(0.334558762432566,-0.121115810224023,-0.042832335956243));
#15459=CARTESIAN_POINT('',(0.33403848144413,-0.120214394033688,-0.0428348459285744));
#15460=CARTESIAN_POINT('',(0.33273334302343,-0.118481221733967,-0.0428389370515598));
#15461=CARTESIAN_POINT('',(0.3300662572578,-0.11641418825555,-0.0428411386559641));
#15462=CARTESIAN_POINT('',(0.326942610872204,-0.115137940967651,-0.0428389370515598));
#15463=CARTESIAN_POINT('',(0.32478907042116,-0.114874244089731,-0.0428348459285744));
#15464=CARTESIAN_POINT('',(0.323748280606729,-0.114874375631807,-0.042832335956243));
#15465=CARTESIAN_POINT('',(0.323748280479489,-0.114874375638338,-0.0428323358316263));
#15466=CARTESIAN_POINT('',(0.323223869474865,-0.11578268235625,-0.0255008111927593));
#15467=CARTESIAN_POINT('',(0.396293,-0.116837553149928,-0.02448));
#15468=CARTESIAN_POINT('',(0.304808601431113,-0.115838923615173,-0.0244276640437571));
#15469=CARTESIAN_POINT('',(0.304808601431113,-0.1158521684191,-0.0241749381296147));
#15470=CARTESIAN_POINT('',(0.304808601431113,-0.116080072734723,-0.0236817821931681));
#15471=CARTESIAN_POINT('',(0.304808601431113,-0.116584480408388,-0.02348));
#15472=CARTESIAN_POINT('',(0.304808601431113,-0.116837553149928,-0.02348));
#15473=CARTESIAN_POINT('',(0.304808601550803,-0.115838923608641,-0.0244276641684051));
#15474=CARTESIAN_POINT('',(0.329,-0.115838923615173,-0.0244276640437571));
#15475=CARTESIAN_POINT('',(0.225507,0.000399999999999982,-0.031797813033797));
#15476=CARTESIAN_POINT('',(0.225072137702901,0.000438045521190994,-0.0318013711784337));
#15477=CARTESIAN_POINT('',(0.2250953792343,0.000436012285466019,-0.0318011723118077));
#15478=CARTESIAN_POINT('',(0.2251186207657,0.000433978914316965,-0.0318009748297734));
#15479=CARTESIAN_POINT('',(0.225141862297099,0.000431945409629713,-0.0318007787325139));
#15480=CARTESIAN_POINT('',(0.225072137702901,0.000438045521190994,-0.0318013711784337));
#15481=CARTESIAN_POINT('',(0.225141862297099,0.00043194540962971,-0.0318007787325139));
#15482=CARTESIAN_POINT('',(0.225072137702901,0.000438045521190993,-0.031797813033797));
#15483=CARTESIAN_POINT('',(0.225072137702901,0.000438045521190994,-0.0287928031866817));
#15484=CARTESIAN_POINT('',(0.225141862297099,0.00043194540962973,-0.0287924487872803));
#15485=CARTESIAN_POINT('',(0.2251186207657,0.000433978828160378,-0.028792566092094));
#15486=CARTESIAN_POINT('',(0.2250953792343,0.000436012198905752,-0.0287926842252409));
#15487=CARTESIAN_POINT('',(0.225072137702901,0.000438045521191008,-0.0287928031866816));
#15488=CARTESIAN_POINT('',(0.225141862297099,0.000431945409629713,-0.0287924487872804));
#15489=CARTESIAN_POINT('',(0.225141862297099,0.000431945409629712,-0.031797813033797));
#15490=CARTESIAN_POINT('',(0.225107,0.000836523400427691,-0.03628));
#15491=CARTESIAN_POINT('',(0.225072137702901,0.000438045521190995,-0.0287928031866817));
#15492=CARTESIAN_POINT('',(0.224872916239213,0.000455475140794729,-0.0287938229230388));
#15493=CARTESIAN_POINT('',(0.224707,0.000637806224202487,-0.0288044940521054));
#15494=CARTESIAN_POINT('',(0.224707,0.000836523400427691,-0.0288267974265731));
#15495=CARTESIAN_POINT('',(0.224707,0.00083652340042769,-0.0288267974265731));
#15496=CARTESIAN_POINT('',(0.224707,0.000836523400427696,-0.0318584359553958));
#15497=CARTESIAN_POINT('',(0.224707,0.000639282032471923,-0.0318211195175555));
#15498=CARTESIAN_POINT('',(0.224872099563788,0.000455546590636181,-0.0318030829222267));
#15499=CARTESIAN_POINT('',(0.225072137702901,0.000438045521190991,-0.0318013711784337));
#15500=CARTESIAN_POINT('',(0.224707,0.000836523400427693,-0.0318584359553958));
#15501=CARTESIAN_POINT('',(0.224707,0.000836523400427691,-0.03628));
#15502=CARTESIAN_POINT('',(0.224707,-1.229501953572E-17,-0.03628));
#15503=CARTESIAN_POINT('',(0.224707,-1.229501953572E-17,-0.03628));
#15504=CARTESIAN_POINT('',(0.224707,0.0075,-0.03628));
#15505=CARTESIAN_POINT('',(0.224707,-1.229501953572E-17,-0.03628));
#15506=CARTESIAN_POINT('',(0.224707,0.0045,-0.03628));
#15507=CARTESIAN_POINT('',(0.224707,0.0045,-0.03628));
#15508=CARTESIAN_POINT('',(0.225507,-0.000400000000000019,-0.031797813033797));
#15509=CARTESIAN_POINT('',(0.225072137702901,-0.000438045521191046,-0.0287928031866816));
#15510=CARTESIAN_POINT('',(0.2250953792343,-0.000436012198905778,-0.0287926842252409));
#15511=CARTESIAN_POINT('',(0.2251186207657,-0.000433978828160391,-0.028792566092094));
#15512=CARTESIAN_POINT('',(0.225141862297099,-0.00043194540962973,-0.0287924487872803));
#15513=CARTESIAN_POINT('',(0.225072137702901,-0.000438045521191029,-0.0287928031866817));
#15514=CARTESIAN_POINT('',(0.225141862297099,-0.000431945409629743,-0.0287924487872804));
#15515=CARTESIAN_POINT('',(0.225072137702901,-0.000438045521191029,-0.031797813033797));
#15516=CARTESIAN_POINT('',(0.225072137702901,-0.000438045521191029,-0.0318013711784337));
#15517=CARTESIAN_POINT('',(0.230079020921104,-1.11869456295774E-17,-0.03628));
#15518=CARTESIAN_POINT('',(0.225141862297099,-0.000431945409629744,-0.0318007787325139));
#15519=CARTESIAN_POINT('',(0.225141862297099,-0.000431945409629744,-0.031797813033797));
#15520=CARTESIAN_POINT('',(0.225107,-0.000836523400427727,-0.03628));
#15521=CARTESIAN_POINT('',(0.225072137702901,-0.00043804552119103,-0.0318013711784337));
#15522=CARTESIAN_POINT('',(0.224872147495651,-0.000455542397141562,-0.0318030825120696));
#15523=CARTESIAN_POINT('',(0.224707,-0.000639315835846528,-0.0318211259128748));
#15524=CARTESIAN_POINT('',(0.224707,-0.000836523400427731,-0.0318584359553958));
#15525=CARTESIAN_POINT('',(0.224707,-0.000836523400427727,-0.0318584359553958));
#15526=CARTESIAN_POINT('',(0.224707,-0.000836523400427727,-0.0288267974265731));
#15527=CARTESIAN_POINT('',(0.224707,-0.000637793621666798,-0.0288044926376374));
#15528=CARTESIAN_POINT('',(0.224872899227108,-0.000455476629161114,-0.0287938230101171));
#15529=CARTESIAN_POINT('',(0.225072137702901,-0.000438045521191027,-0.0287928031866817));
#15530=CARTESIAN_POINT('',(0.224707,-0.000836523400427727,-0.0288267974265731));
#15531=CARTESIAN_POINT('',(0.224707,-0.000836523400427728,-0.03628));
#15532=CARTESIAN_POINT('',(0.224707,-1.229501953572E-17,-0.03628));
#15533=CARTESIAN_POINT('',(0.224707,-1.229501953572E-17,-0.03628));
#15534=CARTESIAN_POINT('',(0.224707,-0.0045,-0.03628));
#15535=CARTESIAN_POINT('',(0.224707,-1.229501953572E-17,-0.03628));
#15536=CARTESIAN_POINT('',(0.224707,-0.0075,-0.03628));
#15537=CARTESIAN_POINT('',(0.224707,-0.0045,-0.03628));
#15538=CARTESIAN_POINT('',(0.216705,0.00125,-0.04118));
#15539=CARTESIAN_POINT('',(0.233407,0.00125,-0.04118));
#15540=CARTESIAN_POINT('',(0.233407,-0.000943069204808412,-0.04118));
#15541=CARTESIAN_POINT('',(0.233407,0.000943069204808414,-0.04118));
#15542=CARTESIAN_POINT('',(0.216705,0.000943069204808413,-0.04118));
#15543=CARTESIAN_POINT('',(0.225907,0.000943069204808413,-0.04118));
#15544=CARTESIAN_POINT('',(0.225907,0.00125,-0.04118));
#15545=CARTESIAN_POINT('',(0.225907,-0.000943069204808412,-0.04118));
#15546=CARTESIAN_POINT('',(0.216705,-0.000943069204808412,-0.04118));
#15547=CARTESIAN_POINT('',(0.411295,0.000943069204808413,-0.04158));
#15548=CARTESIAN_POINT('',(0.394593,0.000943069204808413,-0.04158));
#15549=CARTESIAN_POINT('',(0.394593,0.00132943953532404,-0.041476472381959));
#15550=CARTESIAN_POINT('',(0.402093,0.000943069204808413,-0.04158));
#15551=CARTESIAN_POINT('',(0.402093,0.00132943953532404,-0.041476472381959));
#15552=CARTESIAN_POINT('',(0.411295,0.00132943953532404,-0.041476472381959));
#15553=CARTESIAN_POINT('',(0.394593,0.000943069204808413,-0.04158));
#15554=CARTESIAN_POINT('',(0.394593,0.000943069204808415,-0.04158));
#15555=CARTESIAN_POINT('',(0.394193,0.000943069204808415,-0.04158));
#15556=CARTESIAN_POINT('',(0.394593,0.000943069204808413,-0.04158));
#15557=CARTESIAN_POINT('',(0.394593,0.,-0.04158));
#15558=CARTESIAN_POINT('',(0.394193,0.,-0.04158));
#15559=CARTESIAN_POINT('',(0.394193,-0.000943069204808398,-0.04158));
#15560=CARTESIAN_POINT('',(0.394593,-0.000943069204808412,-0.04158));
#15561=CARTESIAN_POINT('',(0.394593,-0.000943069204808412,-0.04158));
#15562=CARTESIAN_POINT('',(0.394593,-0.000943069204808409,-0.04158));
#15563=CARTESIAN_POINT('',(0.394593,-0.00132943953532404,-0.0414764723819589));
#15564=CARTESIAN_POINT('',(0.394593,-0.000943069204808412,-0.04158));
#15565=CARTESIAN_POINT('',(0.411295,-0.000943069204808412,-0.04158));
#15566=CARTESIAN_POINT('',(0.411295,-0.00132943953532404,-0.041476472381959));
#15567=CARTESIAN_POINT('',(0.402093,-0.00132943953532404,-0.041476472381959));
#15568=CARTESIAN_POINT('',(0.402093,-0.000943069204808412,-0.04158));
#15569=CARTESIAN_POINT('',(0.403293,-1.229501953572E-17,-0.03628));
#15570=CARTESIAN_POINT('',(0.402858137702901,0.000431945409629711,-0.0287924487872804));
#15571=CARTESIAN_POINT('',(0.402659290642781,0.000414548546093822,-0.0287914451887562));
#15572=CARTESIAN_POINT('',(0.402493,0.000233073907352314,-0.0287809653919444));
#15573=CARTESIAN_POINT('',(0.402493,3.34675303930122E-5,-0.0287800746720778));
#15574=CARTESIAN_POINT('',(0.402493,3.34675303930062E-5,-0.0287800746720778));
#15575=CARTESIAN_POINT('',(0.402493,-1.21300054492276E-17,-0.03628));
#15576=CARTESIAN_POINT('',(0.402493,0.0075,-0.03628));
#15577=CARTESIAN_POINT('',(0.403293,0.0075,-0.03628));
#15578=CARTESIAN_POINT('',(0.403293,0.0045,-0.03628));
#15579=CARTESIAN_POINT('',(0.402493,0.0045,-0.03628));
#15580=CARTESIAN_POINT('',(0.402493,0.0045,-0.03628));
#15581=CARTESIAN_POINT('',(0.403293,0.0045,-0.03628));
#15582=CARTESIAN_POINT('',(0.403293,-1.229501953572E-17,-0.03628));
#15583=CARTESIAN_POINT('',(0.402493,-1.21300054492276E-17,-0.03628));
#15584=CARTESIAN_POINT('',(0.402493,3.34675303930066E-5,-0.0317801244545644));
#15585=CARTESIAN_POINT('',(0.402493,3.34675303930123E-5,-0.0317801244545644));
#15586=CARTESIAN_POINT('',(0.402493,0.000233162765453173,-0.0317816096748291));
#15587=CARTESIAN_POINT('',(0.402659204450039,0.000414541005205973,-0.0317991003709976));
#15588=CARTESIAN_POINT('',(0.402858137702901,0.000431945409629711,-0.0318007787325139));
#15589=CARTESIAN_POINT('',(0.402893,3.34675303930114E-5,-0.02628));
#15590=CARTESIAN_POINT('',(0.402493,3.34675303930009E-5,-0.02628));
#15591=CARTESIAN_POINT('',(0.403293,-1.229501953572E-17,-0.03628));
#15592=CARTESIAN_POINT('',(0.402858137702901,-0.000431945409629751,-0.0318007787325139));
#15593=CARTESIAN_POINT('',(0.402659202485209,-0.000414540833305701,-0.0317991003544207));
#15594=CARTESIAN_POINT('',(0.402493,-0.000233162005144788,-0.0317816096691744));
#15595=CARTESIAN_POINT('',(0.402493,-3.34675303930472E-5,-0.0317801244545644));
#15596=CARTESIAN_POINT('',(0.402493,-3.3467530393054E-5,-0.0317801244545644));
#15597=CARTESIAN_POINT('',(0.402493,-1.21300054492276E-17,-0.03628));
#15598=CARTESIAN_POINT('',(0.402493,-0.0045,-0.03628));
#15599=CARTESIAN_POINT('',(0.403293,-0.0045,-0.03628));
#15600=CARTESIAN_POINT('',(0.403293,-0.0045,-0.03628));
#15601=CARTESIAN_POINT('',(0.402493,-0.0045,-0.03628));
#15602=CARTESIAN_POINT('',(0.402493,-0.0075,-0.03628));
#15603=CARTESIAN_POINT('',(0.403293,-0.0075,-0.03628));
#15604=CARTESIAN_POINT('',(0.403293,-1.229501953572E-17,-0.03628));
#15605=CARTESIAN_POINT('',(0.402493,-1.21300054492276E-17,-0.03628));
#15606=CARTESIAN_POINT('',(0.402493,-3.34675303930538E-5,-0.0287800746720778));
#15607=CARTESIAN_POINT('',(0.402493,-3.34675303930477E-5,-0.0287800746720778));
#15608=CARTESIAN_POINT('',(0.402493,-0.000233074201323858,-0.0287809653932562));
#15609=CARTESIAN_POINT('',(0.402659291358369,-0.000414548608699691,-0.0287914451923679));
#15610=CARTESIAN_POINT('',(0.402858137702901,-0.000431945409629752,-0.0287924487872804));
#15611=CARTESIAN_POINT('',(0.402893,-3.34675303930477E-5,-0.02628));
#15612=CARTESIAN_POINT('',(0.402493,-3.34675303930599E-5,-0.02628));
#15613=CARTESIAN_POINT('',(0.402093,-0.000943069204808412,-0.04158));
#15614=CARTESIAN_POINT('',(0.402093,-0.00171580986583967,-0.041372944763918));
#15615=CARTESIAN_POINT('',(0.402493,-0.00171580986583967,-0.041372944763918));
#15616=CARTESIAN_POINT('',(0.402493,-0.000943069204808412,-0.04158));
#15617=CARTESIAN_POINT('',(0.402493,-0.000943069204808416,-0.04078));
#15618=CARTESIAN_POINT('',(0.402093,-0.00094306920480842,-0.04078));
#15619=CARTESIAN_POINT('',(0.402093,0.01,-0.04078));
#15620=CARTESIAN_POINT('',(0.402093,0.000943069204808406,-0.04078));
#15621=CARTESIAN_POINT('',(0.402493,0.00094306920480841,-0.04078));
#15622=CARTESIAN_POINT('',(0.402493,0.01,-0.04078));
#15623=CARTESIAN_POINT('',(0.402093,0.000943069204808413,-0.04158));
#15624=CARTESIAN_POINT('',(0.402093,0.00171580986583967,-0.0413729447639179));
#15625=CARTESIAN_POINT('',(0.402493,0.00171580986583966,-0.0413729447639179));
#15626=CARTESIAN_POINT('',(0.402493,0.000943069204808413,-0.04158));
#15627=CARTESIAN_POINT('',(0.402093,-0.00150249081104124,-0.0293620831237648));
#15628=CARTESIAN_POINT('',(0.402493,0.00209282918005382,-0.04278));
#15629=CARTESIAN_POINT('',(0.402493,0.00189052614806833,-0.0428342069340469));
#15630=CARTESIAN_POINT('',(0.402302439510239,0.00170645884953819,-0.042883527618041));
#15631=CARTESIAN_POINT('',(0.402093,0.00170645884953819,-0.042883527618041));
#15632=CARTESIAN_POINT('',(0.402493,0.00209282927240572,-0.0427799998777773));
#15633=CARTESIAN_POINT('',(0.402093000000083,0.00170645873981952,-0.0428835272085653));
#15634=CARTESIAN_POINT('',(0.402093,0.00194666790032091,-0.04378));
#15635=CARTESIAN_POINT('',(0.402493,0.00209282918005382,-0.04278));
#15636=CARTESIAN_POINT('',(0.402093,0.00284223677319674,-0.0243620831237649));
#15637=CARTESIAN_POINT('',(0.402093,-0.00170645884953819,-0.042883527618041));
#15638=CARTESIAN_POINT('',(0.402302439510239,-0.00170645884953819,-0.042883527618041));
#15639=CARTESIAN_POINT('',(0.402493,-0.00189052614806832,-0.0428342069340469));
#15640=CARTESIAN_POINT('',(0.402493,-0.00209282918005381,-0.04278));
#15641=CARTESIAN_POINT('',(0.40209300000008,-0.00170645882798337,-0.0428835275375973));
#15642=CARTESIAN_POINT('',(0.402493,-0.00209282927429541,-0.0427799998772709));
#15643=CARTESIAN_POINT('',(0.402493,-0.00171580986583967,-0.0413729447639179));
#15644=CARTESIAN_POINT('',(0.402093,-0.00125,-0.04118));
#15645=CARTESIAN_POINT('',(0.343474068950095,-0.12319117718618,-0.02705043943872));
#15646=CARTESIAN_POINT('',(0.343939715258799,-0.129874375631807,-0.0428323359562429));
#15647=CARTESIAN_POINT('',(0.342691010508212,-0.129874112547655,-0.042837355900906));
#15648=CARTESIAN_POINT('',(0.340005443478432,-0.129199012735529,-0.0428434536747527));
#15649=CARTESIAN_POINT('',(0.33807800637615,-0.127210793370236,-0.042837355900906));
#15650=CARTESIAN_POINT('',(0.337453426163298,-0.126129514876477,-0.0428323359562429));
#15651=CARTESIAN_POINT('',(0.396293,-0.131837553149928,-0.02448));
#15652=CARTESIAN_POINT('',(0.38141,-0.131837553149928,-0.02448));
#15653=CARTESIAN_POINT('',(0.396293,-0.128875746097052,-0.04278));
#15654=CARTESIAN_POINT('',(0.38141,-0.128875746097052,-0.04278));
#15655=CARTESIAN_POINT('',(0.343939715258799,-0.128875746097052,-0.04378));
#15656=CARTESIAN_POINT('',(0.343939715258799,-0.129128818838591,-0.04378));
#15657=CARTESIAN_POINT('',(0.343939715258799,-0.129633226512257,-0.0435782178068319));
#15658=CARTESIAN_POINT('',(0.343939715258799,-0.129861130827879,-0.0430850618703853));
#15659=CARTESIAN_POINT('',(0.343939715258799,-0.129874375631807,-0.042832335956243));
#15660=CARTESIAN_POINT('',(0.343938954801097,-0.122385971272525,-0.0427799961414985));
#15661=CARTESIAN_POINT('',(0.337453426163298,-0.126129514876477,-0.042832335956243));
#15662=CARTESIAN_POINT('',(0.337464896499967,-0.126122892474513,-0.0430850618703853));
#15663=CARTESIAN_POINT('',(0.337662267426929,-0.126008940316702,-0.0435782178068319));
#15664=CARTESIAN_POINT('',(0.338099097286186,-0.125756736479869,-0.04378));
#15665=CARTESIAN_POINT('',(0.338318264709365,-0.1256302001091,-0.04378));
#15666=CARTESIAN_POINT('',(0.352348971303919,-0.149932096796959,-0.04278));
#15667=CARTESIAN_POINT('',(0.335423600978633,-0.120616495456645,-0.04378));
#15668=CARTESIAN_POINT('',(0.335204433555455,-0.120743031827415,-0.04378));
#15669=CARTESIAN_POINT('',(0.334767603696197,-0.120995235664248,-0.0435782178068319));
#15670=CARTESIAN_POINT('',(0.334570232769235,-0.121109187822059,-0.0430850618703853));
#15671=CARTESIAN_POINT('',(0.334558762432566,-0.121115810224023,-0.0428323359562429));
#15672=CARTESIAN_POINT('',(0.32374989005697,-0.127354457166647,-0.0427800107198203));
#15673=CARTESIAN_POINT('',(0.32374828060673,-0.114874375631807,-0.042832335956243));
#15674=CARTESIAN_POINT('',(0.32374828060673,-0.114861130827879,-0.0430850618703853));
#15675=CARTESIAN_POINT('',(0.32374828060673,-0.114633226512256,-0.0435782178068319));
#15676=CARTESIAN_POINT('',(0.32374828060673,-0.114128818838591,-0.04378));
#15677=CARTESIAN_POINT('',(0.32374828060673,-0.113875746097052,-0.04378));
#15678=CARTESIAN_POINT('',(0.396293,-0.113875746097052,-0.04278));
#15679=CARTESIAN_POINT('',(0.30425171939327,-0.113875746097052,-0.04378));
#15680=CARTESIAN_POINT('',(0.30425171939327,-0.114128818838591,-0.04378));
#15681=CARTESIAN_POINT('',(0.30425171939327,-0.114633226512256,-0.0435782178068319));
#15682=CARTESIAN_POINT('',(0.30425171939327,-0.114861130827879,-0.0430850618703853));
#15683=CARTESIAN_POINT('',(0.30425171939327,-0.114874375631807,-0.042832335956243));
#15684=CARTESIAN_POINT('',(0.304251719520511,-0.114874375638339,-0.0428323358315964));
#15685=CARTESIAN_POINT('',(0.329,-0.114874375631807,-0.0428323359562429));
#15686=CARTESIAN_POINT('',(0.30425397121967,-0.127381147927833,-0.0427794909562232));
#15687=CARTESIAN_POINT('',(0.30091,-0.115329328280841,-0.0428384895504522));
#15688=CARTESIAN_POINT('',(0.30091,-0.11531362024306,-0.0430968837793539));
#15689=CARTESIAN_POINT('',(0.30091,-0.115066067690792,-0.0435865072188489));
#15690=CARTESIAN_POINT('',(0.30091,-0.114554875912483,-0.0437800042988084));
#15691=CARTESIAN_POINT('',(0.30091,-0.11429624322313,-0.0437799973572683));
#15692=CARTESIAN_POINT('',(0.300910000011685,-0.115329365352966,-0.0428384918041097));
#15693=CARTESIAN_POINT('',(0.30425171939327,-0.114874375631807,-0.0428323359562429));
#15694=CARTESIAN_POINT('',(0.303127281421721,-0.114874233517709,-0.0428350476547607));
#15695=CARTESIAN_POINT('',(0.301993022783898,-0.115028667761219,-0.0428371375044615));
#15696=CARTESIAN_POINT('',(0.30091,-0.115329365251734,-0.0428384930098828));
#15697=CARTESIAN_POINT('',(0.329,-0.115764426163113,-0.0258491601093927));
#15698=CARTESIAN_POINT('',(0.30478769656238,-0.115802715320402,-0.0251185594655071));
#15699=CARTESIAN_POINT('',(0.304807248516763,-0.128319449483212,-0.0244800075324707));
#15700=CARTESIAN_POINT('',(0.30091,-0.117519228103175,-0.023479998580642));
#15701=CARTESIAN_POINT('',(0.30091,-0.117260463255644,-0.0234800214604399));
#15702=CARTESIAN_POINT('',(0.30091,-0.116737614958509,-0.0236653765375204));
#15703=CARTESIAN_POINT('',(0.30091,-0.116479807681273,-0.0241594184180237));
#15704=CARTESIAN_POINT('',(0.30091,-0.116463531174097,-0.0244209929891739));
#15705=CARTESIAN_POINT('',(0.300910000004507,-0.116463494253915,-0.0244209299343192));
#15706=CARTESIAN_POINT('',(0.300909989107458,-0.116463460917939,-0.024420866868555));
#15707=CARTESIAN_POINT('',(0.30219722969938,-0.116040287535499,-0.0244222049468464));
#15708=CARTESIAN_POINT('',(0.303530213309026,-0.115839085210118,-0.0244245806285314));
#15709=CARTESIAN_POINT('',(0.304808601431113,-0.115838923615173,-0.024427664043757));
#15710=CARTESIAN_POINT('',(0.216705,-0.000943069204808412,-0.04158));
#15711=CARTESIAN_POINT('',(0.225907,-0.000943069204808412,-0.04158));
#15712=CARTESIAN_POINT('',(0.225907,-0.00132943953532404,-0.041476472381959));
#15713=CARTESIAN_POINT('',(0.216705,-0.00132943953532404,-0.041476472381959));
#15714=CARTESIAN_POINT('',(0.233407,-0.00132943953532404,-0.041476472381959));
#15715=CARTESIAN_POINT('',(0.233407,-0.000943069204808412,-0.04158));
#15716=CARTESIAN_POINT('',(0.233407,-0.000943069204808412,-0.04158));
#15717=CARTESIAN_POINT('',(0.233407,-0.000943069204808412,-0.04158));
#15718=CARTESIAN_POINT('',(0.233807,-0.000943069204808411,-0.04158));
#15719=CARTESIAN_POINT('',(0.233407,-0.000943069204808411,-0.04158));
#15720=CARTESIAN_POINT('',(0.233407,0.00125,-0.04158));
#15721=CARTESIAN_POINT('',(0.233407,0.000943069204808415,-0.04158));
#15722=CARTESIAN_POINT('',(0.233807,0.000943069204808412,-0.04158));
#15723=CARTESIAN_POINT('',(0.233807,0.,-0.04158));
#15724=CARTESIAN_POINT('',(0.233407,0.000943069204808413,-0.04158));
#15725=CARTESIAN_POINT('',(0.233407,0.000943069204808413,-0.04158));
#15726=CARTESIAN_POINT('',(0.233407,0.00132943953532404,-0.041476472381959));
#15727=CARTESIAN_POINT('',(0.233407,0.000943069204808413,-0.04158));
#15728=CARTESIAN_POINT('',(0.216705,0.000943069204808413,-0.04158));
#15729=CARTESIAN_POINT('',(0.225907,0.000943069204808413,-0.04158));
#15730=CARTESIAN_POINT('',(0.225907,0.00132943953532404,-0.041476472381959));
#15731=CARTESIAN_POINT('',(0.216705,0.00132943953532404,-0.041476472381959));
#15732=CARTESIAN_POINT('',(0.224707,0.0045,-0.03628));
#15733=CARTESIAN_POINT('',(0.225507,-0.124561,-0.03628));
#15734=CARTESIAN_POINT('',(0.225507,0.0075,-0.03628));
#15735=CARTESIAN_POINT('',(0.225507,0.0045,-0.03628));
#15736=CARTESIAN_POINT('',(0.224707,0.0075,-0.03628));
#15737=CARTESIAN_POINT('',(0.224707,0.0045,-0.03628));
#15738=CARTESIAN_POINT('',(0.224707,-1.229501953572E-17,-0.03628));
#15739=CARTESIAN_POINT('',(0.225507,-1.21300054492276E-17,-0.03628));
#15740=CARTESIAN_POINT('',(0.225507,3.3467530393001E-5,-0.0287800746720778));
#15741=CARTESIAN_POINT('',(0.225507,3.34675303930131E-5,-0.0287800746720778));
#15742=CARTESIAN_POINT('',(0.225507,0.00023307420132381,-0.0287809653932562));
#15743=CARTESIAN_POINT('',(0.225340708641631,0.000414548608699637,-0.0287914451923679));
#15744=CARTESIAN_POINT('',(0.225141862297099,0.000431945409629711,-0.0287924487872804));
#15745=CARTESIAN_POINT('',(0.225107,3.34675303930097E-5,-0.031797813033797));
#15746=CARTESIAN_POINT('',(0.225507,3.34675303929888E-5,-0.02628));
#15747=CARTESIAN_POINT('',(0.225507,3.34675303929993E-5,-0.0317801244545644));
#15748=CARTESIAN_POINT('',(0.225141862297099,0.000431945409629709,-0.0318007787325139));
#15749=CARTESIAN_POINT('',(0.225340797514791,0.000414540833305645,-0.0317991003544207));
#15750=CARTESIAN_POINT('',(0.225507,0.000233162005144748,-0.0317816096691744));
#15751=CARTESIAN_POINT('',(0.225507,3.34675303930116E-5,-0.0317801244545644));
#15752=CARTESIAN_POINT('',(0.224707,-1.229501953572E-17,-0.03628));
#15753=CARTESIAN_POINT('',(0.225507,-1.21300054492276E-17,-0.03628));
#15754=CARTESIAN_POINT('',(0.224707,-0.0045,-0.03628));
#15755=CARTESIAN_POINT('',(0.225507,-0.124561,-0.03628));
#15756=CARTESIAN_POINT('',(0.225507,-0.0045,-0.03628));
#15757=CARTESIAN_POINT('',(0.225507,-0.0075,-0.03628));
#15758=CARTESIAN_POINT('',(0.224707,-0.0045,-0.03628));
#15759=CARTESIAN_POINT('',(0.224707,-0.0075,-0.03628));
#15760=CARTESIAN_POINT('',(0.224707,-1.229501953572E-17,-0.03628));
#15761=CARTESIAN_POINT('',(0.225507,-1.21300054492276E-17,-0.03628));
#15762=CARTESIAN_POINT('',(0.225507,-3.34675303930727E-5,-0.0317801244545644));
#15763=CARTESIAN_POINT('',(0.225507,-3.34675303930456E-5,-0.0317801244545644));
#15764=CARTESIAN_POINT('',(0.225507,-0.00023316276545319,-0.0317816096748291));
#15765=CARTESIAN_POINT('',(0.225340795549961,-0.000414541005205993,-0.0317991003709976));
#15766=CARTESIAN_POINT('',(0.225141862297099,-0.000431945409629743,-0.0318007787325139));
#15767=CARTESIAN_POINT('',(0.225107,-3.34675303930463E-5,-0.031797813033797));
#15768=CARTESIAN_POINT('',(0.225507,-3.34675303930998E-5,-0.02628));
#15769=CARTESIAN_POINT('',(0.225507,-3.3467530393073E-5,-0.0287800746720778));
#15770=CARTESIAN_POINT('',(0.225141862297099,-0.000431945409629743,-0.0287924487872804));
#15771=CARTESIAN_POINT('',(0.225340709357219,-0.000414548546093841,-0.0287914451887562));
#15772=CARTESIAN_POINT('',(0.225507,-0.000233073907352328,-0.0287809653919444));
#15773=CARTESIAN_POINT('',(0.225507,-3.34675303930459E-5,-0.0287800746720778));
#15774=CARTESIAN_POINT('',(0.224707,-1.229501953572E-17,-0.03628));
#15775=CARTESIAN_POINT('',(0.225507,-1.21300054492276E-17,-0.03628));
#15776=CARTESIAN_POINT('',(0.225907,0.00233303823083653,-0.043676472381959));
#15777=CARTESIAN_POINT('',(0.225907,0.00171580986583967,-0.041372944763918));
#15778=CARTESIAN_POINT('',(0.225507,0.00171580986583969,-0.041372944763918));
#15779=CARTESIAN_POINT('',(0.225907,0.00194666790032091,-0.04378));
#15780=CARTESIAN_POINT('',(0.225906999999917,0.00170645882798338,-0.0428835275375973));
#15781=CARTESIAN_POINT('',(0.225907,0.00170645884953819,-0.042883527618041));
#15782=CARTESIAN_POINT('',(0.225697560489761,0.00170645884953819,-0.042883527618041));
#15783=CARTESIAN_POINT('',(0.225507,0.00189052614806833,-0.0428342069340469));
#15784=CARTESIAN_POINT('',(0.225507,0.00209282918005382,-0.04278));
#15785=CARTESIAN_POINT('',(0.225507,0.00209282927429738,-0.0427799998772704));
#15786=CARTESIAN_POINT('',(0.225507,0.00171580986583969,-0.0413729447639179));
#15787=CARTESIAN_POINT('',(0.225907,0.000943069204808413,-0.04158));
#15788=CARTESIAN_POINT('',(0.225507,0.000943069204808413,-0.04158));
#15789=CARTESIAN_POINT('',(0.225507,0.000943069204808413,-0.04078));
#15790=CARTESIAN_POINT('',(0.225907,0.000943069204808413,-0.04078));
#15791=CARTESIAN_POINT('',(0.225907,0.00125,-0.04078));
#15792=CARTESIAN_POINT('',(0.225507,-0.124561,-0.04078));
#15793=CARTESIAN_POINT('',(0.225507,-0.000943069204808411,-0.04078));
#15794=CARTESIAN_POINT('',(0.225907,-0.000943069204808411,-0.04078));
#15795=CARTESIAN_POINT('',(0.225907,-0.000943069204808412,-0.04158));
#15796=CARTESIAN_POINT('',(0.225507,-0.000943069204808412,-0.04158));
#15797=CARTESIAN_POINT('',(0.225507,-0.00171580986583969,-0.041372944763918));
#15798=CARTESIAN_POINT('',(0.225907,-0.00171580986583966,-0.0413729447639179));
#15799=CARTESIAN_POINT('',(0.225907,-0.00163637033051563,-0.041076472381959));
#15800=CARTESIAN_POINT('',(0.225507,-0.00209282918005381,-0.04278));
#15801=CARTESIAN_POINT('',(0.225507,-0.00209282927240375,-0.0427799998777778));
#15802=CARTESIAN_POINT('',(0.225507,-0.00209282918005382,-0.04278));
#15803=CARTESIAN_POINT('',(0.225507,-0.00189052614806832,-0.0428342069340469));
#15804=CARTESIAN_POINT('',(0.225697560489761,-0.00170645884953819,-0.042883527618041));
#15805=CARTESIAN_POINT('',(0.225907,-0.00170645884953819,-0.042883527618041));
#15806=CARTESIAN_POINT('',(0.22590699999992,-0.00170645873981951,-0.0428835272085653));
#15807=CARTESIAN_POINT('',(0.225907,-0.00125,-0.04118));
#15808=CARTESIAN_POINT('',(0.411293,1.04083408558608E-17,-0.03628));
#15809=CARTESIAN_POINT('',(0.223007,-1.04196622090725E-16,-0.03628));
#15810=CARTESIAN_POINT('',(0.223007,-0.00315000000000015,-0.03628));
#15811=CARTESIAN_POINT('',(0.225507,-1.02674934831096E-16,-0.03628));
#15812=CARTESIAN_POINT('',(0.225507,-0.00315000000000015,-0.03628));
#15813=CARTESIAN_POINT('',(0.411293,1.04083408558608E-17,-0.03628));
#15814=CARTESIAN_POINT('',(0.402493,5.05200170196754E-18,-0.03628));
#15815=CARTESIAN_POINT('',(0.402493,-0.00315000000000004,-0.03628));
#15816=CARTESIAN_POINT('',(0.404993,6.57368896159632E-18,-0.03628));
#15817=CARTESIAN_POINT('',(0.404993,-0.00315000000000004,-0.03628));
#15818=CARTESIAN_POINT('',(0.398188641173053,-0.126534238404029,-0.0244799316838386));
#15819=CARTESIAN_POINT('',(0.402493,-0.126530279716139,-0.02448));
#15820=CARTESIAN_POINT('',(0.402493,-0.126530279716139,-0.0242182006122008));
#15821=CARTESIAN_POINT('',(0.402709686131526,-0.126530279716139,-0.0236966861315265));
#15822=CARTESIAN_POINT('',(0.403231200612201,-0.126530279716139,-0.02348));
#15823=CARTESIAN_POINT('',(0.403493,-0.126530279716139,-0.02348));
#15824=CARTESIAN_POINT('',(0.402493,-0.126530279585045,-0.0244800001247569));
#15825=CARTESIAN_POINT('',(0.398193,-0.130838923615173,-0.0244276640437571));
#15826=CARTESIAN_POINT('',(0.39869975985985,-0.130838923615173,-0.0244276640437571));
#15827=CARTESIAN_POINT('',(0.399794522479672,-0.13065488672741,-0.0244298994910882));
#15828=CARTESIAN_POINT('',(0.401324375038068,-0.129667949472734,-0.024441887556518));
#15829=CARTESIAN_POINT('',(0.402309332322669,-0.128135021590838,-0.0244605076254841));
#15830=CARTESIAN_POINT('',(0.402493,-0.12703805826926,-0.0244738321484068));
#15831=CARTESIAN_POINT('',(0.402493,-0.126530279716139,-0.02448));
#15832=CARTESIAN_POINT('',(0.403493,0.01,-0.02448));
#15833=CARTESIAN_POINT('',(0.403493,-0.125561,-0.02448));
#15834=CARTESIAN_POINT('',(0.402493,-0.125561,-0.02448));
#15835=CARTESIAN_POINT('',(0.402493,0.01,-0.02448));
#15836=CARTESIAN_POINT('',(0.403493,2.84701097400792E-17,-0.03628));
#15837=CARTESIAN_POINT('',(0.403493,2.84701097400792E-17,-0.03628));
#15838=CARTESIAN_POINT('',(0.403493,0.0128,-0.03628));
#15839=CARTESIAN_POINT('',(0.403493,0.0118,-0.03628));
#15840=CARTESIAN_POINT('',(0.402493,0.0118,-0.03628));
#15841=CARTESIAN_POINT('',(0.402493,2.86763773481947E-17,-0.03628));
#15842=CARTESIAN_POINT('',(0.403493,0.0118,-0.02628));
#15843=CARTESIAN_POINT('',(0.403493,0.0128,-0.02628));
#15844=CARTESIAN_POINT('',(0.403493,0.0128,-0.04128));
#15845=CARTESIAN_POINT('',(0.403493,0.0118,-0.04128));
#15846=CARTESIAN_POINT('',(0.402493,0.0118,-0.04128));
#15847=CARTESIAN_POINT('',(0.402493,0.0118,-0.02628));
#15848=CARTESIAN_POINT('',(0.224507,0.0118,-0.02628));
#15849=CARTESIAN_POINT('',(0.224507,0.0118,-0.03628));
#15850=CARTESIAN_POINT('',(0.224507,0.0128,-0.03628));
#15851=CARTESIAN_POINT('',(0.225507,0.0118,-0.03628));
#15852=CARTESIAN_POINT('',(0.225507,0.0118,-0.02628));
#15853=CARTESIAN_POINT('',(0.225507,0.0118,-0.04128));
#15854=CARTESIAN_POINT('',(0.224507,0.0118,-0.04128));
#15855=CARTESIAN_POINT('',(0.224507,0.0128,-0.04128));
#15856=CARTESIAN_POINT('',(0.224507,0.0128,-0.02628));
#15857=CARTESIAN_POINT('',(0.224507,1.35721925771843E-17,-0.03628));
#15858=CARTESIAN_POINT('',(0.224507,1.50172758001781E-17,-0.02448));
#15859=CARTESIAN_POINT('',(0.225507,1.42947341886812E-17,-0.02448));
#15860=CARTESIAN_POINT('',(0.225507,1.35721925771843E-17,-0.03628));
#15861=CARTESIAN_POINT('',(0.224507,1.35721925771843E-17,-0.03628));
#15862=CARTESIAN_POINT('',(0.229811358826993,-0.12653423840407,-0.0244799316838401));
#15863=CARTESIAN_POINT('',(0.229807,-0.130838923615173,-0.0244276640437571));
#15864=CARTESIAN_POINT('',(0.229807,-0.1308521684191,-0.0241749381296147));
#15865=CARTESIAN_POINT('',(0.229807,-0.131080072734723,-0.0236817821931681));
#15866=CARTESIAN_POINT('',(0.229807,-0.131584480408388,-0.02348));
#15867=CARTESIAN_POINT('',(0.229807,-0.131837553149928,-0.02348));
#15868=CARTESIAN_POINT('',(0.225507,-0.126530279716139,-0.02448));
#15869=CARTESIAN_POINT('',(0.225507,-0.12703805826926,-0.0244738321484068));
#15870=CARTESIAN_POINT('',(0.225690667677331,-0.128135021590838,-0.0244605076254841));
#15871=CARTESIAN_POINT('',(0.226675624961932,-0.129667949472734,-0.024441887556518));
#15872=CARTESIAN_POINT('',(0.228205477520328,-0.13065488672741,-0.0244298994910882));
#15873=CARTESIAN_POINT('',(0.22930024014015,-0.130838923615173,-0.0244276640437571));
#15874=CARTESIAN_POINT('',(0.229807,-0.130838923615173,-0.0244276640437571));
#15875=CARTESIAN_POINT('',(0.396293,-0.131837553149928,-0.02448));
#15876=CARTESIAN_POINT('',(0.230707,-0.131837553149928,-0.02448));
#15877=CARTESIAN_POINT('',(0.284618183735809,-0.123350963525299,-0.024479992903431));
#15878=CARTESIAN_POINT('',(0.291103455874545,-0.127094062859844,-0.0244276640437571));
#15879=CARTESIAN_POINT('',(0.291114926211215,-0.127100685261807,-0.0241749381296147));
#15880=CARTESIAN_POINT('',(0.291312297138176,-0.127214637419619,-0.0236817821931681));
#15881=CARTESIAN_POINT('',(0.291749126997434,-0.127466841256451,-0.02348));
#15882=CARTESIAN_POINT('',(0.291968294420612,-0.127593377627221,-0.02348));
#15883=CARTESIAN_POINT('',(0.291103455932822,-0.127094062745842,-0.0244276641683875));
#15884=CARTESIAN_POINT('',(0.284617166779043,-0.130838923615173,-0.024427664043757));
#15885=CARTESIAN_POINT('',(0.285866175313043,-0.130839186699325,-0.0244226440990941));
#15886=CARTESIAN_POINT('',(0.288552111351381,-0.130164726028771,-0.0244165463252473));
#15887=CARTESIAN_POINT('',(0.290479179445104,-0.128175867521907,-0.0244226440990941));
#15888=CARTESIAN_POINT('',(0.291103455874545,-0.127094062859844,-0.024427664043757));
#15889=CARTESIAN_POINT('',(0.31936252884498,-0.0801451717697639,-0.02448));
#15890=CARTESIAN_POINT('',(0.294862958151344,-0.122579672974766,-0.02348));
#15891=CARTESIAN_POINT('',(0.294643790728166,-0.122453136603997,-0.02348));
#15892=CARTESIAN_POINT('',(0.294206960868908,-0.122200932767164,-0.0236817821931681));
#15893=CARTESIAN_POINT('',(0.294009589941947,-0.122086980609353,-0.0241749381296147));
#15894=CARTESIAN_POINT('',(0.293998119605277,-0.122080358207389,-0.0244276640437571));
#15895=CARTESIAN_POINT('',(0.293998119539775,-0.122080358307777,-0.0244276641684046));
#15896=CARTESIAN_POINT('',(0.296902420320834,-0.117049961807586,-0.0244276640437571));
#15897=CARTESIAN_POINT('',(0.221507,1.38218978697138E-17,-0.03628));
#15898=CARTESIAN_POINT('',(0.221507,1.48995870529634E-17,-0.02748));
#15899=CARTESIAN_POINT('',(0.223007,1.43607424613386E-17,-0.02748));
#15900=CARTESIAN_POINT('',(0.221507,1.6332455341286E-17,-0.02598));
#15901=CARTESIAN_POINT('',(0.221507,1.38218978697138E-17,-0.03628));
#15902=CARTESIAN_POINT('',(0.221507,0.0103,-0.03628));
#15903=CARTESIAN_POINT('',(0.221507,0.0088,-0.03628));
#15904=CARTESIAN_POINT('',(0.223007,0.0088,-0.03628));
#15905=CARTESIAN_POINT('',(0.223007,1.38218978697138E-17,-0.03628));
#15906=CARTESIAN_POINT('',(0.221507,0.0088,-0.02628));
#15907=CARTESIAN_POINT('',(0.221507,0.0103,-0.02628));
#15908=CARTESIAN_POINT('',(0.221507,0.0103,-0.04128));
#15909=CARTESIAN_POINT('',(0.221507,0.0088,-0.04128));
#15910=CARTESIAN_POINT('',(0.223007,0.0088,-0.04128));
#15911=CARTESIAN_POINT('',(0.223007,0.0088,-0.02628));
#15912=CARTESIAN_POINT('',(0.406493,0.0088,-0.02628));
#15913=CARTESIAN_POINT('',(0.406493,0.0088,-0.03628));
#15914=CARTESIAN_POINT('',(0.406493,0.0103,-0.03628));
#15915=CARTESIAN_POINT('',(0.404993,0.0088,-0.03628));
#15916=CARTESIAN_POINT('',(0.404993,0.0088,-0.02628));
#15917=CARTESIAN_POINT('',(0.404993,0.0088,-0.04128));
#15918=CARTESIAN_POINT('',(0.406493,0.0088,-0.04128));
#15919=CARTESIAN_POINT('',(0.406493,0.0103,-0.04128));
#15920=CARTESIAN_POINT('',(0.406493,0.0103,-0.02628));
#15921=CARTESIAN_POINT('',(0.406493,2.92192256176677E-17,-0.03628));
#15922=CARTESIAN_POINT('',(0.406493,2.92192256176677E-17,-0.03628));
#15923=CARTESIAN_POINT('',(0.406493,1.46096128088339E-17,-0.02598));
#15924=CARTESIAN_POINT('',(0.406493,0.,-0.02748));
#15925=CARTESIAN_POINT('',(0.404993,1.49190142210071E-17,-0.02748));
#15926=CARTESIAN_POINT('',(0.404993,2.9528627029841E-17,-0.03628));
#15927=CARTESIAN_POINT('',(0.406493,-0.124561,-0.02748));
#15928=CARTESIAN_POINT('',(0.406493,-0.124561,-0.02598));
#15929=CARTESIAN_POINT('',(0.406492999999688,-0.126373056295649,-0.02598));
#15930=CARTESIAN_POINT('',(0.406493,-0.12637305637829,-0.02598));
#15931=CARTESIAN_POINT('',(0.406100300918301,-0.12637305637829,-0.02598));
#15932=CARTESIAN_POINT('',(0.40531802919729,-0.12637305637829,-0.0263050291972897));
#15933=CARTESIAN_POINT('',(0.404993,-0.12637305637829,-0.0270873009183013));
#15934=CARTESIAN_POINT('',(0.404993,-0.12637305637829,-0.02748));
#15935=CARTESIAN_POINT('',(0.404993,-0.126373056247509,-0.0274800001246781));
#15936=CARTESIAN_POINT('',(0.404993,0.01,-0.02748));
#15937=CARTESIAN_POINT('',(0.398186171858732,-0.126379253760324,-0.0274798939134466));
#15938=CARTESIAN_POINT('',(0.398193,-0.134684446850072,-0.02598));
#15939=CARTESIAN_POINT('',(0.399171164380641,-0.134684446850072,-0.02598));
#15940=CARTESIAN_POINT('',(0.401284310832856,-0.134329438993482,-0.02598));
#15941=CARTESIAN_POINT('',(0.404237282050224,-0.132425633274796,-0.02598));
#15942=CARTESIAN_POINT('',(0.406138478669339,-0.129468609559195,-0.02598));
#15943=CARTESIAN_POINT('',(0.406493,-0.127352563138904,-0.02598));
#15944=CARTESIAN_POINT('',(0.406493,-0.12637305637829,-0.02598));
#15945=CARTESIAN_POINT('',(0.398192999588042,-0.134684446849754,-0.02598));
#15946=CARTESIAN_POINT('',(0.398193,-0.13318650254794,-0.0274014960656356));
#15947=CARTESIAN_POINT('',(0.398193,-0.133206369753832,-0.0270224071944221));
#15948=CARTESIAN_POINT('',(0.398193,-0.133548226227266,-0.0262826732897521));
#15949=CARTESIAN_POINT('',(0.398193,-0.134304837737763,-0.02598));
#15950=CARTESIAN_POINT('',(0.398193,-0.134684446850072,-0.02598));
#15951=CARTESIAN_POINT('',(0.39819299987585,-0.13318650254141,-0.0274014961902357));
#15952=CARTESIAN_POINT('',(0.404993,-0.12637305637829,-0.02748));
#15953=CARTESIAN_POINT('',(0.404993,-0.127176028709925,-0.0274707482226102));
#15954=CARTESIAN_POINT('',(0.404702548789338,-0.128910704565437,-0.0274507614382262));
#15955=CARTESIAN_POINT('',(0.403144941920665,-0.131334790159421,-0.027422831334777));
#15956=CARTESIAN_POINT('',(0.400725640200412,-0.132895477005476,-0.0274048492366324));
#15957=CARTESIAN_POINT('',(0.398994387685345,-0.133186502547941,-0.0274014960656356));
#15958=CARTESIAN_POINT('',(0.398193,-0.133186502547941,-0.0274014960656356));
#15959=CARTESIAN_POINT('',(0.396293,-0.134684446850072,-0.02748));
#15960=CARTESIAN_POINT('',(0.396293,-0.134684446850072,-0.02598));
#15961=CARTESIAN_POINT('',(0.343468855551332,-0.134684446849772,-0.02598));
#15962=CARTESIAN_POINT('',(0.343468855468958,-0.134684446850072,-0.02598));
#15963=CARTESIAN_POINT('',(0.343468855468958,-0.134304837737763,-0.02598));
#15964=CARTESIAN_POINT('',(0.343468855468958,-0.133548226227266,-0.0262826732897521));
#15965=CARTESIAN_POINT('',(0.343468855468958,-0.133206369753832,-0.0270224071944221));
#15966=CARTESIAN_POINT('',(0.343468855468958,-0.13318650254794,-0.0274014960656356));
#15967=CARTESIAN_POINT('',(0.343468855596512,-0.133186502541412,-0.0274014961902076));
#15968=CARTESIAN_POINT('',(0.396293,-0.13318650254794,-0.0274014960656356));
#15969=CARTESIAN_POINT('',(0.343467478155967,-0.123202592776478,-0.027479990262536));
#15970=CARTESIAN_POINT('',(0.333523212189188,-0.128942327025234,-0.02598));
#15971=CARTESIAN_POINT('',(0.33448066894828,-0.13060069077803,-0.02598));
#15972=CARTESIAN_POINT('',(0.33743578959855,-0.133649783813351,-0.02598));
#15973=CARTESIAN_POINT('',(0.341553941950774,-0.134684446850072,-0.02598));
#15974=CARTESIAN_POINT('',(0.343468855468958,-0.134684446850072,-0.02598));
#15975=CARTESIAN_POINT('',(0.333523211905743,-0.128942326533692,-0.02598));
#15976=CARTESIAN_POINT('',(0.334820470008289,-0.128193354874167,-0.0274014960656356));
#15977=CARTESIAN_POINT('',(0.334803264503285,-0.128203288477113,-0.0270224071944221));
#15978=CARTESIAN_POINT('',(0.334507208112843,-0.12837421671383,-0.0262826732897521));
#15979=CARTESIAN_POINT('',(0.333851963323956,-0.128752522469079,-0.02598));
#15980=CARTESIAN_POINT('',(0.333523212189188,-0.128942327025233,-0.02598));
#15981=CARTESIAN_POINT('',(0.334820469950165,-0.128193354760439,-0.0274014961901838));
#15982=CARTESIAN_POINT('',(0.343468855468958,-0.13318650254794,-0.0274014960656356));
#15983=CARTESIAN_POINT('',(0.341803485441674,-0.133186897174168,-0.0273939661486412));
#15984=CARTESIAN_POINT('',(0.338222206639843,-0.132287669541894,-0.0273848194878709));
#15985=CARTESIAN_POINT('',(0.335652813265592,-0.12963580493761,-0.0273939661486412));
#15986=CARTESIAN_POINT('',(0.334820470008289,-0.128193354874168,-0.0274014960656356));
#15987=CARTESIAN_POINT('',(0.336427512904745,-0.133972723425036,-0.02748));
#15988=CARTESIAN_POINT('',(0.330628548458457,-0.123928622372779,-0.02598));
#15989=CARTESIAN_POINT('',(0.330628548500029,-0.123928622444184,-0.02598));
#15990=CARTESIAN_POINT('',(0.330628548458457,-0.123928622372779,-0.02598));
#15991=CARTESIAN_POINT('',(0.330957299593224,-0.123738817816625,-0.02598));
#15992=CARTESIAN_POINT('',(0.331612544382111,-0.123360512061376,-0.0262826732897521));
#15993=CARTESIAN_POINT('',(0.331908600772553,-0.123189583824659,-0.0270224071944221));
#15994=CARTESIAN_POINT('',(0.331925806277557,-0.123179650221713,-0.0274014960656356));
#15995=CARTESIAN_POINT('',(0.331925806343212,-0.123179650322374,-0.0274014961902073));
#15996=CARTESIAN_POINT('',(0.337724770723845,-0.13322375127397,-0.0274014960656356));
#15997=CARTESIAN_POINT('',(0.323278413387871,-0.128171078712112,-0.0274800048713362));
#15998=CARTESIAN_POINT('',(0.323277420816888,-0.119684446850072,-0.02598));
#15999=CARTESIAN_POINT('',(0.324692791678154,-0.119684446850072,-0.02598));
#16000=CARTESIAN_POINT('',(0.327736643416754,-0.120449197790258,-0.02598));
#16001=CARTESIAN_POINT('',(0.329920863027824,-0.122702875251147,-0.02598));
#16002=CARTESIAN_POINT('',(0.330628548458457,-0.123928622372779,-0.02598));
#16003=CARTESIAN_POINT('',(0.323277420249228,-0.119684446849772,-0.02598));
#16004=CARTESIAN_POINT('',(0.323277420816888,-0.11818650254794,-0.0274014960656356));
#16005=CARTESIAN_POINT('',(0.323277420816888,-0.118206369753832,-0.0270224071944221));
#16006=CARTESIAN_POINT('',(0.323277420816888,-0.118548226227266,-0.0262826732897521));
#16007=CARTESIAN_POINT('',(0.323277420816888,-0.119304837737763,-0.02598));
#16008=CARTESIAN_POINT('',(0.323277420816888,-0.119684446850072,-0.02598));
#16009=CARTESIAN_POINT('',(0.323277420696886,-0.118186502541412,-0.0274014961902076));
#16010=CARTESIAN_POINT('',(0.331925806277557,-0.123179650221713,-0.0274014960656356));
#16011=CARTESIAN_POINT('',(0.331093007345135,-0.121737989410726,-0.0273939661486412));
#16012=CARTESIAN_POINT('',(0.328523060458047,-0.119087083518801,-0.0273848194878709));
#16013=CARTESIAN_POINT('',(0.324942335169053,-0.118186897174168,-0.0273939661486412));
#16014=CARTESIAN_POINT('',(0.323277420816888,-0.11818650254794,-0.0274014960656356));
#16015=CARTESIAN_POINT('',(0.329,-0.119684446850072,-0.02748));
#16016=CARTESIAN_POINT('',(0.396293,-0.119684446850072,-0.02598));
#16017=CARTESIAN_POINT('',(0.304722579265737,-0.119684446849772,-0.02598));
#16018=CARTESIAN_POINT('',(0.304722579183112,-0.119684446850072,-0.02598));
#16019=CARTESIAN_POINT('',(0.304722579183112,-0.119304837737763,-0.02598));
#16020=CARTESIAN_POINT('',(0.304722579183112,-0.118548226227266,-0.0262826732897521));
#16021=CARTESIAN_POINT('',(0.304722579183112,-0.118206369753832,-0.0270224071944221));
#16022=CARTESIAN_POINT('',(0.304722579183112,-0.11818650254794,-0.0274014960656356));
#16023=CARTESIAN_POINT('',(0.304722579303114,-0.118186502541412,-0.0274014961902073));
#16024=CARTESIAN_POINT('',(0.329,-0.11818650254794,-0.0274014960656356));
#16025=CARTESIAN_POINT('',(0.304721586612134,-0.128171078712119,-0.0274800048713307));
#16026=CARTESIAN_POINT('',(0.297371451541543,-0.123928622372779,-0.02598));
#16027=CARTESIAN_POINT('',(0.298079136972176,-0.122702875251147,-0.02598));
#16028=CARTESIAN_POINT('',(0.300263356583245,-0.120449197790258,-0.02598));
#16029=CARTESIAN_POINT('',(0.303307208321846,-0.119684446850072,-0.02598));
#16030=CARTESIAN_POINT('',(0.304722579183112,-0.119684446850072,-0.02598));
#16031=CARTESIAN_POINT('',(0.297371451257454,-0.123928622864237,-0.02598));
#16032=CARTESIAN_POINT('',(0.296074193722443,-0.123179650221713,-0.0274014960656356));
#16033=CARTESIAN_POINT('',(0.296091399227447,-0.123189583824659,-0.0270224071944221));
#16034=CARTESIAN_POINT('',(0.296387455617889,-0.123360512061376,-0.0262826732897521));
#16035=CARTESIAN_POINT('',(0.297042700406776,-0.123738817816625,-0.02598));
#16036=CARTESIAN_POINT('',(0.297371451541543,-0.123928622372779,-0.02598));
#16037=CARTESIAN_POINT('',(0.296074193656788,-0.123179650322374,-0.0274014961902076));
#16038=CARTESIAN_POINT('',(0.304722579183112,-0.11818650254794,-0.0274014960656356));
#16039=CARTESIAN_POINT('',(0.303057664830947,-0.118186897174168,-0.0273939661486412));
#16040=CARTESIAN_POINT('',(0.299476939541953,-0.119087083518801,-0.0273848194878709));
#16041=CARTESIAN_POINT('',(0.296906992654864,-0.121737989410726,-0.0273939661486412));
#16042=CARTESIAN_POINT('',(0.296074193722443,-0.123179650221713,-0.0274014960656356));
#16043=CARTESIAN_POINT('',(0.3002327411331,-0.118972723425036,-0.02748));
#16044=CARTESIAN_POINT('',(0.294476787810811,-0.128942327025234,-0.02598));
#16045=CARTESIAN_POINT('',(0.294476787851739,-0.128942326953745,-0.02598));
#16046=CARTESIAN_POINT('',(0.294476787810812,-0.128942327025233,-0.02598));
#16047=CARTESIAN_POINT('',(0.294148036676044,-0.128752522469079,-0.02598));
#16048=CARTESIAN_POINT('',(0.293492791887157,-0.12837421671383,-0.0262826732897521));
#16049=CARTESIAN_POINT('',(0.293196735496715,-0.128203288477113,-0.0270224071944221));
#16050=CARTESIAN_POINT('',(0.293179529991711,-0.128193354874168,-0.0274014960656356));
#16051=CARTESIAN_POINT('',(0.293179530049835,-0.128193354760438,-0.0274014961902076));
#16052=CARTESIAN_POINT('',(0.298935483313999,-0.11822375127397,-0.0274014960656356));
#16053=CARTESIAN_POINT('',(0.284532521844031,-0.123202592776473,-0.0274799902625417));
#16054=CARTESIAN_POINT('',(0.284531144531042,-0.134684446850072,-0.02598));
#16055=CARTESIAN_POINT('',(0.286446058049226,-0.134684446850072,-0.02598));
#16056=CARTESIAN_POINT('',(0.29056421040145,-0.133649783813351,-0.02598));
#16057=CARTESIAN_POINT('',(0.29351933105172,-0.13060069077803,-0.02598));
#16058=CARTESIAN_POINT('',(0.294476787810812,-0.128942327025234,-0.02598));
#16059=CARTESIAN_POINT('',(0.284531143963632,-0.134684446849772,-0.02598));
#16060=CARTESIAN_POINT('',(0.284531144531042,-0.13318650254794,-0.0274014960656356));
#16061=CARTESIAN_POINT('',(0.284531144531042,-0.133206369753832,-0.0270224071944221));
#16062=CARTESIAN_POINT('',(0.284531144531042,-0.133548226227266,-0.0262826732897521));
#16063=CARTESIAN_POINT('',(0.284531144531042,-0.134304837737763,-0.02598));
#16064=CARTESIAN_POINT('',(0.284531144531042,-0.134684446850072,-0.02598));
#16065=CARTESIAN_POINT('',(0.284531144403489,-0.133186502541413,-0.0274014961901838));
#16066=CARTESIAN_POINT('',(0.293179529991711,-0.128193354874168,-0.0274014960656356));
#16067=CARTESIAN_POINT('',(0.292347186734408,-0.12963580493761,-0.0273939661486412));
#16068=CARTESIAN_POINT('',(0.289777793360157,-0.132287669541894,-0.0273848194878709));
#16069=CARTESIAN_POINT('',(0.286196514558326,-0.133186897174168,-0.0273939661486411));
#16070=CARTESIAN_POINT('',(0.284531144531042,-0.133186502547941,-0.0274014960656356));
#16071=CARTESIAN_POINT('',(0.396293,-0.134684446850072,-0.02748));
#16072=CARTESIAN_POINT('',(0.396293,-0.134684446850072,-0.02598));
#16073=CARTESIAN_POINT('',(0.229807000082642,-0.134684446849772,-0.02598));
#16074=CARTESIAN_POINT('',(0.229807,-0.134684446850072,-0.02598));
#16075=CARTESIAN_POINT('',(0.229807,-0.134304837737763,-0.02598));
#16076=CARTESIAN_POINT('',(0.229807,-0.133548226227266,-0.0262826732897521));
#16077=CARTESIAN_POINT('',(0.229807,-0.133206369753832,-0.0270224071944221));
#16078=CARTESIAN_POINT('',(0.229807,-0.13318650254794,-0.0274014960656356));
#16079=CARTESIAN_POINT('',(0.22980700012415,-0.13318650254141,-0.0274014961902418));
#16080=CARTESIAN_POINT('',(0.396293,-0.13318650254794,-0.0274014960656356));
#16081=CARTESIAN_POINT('',(0.229813828141335,-0.126379253760386,-0.0274798939134486));
#16082=CARTESIAN_POINT('',(0.221507,-0.12637305637829,-0.02598));
#16083=CARTESIAN_POINT('',(0.221507,-0.127352563138904,-0.02598));
#16084=CARTESIAN_POINT('',(0.221861521330661,-0.129468609559195,-0.02598));
#16085=CARTESIAN_POINT('',(0.223762717949776,-0.132425633274796,-0.02598));
#16086=CARTESIAN_POINT('',(0.226715689167144,-0.134329438993482,-0.02598));
#16087=CARTESIAN_POINT('',(0.228828835619359,-0.134684446850072,-0.02598));
#16088=CARTESIAN_POINT('',(0.229807,-0.134684446850072,-0.02598));
#16089=CARTESIAN_POINT('',(0.221507000000332,-0.126373055965486,-0.02598));
#16090=CARTESIAN_POINT('',(0.223007,-0.12637305637829,-0.02748));
#16091=CARTESIAN_POINT('',(0.223007,-0.12637305637829,-0.0270873009183013));
#16092=CARTESIAN_POINT('',(0.22268197080271,-0.12637305637829,-0.0263050291972897));
#16093=CARTESIAN_POINT('',(0.221899699081699,-0.12637305637829,-0.02598));
#16094=CARTESIAN_POINT('',(0.221507,-0.12637305637829,-0.02598));
#16095=CARTESIAN_POINT('',(0.223007,-0.126373056247509,-0.0274800001246782));
#16096=CARTESIAN_POINT('',(0.229807,-0.133186502547941,-0.0274014960656356));
#16097=CARTESIAN_POINT('',(0.229005612314655,-0.133186502547941,-0.0274014960656356));
#16098=CARTESIAN_POINT('',(0.227274359799588,-0.132895477005476,-0.0274048492366324));
#16099=CARTESIAN_POINT('',(0.224855058079335,-0.131334790159421,-0.027422831334777));
#16100=CARTESIAN_POINT('',(0.223297451210662,-0.128910704565437,-0.0274507614382262));
#16101=CARTESIAN_POINT('',(0.223007,-0.127176028709925,-0.0274707482226102));
#16102=CARTESIAN_POINT('',(0.223007,-0.12637305637829,-0.02748));
#16103=CARTESIAN_POINT('',(0.221507,-0.124561,-0.02748));
#16104=CARTESIAN_POINT('',(0.221507,-0.124561,-0.02598));
#16105=CARTESIAN_POINT('',(0.223007,-0.124561,-0.02748));
#16106=CARTESIAN_POINT('',(0.29941,-0.128002438910864,-0.02548));
#16107=CARTESIAN_POINT('',(0.29941,-0.128419058411375,-0.023482));
#16108=CARTESIAN_POINT('',(0.29941,-0.128419058411375,-0.00748));
#16109=CARTESIAN_POINT('',(0.29941,-0.128002438910864,-0.00748));
#16110=CARTESIAN_POINT('',(0.3411575,-0.0994095346181227,-0.00748));
#16111=CARTESIAN_POINT('',(0.30016,-0.12449,-0.00748));
#16112=CARTESIAN_POINT('',(0.30091,-0.128419058411375,-0.00748));
#16113=CARTESIAN_POINT('',(0.30091,-0.13258671015501,-0.00748));
#16114=CARTESIAN_POINT('',(0.30091,-0.13258671015501,-0.02548));
#16115=CARTESIAN_POINT('',(0.30091,-0.128419058411375,-0.023482));
#16116=CARTESIAN_POINT('',(0.30091,-0.136061,-0.02248));
#16117=CARTESIAN_POINT('',(0.231707,-0.136061,-0.02248));
#16118=CARTESIAN_POINT('',(0.38141,-0.136061,-0.02248));
#16119=CARTESIAN_POINT('',(0.403493,0.0153,-0.04128));
#16120=CARTESIAN_POINT('',(0.403493,0.0153,-0.04128));
#16121=CARTESIAN_POINT('',(0.403493,0.0153,-0.04378));
#16122=CARTESIAN_POINT('',(0.403302640258437,0.0147504798468635,-0.04378));
#16123=CARTESIAN_POINT('',(0.403010006646801,0.0139356734517308,-0.0435689890607442));
#16124=CARTESIAN_POINT('',(0.402622250348849,0.01294498680562,-0.0430920512147307));
#16125=CARTESIAN_POINT('',(0.402493,0.0124166263268004,-0.0428712384669645));
#16126=CARTESIAN_POINT('',(0.402493,0.0121377223398316,-0.04278));
#16127=CARTESIAN_POINT('',(0.402493,0.0121377223398321,-0.0427800000000012));
#16128=CARTESIAN_POINT('',(0.402493,0.0153,-0.04128));
#16129=CARTESIAN_POINT('',(0.401479222980291,0.00209616261941641,-0.0427898787984247));
#16130=CARTESIAN_POINT('',(0.401493,0.00186722836499686,-0.043483527618041));
#16131=CARTESIAN_POINT('',(0.401493,0.00191240081003593,-0.0436521134780289));
#16132=CARTESIAN_POINT('',(0.401493,0.00207906577031306,-0.04378));
#16133=CARTESIAN_POINT('',(0.401493,0.00225359869551249,-0.04378));
#16134=CARTESIAN_POINT('',(0.401492999916717,0.00186722836501602,-0.0434835276181125));
#16135=CARTESIAN_POINT('',(0.402093,0.00170645884953819,-0.042883527618041));
#16136=CARTESIAN_POINT('',(0.402093,0.00174435258773449,-0.0430249489742783));
#16137=CARTESIAN_POINT('',(0.401970817459305,0.00183448965188851,-0.0433613450773462));
#16138=CARTESIAN_POINT('',(0.401634421356237,0.00186722836499686,-0.043483527618041));
#16139=CARTESIAN_POINT('',(0.401493,0.00186722836499686,-0.043483527618041));
#16140=CARTESIAN_POINT('',(0.401493,0.00225359869551239,-0.04378));
#16141=CARTESIAN_POINT('',(0.401728702260395,0.00225359869551239,-0.04378));
#16142=CARTESIAN_POINT('',(0.402289362432175,0.00222085998240366,-0.0435763624321753));
#16143=CARTESIAN_POINT('',(0.402493,0.00213072291825064,-0.0430157022603955));
#16144=CARTESIAN_POINT('',(0.402493,0.0020928291800538,-0.04278));
#16145=CARTESIAN_POINT('',(0.411295,0.00194666790032091,-0.04378));
#16146=CARTESIAN_POINT('',(0.411295,0.00186722836499686,-0.043483527618041));
#16147=CARTESIAN_POINT('',(0.39459300012495,0.00186722833265885,-0.0434835274973539));
#16148=CARTESIAN_POINT('',(0.394593,0.00194666790032091,-0.04378));
#16149=CARTESIAN_POINT('',(0.394593,-0.00951510445315013,-0.00254956455411929));
#16150=CARTESIAN_POINT('',(0.394593,0.00186722836499687,-0.043483527618041));
#16151=CARTESIAN_POINT('',(0.394498719095842,0.00186722836499686,-0.043483527618041));
#16152=CARTESIAN_POINT('',(0.39427445502713,0.00177725098065832,-0.0434624455057006));
#16153=CARTESIAN_POINT('',(0.394193,0.00152952293961713,-0.0434044016935855));
#16154=CARTESIAN_POINT('',(0.394193,0.00142537775118444,-0.04338));
#16155=CARTESIAN_POINT('',(0.394193,0.00142537759111196,-0.043379999877203));
#16156=CARTESIAN_POINT('',(0.394193,0.000943069204808415,-0.04158));
#16157=CARTESIAN_POINT('',(0.394193,0.,0.));
#16158=CARTESIAN_POINT('',(0.394193,-0.00142537775118442,-0.04338));
#16159=CARTESIAN_POINT('',(0.394193,-0.00142537759111195,-0.043379999877203));
#16160=CARTESIAN_POINT('',(0.394193,0.,-0.04338));
#16161=CARTESIAN_POINT('',(0.394593,0.00951510445315002,-0.00254956455411923));
#16162=CARTESIAN_POINT('',(0.394193,-0.00142537775118442,-0.04338));
#16163=CARTESIAN_POINT('',(0.394193,-0.00152952293961718,-0.0434044016935857));
#16164=CARTESIAN_POINT('',(0.39427445502713,-0.00177725098065826,-0.0434624455057004));
#16165=CARTESIAN_POINT('',(0.394498719095842,-0.00186722836499686,-0.043483527618041));
#16166=CARTESIAN_POINT('',(0.394593,-0.00186722836499686,-0.043483527618041));
#16167=CARTESIAN_POINT('',(0.39459300012495,-0.00186722833265883,-0.0434835274973538));
#16168=CARTESIAN_POINT('',(0.394593,-0.00125,-0.04118));
#16169=CARTESIAN_POINT('',(0.411295,-0.00125,-0.04118));
#16170=CARTESIAN_POINT('',(0.401493,-0.00186722836499686,-0.043483527618041));
#16171=CARTESIAN_POINT('',(0.401634421356237,-0.00186722836499686,-0.043483527618041));
#16172=CARTESIAN_POINT('',(0.401970817459305,-0.0018344896518885,-0.0433613450773462));
#16173=CARTESIAN_POINT('',(0.402093,-0.00174435258773449,-0.0430249489742783));
#16174=CARTESIAN_POINT('',(0.402093,-0.00170645884953819,-0.042883527618041));
#16175=CARTESIAN_POINT('',(0.401492999597485,-0.0018672283650162,-0.0434835276181132));
#16176=CARTESIAN_POINT('',(0.411295,-0.00186722836499685,-0.043483527618041));
#16177=CARTESIAN_POINT('',(0.402493,0.01,-0.02628));
#16178=CARTESIAN_POINT('',(0.402493,0.01,-0.02448));
#16179=CARTESIAN_POINT('',(0.402493,0.01,-0.04278));
#16180=CARTESIAN_POINT('',(0.402493,0.01,-0.04278));
#16181=CARTESIAN_POINT('',(0.402493,-0.125571217237258,-0.042779999875244));
#16182=CARTESIAN_POINT('',(0.402493,-0.126062240520356,-0.0334107198699469));
#16183=CARTESIAN_POINT('',(0.401479222980603,-0.00209616261911194,-0.0427898787987971));
#16184=CARTESIAN_POINT('',(0.401493,-0.00225359869551249,-0.04378));
#16185=CARTESIAN_POINT('',(0.401493,-0.00207906577031306,-0.04378));
#16186=CARTESIAN_POINT('',(0.401493,-0.00191240081003593,-0.0436521134780289));
#16187=CARTESIAN_POINT('',(0.401493,-0.00186722836499686,-0.043483527618041));
#16188=CARTESIAN_POINT('',(0.402493,-0.00209282918005381,-0.04278));
#16189=CARTESIAN_POINT('',(0.402493,-0.0021307229182506,-0.0430157022603955));
#16190=CARTESIAN_POINT('',(0.402289362432176,-0.00222085998240399,-0.0435763624321753));
#16191=CARTESIAN_POINT('',(0.401728702260395,-0.00225359869551262,-0.04378));
#16192=CARTESIAN_POINT('',(0.401493,-0.00225359869551262,-0.04378));
#16193=CARTESIAN_POINT('',(0.398193,-0.126062240520356,-0.0334107198699469));
#16194=CARTESIAN_POINT('',(0.402493,-0.125571217355259,-0.04278));
#16195=CARTESIAN_POINT('',(0.402493,-0.12607834942157,-0.0427861678515932));
#16196=CARTESIAN_POINT('',(0.402309332322669,-0.127173916125836,-0.0427994923745159));
#16197=CARTESIAN_POINT('',(0.401324375038068,-0.128704892334803,-0.042818112443482));
#16198=CARTESIAN_POINT('',(0.399794522479672,-0.129690573053705,-0.0428301005089118));
#16199=CARTESIAN_POINT('',(0.39869975985985,-0.129874375631807,-0.042832335956243));
#16200=CARTESIAN_POINT('',(0.398193,-0.129874375631807,-0.042832335956243));
#16201=CARTESIAN_POINT('',(0.314,-0.130678957466081,-0.00748));
#16202=CARTESIAN_POINT('',(0.38291,-0.130678957466081,-0.00748));
#16203=CARTESIAN_POINT('',(0.38291,-0.130678957466081,-0.02548));
#16204=CARTESIAN_POINT('',(0.38216,-0.130678957466081,-0.02548));
#16205=CARTESIAN_POINT('',(0.38141,-0.130678957466081,-0.02548));
#16206=CARTESIAN_POINT('',(0.38141,-0.130678957466081,-0.00748));
#16207=CARTESIAN_POINT('',(0.3411575,-0.0994095346181227,-0.02548));
#16208=CARTESIAN_POINT('',(0.38291,-0.13421257750101,-0.02548));
#16209=CARTESIAN_POINT('',(0.38141,-0.13421257750101,-0.02548));
#16210=CARTESIAN_POINT('',(0.396293,-0.131837553149928,-0.02448));
#16211=CARTESIAN_POINT('',(0.395293,-0.131837553149928,-0.02448));
#16212=CARTESIAN_POINT('',(0.395293,-0.131837553149928,-0.02348));
#16213=CARTESIAN_POINT('',(0.38291,-0.131837553149928,-0.02448));
#16214=CARTESIAN_POINT('',(0.38291,-0.131837553149928,-0.02348));
#16215=CARTESIAN_POINT('',(0.396293,-0.131837553149928,-0.02348));
#16216=CARTESIAN_POINT('',(0.231707,-0.136061,-0.02248));
#16217=CARTESIAN_POINT('',(0.395293,-0.136061,-0.02248));
#16218=CARTESIAN_POINT('',(0.395293,-0.136061,-0.02348));
#16219=CARTESIAN_POINT('',(0.396293,-0.136061,-0.02348));
#16220=CARTESIAN_POINT('',(0.38291,-0.136061,-0.02348));
#16221=CARTESIAN_POINT('',(0.38291,-0.136061,-0.02248));
#16222=CARTESIAN_POINT('',(0.314,0.,-0.00748));
#16223=CARTESIAN_POINT('',(0.38291,0.,-0.00748));
#16224=CARTESIAN_POINT('',(0.38291,-0.128419058411375,-0.00748));
#16225=CARTESIAN_POINT('',(0.38216,-0.12449,-0.00748));
#16226=CARTESIAN_POINT('',(0.38141,-0.128419058411375,-0.00748));
#16227=CARTESIAN_POINT('',(0.38141,0.,-0.00748));
#16228=CARTESIAN_POINT('',(0.38141,-0.05824,-0.046282));
#16229=CARTESIAN_POINT('',(0.38141,-0.128419058411375,-0.043782));
#16230=CARTESIAN_POINT('',(0.314,0.,-0.00748));
#16231=CARTESIAN_POINT('',(0.38141,0.,-0.00748));
#16232=CARTESIAN_POINT('',(0.38141,-0.0614190584113754,-0.00748));
#16233=CARTESIAN_POINT('',(0.38141,-0.120560941588625,-0.00748));
#16234=CARTESIAN_POINT('',(0.38216,-0.12449,-0.00748));
#16235=CARTESIAN_POINT('',(0.38291,-0.120560941588625,-0.00748));
#16236=CARTESIAN_POINT('',(0.38291,0.,-0.00748));
#16237=CARTESIAN_POINT('',(0.38291,-0.0614190584113754,-0.00748));
#16238=CARTESIAN_POINT('',(0.38216,-0.05749,-0.00748));
#16239=CARTESIAN_POINT('',(0.38141,-0.05824,-0.046282));
#16240=CARTESIAN_POINT('',(0.38141,-0.120560941588625,-0.043782));
#16241=CARTESIAN_POINT('',(0.38141,-0.0614190584113754,-0.043782));
#16242=CARTESIAN_POINT('',(0.30091,-0.05824,-0.046282));
#16243=CARTESIAN_POINT('',(0.30091,-0.120560941588625,-0.023482));
#16244=CARTESIAN_POINT('',(0.30091,-0.120560941588625,-0.00748));
#16245=CARTESIAN_POINT('',(0.30091,-0.121569217042456,-0.153928684513188));
#16246=CARTESIAN_POINT('',(0.30091,-0.116397465343017,-0.02548));
#16247=CARTESIAN_POINT('',(0.30091,-0.119106648406341,-0.02548));
#16248=CARTESIAN_POINT('',(0.30091,-0.11627311108375,-0.02548));
#16249=CARTESIAN_POINT('',(0.30091,-0.11627311108375,-0.00748));
#16250=CARTESIAN_POINT('',(0.30091,-0.11627311108375,-0.02748));
#16251=CARTESIAN_POINT('',(0.30091,-0.115329365325161,-0.0428384918024188));
#16252=CARTESIAN_POINT('',(0.30091,-0.115642440780728,-0.0376901568843552));
#16253=CARTESIAN_POINT('',(0.30091,-0.115957141088875,-0.0325687329638615));
#16254=CARTESIAN_POINT('',(0.30091,-0.11627311108375,-0.02748));
#16255=CARTESIAN_POINT('',(0.30091,-0.0614190584113754,-0.043782));
#16256=CARTESIAN_POINT('',(0.30091,-0.0614190584113754,-0.00748));
#16257=CARTESIAN_POINT('',(0.30091,0.,-0.00748));
#16258=CARTESIAN_POINT('',(0.314,0.,-0.00748));
#16259=CARTESIAN_POINT('',(0.314,-0.05824,-0.00748));
#16260=CARTESIAN_POINT('',(0.304089058411376,-0.05824,-0.00748));
#16261=CARTESIAN_POINT('',(0.378230941588624,-0.05824,-0.00748));
#16262=CARTESIAN_POINT('',(0.38216,-0.05749,-0.00748));
#16263=CARTESIAN_POINT('',(0.378230941588624,-0.05674,-0.00748));
#16264=CARTESIAN_POINT('',(0.314,-0.05674,-0.00748));
#16265=CARTESIAN_POINT('',(0.304089058411376,-0.05674,-0.00748));
#16266=CARTESIAN_POINT('',(0.30016,-0.05749,-0.00748));
#16267=CARTESIAN_POINT('',(0.30091,-0.05824,-0.046282));
#16268=CARTESIAN_POINT('',(0.378230941588624,-0.05824,-0.043782));
#16269=CARTESIAN_POINT('',(0.304089058411376,-0.05824,-0.043782));
#16270=CARTESIAN_POINT('',(0.304807248516763,-0.128319449483212,-0.0244800075324707));
#16271=CARTESIAN_POINT('',(0.29941,-0.118185154791412,-0.0234799985234916));
#16272=CARTESIAN_POINT('',(0.29941,-0.117918308750771,-0.0234800298139372));
#16273=CARTESIAN_POINT('',(0.29941,-0.117374628839142,-0.0236489950431326));
#16274=CARTESIAN_POINT('',(0.29941,-0.117084717975952,-0.0241532064978525));
#16275=CARTESIAN_POINT('',(0.29941,-0.117066917135886,-0.0244199388525811));
#16276=CARTESIAN_POINT('',(0.299410000002647,-0.117066855449816,-0.0244198539633974));
#16277=CARTESIAN_POINT('',(0.293998119605277,-0.122080358207389,-0.024427664043757));
#16278=CARTESIAN_POINT('',(0.294592751071545,-0.121050726888332,-0.0244247962224016));
#16279=CARTESIAN_POINT('',(0.296129653190475,-0.119082122249058,-0.024420277608427));
#16280=CARTESIAN_POINT('',(0.298263287501638,-0.117616815866086,-0.0244192994964638));
#16281=CARTESIAN_POINT('',(0.299409975975668,-0.117066805290091,-0.0244197690648217));
#16282=CARTESIAN_POINT('',(0.3411575,-0.0994095346181227,-0.02548));
#16283=CARTESIAN_POINT('',(0.304796554757948,-0.128300927349621,-0.02548));
#16284=CARTESIAN_POINT('',(0.29941,-0.116995899307212,-0.02548));
#16285=CARTESIAN_POINT('',(0.29941,-0.119401327871832,-0.02548));
#16286=CARTESIAN_POINT('',(0.29941,-0.116862470014732,-0.02548));
#16287=CARTESIAN_POINT('',(0.30471384612422,-0.128157958827423,-0.0254800000000028));
#16288=CARTESIAN_POINT('',(0.304713838337694,-0.128157951965175,-0.0074799999999992));
#16289=CARTESIAN_POINT('',(0.29941,-0.116862470014732,-0.00748));
#16290=CARTESIAN_POINT('',(0.29941,-0.116862470014732,-0.02748));
#16291=CARTESIAN_POINT('',(0.29941,-0.116862470014732,-0.02748));
#16292=CARTESIAN_POINT('',(0.299896256747605,-0.116634144826258,-0.02748));
#16293=CARTESIAN_POINT('',(0.300398336618121,-0.116436874655754,-0.02748));
#16294=CARTESIAN_POINT('',(0.30091,-0.11627311108375,-0.02748));
#16295=CARTESIAN_POINT('',(0.314,0.,-0.00748));
#16296=CARTESIAN_POINT('',(0.29941,0.,-0.00748));
#16297=CARTESIAN_POINT('',(0.29941,-0.0614190584113754,-0.00748));
#16298=CARTESIAN_POINT('',(0.29941,-0.120560941588625,-0.00748));
#16299=CARTESIAN_POINT('',(0.30016,-0.12449,-0.00748));
#16300=CARTESIAN_POINT('',(0.30016,-0.05749,-0.00748));
#16301=CARTESIAN_POINT('',(0.30478769656238,-0.128285584504834,-0.0257727589185439));
#16302=CARTESIAN_POINT('',(0.29941,-0.116862470014732,-0.02748));
#16303=CARTESIAN_POINT('',(0.29941,-0.116524566638747,-0.032552446474562));
#16304=CARTESIAN_POINT('',(0.29941,-0.116187175558441,-0.0376745436918157));
#16305=CARTESIAN_POINT('',(0.29941,-0.115850715671904,-0.0428399321572342));
#16306=CARTESIAN_POINT('',(0.299410011252309,-0.115850742400417,-0.0428399338982596));
#16307=CARTESIAN_POINT('',(0.29941,-0.1158507156555,-0.0428399324090664));
#16308=CARTESIAN_POINT('',(0.298187325756302,-0.116365051171499,-0.0428407324497786));
#16309=CARTESIAN_POINT('',(0.29584395057638,-0.117822764032332,-0.0428402949418758));
#16310=CARTESIAN_POINT('',(0.294104647174639,-0.119966415619856,-0.0428355364186768));
#16311=CARTESIAN_POINT('',(0.293441237567434,-0.121115810224023,-0.0428323359562429));
#16312=CARTESIAN_POINT('',(0.293441237509471,-0.121115810337483,-0.0428323358315949));
#16313=CARTESIAN_POINT('',(0.293977214736544,-0.122044149912618,-0.0251185594655071));
#16314=CARTESIAN_POINT('',(0.29941,-0.118971140831103,-0.203502931827156));
#16315=CARTESIAN_POINT('',(0.296837903634833,-0.117012713081557,-0.0258491601093927));
#16316=CARTESIAN_POINT('',(0.296067097264069,-0.116567687815903,-0.0428323359562429));
#16317=CARTESIAN_POINT('',(0.290546573902517,-0.126129514775548,-0.0428323358315965));
#16318=CARTESIAN_POINT('',(0.291049904532523,-0.127001309214648,-0.026197509026026));
#16319=CARTESIAN_POINT('',(0.284563615437021,-0.123256448459318,-0.0258049893542039));
#16320=CARTESIAN_POINT('',(0.290546573836702,-0.126129514876477,-0.042832335956243));
#16321=CARTESIAN_POINT('',(0.289921993623849,-0.127210793370236,-0.0428373559009058));
#16322=CARTESIAN_POINT('',(0.287994556521568,-0.129199012735529,-0.0428434536747529));
#16323=CARTESIAN_POINT('',(0.285308989491788,-0.129874112547655,-0.0428373559009058));
#16324=CARTESIAN_POINT('',(0.2840602847412,-0.129874375631807,-0.042832335956243));
#16325=CARTESIAN_POINT('',(0.229807,-0.126470319163669,-0.025624115497548));
#16326=CARTESIAN_POINT('',(0.229807,-0.129874375631807,-0.042832335956243));
#16327=CARTESIAN_POINT('',(0.22930024014015,-0.129874375631807,-0.042832335956243));
#16328=CARTESIAN_POINT('',(0.228205477520328,-0.129690573053705,-0.0428301005089118));
#16329=CARTESIAN_POINT('',(0.226675624961932,-0.128704892334803,-0.0428181124434821));
#16330=CARTESIAN_POINT('',(0.225690667677331,-0.127173916125836,-0.0427994923745159));
#16331=CARTESIAN_POINT('',(0.225507,-0.12607834942157,-0.0427861678515933));
#16332=CARTESIAN_POINT('',(0.225507,-0.125571217355259,-0.04278));
#16333=CARTESIAN_POINT('',(0.225507,-0.125571217237258,-0.0427799998752588));
#16334=CARTESIAN_POINT('',(0.225507,-0.126470319163669,-0.025624115497548));
#16335=CARTESIAN_POINT('',(0.225507,-0.124561,-0.02628));
#16336=CARTESIAN_POINT('',(0.225507,-0.111546300884068,-0.043782));
#16337=CARTESIAN_POINT('',(0.225507,-0.111546300884068,-0.02448));
#16338=CARTESIAN_POINT('',(0.225507,-0.111546300884068,-0.04278));
#16339=CARTESIAN_POINT('',(0.225507,-0.124561,-0.02448));
#16340=CARTESIAN_POINT('',(0.225507,-0.123561,-0.02448));
#16341=CARTESIAN_POINT('',(0.225507,-0.124561,-0.02448));
#16342=CARTESIAN_POINT('',(0.225507,-0.124561,-0.04278));
#16343=CARTESIAN_POINT('',(0.224507,-0.124561,-0.02448));
#16344=CARTESIAN_POINT('',(0.224507,-0.123561,-0.02448));
#16345=CARTESIAN_POINT('',(0.224507,-0.110607528803338,-0.02348));
#16346=CARTESIAN_POINT('',(0.224698102373257,-0.110861714095343,-0.02348));
#16347=CARTESIAN_POINT('',(0.225160355704594,-0.111329268037738,-0.0235785945996237));
#16348=CARTESIAN_POINT('',(0.225507,-0.111546300884068,-0.0241585626818886));
#16349=CARTESIAN_POINT('',(0.225507,-0.111546300884068,-0.02448));
#16350=CARTESIAN_POINT('',(0.314,0.,-0.00748));
#16351=CARTESIAN_POINT('',(0.2762182,-0.1082038,-0.00748));
#16352=CARTESIAN_POINT('',(0.272289141588624,-0.1074538,-0.00748));
#16353=CARTESIAN_POINT('',(0.272289141588624,-0.1089538,-0.00748));
#16354=CARTESIAN_POINT('',(0.2284542,-0.1074538,-0.00748));
#16355=CARTESIAN_POINT('',(0.231633258411376,-0.1074538,-0.00748));
#16356=CARTESIAN_POINT('',(0.2277042,-0.1082038,-0.00748));
#16357=CARTESIAN_POINT('',(0.231633258411376,-0.1089538,-0.00748));
#16358=CARTESIAN_POINT('',(0.314,-0.1089538,-0.00748));
#16359=CARTESIAN_POINT('',(0.2439468,-0.1089538,-0.00748));
#16360=CARTESIAN_POINT('',(0.2439468,0.,-0.00748));
#16361=CARTESIAN_POINT('',(0.2439468,-0.111194434760222,-0.00748));
#16362=CARTESIAN_POINT('',(0.2446968,-0.114741,-0.00748));
#16363=CARTESIAN_POINT('',(0.2454468,-0.111194434760222,-0.00748));
#16364=CARTESIAN_POINT('',(0.2454468,0.,-0.00748));
#16365=CARTESIAN_POINT('',(0.2454468,-0.1089538,-0.00748));
#16366=CARTESIAN_POINT('',(0.314,-0.1089538,-0.00748));
#16367=CARTESIAN_POINT('',(0.2284542,-0.1074538,-0.046282));
#16368=CARTESIAN_POINT('',(0.272289141588624,-0.1074538,-0.043782));
#16369=CARTESIAN_POINT('',(0.231633258411376,-0.1074538,-0.043782));
#16370=CARTESIAN_POINT('',(0.314,0.,-0.00748));
#16371=CARTESIAN_POINT('',(0.2762182,-0.1082038,-0.00748));
#16372=CARTESIAN_POINT('',(0.2769682,-0.104274741588625,-0.00748));
#16373=CARTESIAN_POINT('',(0.2754682,-0.104274741588625,-0.00748));
#16374=CARTESIAN_POINT('',(0.2769682,0.,-0.00748));
#16375=CARTESIAN_POINT('',(0.2769682,-0.0631362584113754,-0.00748));
#16376=CARTESIAN_POINT('',(0.2762182,-0.0592072,-0.00748));
#16377=CARTESIAN_POINT('',(0.2754682,-0.0631362584113754,-0.00748));
#16378=CARTESIAN_POINT('',(0.2754682,-0.0599572,-0.00748));
#16379=CARTESIAN_POINT('',(0.2754682,-0.0599572,-0.046282));
#16380=CARTESIAN_POINT('',(0.2754682,-0.104274741588625,-0.043782));
#16381=CARTESIAN_POINT('',(0.2754682,-0.0631362584113754,-0.043782));
#16382=CARTESIAN_POINT('',(0.2284542,-0.0599572,-0.046282));
#16383=CARTESIAN_POINT('',(0.2284542,-0.0631362584113755,-0.043782));
#16384=CARTESIAN_POINT('',(0.2284542,-0.0631362584113755,-0.00748));
#16385=CARTESIAN_POINT('',(0.2284542,-0.0599572,-0.00748));
#16386=CARTESIAN_POINT('',(0.2284542,-0.104274741588624,-0.00748));
#16387=CARTESIAN_POINT('',(0.2284542,-0.104274741588624,-0.043782));
#16388=CARTESIAN_POINT('',(0.314,0.,-0.00748));
#16389=CARTESIAN_POINT('',(0.2277042,-0.0592072,-0.00748));
#16390=CARTESIAN_POINT('',(0.2269542,-0.0631362584113753,-0.00748));
#16391=CARTESIAN_POINT('',(0.2269542,0.,-0.00748));
#16392=CARTESIAN_POINT('',(0.2269542,-0.104274741588625,-0.00748));
#16393=CARTESIAN_POINT('',(0.2277042,-0.1082038,-0.00748));
#16394=CARTESIAN_POINT('',(0.2269542,-0.0584572,-0.046282));
#16395=CARTESIAN_POINT('',(0.2269542,-0.0631362584113753,-0.043782));
#16396=CARTESIAN_POINT('',(0.2269542,-0.104274741588625,-0.043782));
#16397=CARTESIAN_POINT('',(0.226507,-0.124561,-0.04278));
#16398=CARTESIAN_POINT('',(0.226507,-0.0630238362362686,-0.04378));
#16399=CARTESIAN_POINT('',(0.226242245811564,-0.0629407883127114,-0.04378));
#16400=CARTESIAN_POINT('',(0.225746599354258,-0.0627159479177802,-0.0435762759506391));
#16401=CARTESIAN_POINT('',(0.225507,-0.0625497008840684,-0.0430581066761719));
#16402=CARTESIAN_POINT('',(0.225507,-0.0625497008840684,-0.04278));
#16403=CARTESIAN_POINT('',(0.225507,-0.0625497008840684,-0.04278));
#16404=CARTESIAN_POINT('',(0.225507,-0.124561,-0.04278));
#16405=CARTESIAN_POINT('',(0.225507,-0.104861299115932,-0.04278));
#16406=CARTESIAN_POINT('',(0.225507,-0.104861299115932,-0.04278));
#16407=CARTESIAN_POINT('',(0.225507,-0.104861299115932,-0.0430579027593678));
#16408=CARTESIAN_POINT('',(0.225746063002018,-0.104695326690748,-0.0435759165676437));
#16409=CARTESIAN_POINT('',(0.226242367958839,-0.10447017337221,-0.04378));
#16410=CARTESIAN_POINT('',(0.226507,-0.104387163763731,-0.04378));
#16411=CARTESIAN_POINT('',(0.225507,-0.124561,-0.02628));
#16412=CARTESIAN_POINT('',(0.225507,-0.0625497008840684,-0.043782));
#16413=CARTESIAN_POINT('',(0.225507,-0.0625497008840684,-0.02448));
#16414=CARTESIAN_POINT('',(0.225507,-0.124561,-0.02448));
#16415=CARTESIAN_POINT('',(0.225507,-0.104861299115932,-0.02448));
#16416=CARTESIAN_POINT('',(0.225507,-0.104861299115932,-0.043782));
#16417=CARTESIAN_POINT('',(0.224507,-0.124561,-0.02448));
#16418=CARTESIAN_POINT('',(0.224507,-0.061610928803338,-0.02348));
#16419=CARTESIAN_POINT('',(0.224698102373257,-0.0618651140953427,-0.02348));
#16420=CARTESIAN_POINT('',(0.225160355704594,-0.0623326680377384,-0.0235785945996237));
#16421=CARTESIAN_POINT('',(0.225507,-0.0625497008840684,-0.0241585626818886));
#16422=CARTESIAN_POINT('',(0.225507,-0.0625497008840684,-0.02448));
#16423=CARTESIAN_POINT('',(0.225507,-0.104861299115932,-0.02448));
#16424=CARTESIAN_POINT('',(0.225507,-0.104861299115932,-0.0241593858380756));
#16425=CARTESIAN_POINT('',(0.225160050447066,-0.1050785581974,-0.0235778897835396));
#16426=CARTESIAN_POINT('',(0.224697979151614,-0.105546049801781,-0.02348));
#16427=CARTESIAN_POINT('',(0.224507,-0.105800071196662,-0.02348));
#16428=CARTESIAN_POINT('',(0.224507,-0.124561,-0.02448));
#16429=CARTESIAN_POINT('',(0.225507,-0.0558646991159316,-0.02448));
#16430=CARTESIAN_POINT('',(0.225507,-0.0558646991159316,-0.0241593858380756));
#16431=CARTESIAN_POINT('',(0.225160050447066,-0.0560819581974002,-0.0235778897835396));
#16432=CARTESIAN_POINT('',(0.224697979151614,-0.0565494498017812,-0.02348));
#16433=CARTESIAN_POINT('',(0.224507,-0.056803471196662,-0.02348));
#16434=CARTESIAN_POINT('',(0.225507,-0.0558646991159316,-0.02448));
#16435=CARTESIAN_POINT('',(0.225507,-0.124561,-0.02448));
#16436=CARTESIAN_POINT('',(0.314,0.,-0.00748));
#16437=CARTESIAN_POINT('',(0.2277042,-0.0592072,-0.00748));
#16438=CARTESIAN_POINT('',(0.231633258411376,-0.0599572,-0.00748));
#16439=CARTESIAN_POINT('',(0.231633258411376,-0.0584572,-0.00748));
#16440=CARTESIAN_POINT('',(0.2284542,-0.0599572,-0.00748));
#16441=CARTESIAN_POINT('',(0.272289141588624,-0.0599572,-0.00748));
#16442=CARTESIAN_POINT('',(0.2762182,-0.0592072,-0.00748));
#16443=CARTESIAN_POINT('',(0.272289141588624,-0.0584572,-0.00748));
#16444=CARTESIAN_POINT('',(0.314,-0.0584572,-0.00748));
#16445=CARTESIAN_POINT('',(0.2284542,-0.0599572,-0.046282));
#16446=CARTESIAN_POINT('',(0.231633258411376,-0.0599572,-0.043782));
#16447=CARTESIAN_POINT('',(0.272289141588624,-0.0599572,-0.043782));
#16448=CARTESIAN_POINT('',(0.216705,-0.00125,-0.04118));
#16449=CARTESIAN_POINT('',(0.225907,-0.00170645884953819,-0.042883527618041));
#16450=CARTESIAN_POINT('',(0.225907,-0.00174435258773449,-0.0430249489742783));
#16451=CARTESIAN_POINT('',(0.226029182540695,-0.0018344896518885,-0.0433613450773462));
#16452=CARTESIAN_POINT('',(0.226365578643763,-0.00186722836499686,-0.043483527618041));
#16453=CARTESIAN_POINT('',(0.226507,-0.00186722836499686,-0.043483527618041));
#16454=CARTESIAN_POINT('',(0.226507000083283,-0.00186722836501609,-0.0434835276181128));
#16455=CARTESIAN_POINT('',(0.216705,-0.00186722836499685,-0.043483527618041));
#16456=CARTESIAN_POINT('',(0.23340699987505,-0.00186722833265883,-0.0434835274973538));
#16457=CARTESIAN_POINT('',(0.233407,-0.00125,-0.04118));
#16458=CARTESIAN_POINT('',(0.226520777019398,-0.00209616261911213,-0.0427898787987971));
#16459=CARTESIAN_POINT('',(0.226507,-0.00225359869551262,-0.04378));
#16460=CARTESIAN_POINT('',(0.226271297739604,-0.00225359869551262,-0.04378));
#16461=CARTESIAN_POINT('',(0.225710637567825,-0.00222085998240399,-0.0435763624321754));
#16462=CARTESIAN_POINT('',(0.225507,-0.0021307229182506,-0.0430157022603955));
#16463=CARTESIAN_POINT('',(0.225507,-0.00209282918005381,-0.04278));
#16464=CARTESIAN_POINT('',(0.226507,-0.00186722836499686,-0.043483527618041));
#16465=CARTESIAN_POINT('',(0.226507,-0.00191240081003592,-0.0436521134780289));
#16466=CARTESIAN_POINT('',(0.226507,-0.00207906577031305,-0.04378));
#16467=CARTESIAN_POINT('',(0.226507,-0.00225359869551249,-0.04378));
#16468=CARTESIAN_POINT('',(0.233407,-0.000863629669484372,-0.041283527618041));
#16469=CARTESIAN_POINT('',(0.233407,-0.00186722836499686,-0.043483527618041));
#16470=CARTESIAN_POINT('',(0.233501280904158,-0.00186722836499686,-0.043483527618041));
#16471=CARTESIAN_POINT('',(0.23372554497287,-0.00177725098065826,-0.0434624455057005));
#16472=CARTESIAN_POINT('',(0.233807,-0.00152952293961716,-0.0434044016935856));
#16473=CARTESIAN_POINT('',(0.233807,-0.00142537775118442,-0.04338));
#16474=CARTESIAN_POINT('',(0.233807,-0.00142537759111195,-0.043379999877203));
#16475=CARTESIAN_POINT('',(0.233807,-0.000943069204808411,-0.04158));
#16476=CARTESIAN_POINT('',(0.233807,0.,0.));
#16477=CARTESIAN_POINT('',(0.233807,0.,-0.04338));
#16478=CARTESIAN_POINT('',(0.233807,0.00142537759111194,-0.043379999877203));
#16479=CARTESIAN_POINT('',(0.233807,0.00142537775118442,-0.04338));
#16480=CARTESIAN_POINT('',(0.233407,0.00156029756980527,-0.043883527618041));
#16481=CARTESIAN_POINT('',(0.233807,0.00142537775118442,-0.04338));
#16482=CARTESIAN_POINT('',(0.233807,0.00152952293961716,-0.0434044016935856));
#16483=CARTESIAN_POINT('',(0.23372554497287,0.00177725098065828,-0.0434624455057005));
#16484=CARTESIAN_POINT('',(0.233501280904158,0.00186722836499685,-0.0434835276180409));
#16485=CARTESIAN_POINT('',(0.233407,0.00186722836499686,-0.043483527618041));
#16486=CARTESIAN_POINT('',(0.23340699987505,0.00186722833265885,-0.0434835274973539));
#16487=CARTESIAN_POINT('',(0.233407,0.00194666790032091,-0.04378));
#16488=CARTESIAN_POINT('',(0.216705,0.00194666790032091,-0.04378));
#16489=CARTESIAN_POINT('',(0.216705,0.00186722836499686,-0.043483527618041));
#16490=CARTESIAN_POINT('',(0.226507000402515,0.00186722836501614,-0.0434835276181129));
#16491=CARTESIAN_POINT('',(0.226507,0.00186722836499686,-0.043483527618041));
#16492=CARTESIAN_POINT('',(0.226365578643763,0.00186722836499686,-0.043483527618041));
#16493=CARTESIAN_POINT('',(0.226029182540695,0.00183448965188851,-0.0433613450773462));
#16494=CARTESIAN_POINT('',(0.225907,0.00174435258773449,-0.0430249489742783));
#16495=CARTESIAN_POINT('',(0.225907,0.00170645884953819,-0.042883527618041));
#16496=CARTESIAN_POINT('',(0.226520777019459,0.00209616261918869,-0.0427898787987224));
#16497=CARTESIAN_POINT('',(0.226507,0.00225359869551251,-0.04378));
#16498=CARTESIAN_POINT('',(0.226507,0.00207906577031307,-0.04378));
#16499=CARTESIAN_POINT('',(0.226507,0.00191240081003595,-0.0436521134780289));
#16500=CARTESIAN_POINT('',(0.226507,0.00186722836499689,-0.043483527618041));
#16501=CARTESIAN_POINT('',(0.225507,0.0020928291800538,-0.04278));
#16502=CARTESIAN_POINT('',(0.225507,0.00213072291825064,-0.0430157022603955));
#16503=CARTESIAN_POINT('',(0.225710637567825,0.00222085998240366,-0.0435763624321754));
#16504=CARTESIAN_POINT('',(0.226271297739605,0.00225359869551239,-0.04378));
#16505=CARTESIAN_POINT('',(0.226507,0.00225359869551239,-0.04378));
#16506=CARTESIAN_POINT('',(0.225507,-0.124561,-0.02628));
#16507=CARTESIAN_POINT('',(0.225507,-0.0558646991159316,-0.043782));
#16508=CARTESIAN_POINT('',(0.225507,-0.0558646991159316,-0.04278));
#16509=CARTESIAN_POINT('',(0.225507,-0.124561,-0.04278));
#16510=CARTESIAN_POINT('',(0.225507,-0.124561,-0.04278));
#16511=CARTESIAN_POINT('',(0.225507,0.0121377223398316,-0.0427800000000118));
#16512=CARTESIAN_POINT('',(0.225507,0.0153,-0.04128));
#16513=CARTESIAN_POINT('',(0.224507,0.0153,-0.04128));
#16514=CARTESIAN_POINT('',(0.225507,0.0121377223398316,-0.04278));
#16515=CARTESIAN_POINT('',(0.225507,0.0124166234787627,-0.0428712375352797));
#16516=CARTESIAN_POINT('',(0.225377781740662,0.0129448935487886,-0.0430920478321158));
#16517=CARTESIAN_POINT('',(0.22498985266095,0.0139360827735369,-0.0435689796649974));
#16518=CARTESIAN_POINT('',(0.224698020436033,0.0147485725899805,-0.04378));
#16519=CARTESIAN_POINT('',(0.224507,0.0153,-0.04378));
#16520=CARTESIAN_POINT('',(0.224507,0.0153,-0.04128));
#16521=CARTESIAN_POINT('',(0.221507,0.0153,-0.04128));
#16522=CARTESIAN_POINT('',(0.221507,0.0153,-0.04128));
#16523=CARTESIAN_POINT('',(0.221507,0.0153,-0.04628));
#16524=CARTESIAN_POINT('',(0.221507,0.0153,-0.04628));
#16525=CARTESIAN_POINT('',(0.22181126381236,0.0143610220087976,-0.04628));
#16526=CARTESIAN_POINT('',(0.222275866394678,0.0129650987804176,-0.0460016527835981));
#16527=CARTESIAN_POINT('',(0.222832278468435,0.0111979676944236,-0.0453088054318027));
#16528=CARTESIAN_POINT('',(0.223007,0.0102913803192999,-0.0449448313882948));
#16529=CARTESIAN_POINT('',(0.223007,0.00982277442494834,-0.04478));
#16530=CARTESIAN_POINT('',(0.223007,0.00982277442494835,-0.0447800000000165));
#16531=CARTESIAN_POINT('',(0.223007,0.0153,-0.04128));
#16532=CARTESIAN_POINT('',(0.223007,-0.124561,-0.02628));
#16533=CARTESIAN_POINT('',(0.223007,-0.124561,-0.04478));
#16534=CARTESIAN_POINT('',(0.223007,-0.125466401679004,-0.0447799998753294));
#16535=CARTESIAN_POINT('',(0.223007,-0.125466401796693,-0.04478));
#16536=CARTESIAN_POINT('',(0.229807,-0.126470319163669,-0.025624115497548));
#16537=CARTESIAN_POINT('',(0.223007,-0.125466401796693,-0.04478));
#16538=CARTESIAN_POINT('',(0.223007,-0.126268404398113,-0.0447892517773899));
#16539=CARTESIAN_POINT('',(0.223297451210662,-0.128000985327656,-0.0448092385617738));
#16540=CARTESIAN_POINT('',(0.224855058079335,-0.130422143412246,-0.0448371686652231));
#16541=CARTESIAN_POINT('',(0.227274359799588,-0.131980945454641,-0.0448551507633677));
#16542=CARTESIAN_POINT('',(0.229005612314655,-0.132271619532614,-0.0448585039343645));
#16543=CARTESIAN_POINT('',(0.229807,-0.132271619532614,-0.0448585039343645));
#16544=CARTESIAN_POINT('',(0.22980700012415,-0.132271619539144,-0.044858503809759));
#16545=CARTESIAN_POINT('',(0.229807,-0.133261,-0.02598));
#16546=CARTESIAN_POINT('',(0.396293,-0.133261,-0.02598));
#16547=CARTESIAN_POINT('',(0.396293,-0.132271619532614,-0.0448585039343644));
#16548=CARTESIAN_POINT('',(0.284002936455864,-0.132271619539142,-0.0448585038097947));
#16549=CARTESIAN_POINT('',(0.284002936575867,-0.132271619532614,-0.0448585039343644));
#16550=CARTESIAN_POINT('',(0.284563615437021,-0.123256448459318,-0.0258049893542039));
#16551=CARTESIAN_POINT('',(0.284002936575866,-0.132271619532614,-0.0448585039343644));
#16552=CARTESIAN_POINT('',(0.285667850928032,-0.132271224906386,-0.0448660338513589));
#16553=CARTESIAN_POINT('',(0.289248576217026,-0.131371038561754,-0.044875180512129));
#16554=CARTESIAN_POINT('',(0.291818523104114,-0.128720132669828,-0.0448660338513589));
#16555=CARTESIAN_POINT('',(0.292651322036535,-0.127278471858841,-0.0448585039343644));
#16556=CARTESIAN_POINT('',(0.29265132210219,-0.12727847175818,-0.0448585038097923));
#16557=CARTESIAN_POINT('',(0.293179529991711,-0.128193354874168,-0.0274014960656356));
#16558=CARTESIAN_POINT('',(0.299,-0.118261,-0.02598));
#16559=CARTESIAN_POINT('',(0.298143171381235,-0.117766309766307,-0.0448585039343644));
#16560=CARTESIAN_POINT('',(0.295545985709144,-0.122264767320116,-0.0448585038097946));
#16561=CARTESIAN_POINT('',(0.295545985767268,-0.122264767206387,-0.0448585039343644));
#16562=CARTESIAN_POINT('',(0.30478769656238,-0.128285584504834,-0.0257727589185439));
#16563=CARTESIAN_POINT('',(0.295545985767267,-0.122264767206387,-0.0448585039343644));
#16564=CARTESIAN_POINT('',(0.296378329024571,-0.120822317142944,-0.044866033851359));
#16565=CARTESIAN_POINT('',(0.298947722398821,-0.11817045253866,-0.044875180512129));
#16566=CARTESIAN_POINT('',(0.302529001200653,-0.117271224906386,-0.044866033851359));
#16567=CARTESIAN_POINT('',(0.304194371227936,-0.117271619532614,-0.0448585039343644));
#16568=CARTESIAN_POINT('',(0.30419437135549,-0.117271619539141,-0.0448585038098207));
#16569=CARTESIAN_POINT('',(0.304722579183112,-0.11818650254794,-0.0274014960656356));
#16570=CARTESIAN_POINT('',(0.329,-0.118261,-0.02598));
#16571=CARTESIAN_POINT('',(0.329,-0.117271619532614,-0.0448585039343644));
#16572=CARTESIAN_POINT('',(0.32380562864451,-0.117271619539142,-0.0448585038097946));
#16573=CARTESIAN_POINT('',(0.323805628772064,-0.117271619532614,-0.0448585039343644));
#16574=CARTESIAN_POINT('',(0.323223869474865,-0.128265551540682,-0.0261550106457961));
#16575=CARTESIAN_POINT('',(0.323805628772064,-0.117271619532614,-0.0448585039343645));
#16576=CARTESIAN_POINT('',(0.325470998799347,-0.117271224906386,-0.0448660338513588));
#16577=CARTESIAN_POINT('',(0.329052277601178,-0.11817045253866,-0.0448751805121291));
#16578=CARTESIAN_POINT('',(0.331621670975429,-0.120822317142944,-0.0448660338513588));
#16579=CARTESIAN_POINT('',(0.332454014232732,-0.122264767206386,-0.0448585039343645));
#16580=CARTESIAN_POINT('',(0.332454014290857,-0.122264767320115,-0.0448585038098207));
#16581=CARTESIAN_POINT('',(0.331925806277557,-0.123179650221713,-0.0274014960656356));
#16582=CARTESIAN_POINT('',(0.337660254037844,-0.133261,-0.02598));
#16583=CARTESIAN_POINT('',(0.338517082656609,-0.132766309766307,-0.0448585039343644));
#16584=CARTESIAN_POINT('',(0.33534867789781,-0.12727847175818,-0.0448585038097947));
#16585=CARTESIAN_POINT('',(0.335348677963464,-0.127278471858841,-0.0448585039343644));
#16586=CARTESIAN_POINT('',(0.343474068950095,-0.12319117718618,-0.02705043943872));
#16587=CARTESIAN_POINT('',(0.335348677963465,-0.127278471858841,-0.0448585039343644));
#16588=CARTESIAN_POINT('',(0.336181476895886,-0.128720132669828,-0.0448660338513589));
#16589=CARTESIAN_POINT('',(0.338751423782974,-0.131371038561753,-0.044875180512129));
#16590=CARTESIAN_POINT('',(0.342332149071968,-0.132271224906386,-0.0448660338513589));
#16591=CARTESIAN_POINT('',(0.343997063424133,-0.132271619532614,-0.0448585039343644));
#16592=CARTESIAN_POINT('',(0.343997063544136,-0.132271619539142,-0.0448585038097924));
#16593=CARTESIAN_POINT('',(0.343468855468958,-0.13318650254794,-0.0274014960656356));
#16594=CARTESIAN_POINT('',(0.396293,-0.133261,-0.02598));
#16595=CARTESIAN_POINT('',(0.396293,-0.132271619532614,-0.0448585039343644));
#16596=CARTESIAN_POINT('',(0.39819299987585,-0.132271619539144,-0.0448585038097605));
#16597=CARTESIAN_POINT('',(0.398193,-0.133261,-0.02598));
#16598=CARTESIAN_POINT('',(0.398193,-0.126062240520356,-0.0334107198699469));
#16599=CARTESIAN_POINT('',(0.398193,-0.132271619532614,-0.0448585039343645));
#16600=CARTESIAN_POINT('',(0.398994387685345,-0.132271619532614,-0.0448585039343645));
#16601=CARTESIAN_POINT('',(0.400725640200412,-0.131980945454641,-0.0448551507633677));
#16602=CARTESIAN_POINT('',(0.403144941920665,-0.130422143412246,-0.044837168665223));
#16603=CARTESIAN_POINT('',(0.404702548789338,-0.128000985327656,-0.0448092385617739));
#16604=CARTESIAN_POINT('',(0.404993,-0.126268404398113,-0.0447892517773898));
#16605=CARTESIAN_POINT('',(0.404993,-0.125466401796693,-0.04478));
#16606=CARTESIAN_POINT('',(0.404993,-0.125466401679004,-0.0447799998753464));
#16607=CARTESIAN_POINT('',(0.404993,-0.12637305637829,-0.02748));
#16608=CARTESIAN_POINT('',(0.404993,0.01,-0.02628));
#16609=CARTESIAN_POINT('',(0.404993,0.01,-0.04478));
#16610=CARTESIAN_POINT('',(0.404993,0.00982277442508365,-0.0447800000000583));
#16611=CARTESIAN_POINT('',(0.404993,0.0153,-0.04128));
#16612=CARTESIAN_POINT('',(0.406493,0.0153,-0.04128));
#16613=CARTESIAN_POINT('',(0.404993,0.00982277442494832,-0.04478));
#16614=CARTESIAN_POINT('',(0.404993,0.0102913751589344,-0.0449448295731443));
#16615=CARTESIAN_POINT('',(0.405167655888213,0.011197761535308,-0.0453087995676159));
#16616=CARTESIAN_POINT('',(0.405724432048973,0.0129660216178055,-0.0460016387779361));
#16617=CARTESIAN_POINT('',(0.406187354810449,0.0143567589885924,-0.04628));
#16618=CARTESIAN_POINT('',(0.406493,0.0153,-0.04628));
#16619=CARTESIAN_POINT('',(0.406493,0.0153,-0.04628));
#16620=CARTESIAN_POINT('',(0.406493,0.0153,-0.04128));
#16621=CARTESIAN_POINT('',(0.396293,-0.124561,-0.02348));
#16622=CARTESIAN_POINT('',(0.395293,-0.124561,-0.02348));
#16623=CARTESIAN_POINT('',(0.38291,-0.124561,-0.02348));
#16624=CARTESIAN_POINT('',(0.391150864376269,2.53882131537167E-17,-0.03628));
#16625=CARTESIAN_POINT('',(0.407793,2.95438424979561E-17,-0.03628));
#16626=CARTESIAN_POINT('',(0.407793,0.0128,-0.03628));
#16627=CARTESIAN_POINT('',(0.411293,0.0128,-0.03628));
#16628=CARTESIAN_POINT('',(0.411293,0.0128,-0.02628));
#16629=CARTESIAN_POINT('',(0.407793,0.0128,-0.02628));
#16630=CARTESIAN_POINT('',(0.407793,0.0128,-0.04128));
#16631=CARTESIAN_POINT('',(0.411293,0.0128,-0.04128));
#16632=CARTESIAN_POINT('',(0.222707,0.0128,-0.02628));
#16633=CARTESIAN_POINT('',(0.222707,0.0128,-0.04128));
#16634=CARTESIAN_POINT('',(0.220207,0.0128,-0.04128));
#16635=CARTESIAN_POINT('',(0.220207,0.0128,-0.02628));
#16636=CARTESIAN_POINT('',(0.220207,0.0128,-0.03628));
#16637=CARTESIAN_POINT('',(0.236849135623731,0.0128,-0.03628));
#16638=CARTESIAN_POINT('',(0.236849135623731,1.25448937150634E-17,-0.03628));
#16639=CARTESIAN_POINT('',(0.220207,1.39301034964765E-17,-0.03628));
#16640=CARTESIAN_POINT('',(0.236849135623731,1.25448937150634E-17,-0.03628));
#16641=CARTESIAN_POINT('',(0.236849135623731,1.64883194749582E-17,-0.02598));
#16642=CARTESIAN_POINT('',(0.217707,4.52040425003647E-18,-0.02598));
#16643=CARTESIAN_POINT('',(0.217707,1.41381912402511E-17,-0.03628));
#16644=CARTESIAN_POINT('',(0.217707,0.0103,-0.03628));
#16645=CARTESIAN_POINT('',(0.222707,0.0103,-0.03628));
#16646=CARTESIAN_POINT('',(0.222707,0.0103,-0.02628));
#16647=CARTESIAN_POINT('',(0.217707,0.0103,-0.02628));
#16648=CARTESIAN_POINT('',(0.217707,0.0103,-0.04128));
#16649=CARTESIAN_POINT('',(0.222707,0.0103,-0.04128));
#16650=CARTESIAN_POINT('',(0.411293,0.0103,-0.02628));
#16651=CARTESIAN_POINT('',(0.411293,0.0103,-0.04128));
#16652=CARTESIAN_POINT('',(0.410293,0.0103,-0.04128));
#16653=CARTESIAN_POINT('',(0.410293,0.0103,-0.02628));
#16654=CARTESIAN_POINT('',(0.410293,0.0103,-0.03628));
#16655=CARTESIAN_POINT('',(0.391150864376269,0.0103,-0.03628));
#16656=CARTESIAN_POINT('',(0.391150864376269,2.53882131537167E-17,-0.03628));
#16657=CARTESIAN_POINT('',(0.410293,3.01681057292798E-17,-0.03628));
#16658=CARTESIAN_POINT('',(0.410293,1.50840528646399E-17,-0.02598));
#16659=CARTESIAN_POINT('',(0.396293,0.,-0.02598));
#16660=CARTESIAN_POINT('',(0.396293,-0.124561,-0.02598));
#16661=CARTESIAN_POINT('',(0.231707,-0.124561,-0.02598));
#16662=CARTESIAN_POINT('',(0.231707,-0.138561,-0.02598));
#16663=CARTESIAN_POINT('',(0.217707,-0.124561,-0.02598));
#16664=CARTESIAN_POINT('',(0.217707,-0.124561,-0.02598));
#16665=CARTESIAN_POINT('',(0.410293,-0.124561,-0.02598));
#16666=CARTESIAN_POINT('',(0.410293,-0.124561,-0.02598));
#16667=CARTESIAN_POINT('',(0.396293,-0.124561,-0.02598));
#16668=CARTESIAN_POINT('',(0.396293,-0.138561,-0.02598));
#16669=CARTESIAN_POINT('',(0.396293,-0.138561,-0.02598));
#16670=CARTESIAN_POINT('',(0.396293,-0.124561,-0.02598));
#16671=CARTESIAN_POINT('',(0.410293,-0.124561,-0.02598));
#16672=CARTESIAN_POINT('',(0.411293,-0.124561,-0.02498));
#16673=CARTESIAN_POINT('',(0.396293,-0.124561,-0.02498));
#16674=CARTESIAN_POINT('',(0.396293,-0.139561,-0.02498));
#16675=CARTESIAN_POINT('',(0.396293,-0.138561,-0.02598));
#16676=CARTESIAN_POINT('',(0.396293,-0.138561,-0.02598));
#16677=CARTESIAN_POINT('',(0.231707,-0.139561,-0.02498));
#16678=CARTESIAN_POINT('',(0.231707,-0.139561,-0.02498));
#16679=CARTESIAN_POINT('',(0.231707,-0.138561,-0.02598));
#16680=CARTESIAN_POINT('',(0.231707,-0.124561,-0.02598));
#16681=CARTESIAN_POINT('',(0.231707,-0.124561,-0.02498));
#16682=CARTESIAN_POINT('',(0.216707,-0.124561,-0.02498));
#16683=CARTESIAN_POINT('',(0.217707,-0.124561,-0.02598));
#16684=CARTESIAN_POINT('',(0.396293,-0.138410984769516,-0.0129917452406437));
#16685=CARTESIAN_POINT('',(0.231707,-0.138410984769516,-0.0129917452406437));
#16686=CARTESIAN_POINT('',(0.231707,-0.138411015232804,-0.01299));
#16687=CARTESIAN_POINT('',(0.231707,-0.138432834063965,-0.01174));
#16688=CARTESIAN_POINT('',(0.396293,-0.138432834063965,-0.01174));
#16689=CARTESIAN_POINT('',(0.396293,-0.138432834063965,-0.01174));
#16690=CARTESIAN_POINT('',(0.396293,-0.138410984769516,-0.0129917452406437));
#16691=CARTESIAN_POINT('',(0.396293,-0.138411015232804,-0.01299));
#16692=CARTESIAN_POINT('',(0.396293,-0.138411015232804,-0.01299));
#16693=CARTESIAN_POINT('',(0.396293,-0.138411015232804,0.00701));
#16694=CARTESIAN_POINT('',(0.396293,-0.138411015232804,0.00701));
#16695=CARTESIAN_POINT('',(0.396293,-0.138411015232804,0.00701));
#16696=CARTESIAN_POINT('',(0.396293,-0.138411015232804,0.00701));
#16697=CARTESIAN_POINT('',(0.231707,-0.138411015232804,0.00701));
#16698=CARTESIAN_POINT('',(0.231707,-0.138411015232804,0.00701));
#16699=CARTESIAN_POINT('',(0.411293,0.0153,-0.04128));
#16700=CARTESIAN_POINT('',(0.407793,0.0153,-0.04128));
#16701=CARTESIAN_POINT('',(0.401493,0.0121377223398316,-0.04378));
#16702=CARTESIAN_POINT('',(0.402493,0.0121377223398316,-0.04378));
#16703=CARTESIAN_POINT('',(0.402493,0.0121377223398316,-0.04278));
#16704=CARTESIAN_POINT('',(0.401493000017071,0.012462340480932,-0.04378));
#16705=CARTESIAN_POINT('',(0.402432163176989,0.0123236924861078,-0.0437799999999978));
#16706=CARTESIAN_POINT('',(0.402493,0.0123299838311582,-0.0428428949176091));
#16707=CARTESIAN_POINT('',(0.401557288922876,0.0127817392076086,-0.04378));
#16708=CARTESIAN_POINT('',(0.402398212884821,0.0125462716057823,-0.0437800000000035));
#16709=CARTESIAN_POINT('',(0.402525144456395,0.0125294611311408,-0.0429191383134234));
#16710=CARTESIAN_POINT('',(0.401785151045792,0.0133892526675926,-0.04378));
#16711=CARTESIAN_POINT('',(0.402422725161551,0.013050921824895,-0.0437799999999968));
#16712=CARTESIAN_POINT('',(0.402639075527939,0.0129582295190633,-0.0431036975218765));
#16713=CARTESIAN_POINT('',(0.401944246409274,0.0136680219278597,-0.04378));
#16714=CARTESIAN_POINT('',(0.402474838481518,0.0133181899230294,-0.04378));
#16715=CARTESIAN_POINT('',(0.402718623198423,0.0131808703598389,-0.0432098042686362));
#16716=CARTESIAN_POINT('',(0.402325380575652,0.0141907365450861,-0.04378));
#16717=CARTESIAN_POINT('',(0.402668599817135,0.0138779522279399,-0.04378));
#16718=CARTESIAN_POINT('',(0.402909190294039,0.0136875746962851,-0.0434339894143152));
#16719=CARTESIAN_POINT('',(0.4025443128917,0.0144294323425099,-0.04378));
#16720=CARTESIAN_POINT('',(0.402804977859719,0.0141656783095333,-0.04378));
#16721=CARTESIAN_POINT('',(0.403018656442108,0.0139695853061604,-0.043549838796382));
#16722=CARTESIAN_POINT('',(0.403005635479111,0.0148778455631604,-0.04378));
#16723=CARTESIAN_POINT('',(0.403124099288192,0.0147305619703393,-0.04378));
#16724=CARTESIAN_POINT('',(0.403249317743296,0.0145989955125486,-0.0437244440108849));
#16725=CARTESIAN_POINT('',(0.403249317508357,0.0150889640682754,-0.04378));
#16726=CARTESIAN_POINT('',(0.403310271790436,0.0150186705561112,-0.043779999999962));
#16727=CARTESIAN_POINT('',(0.403370815514979,0.0149472825505873,-0.04378));
#16728=CARTESIAN_POINT('',(0.403493,0.0153,-0.04378));
#16729=CARTESIAN_POINT('',(0.403493,0.0153,-0.04378));
#16730=CARTESIAN_POINT('',(0.403493,0.0153,-0.04378));
#16731=CARTESIAN_POINT('',(0.401493,0.0121377223398316,-0.04278));
#16732=CARTESIAN_POINT('',(0.401493,-0.124561,-0.04278));
#16733=CARTESIAN_POINT('',(0.411295,0.00225359869551249,-0.04338));
#16734=CARTESIAN_POINT('',(0.394593,0.00225359869551249,-0.04378));
#16735=CARTESIAN_POINT('',(0.394593,0.00207906577031306,-0.04378));
#16736=CARTESIAN_POINT('',(0.394593,0.00191240081003593,-0.0436521134780289));
#16737=CARTESIAN_POINT('',(0.394593,0.00186722836499686,-0.043483527618041));
#16738=CARTESIAN_POINT('',(0.39461142691113,0.00143937044132736,-0.043381304251714));
#16739=CARTESIAN_POINT('',(0.394193,0.00142537775118443,-0.04338));
#16740=CARTESIAN_POINT('',(0.394193,0.00142537775118443,-0.0435894395102393));
#16741=CARTESIAN_POINT('',(0.394002439510239,0.00142537775118443,-0.04378));
#16742=CARTESIAN_POINT('',(0.393793,0.00142537775118443,-0.04378));
#16743=CARTESIAN_POINT('',(0.393793,0.,-0.04338));
#16744=CARTESIAN_POINT('',(0.393793,-0.00142537775118442,-0.04378));
#16745=CARTESIAN_POINT('',(0.394002439510239,-0.00142537775118442,-0.04378));
#16746=CARTESIAN_POINT('',(0.394193,-0.00142537775118442,-0.0435894395102393));
#16747=CARTESIAN_POINT('',(0.394193,-0.00142537775118442,-0.04338));
#16748=CARTESIAN_POINT('',(0.394611426911136,-0.00143937044132477,-0.0433813042517194));
#16749=CARTESIAN_POINT('',(0.394593,-0.00186722836499686,-0.043483527618041));
#16750=CARTESIAN_POINT('',(0.394593,-0.00191240081003593,-0.0436521134780289));
#16751=CARTESIAN_POINT('',(0.394593,-0.00207906577031306,-0.04378));
#16752=CARTESIAN_POINT('',(0.394593,-0.00225359869551249,-0.04378));
#16753=CARTESIAN_POINT('',(0.396293,-0.00225359869551249,-0.04338));
#16754=CARTESIAN_POINT('',(0.401493,-0.124561,-0.04278));
#16755=CARTESIAN_POINT('',(0.401493,-0.125571217355259,-0.04378));
#16756=CARTESIAN_POINT('',(0.401754799387799,-0.125571217355259,-0.04378));
#16757=CARTESIAN_POINT('',(0.402276313868474,-0.125571217355259,-0.0435633138684735));
#16758=CARTESIAN_POINT('',(0.402493,-0.125571217355259,-0.0430417993877991));
#16759=CARTESIAN_POINT('',(0.402493,-0.125571217355259,-0.04278));
#16760=CARTESIAN_POINT('',(0.39819023408469,-0.125573629829039,-0.0427799783618963));
#16761=CARTESIAN_POINT('',(0.398193,-0.129874375631807,-0.0428323359562429));
#16762=CARTESIAN_POINT('',(0.398193,-0.129850950424818,-0.0432793155327315));
#16763=CARTESIAN_POINT('',(0.398193,-0.12949120700275,-0.0436863924953785));
#16764=CARTESIAN_POINT('',(0.398193,-0.129050501642722,-0.0437646118520807));
#16765=CARTESIAN_POINT('',(0.398192999916667,-0.12905050171343,-0.0437646118395308));
#16766=CARTESIAN_POINT('',(0.398192997416449,-0.129050502736278,-0.0437646510123046));
#16767=CARTESIAN_POINT('',(0.398335789960891,-0.128990071663737,-0.0437753423700228));
#16768=CARTESIAN_POINT('',(0.39847556437307,-0.128922901991315,-0.0437799952606125));
#16769=CARTESIAN_POINT('',(0.398612257442783,-0.128848968040237,-0.043779999182076));
#16770=CARTESIAN_POINT('',(0.396293,-0.124561,-0.04328));
#16771=CARTESIAN_POINT('',(0.396293,-0.124561,-0.02448));
#16772=CARTESIAN_POINT('',(0.401064333670998,-0.125561,-0.02448));
#16773=CARTESIAN_POINT('',(0.401064333670998,-0.123561,-0.02448));
#16774=CARTESIAN_POINT('',(0.401064333670998,-0.125561,-0.818190337734549));
#16775=CARTESIAN_POINT('',(0.401064333670998,-0.125561,0.00151));
#16776=CARTESIAN_POINT('',(0.396293,-0.124561,0.00151));
#16777=CARTESIAN_POINT('',(0.401064333670998,-0.123561,0.00151));
#16778=CARTESIAN_POINT('',(0.401064333670998,-0.123561,-0.818190337734549));
#16779=CARTESIAN_POINT('',(0.396293,-0.124561,-0.02448));
#16780=CARTESIAN_POINT('',(0.395293,-0.129332333670998,-0.02448));
#16781=CARTESIAN_POINT('',(0.397293,-0.129332333670998,-0.02448));
#16782=CARTESIAN_POINT('',(0.395293,-0.129332333670998,-0.818190337734549));
#16783=CARTESIAN_POINT('',(0.395293,-0.129332333670998,0.00151));
#16784=CARTESIAN_POINT('',(0.396293,-0.124561,0.00151));
#16785=CARTESIAN_POINT('',(0.397293,-0.129332333670998,0.00151));
#16786=CARTESIAN_POINT('',(0.397293,-0.129332333670998,-0.818190337734549));
#16787=CARTESIAN_POINT('',(0.394023949291449,-0.128875746097052,-0.04378));
#16788=CARTESIAN_POINT('',(0.394669216067526,-0.129215080788486,-0.04378));
#16789=CARTESIAN_POINT('',(0.396079128184691,-0.129589144344147,-0.0434752398172698));
#16790=CARTESIAN_POINT('',(0.397524578456474,-0.129333384010921,-0.0437144039712656));
#16791=CARTESIAN_POINT('',(0.398192999903608,-0.129050501683516,-0.0437646118448403));
#16792=CARTESIAN_POINT('',(0.396293,-0.124561,0.00651));
#16793=CARTESIAN_POINT('',(0.391418,-0.124561,0.00651));
#16794=CARTESIAN_POINT('',(0.396293,-0.128875746097052,-0.04278));
#16795=CARTESIAN_POINT('',(0.38291,-0.128875746097052,-0.04278));
#16796=CARTESIAN_POINT('',(0.38291,-0.05674,-0.046282));
#16797=CARTESIAN_POINT('',(0.38291,-0.128419058411375,-0.043782));
#16798=CARTESIAN_POINT('',(0.38291,-0.05674,-0.046282));
#16799=CARTESIAN_POINT('',(0.38291,-0.120560941588625,-0.043782));
#16800=CARTESIAN_POINT('',(0.38291,-0.0614190584113754,-0.043782));
#16801=CARTESIAN_POINT('',(0.29941,-0.05674,-0.046282));
#16802=CARTESIAN_POINT('',(0.378230941588624,-0.05674,-0.043782));
#16803=CARTESIAN_POINT('',(0.304089058411376,-0.05674,-0.043782));
#16804=CARTESIAN_POINT('',(0.29941,-0.05674,-0.046282));
#16805=CARTESIAN_POINT('',(0.29941,-0.120560941588625,-0.023482));
#16806=CARTESIAN_POINT('',(0.29941,-0.0614190584113754,-0.043782));
#16807=CARTESIAN_POINT('',(0.29940999773622,-0.114774776798695,-0.0437799975544539));
#16808=CARTESIAN_POINT('',(0.299409997736219,-0.115039126156253,-0.043780027342848));
#16809=CARTESIAN_POINT('',(0.29941000113189,-0.115561800706316,-0.0435966604512359));
#16810=CARTESIAN_POINT('',(0.29941,-0.115833632647114,-0.0431043505749165));
#16811=CARTESIAN_POINT('',(0.29941,-0.115850848073742,-0.0428399407783709));
#16812=CARTESIAN_POINT('',(0.304252366969582,-0.127356912594925,-0.0427799780195765));
#16813=CARTESIAN_POINT('',(0.293441237567435,-0.121115810224023,-0.0428323359562429));
#16814=CARTESIAN_POINT('',(0.293429767230765,-0.121109187822059,-0.0430850618703853));
#16815=CARTESIAN_POINT('',(0.293232396303804,-0.120995235664248,-0.0435782178068319));
#16816=CARTESIAN_POINT('',(0.292795566444546,-0.120743031827415,-0.04378));
#16817=CARTESIAN_POINT('',(0.292576399021368,-0.120616495456645,-0.04378));
#16818=CARTESIAN_POINT('',(0.316797528696082,-0.0786642682433261,-0.04278));
#16819=CARTESIAN_POINT('',(0.289681735290636,-0.1256302001091,-0.04378));
#16820=CARTESIAN_POINT('',(0.289900902713814,-0.125756736479869,-0.04378));
#16821=CARTESIAN_POINT('',(0.290337732573072,-0.126008940316702,-0.0435782178068319));
#16822=CARTESIAN_POINT('',(0.290535103500033,-0.126122892474513,-0.0430850618703853));
#16823=CARTESIAN_POINT('',(0.290546573836703,-0.126129514876477,-0.042832335956243));
#16824=CARTESIAN_POINT('',(0.284061045198903,-0.122385971272524,-0.0427799961415023));
#16825=CARTESIAN_POINT('',(0.284060284741201,-0.129874375631807,-0.0428323359562429));
#16826=CARTESIAN_POINT('',(0.284060284741201,-0.129861130827879,-0.0430850618703853));
#16827=CARTESIAN_POINT('',(0.284060284741201,-0.129633226512257,-0.0435782178068319));
#16828=CARTESIAN_POINT('',(0.284060284741201,-0.129128818838591,-0.04378));
#16829=CARTESIAN_POINT('',(0.284060284741201,-0.128875746097052,-0.04378));
#16830=CARTESIAN_POINT('',(0.396293,-0.128875746097052,-0.04278));
#16831=CARTESIAN_POINT('',(0.229807,-0.129050501642722,-0.0437646118520807));
#16832=CARTESIAN_POINT('',(0.229807,-0.12949120700275,-0.0436863924953785));
#16833=CARTESIAN_POINT('',(0.229807,-0.129850950424818,-0.0432793155327315));
#16834=CARTESIAN_POINT('',(0.229807,-0.129874375631807,-0.0428323359562429));
#16835=CARTESIAN_POINT('',(0.229806994446261,-0.129050499292318,-0.0437646122692382));
#16836=CARTESIAN_POINT('',(0.22980699444626,-0.129050499292322,-0.0437646122692426));
#16837=CARTESIAN_POINT('',(0.230475900550928,-0.129333587724026,-0.043714368524035));
#16838=CARTESIAN_POINT('',(0.231920542887615,-0.129589278760929,-0.0434752685571956));
#16839=CARTESIAN_POINT('',(0.233331745152841,-0.12921457529924,-0.04378));
#16840=CARTESIAN_POINT('',(0.23397605070855,-0.128875746097052,-0.04378));
#16841=CARTESIAN_POINT('',(0.231707,-0.124561,-0.04328));
#16842=CARTESIAN_POINT('',(0.231707,-0.124561,-0.02448));
#16843=CARTESIAN_POINT('',(0.230707,-0.129332333670998,-0.02448));
#16844=CARTESIAN_POINT('',(0.232707,-0.129332333670998,-0.02448));
#16845=CARTESIAN_POINT('',(0.230707,-0.129332333670998,-0.818190337734549));
#16846=CARTESIAN_POINT('',(0.230707,-0.129332333670998,0.00151));
#16847=CARTESIAN_POINT('',(0.231707,-0.124561,0.00151));
#16848=CARTESIAN_POINT('',(0.232707,-0.129332333670998,0.00151));
#16849=CARTESIAN_POINT('',(0.232707,-0.129332333670998,-0.818190337734549));
#16850=CARTESIAN_POINT('',(0.231707,-0.124561,-0.02448));
#16851=CARTESIAN_POINT('',(0.226935666329002,-0.123561,-0.02448));
#16852=CARTESIAN_POINT('',(0.226935666329002,-0.125561,-0.02448));
#16853=CARTESIAN_POINT('',(0.226935666329002,-0.123561,-0.818190337734549));
#16854=CARTESIAN_POINT('',(0.226935666329002,-0.123561,0.00151));
#16855=CARTESIAN_POINT('',(0.231707,-0.124561,0.00151));
#16856=CARTESIAN_POINT('',(0.226935666329002,-0.125561,0.00151));
#16857=CARTESIAN_POINT('',(0.226935666329002,-0.125561,-0.818190337734549));
#16858=CARTESIAN_POINT('',(0.229387742557019,-0.12884896804013,-0.0437799991820762));
#16859=CARTESIAN_POINT('',(0.229524433817585,-0.128922901012692,-0.0437799952606691));
#16860=CARTESIAN_POINT('',(0.229664206345326,-0.128990069888422,-0.0437753424920491));
#16861=CARTESIAN_POINT('',(0.229806996933372,-0.129050500344894,-0.0437646514352176));
#16862=CARTESIAN_POINT('',(0.231707,-0.124561,0.00651));
#16863=CARTESIAN_POINT('',(0.226832,-0.124561,0.00651));
#16864=CARTESIAN_POINT('',(0.229809765915308,-0.12557362982904,-0.0427799783618956));
#16865=CARTESIAN_POINT('',(0.225507,-0.125571217355259,-0.04278));
#16866=CARTESIAN_POINT('',(0.225507,-0.125571217355259,-0.0430417993877992));
#16867=CARTESIAN_POINT('',(0.225723686131526,-0.125571217355259,-0.0435633138684735));
#16868=CARTESIAN_POINT('',(0.226245200612201,-0.125571217355259,-0.04378));
#16869=CARTESIAN_POINT('',(0.226507,-0.125571217355259,-0.04378));
#16870=CARTESIAN_POINT('',(0.226507,-0.124561,-0.04278));
#16871=CARTESIAN_POINT('',(0.226507,-0.112020436236269,-0.04378));
#16872=CARTESIAN_POINT('',(0.226242245811564,-0.111937388312711,-0.04378));
#16873=CARTESIAN_POINT('',(0.225746599354258,-0.11171254791778,-0.0435762759506391));
#16874=CARTESIAN_POINT('',(0.225507,-0.111546300884068,-0.0430581066761719));
#16875=CARTESIAN_POINT('',(0.225507,-0.111546300884068,-0.04278));
#16876=CARTESIAN_POINT('',(0.2269542,-0.1089538,-0.046282));
#16877=CARTESIAN_POINT('',(0.231633258411376,-0.1089538,-0.043782));
#16878=CARTESIAN_POINT('',(0.2439468,-0.1089538,-0.046282));
#16879=CARTESIAN_POINT('',(0.2439468,-0.1089538,-0.046282));
#16880=CARTESIAN_POINT('',(0.2439468,-0.111194434760222,-0.046282));
#16881=CARTESIAN_POINT('',(0.2454468,-0.1089538,-0.046282));
#16882=CARTESIAN_POINT('',(0.2454468,-0.1089538,-0.046282));
#16883=CARTESIAN_POINT('',(0.2454468,-0.111194434760222,-0.046282));
#16884=CARTESIAN_POINT('',(0.2269542,-0.1089538,-0.046282));
#16885=CARTESIAN_POINT('',(0.272289141588624,-0.1089538,-0.043782));
#16886=CARTESIAN_POINT('',(0.2769682,-0.0584572,-0.046282));
#16887=CARTESIAN_POINT('',(0.2769682,-0.104274741588625,-0.043782));
#16888=CARTESIAN_POINT('',(0.2769682,-0.0631362584113754,-0.043782));
#16889=CARTESIAN_POINT('',(0.2269542,-0.0584572,-0.046282));
#16890=CARTESIAN_POINT('',(0.231633258411376,-0.0584572,-0.043782));
#16891=CARTESIAN_POINT('',(0.272289141588624,-0.0584572,-0.043782));
#16892=CARTESIAN_POINT('',(0.226507,-0.124561,-0.04278));
#16893=CARTESIAN_POINT('',(0.225507,-0.0558646991159316,-0.04278));
#16894=CARTESIAN_POINT('',(0.225507,-0.0558646991159316,-0.0430579027593678));
#16895=CARTESIAN_POINT('',(0.225746063002018,-0.0556987266907476,-0.0435759165676437));
#16896=CARTESIAN_POINT('',(0.226242367958839,-0.0554735733722099,-0.04378));
#16897=CARTESIAN_POINT('',(0.226507,-0.0553905637637314,-0.04378));
#16898=CARTESIAN_POINT('',(0.216705,-0.00225359869551249,-0.04338));
#16899=CARTESIAN_POINT('',(0.233407,-0.00225359869551249,-0.04378));
#16900=CARTESIAN_POINT('',(0.233407,-0.00207906577031305,-0.04378));
#16901=CARTESIAN_POINT('',(0.233407,-0.00191240081003592,-0.0436521134780289));
#16902=CARTESIAN_POINT('',(0.233407,-0.00186722836499686,-0.043483527618041));
#16903=CARTESIAN_POINT('',(0.233388573088864,-0.00143937044132509,-0.0433813042517198));
#16904=CARTESIAN_POINT('',(0.233807,-0.0014253777511844,-0.04338));
#16905=CARTESIAN_POINT('',(0.233807,-0.0014253777511844,-0.0435894395102393));
#16906=CARTESIAN_POINT('',(0.233997560489761,-0.0014253777511844,-0.04378));
#16907=CARTESIAN_POINT('',(0.234207,-0.0014253777511844,-0.04378));
#16908=CARTESIAN_POINT('',(0.234207,-0.124561,-0.04338));
#16909=CARTESIAN_POINT('',(0.234207,0.0014253777511844,-0.04378));
#16910=CARTESIAN_POINT('',(0.233997560489761,0.0014253777511844,-0.04378));
#16911=CARTESIAN_POINT('',(0.233807,0.0014253777511844,-0.0435894395102393));
#16912=CARTESIAN_POINT('',(0.233807,0.0014253777511844,-0.04338));
#16913=CARTESIAN_POINT('',(0.233388573088864,0.00143937044132508,-0.0433813042517197));
#16914=CARTESIAN_POINT('',(0.233407,0.00186722836499689,-0.043483527618041));
#16915=CARTESIAN_POINT('',(0.233407,0.00191240081003596,-0.0436521134780289));
#16916=CARTESIAN_POINT('',(0.233407,0.00207906577031308,-0.04378));
#16917=CARTESIAN_POINT('',(0.233407,0.00225359869551251,-0.04378));
#16918=CARTESIAN_POINT('',(0.396293,0.00225359869551252,-0.04338));
#16919=CARTESIAN_POINT('',(0.226507,-0.124561,-0.04278));
#16920=CARTESIAN_POINT('',(0.226507,0.0121377223398316,-0.04278));
#16921=CARTESIAN_POINT('',(0.225507,0.0121377223398316,-0.04278));
#16922=CARTESIAN_POINT('',(0.225507,0.0121377223398316,-0.0430171381912722));
#16923=CARTESIAN_POINT('',(0.225606031478448,0.0121377223398316,-0.0432952099463926));
#16924=CARTESIAN_POINT('',(0.226000910308949,0.0121377223398316,-0.0436861229443632));
#16925=CARTESIAN_POINT('',(0.226278477393988,0.0121377223398316,-0.04378));
#16926=CARTESIAN_POINT('',(0.22651561558526,0.0121377223398316,-0.04378));
#16927=CARTESIAN_POINT('',(0.225507,0.0125222453224849,-0.0429057898352181));
#16928=CARTESIAN_POINT('',(0.225536756950889,0.0125220233131264,-0.0431279493684446));
#16929=CARTESIAN_POINT('',(0.225655649425166,0.0125480706445975,-0.0433688026204044));
#16930=CARTESIAN_POINT('',(0.226039861372682,0.0126526040355632,-0.043700330892943));
#16931=CARTESIAN_POINT('',(0.226292841844029,0.0127262517055477,-0.04378));
#16932=CARTESIAN_POINT('',(0.226515073992274,0.0127892473479667,-0.04378));
#16933=CARTESIAN_POINT('',(0.225376660349385,0.0129275181916153,-0.0430977116957966));
#16934=CARTESIAN_POINT('',(0.225442694561634,0.0129596300080602,-0.043288813132339));
#16935=CARTESIAN_POINT('',(0.225566068235952,0.0130261208447296,-0.0434725381530636));
#16936=CARTESIAN_POINT('',(0.225885685848892,0.0132037315065894,-0.0437203874388676));
#16937=CARTESIAN_POINT('',(0.226077186758825,0.0133118599969295,-0.04378));
#16938=CARTESIAN_POINT('',(0.226252697231978,0.0134102388709184,-0.04378));
#16939=CARTESIAN_POINT('',(0.224995526158153,0.0139409268645087,-0.0435460819871549));
#16940=CARTESIAN_POINT('',(0.225070048103121,0.0140113007137191,-0.0436247684360869));
#16941=CARTESIAN_POINT('',(0.225152349604636,0.0140947766783721,-0.0436838235466962));
#16942=CARTESIAN_POINT('',(0.225318616552725,0.0142714457837924,-0.0437613247973881));
#16943=CARTESIAN_POINT('',(0.225403231778979,0.014364645691835,-0.04378));
#16944=CARTESIAN_POINT('',(0.225487099376446,0.0144553907577018,-0.04378));
#16945=CARTESIAN_POINT('',(0.224751368970027,0.0145945651011684,-0.04378));
#16946=CARTESIAN_POINT('',(0.22479200801698,0.0146423998221183,-0.0437799999999888));
#16947=CARTESIAN_POINT('',(0.224832700897992,0.0146900736518833,-0.0437799999999832));
#16948=CARTESIAN_POINT('',(0.224914194328137,0.0147850995290431,-0.0437799999999833));
#16949=CARTESIAN_POINT('',(0.224954996157498,0.014832447750284,-0.0437799999999892));
#16950=CARTESIAN_POINT('',(0.224995849236777,0.0148796428034388,-0.0437800000000004));
#16951=CARTESIAN_POINT('',(0.224507,0.0153,-0.04378));
#16952=CARTESIAN_POINT('',(0.224507,0.0153,-0.04378));
#16953=CARTESIAN_POINT('',(0.224507,0.0153,-0.04378));
#16954=CARTESIAN_POINT('',(0.224507,0.0153,-0.04378));
#16955=CARTESIAN_POINT('',(0.224507,0.0153,-0.04378));
#16956=CARTESIAN_POINT('',(0.224507,0.0153,-0.04378));
#16957=CARTESIAN_POINT('',(0.222707,0.0153,-0.04128));
#16958=CARTESIAN_POINT('',(0.220207,0.0153,-0.04128));
#16959=CARTESIAN_POINT('',(0.222707,0.0153,-0.04128));
#16960=CARTESIAN_POINT('',(0.217707,0.0153,-0.04128));
#16961=CARTESIAN_POINT('',(0.217707,0.0153,-0.04628));
#16962=CARTESIAN_POINT('',(0.396293,0.0153,-0.04628));
#16963=CARTESIAN_POINT('',(0.223007,0.00982277442494834,-0.04478));
#16964=CARTESIAN_POINT('',(0.223007,0.00982277442494833,-0.04628));
#16965=CARTESIAN_POINT('',(0.224507,0.00982277442494834,-0.04628));
#16966=CARTESIAN_POINT('',(0.223007,0.0101696073448106,-0.0449019979361662));
#16967=CARTESIAN_POINT('',(0.223124250199231,0.0101561098069523,-0.0462799999999964));
#16968=CARTESIAN_POINT('',(0.224506999988217,0.0103604928191602,-0.04628));
#16969=CARTESIAN_POINT('',(0.222956424861067,0.0105328928358678,-0.0450426126812203));
#16970=CARTESIAN_POINT('',(0.223186945281083,0.0105613021891915,-0.04628));
#16971=CARTESIAN_POINT('',(0.224405849716284,0.0108867242177721,-0.04628));
#16972=CARTESIAN_POINT('',(0.222782131137676,0.0113210517552063,-0.0453554345195225));
#16973=CARTESIAN_POINT('',(0.223148107093262,0.0114601982956136,-0.04628));
#16974=CARTESIAN_POINT('',(0.224057262281201,0.0119023521816812,-0.04628));
#16975=CARTESIAN_POINT('',(0.222661607220222,0.011733408351575,-0.0455226488675292));
#16976=CARTESIAN_POINT('',(0.223058621320425,0.0119312737864945,-0.0462799999999981));
#16977=CARTESIAN_POINT('',(0.223816214435166,0.0123747576675802,-0.04628));
#16978=CARTESIAN_POINT('',(0.222377848693331,0.0126376980991544,-0.0458441370084297));
#16979=CARTESIAN_POINT('',(0.222752407790156,0.0128881764800587,-0.0462800000000018));
#16980=CARTESIAN_POINT('',(0.223248697391939,0.0132742584594132,-0.04628));
#16981=CARTESIAN_POINT('',(0.222214082738439,0.0131317163491367,-0.0459972397917418));
#16982=CARTESIAN_POINT('',(0.222539724351866,0.0133800165357541,-0.04628));
#16983=CARTESIAN_POINT('',(0.222921165474469,0.0137006746369617,-0.04628));
#16984=CARTESIAN_POINT('',(0.221869825510455,0.0141819095100567,-0.046215949175423));
#16985=CARTESIAN_POINT('',(0.222055682977117,0.0143389841844724,-0.04628));
#16986=CARTESIAN_POINT('',(0.222232651023317,0.0145162145523108,-0.04628));
#16987=CARTESIAN_POINT('',(0.221688601928576,0.0147395633310242,-0.04628));
#16988=CARTESIAN_POINT('',(0.221779031896037,0.0148242776266691,-0.0462800000000019));
#16989=CARTESIAN_POINT('',(0.221869781520812,0.0149081505190652,-0.04628));
#16990=CARTESIAN_POINT('',(0.221507,0.0153,-0.04628));
#16991=CARTESIAN_POINT('',(0.221507,0.0153,-0.04628));
#16992=CARTESIAN_POINT('',(0.221507,0.0153,-0.04628));
#16993=CARTESIAN_POINT('',(0.224507,0.00982277442494819,-0.04628));
#16994=CARTESIAN_POINT('',(0.224507,0.0109014972373122,-0.04628));
#16995=CARTESIAN_POINT('',(0.223696526632308,0.0129386087822813,-0.04628));
#16996=CARTESIAN_POINT('',(0.222229770389595,0.014519317452112,-0.04628));
#16997=CARTESIAN_POINT('',(0.221507,0.0153,-0.04628));
#16998=CARTESIAN_POINT('',(0.224507,0.00982277442494835,-0.04628));
#16999=CARTESIAN_POINT('',(0.224507,0.00982277442494828,-0.04478));
#17000=CARTESIAN_POINT('',(0.224507,-0.124561,-0.04478));
#17001=CARTESIAN_POINT('',(0.224507,-0.125466401796693,-0.04628));
#17002=CARTESIAN_POINT('',(0.224114300918301,-0.125466401796693,-0.04628));
#17003=CARTESIAN_POINT('',(0.22333202919729,-0.125466401796693,-0.0459549708027103));
#17004=CARTESIAN_POINT('',(0.223007,-0.125466401796693,-0.0451726990816987));
#17005=CARTESIAN_POINT('',(0.223007,-0.125466401796693,-0.04478));
#17006=CARTESIAN_POINT('',(0.224506999999698,-0.125466401713802,-0.04628));
#17007=CARTESIAN_POINT('',(0.224507,-0.124561,-0.04628));
#17008=CARTESIAN_POINT('',(0.229811438822723,-0.12547027980285,-0.0447799638725112));
#17009=CARTESIAN_POINT('',(0.229807,-0.132271619532614,-0.0448585039343644));
#17010=CARTESIAN_POINT('',(0.229807,-0.132251752326723,-0.0452375928055779));
#17011=CARTESIAN_POINT('',(0.229807,-0.131909895853289,-0.0459773267102479));
#17012=CARTESIAN_POINT('',(0.229807,-0.131153284342791,-0.04628));
#17013=CARTESIAN_POINT('',(0.229807,-0.130773675230482,-0.04628));
#17014=CARTESIAN_POINT('',(0.229807000412208,-0.130773675230779,-0.04628));
#17015=CARTESIAN_POINT('',(0.229807,-0.130773675230482,-0.04628));
#17016=CARTESIAN_POINT('',(0.229182389009952,-0.130773675230482,-0.04628));
#17017=CARTESIAN_POINT('',(0.227833030432032,-0.130546983466635,-0.04628));
#17018=CARTESIAN_POINT('',(0.225947398208893,-0.129331300296871,-0.04628));
#17019=CARTESIAN_POINT('',(0.224733381090663,-0.127443080333898,-0.04628));
#17020=CARTESIAN_POINT('',(0.224507,-0.126091869969134,-0.04628));
#17021=CARTESIAN_POINT('',(0.224507,-0.125466401796693,-0.04628));
#17022=CARTESIAN_POINT('',(0.396293,-0.130773675230482,-0.04478));
#17023=CARTESIAN_POINT('',(0.284002936575867,-0.130773675230482,-0.04628));
#17024=CARTESIAN_POINT('',(0.284002936575867,-0.131153284342791,-0.04628));
#17025=CARTESIAN_POINT('',(0.284002936575867,-0.131909895853289,-0.0459773267102479));
#17026=CARTESIAN_POINT('',(0.284002936575867,-0.132251752326723,-0.0452375928055779));
#17027=CARTESIAN_POINT('',(0.284002936575867,-0.132271619532614,-0.0448585039343644));
#17028=CARTESIAN_POINT('',(0.284002936493242,-0.130773675230779,-0.04628));
#17029=CARTESIAN_POINT('',(0.396293,-0.130773675230482,-0.04628));
#17030=CARTESIAN_POINT('',(0.284003929146857,-0.122287043368446,-0.0447799951286605));
#17031=CARTESIAN_POINT('',(0.292651322036535,-0.127278471858841,-0.0448585039343644));
#17032=CARTESIAN_POINT('',(0.292634116531531,-0.127268538255895,-0.0452375928055779));
#17033=CARTESIAN_POINT('',(0.292338060141089,-0.127097610019178,-0.0459773267102479));
#17034=CARTESIAN_POINT('',(0.291682815352203,-0.12671930426393,-0.04628));
#17035=CARTESIAN_POINT('',(0.291354064217435,-0.126529499707775,-0.04628));
#17036=CARTESIAN_POINT('',(0.291354064501523,-0.126529499216316,-0.04628));
#17037=CARTESIAN_POINT('',(0.291354064217435,-0.126529499707775,-0.04628));
#17038=CARTESIAN_POINT('',(0.290646378786802,-0.127755246829408,-0.04628));
#17039=CARTESIAN_POINT('',(0.288462159175733,-0.130008924290296,-0.04628));
#17040=CARTESIAN_POINT('',(0.285418307437132,-0.130773675230482,-0.04628));
#17041=CARTESIAN_POINT('',(0.284002936575867,-0.130773675230482,-0.04628));
#17042=CARTESIAN_POINT('',(0.296845913562135,-0.117017337615241,-0.04478));
#17043=CARTESIAN_POINT('',(0.294248727948167,-0.121515795055321,-0.04628));
#17044=CARTESIAN_POINT('',(0.294577479082934,-0.121705599611475,-0.04628));
#17045=CARTESIAN_POINT('',(0.295232723871821,-0.122083905366724,-0.0459773267102479));
#17046=CARTESIAN_POINT('',(0.295528780262263,-0.122254833603441,-0.0452375928055779));
#17047=CARTESIAN_POINT('',(0.295545985767267,-0.122264767206387,-0.0448585039343644));
#17048=CARTESIAN_POINT('',(0.294248727907237,-0.121515795126808,-0.04628));
#17049=CARTESIAN_POINT('',(0.294248727948167,-0.121515795055321,-0.04628));
#17050=CARTESIAN_POINT('',(0.30419299391494,-0.127255529304071,-0.0447800097374684));
#17051=CARTESIAN_POINT('',(0.304194371227936,-0.117271619532614,-0.0448585039343644));
#17052=CARTESIAN_POINT('',(0.304194371227936,-0.117251752326723,-0.0452375928055779));
#17053=CARTESIAN_POINT('',(0.304194371227936,-0.116909895853289,-0.0459773267102479));
#17054=CARTESIAN_POINT('',(0.304194371227936,-0.116153284342791,-0.04628));
#17055=CARTESIAN_POINT('',(0.304194371227936,-0.115773675230482,-0.04628));
#17056=CARTESIAN_POINT('',(0.304194371795346,-0.115773675230779,-0.04628));
#17057=CARTESIAN_POINT('',(0.304194371227936,-0.115773675230482,-0.04628));
#17058=CARTESIAN_POINT('',(0.302279457709753,-0.115773675230482,-0.04628));
#17059=CARTESIAN_POINT('',(0.298161305357528,-0.116808338267203,-0.04628));
#17060=CARTESIAN_POINT('',(0.295206184707259,-0.119857431302524,-0.04628));
#17061=CARTESIAN_POINT('',(0.294248727948167,-0.121515795055321,-0.04628));
#17062=CARTESIAN_POINT('',(0.329,-0.115773675230482,-0.04478));
#17063=CARTESIAN_POINT('',(0.323805628772064,-0.115773675230482,-0.04628));
#17064=CARTESIAN_POINT('',(0.323805628772064,-0.116153284342791,-0.04628));
#17065=CARTESIAN_POINT('',(0.323805628772064,-0.116909895853289,-0.0459773267102479));
#17066=CARTESIAN_POINT('',(0.323805628772064,-0.117251752326723,-0.0452375928055779));
#17067=CARTESIAN_POINT('',(0.323805628772064,-0.117271619532614,-0.0448585039343644));
#17068=CARTESIAN_POINT('',(0.323805628689689,-0.115773675230779,-0.04628));
#17069=CARTESIAN_POINT('',(0.396293,-0.115773675230482,-0.04628));
#17070=CARTESIAN_POINT('',(0.323807006085058,-0.127255529304078,-0.0447800097374556));
#17071=CARTESIAN_POINT('',(0.332454014232733,-0.122264767206387,-0.0448585039343644));
#17072=CARTESIAN_POINT('',(0.332471219737737,-0.122254833603441,-0.0452375928055779));
#17073=CARTESIAN_POINT('',(0.332767276128179,-0.122083905366724,-0.0459773267102479));
#17074=CARTESIAN_POINT('',(0.333422520917066,-0.121705599611475,-0.04628));
#17075=CARTESIAN_POINT('',(0.333751272051833,-0.121515795055321,-0.04628));
#17076=CARTESIAN_POINT('',(0.333751272335281,-0.12151579554686,-0.04628));
#17077=CARTESIAN_POINT('',(0.333751272051833,-0.121515795055321,-0.04628));
#17078=CARTESIAN_POINT('',(0.332793815292741,-0.119857431302524,-0.04628));
#17079=CARTESIAN_POINT('',(0.329838694642472,-0.116808338267203,-0.04628));
#17080=CARTESIAN_POINT('',(0.325720542290247,-0.115773675230482,-0.04628));
#17081=CARTESIAN_POINT('',(0.323805628772064,-0.115773675230482,-0.04628));
#17082=CARTESIAN_POINT('',(0.33981434047571,-0.132017337615241,-0.04478));
#17083=CARTESIAN_POINT('',(0.336645935782565,-0.126529499707775,-0.04628));
#17084=CARTESIAN_POINT('',(0.336317184647798,-0.126719304263929,-0.04628));
#17085=CARTESIAN_POINT('',(0.335661939858911,-0.127097610019178,-0.0459773267102479));
#17086=CARTESIAN_POINT('',(0.335365883468469,-0.127268538255895,-0.0452375928055779));
#17087=CARTESIAN_POINT('',(0.335348677963465,-0.127278471858841,-0.0448585039343644));
#17088=CARTESIAN_POINT('',(0.336645935740995,-0.126529499636369,-0.04628));
#17089=CARTESIAN_POINT('',(0.336645935782565,-0.126529499707775,-0.04628));
#17090=CARTESIAN_POINT('',(0.343996070853143,-0.122287043368447,-0.0447799951286589));
#17091=CARTESIAN_POINT('',(0.343997063424133,-0.132271619532614,-0.0448585039343644));
#17092=CARTESIAN_POINT('',(0.343997063424133,-0.132251752326723,-0.0452375928055779));
#17093=CARTESIAN_POINT('',(0.343997063424134,-0.131909895853289,-0.0459773267102479));
#17094=CARTESIAN_POINT('',(0.343997063424133,-0.131153284342791,-0.04628));
#17095=CARTESIAN_POINT('',(0.343997063424133,-0.130773675230482,-0.04628));
#17096=CARTESIAN_POINT('',(0.343997063991793,-0.130773675230779,-0.04628));
#17097=CARTESIAN_POINT('',(0.343997063424133,-0.130773675230482,-0.04628));
#17098=CARTESIAN_POINT('',(0.342581692562868,-0.130773675230482,-0.04628));
#17099=CARTESIAN_POINT('',(0.339537840824267,-0.130008924290296,-0.04628));
#17100=CARTESIAN_POINT('',(0.337353621213198,-0.127755246829408,-0.04628));
#17101=CARTESIAN_POINT('',(0.336645935782565,-0.126529499707775,-0.04628));
#17102=CARTESIAN_POINT('',(0.396293,-0.130773675230482,-0.04478));
#17103=CARTESIAN_POINT('',(0.398193,-0.130773675230482,-0.04628));
#17104=CARTESIAN_POINT('',(0.398193,-0.131153284342791,-0.04628));
#17105=CARTESIAN_POINT('',(0.398193,-0.131909895853289,-0.0459773267102479));
#17106=CARTESIAN_POINT('',(0.398193,-0.132251752326723,-0.0452375928055779));
#17107=CARTESIAN_POINT('',(0.398193,-0.132271619532614,-0.0448585039343644));
#17108=CARTESIAN_POINT('',(0.398192999917108,-0.130773675230779,-0.04628));
#17109=CARTESIAN_POINT('',(0.396293,-0.130773675230482,-0.04628));
#17110=CARTESIAN_POINT('',(0.398188561177243,-0.12547027980278,-0.0447799638724323));
#17111=CARTESIAN_POINT('',(0.404993,-0.125466401796693,-0.04478));
#17112=CARTESIAN_POINT('',(0.404993,-0.125466401796693,-0.0451726990816987));
#17113=CARTESIAN_POINT('',(0.40466797080271,-0.125466401796693,-0.0459549708027103));
#17114=CARTESIAN_POINT('',(0.403885699081699,-0.125466401796693,-0.04628));
#17115=CARTESIAN_POINT('',(0.403493,-0.125466401796693,-0.04628));
#17116=CARTESIAN_POINT('',(0.403493000000302,-0.125466401383639,-0.04628));
#17117=CARTESIAN_POINT('',(0.403493,-0.125466401796693,-0.04628));
#17118=CARTESIAN_POINT('',(0.403493,-0.126091869969134,-0.04628));
#17119=CARTESIAN_POINT('',(0.403266618909337,-0.127443080333898,-0.04628));
#17120=CARTESIAN_POINT('',(0.402052601791107,-0.129331300296871,-0.04628));
#17121=CARTESIAN_POINT('',(0.400166969567968,-0.130546983466635,-0.04628));
#17122=CARTESIAN_POINT('',(0.398817610990048,-0.130773675230482,-0.04628));
#17123=CARTESIAN_POINT('',(0.398193,-0.130773675230482,-0.04628));
#17124=CARTESIAN_POINT('',(0.403493,0.01,-0.04478));
#17125=CARTESIAN_POINT('',(0.403493,0.00982277442494833,-0.04478));
#17126=CARTESIAN_POINT('',(0.403493,0.00982277442839759,-0.04628));
#17127=CARTESIAN_POINT('',(0.403493,-0.124561,-0.04628));
#17128=CARTESIAN_POINT('',(0.403480154487653,0.00982277442494834,-0.04628));
#17129=CARTESIAN_POINT('',(0.403835848796971,0.00982277442494834,-0.04628));
#17130=CARTESIAN_POINT('',(0.404252186648629,0.00982277442494834,-0.0461391506575829));
#17131=CARTESIAN_POINT('',(0.404844465499549,0.00982277442494834,-0.0455527844984175));
#17132=CARTESIAN_POINT('',(0.404993,0.00982277442494834,-0.0451356943093178));
#17133=CARTESIAN_POINT('',(0.404993,0.00982277442494834,-0.04478));
#17134=CARTESIAN_POINT('',(0.403481202085231,0.0109014801809889,-0.0462799999999998));
#17135=CARTESIAN_POINT('',(0.403807888901148,0.0108109619402619,-0.0462800000000051));
#17136=CARTESIAN_POINT('',(0.404176419633634,0.0107050066067859,-0.0461667250181433));
#17137=CARTESIAN_POINT('',(0.404747977780718,0.0105542635492442,-0.0456955806359174));
#17138=CARTESIAN_POINT('',(0.404935137526619,0.0105164511932221,-0.0453506865383669));
#17139=CARTESIAN_POINT('',(0.404993,0.0105164402646724,-0.0450239958723319));
#17140=CARTESIAN_POINT('',(0.403890797551363,0.011929651572293,-0.04628));
#17141=CARTESIAN_POINT('',(0.404146363669903,0.0118010501385594,-0.04628));
#17142=CARTESIAN_POINT('',(0.404422278369872,0.011661406491466,-0.0462006528445341));
#17143=CARTESIAN_POINT('',(0.404893444019356,0.0114258915967141,-0.0458709053450239));
#17144=CARTESIAN_POINT('',(0.405083257454965,0.0113330607778643,-0.0456255029197763));
#17145=CARTESIAN_POINT('',(0.405196513516334,0.0112812634777853,-0.0453619047970789));
#17146=CARTESIAN_POINT('',(0.405030587604241,0.0137280101234696,-0.04628));
#17147=CARTESIAN_POINT('',(0.405154460245238,0.0136172143631606,-0.04628));
#17148=CARTESIAN_POINT('',(0.405278864175593,0.013504287195033,-0.0462582700463731));
#17149=CARTESIAN_POINT('',(0.405525565958227,0.0132868819686206,-0.0461681307083548));
#17150=CARTESIAN_POINT('',(0.405648765100975,0.0131822254958452,-0.0460994377795399));
#17151=CARTESIAN_POINT('',(0.405764030570114,0.0130898429729441,-0.04600488107888));
#17152=CARTESIAN_POINT('',(0.405765239705327,0.0145183340884761,-0.04628));
#17153=CARTESIAN_POINT('',(0.405826081996754,0.0144620385964473,-0.04628));
#17154=CARTESIAN_POINT('',(0.405886884343713,0.0144056278861618,-0.04628));
#17155=CARTESIAN_POINT('',(0.406008403162302,0.0142925587615529,-0.04628));
#17156=CARTESIAN_POINT('',(0.406069120625585,0.014235903207617,-0.04628));
#17157=CARTESIAN_POINT('',(0.406129796142857,0.0141791266620496,-0.04628));
#17158=CARTESIAN_POINT('',(0.406493,0.0153,-0.04628));
#17159=CARTESIAN_POINT('',(0.406493,0.0153,-0.04628));
#17160=CARTESIAN_POINT('',(0.406493,0.0153,-0.04628));
#17161=CARTESIAN_POINT('',(0.406493,0.0153,-0.04628));
#17162=CARTESIAN_POINT('',(0.406493,0.0153,-0.04628));
#17163=CARTESIAN_POINT('',(0.406493,0.0153,-0.04628));
#17164=CARTESIAN_POINT('',(0.406493,0.0153,-0.04628));
#17165=CARTESIAN_POINT('',(0.405767918638676,0.0145168213131948,-0.04628));
#17166=CARTESIAN_POINT('',(0.40430460869978,0.0129398281007391,-0.04628));
#17167=CARTESIAN_POINT('',(0.403493,0.0109014908526646,-0.04628));
#17168=CARTESIAN_POINT('',(0.403493,0.0098227744249482,-0.04628));
#17169=CARTESIAN_POINT('',(0.411293,0.0153,-0.04128));
#17170=CARTESIAN_POINT('',(0.396293,0.0153,-0.04628));
#17171=CARTESIAN_POINT('',(0.410293,0.0153,-0.04628));
#17172=CARTESIAN_POINT('',(0.410293,0.0153,-0.04128));
#17173=CARTESIAN_POINT('',(0.407793,2.95438424979561E-17,-0.03628));
#17174=CARTESIAN_POINT('',(0.407793,0.0138,-0.03628));
#17175=CARTESIAN_POINT('',(0.407793,0.0138,-0.02628));
#17176=CARTESIAN_POINT('',(0.407793,0.0138,-0.04128));
#17177=CARTESIAN_POINT('',(0.220207,0.0138,0.0028));
#17178=CARTESIAN_POINT('',(0.220207,0.0138,-0.03628));
#17179=CARTESIAN_POINT('',(0.220207,0.0138,-0.04128));
#17180=CARTESIAN_POINT('',(0.220207,1.39301034964765E-17,-0.03628));
#17181=CARTESIAN_POINT('',(0.220207,8.64667869195735E-18,-0.02248));
#17182=CARTESIAN_POINT('',(0.220207,0.07329,-0.02248));
#17183=CARTESIAN_POINT('',(0.220207,-0.123561,-0.02248));
#17184=CARTESIAN_POINT('',(0.407793,0.0153,-0.04128));
#17185=CARTESIAN_POINT('',(0.407793,0.0153,-0.04278));
#17186=CARTESIAN_POINT('',(0.220207,0.0153,-0.04128));
#17187=CARTESIAN_POINT('',(0.217707,-0.124561,-0.02598));
#17188=CARTESIAN_POINT('',(0.216707,0.07329,-0.02498));
#17189=CARTESIAN_POINT('',(0.216707,7.0756418581269E-18,-0.02498));
#17190=CARTESIAN_POINT('',(0.217707,0.,-0.02598));
#17191=CARTESIAN_POINT('',(0.216707,1.4221426337761E-17,-0.03628));
#17192=CARTESIAN_POINT('',(0.216707,0.0113,-0.03628));
#17193=CARTESIAN_POINT('',(0.216707,0.0113,-0.03628));
#17194=CARTESIAN_POINT('',(0.216707,1.4221426337761E-17,-0.03628));
#17195=CARTESIAN_POINT('',(0.217707,0.0103,-0.02628));
#17196=CARTESIAN_POINT('',(0.217707,0.0103,-0.04128));
#17197=CARTESIAN_POINT('',(0.216707,0.0113,-0.04128));
#17198=CARTESIAN_POINT('',(0.216707,0.0113,0.0028));
#17199=CARTESIAN_POINT('',(0.411293,0.0113,0.0028));
#17200=CARTESIAN_POINT('',(0.411293,0.0113,-0.04128));
#17201=CARTESIAN_POINT('',(0.411293,0.0113,-0.04128));
#17202=CARTESIAN_POINT('',(0.411293,0.0113,0.0028));
#17203=CARTESIAN_POINT('',(0.411293,0.0113,-0.03628));
#17204=CARTESIAN_POINT('',(0.411293,0.0113,-0.03628));
#17205=CARTESIAN_POINT('',(0.411293,3.04178110218093E-17,-0.03628));
#17206=CARTESIAN_POINT('',(0.411293,3.04178110218093E-17,-0.03628));
#17207=CARTESIAN_POINT('',(0.411293,1.51738342001511E-17,-0.02498));
#17208=CARTESIAN_POINT('',(0.410293,0.,-0.02598));
#17209=CARTESIAN_POINT('',(0.410293,-0.124561,-0.02598));
#17210=CARTESIAN_POINT('',(0.411293,0.07329,-0.02498));
#17211=CARTESIAN_POINT('',(0.231707,-0.124561,-0.0129917452406437));
#17212=CARTESIAN_POINT('',(0.217857015230484,-0.124561,-0.0129917452406437));
#17213=CARTESIAN_POINT('',(0.217856984767196,-0.124561,-0.01299));
#17214=CARTESIAN_POINT('',(0.217835165936035,-0.124561,-0.01174));
#17215=CARTESIAN_POINT('',(0.231707,-0.124561,-0.01174));
#17216=CARTESIAN_POINT('',(0.231707,-0.124561,-0.0129899999999999));
#17217=CARTESIAN_POINT('',(0.396293,-0.124561,-0.0129917452406437));
#17218=CARTESIAN_POINT('',(0.396293,-0.124561,-0.01174));
#17219=CARTESIAN_POINT('',(0.410164834063964,-0.124561,-0.01174));
#17220=CARTESIAN_POINT('',(0.410142984769515,-0.124561,-0.0129917452406437));
#17221=CARTESIAN_POINT('',(0.410143015232804,-0.124561,-0.01299));
#17222=CARTESIAN_POINT('',(0.396293,-0.124561,-0.0129899999999999));
#17223=CARTESIAN_POINT('',(0.411293,0.0153,-0.04128));
#17224=CARTESIAN_POINT('',(0.411293,0.0153,-0.04528));
#17225=CARTESIAN_POINT('',(0.411293,0.0153,-0.04528));
#17226=CARTESIAN_POINT('',(0.411293,0.0153,-0.04128));
#17227=CARTESIAN_POINT('',(0.216707,0.0153,-0.04128));
#17228=CARTESIAN_POINT('',(0.216707,0.0153,-0.04528));
#17229=CARTESIAN_POINT('',(0.216707,0.0153,-0.04528));
#17230=CARTESIAN_POINT('',(0.216707,0.0153,-0.04128));
#17231=CARTESIAN_POINT('',(0.231707,-0.124561,0.00701000000000014));
#17232=CARTESIAN_POINT('',(0.231707,-0.124561,0.00701000000000014));
#17233=CARTESIAN_POINT('',(0.217856984767196,-0.124561,0.00701));
#17234=CARTESIAN_POINT('',(0.217856984767196,-0.124561,0.00701));
#17235=CARTESIAN_POINT('',(0.396293,-0.124561,0.00701000000000014));
#17236=CARTESIAN_POINT('',(0.410143015232804,-0.124561,0.00701));
#17237=CARTESIAN_POINT('',(0.410143015232804,-0.124561,0.00701));
#17238=CARTESIAN_POINT('',(0.396293,-0.124561,0.00701000000000014));
#17239=CARTESIAN_POINT('',(0.396293,-0.124561,0.0028));
#17240=CARTESIAN_POINT('',(0.396293,-0.139561,0.0028));
#17241=CARTESIAN_POINT('',(0.396293,-0.139561,0.00826));
#17242=CARTESIAN_POINT('',(0.411293,-0.124561,0.0028));
#17243=CARTESIAN_POINT('',(0.411293,-0.124561,0.00826));
#17244=CARTESIAN_POINT('',(0.396293,-0.124561,0.00826));
#17245=CARTESIAN_POINT('',(0.231707,-0.139561,0.0028));
#17246=CARTESIAN_POINT('',(0.231707,-0.139561,0.0028));
#17247=CARTESIAN_POINT('',(0.231707,-0.139561,0.00826));
#17248=CARTESIAN_POINT('',(0.231707,-0.139561,0.00826));
#17249=CARTESIAN_POINT('',(0.231707,-0.124561,0.0028));
#17250=CARTESIAN_POINT('',(0.216707,-0.124561,0.0028));
#17251=CARTESIAN_POINT('',(0.216707,-0.124561,0.00826));
#17252=CARTESIAN_POINT('',(0.231707,-0.124561,0.00826));
#17253=CARTESIAN_POINT('',(0.231707,-0.124561,0.00826));
#17254=CARTESIAN_POINT('',(0.217835165936035,-0.124561,0.00826));
#17255=CARTESIAN_POINT('',(0.217835165936035,-0.124561,0.00826));
#17256=CARTESIAN_POINT('',(0.231707,-0.124561,0.00826));
#17257=CARTESIAN_POINT('',(0.231707,-0.138432834063965,0.00826));
#17258=CARTESIAN_POINT('',(0.231707,-0.138432834063965,0.00826));
#17259=CARTESIAN_POINT('',(0.396293,-0.138432834063965,0.00826));
#17260=CARTESIAN_POINT('',(0.396293,-0.138432834063965,0.00826));
#17261=CARTESIAN_POINT('',(0.396293,-0.138432834063965,0.00826));
#17262=CARTESIAN_POINT('',(0.396293,-0.138432834063965,0.00826));
#17263=CARTESIAN_POINT('',(0.396293,-0.124561,0.00826));
#17264=CARTESIAN_POINT('',(0.396293,-0.124561,0.00826));
#17265=CARTESIAN_POINT('',(0.410164834063964,-0.124561,0.00826));
#17266=CARTESIAN_POINT('',(0.410164834063964,-0.124561,0.00826));
#17267=CARTESIAN_POINT('',(0.407793,-0.124561,-0.04278));
#17268=CARTESIAN_POINT('',(0.407793,0.087415,-0.04278));
#17269=CARTESIAN_POINT('',(0.216707,0.07329,-0.04528));
#17270=CARTESIAN_POINT('',(0.216707,0.07329,-0.04528));
#17271=CARTESIAN_POINT('',(0.216707,0.09329,-0.04528));
#17272=CARTESIAN_POINT('',(0.216707,0.09329,-0.04528));
#17273=CARTESIAN_POINT('',(0.217707,0.09329,-0.04628));
#17274=CARTESIAN_POINT('',(0.217707,-0.124561,-0.04628));
#17275=CARTESIAN_POINT('',(0.217856984767196,0.07329,0.00701));
#17276=CARTESIAN_POINT('',(0.217856984767196,0.07329,0.00701));
#17277=CARTESIAN_POINT('',(0.217856984767196,0.09329,0.00701));
#17278=CARTESIAN_POINT('',(0.217856984767196,0.09329,0.00701));
#17279=CARTESIAN_POINT('',(0.217856984767196,0.09329,-0.01299));
#17280=CARTESIAN_POINT('',(0.217856984767196,0.07329,-0.01299));
#17281=CARTESIAN_POINT('',(0.314,0.,0.00826));
#17282=CARTESIAN_POINT('',(0.396293,0.09329,0.00826));
#17283=CARTESIAN_POINT('',(0.410164834063964,0.09329,0.00826));
#17284=CARTESIAN_POINT('',(0.396293,0.107161834063965,0.00826));
#17285=CARTESIAN_POINT('',(0.410164834063964,0.07329,0.00826));
#17286=CARTESIAN_POINT('',(0.217835165936035,-0.124561,0.00826));
#17287=CARTESIAN_POINT('',(0.217835165936035,0.09329,0.00826));
#17288=CARTESIAN_POINT('',(0.231707,0.09329,0.00826));
#17289=CARTESIAN_POINT('',(0.231707,0.107161834063965,0.00826));
#17290=CARTESIAN_POINT('',(0.231707,0.107161834063965,0.00826));
#17291=CARTESIAN_POINT('',(0.411293,0.07329,0.00826));
#17292=CARTESIAN_POINT('',(0.411293,0.09329,0.00826));
#17293=CARTESIAN_POINT('',(0.396293,0.09329,0.00826));
#17294=CARTESIAN_POINT('',(0.396293,0.10829,0.00826));
#17295=CARTESIAN_POINT('',(0.231707,0.10829,0.00826));
#17296=CARTESIAN_POINT('',(0.231707,0.10829,0.00826));
#17297=CARTESIAN_POINT('',(0.231707,0.09329,0.00826));
#17298=CARTESIAN_POINT('',(0.216707,0.09329,0.00826));
#17299=CARTESIAN_POINT('',(0.216707,0.07329,0.00826));
#17300=CARTESIAN_POINT('',(0.217835165936035,-0.124561,0.00826));
#17301=CARTESIAN_POINT('',(0.217835165936035,-0.124561,-0.01174));
#17302=CARTESIAN_POINT('',(0.217835165936035,0.09329,-0.01174));
#17303=CARTESIAN_POINT('',(0.217835165936035,0.09329,0.00826));
#17304=CARTESIAN_POINT('',(0.410164834063964,0.07329,0.00826));
#17305=CARTESIAN_POINT('',(0.410164834063964,0.09329,0.00826));
#17306=CARTESIAN_POINT('',(0.410164834063964,0.09329,-0.01174));
#17307=CARTESIAN_POINT('',(0.410164834063964,0.07329,-0.01174));
#17308=CARTESIAN_POINT('',(0.410143015232804,0.07329,0.00701));
#17309=CARTESIAN_POINT('',(0.410143015232804,0.07329,-0.01299));
#17310=CARTESIAN_POINT('',(0.410143015232804,0.09329,-0.01299));
#17311=CARTESIAN_POINT('',(0.410143015232804,0.09329,0.00701));
#17312=CARTESIAN_POINT('',(0.410143015232804,0.09329,0.00701));
#17313=CARTESIAN_POINT('',(0.410143015232804,0.07329,0.00701));
#17314=CARTESIAN_POINT('',(0.410142984769515,0.07329,-0.0129917452406437));
#17315=CARTESIAN_POINT('',(0.410142984769515,0.09329,-0.0129917452406437));
#17316=CARTESIAN_POINT('',(0.217857015230484,-0.124561,-0.0129917452406437));
#17317=CARTESIAN_POINT('',(0.217857015230484,0.09329,-0.0129917452406437));
#17318=CARTESIAN_POINT('',(0.411293,0.07329,-0.04528));
#17319=CARTESIAN_POINT('',(0.410293,-0.124561,-0.04628));
#17320=CARTESIAN_POINT('',(0.410293,0.09329,-0.04628));
#17321=CARTESIAN_POINT('',(0.411293,0.09329,-0.04528));
#17322=CARTESIAN_POINT('',(0.411293,0.09329,-0.04528));
#17323=CARTESIAN_POINT('',(0.411293,0.07329,-0.04528));
#17324=CARTESIAN_POINT('',(0.411293,0.07329,0.0028));
#17325=CARTESIAN_POINT('',(0.411293,0.09329,0.0028));
#17326=CARTESIAN_POINT('',(0.216707,0.07329,0.0028));
#17327=CARTESIAN_POINT('',(0.216707,0.09329,0.0028));
#17328=CARTESIAN_POINT('',(0.396293,-0.124561,-0.04628));
#17329=CARTESIAN_POINT('',(0.396293,-0.124561,-0.04628));
#17330=CARTESIAN_POINT('',(0.393293,-0.124561,-0.04628));
#17331=CARTESIAN_POINT('',(0.396293,0.09329,-0.04628));
#17332=CARTESIAN_POINT('',(0.393293,0.09329,-0.04628));
#17333=CARTESIAN_POINT('',(0.231707,0.09329,-0.04628));
#17334=CARTESIAN_POINT('',(0.228707,0.09329,-0.04628));
#17335=CARTESIAN_POINT('',(0.231707,-0.124561,-0.04628));
#17336=CARTESIAN_POINT('',(0.228707,-0.124561,-0.04628));
#17337=CARTESIAN_POINT('',(0.380993,0.04129,-0.04628));
#17338=CARTESIAN_POINT('',(0.382568,0.04129,-0.04628));
#17339=CARTESIAN_POINT('',(0.380993,-0.04771,-0.04628));
#17340=CARTESIAN_POINT('',(0.382568,-0.04771,-0.04628));
#17341=CARTESIAN_POINT('',(0.295227738009559,-0.046756327990804,-0.04628));
#17342=CARTESIAN_POINT('',(0.296802738009559,-0.046756327990804,-0.04628));
#17343=CARTESIAN_POINT('',(0.295227738009559,0.040336327990804,-0.04628));
#17344=CARTESIAN_POINT('',(0.296802738009559,0.040336327990804,-0.04628));
#17345=CARTESIAN_POINT('',(0.300993,-0.04121,-0.04628));
#17346=CARTESIAN_POINT('',(0.298493,-0.04121,-0.04628));
#17347=CARTESIAN_POINT('',(0.300993,-0.04371,-0.04628));
#17348=CARTESIAN_POINT('',(0.396293,-0.04371,-0.04628));
#17349=CARTESIAN_POINT('',(0.379993,-0.04371,-0.04628));
#17350=CARTESIAN_POINT('',(0.379993,-0.04121,-0.04628));
#17351=CARTESIAN_POINT('',(0.382493,-0.04121,-0.04628));
#17352=CARTESIAN_POINT('',(0.382493,-0.124561,-0.04628));
#17353=CARTESIAN_POINT('',(0.382493,0.03479,-0.04628));
#17354=CARTESIAN_POINT('',(0.379993,0.03479,-0.04628));
#17355=CARTESIAN_POINT('',(0.379993,0.03729,-0.04628));
#17356=CARTESIAN_POINT('',(0.396293,0.03729,-0.04628));
#17357=CARTESIAN_POINT('',(0.300993,0.03729,-0.04628));
#17358=CARTESIAN_POINT('',(0.300993,0.03479,-0.04628));
#17359=CARTESIAN_POINT('',(0.298493,0.03479,-0.04628));
#17360=CARTESIAN_POINT('',(0.298493,-0.124561,-0.04628));
#17361=CARTESIAN_POINT('',(0.231707,0.09329,-0.04628));
#17362=CARTESIAN_POINT('',(0.231707,0.10729,-0.04628));
#17363=CARTESIAN_POINT('',(0.396293,0.10729,-0.04628));
#17364=CARTESIAN_POINT('',(0.396293,0.10729,-0.04628));
#17365=CARTESIAN_POINT('',(0.396293,0.09329,-0.04628));
#17366=CARTESIAN_POINT('',(0.254,0.02,-0.04628));
#17367=CARTESIAN_POINT('',(0.254,0.07129,-0.04628));
#17368=CARTESIAN_POINT('',(0.254,0.09129,-0.04628));
#17369=CARTESIAN_POINT('',(0.258,0.07129,-0.04628));
#17370=CARTESIAN_POINT('',(0.258,0.06729,-0.04628));
#17371=CARTESIAN_POINT('',(0.396293,0.06729,-0.04628));
#17372=CARTESIAN_POINT('',(0.37,0.06729,-0.04628));
#17373=CARTESIAN_POINT('',(0.37,0.07129,-0.04628));
#17374=CARTESIAN_POINT('',(0.374,0.07129,-0.04628));
#17375=CARTESIAN_POINT('',(0.374,-0.104561,-0.04628));
#17376=CARTESIAN_POINT('',(0.374,0.09129,-0.04628));
#17377=CARTESIAN_POINT('',(0.37,0.09129,-0.04628));
#17378=CARTESIAN_POINT('',(0.37,0.09529,-0.04628));
#17379=CARTESIAN_POINT('',(0.254,0.09529,-0.04628));
#17380=CARTESIAN_POINT('',(0.258,0.09529,-0.04628));
#17381=CARTESIAN_POINT('',(0.258,0.09129,-0.04628));
#17382=CARTESIAN_POINT('',(0.396293,0.07329,0.00701));
#17383=CARTESIAN_POINT('',(0.231707,0.09329,0.00701000000000014));
#17384=CARTESIAN_POINT('',(0.231707,0.107140015232804,0.00701));
#17385=CARTESIAN_POINT('',(0.396293,0.09329,0.00701000000000014));
#17386=CARTESIAN_POINT('',(0.396293,0.107140015232804,0.00701));
#17387=CARTESIAN_POINT('',(0.396293,0.107140015232804,0.00701));
#17388=CARTESIAN_POINT('',(0.231707,0.09329,0.00701));
#17389=CARTESIAN_POINT('',(0.231707,0.10579,0.00701));
#17390=CARTESIAN_POINT('',(0.396293,0.10579,0.00701));
#17391=CARTESIAN_POINT('',(0.396293,0.10579,0.00701));
#17392=CARTESIAN_POINT('',(0.396293,0.09329,0.00701));
#17393=CARTESIAN_POINT('',(0.231707,0.107139984769516,-0.0129917452406437));
#17394=CARTESIAN_POINT('',(0.2685,0.107148044562671,-0.01253));
#17395=CARTESIAN_POINT('',(0.276737165774707,0.107140015232804,-0.01299));
#17396=CARTESIAN_POINT('',(0.276712088650277,0.107161834063965,-0.01174));
#17397=CARTESIAN_POINT('',(0.396293,0.107140015232804,-0.01299));
#17398=CARTESIAN_POINT('',(0.396293,0.107140015232804,-0.01299));
#17399=CARTESIAN_POINT('',(0.396293,0.107139984769516,-0.0129917452406437));
#17400=CARTESIAN_POINT('',(0.396293,0.107161834063965,-0.01174));
#17401=CARTESIAN_POINT('',(0.231707,0.107161834063965,-0.01174));
#17402=CARTESIAN_POINT('',(0.32875,0.107161834063965,-0.01174));
#17403=CARTESIAN_POINT('',(0.32875,0.107139984769516,-0.0129917452406437));
#17404=CARTESIAN_POINT('',(0.32875,0.107159041253576,-0.0119));
#17405=CARTESIAN_POINT('',(0.231707,0.107159041253576,-0.0119));
#17406=CARTESIAN_POINT('',(0.32725,0.107159041253576,-0.0119));
#17407=CARTESIAN_POINT('',(0.32725,0.107139984769516,-0.0129917452406437));
#17408=CARTESIAN_POINT('',(0.32725,0.107161834063965,-0.01174));
#17409=CARTESIAN_POINT('',(0.231707,0.107161834063965,-0.01174));
#17410=CARTESIAN_POINT('',(0.254,0.09829,-0.03178));
#17411=CARTESIAN_POINT('',(0.3565,0.08279,-0.03178));
#17412=CARTESIAN_POINT('',(0.3565,0.07654,-0.03178));
#17413=CARTESIAN_POINT('',(0.2535,0.0988220740872842,-0.03178));
#17414=CARTESIAN_POINT('',(0.2535,0.0918541481745683,-0.03178));
#17415=CARTESIAN_POINT('',(0.2535,0.10579,-0.03178));
#17416=CARTESIAN_POINT('',(0.2525,0.0918541481745683,-0.03178));
#17417=CARTESIAN_POINT('',(0.2515,0.0918541481745683,-0.03178));
#17418=CARTESIAN_POINT('',(0.2515,0.09829,-0.03178));
#17419=CARTESIAN_POINT('',(0.2515,0.06779,-0.03178));
#17420=CARTESIAN_POINT('',(0.2545,0.06779,-0.03178));
#17421=CARTESIAN_POINT('',(0.2545,0.06479,-0.03178));
#17422=CARTESIAN_POINT('',(0.254,0.06479,-0.03178));
#17423=CARTESIAN_POINT('',(0.3735,0.06479,-0.03178));
#17424=CARTESIAN_POINT('',(0.3735,0.06779,-0.03178));
#17425=CARTESIAN_POINT('',(0.3765,0.06779,-0.03178));
#17426=CARTESIAN_POINT('',(0.3765,0.02,-0.03178));
#17427=CARTESIAN_POINT('',(0.3765,0.0918541481745683,-0.03178));
#17428=CARTESIAN_POINT('',(0.3755,0.0918541481745683,-0.03178));
#17429=CARTESIAN_POINT('',(0.3745,0.0918541481745683,-0.03178));
#17430=CARTESIAN_POINT('',(0.3745,0.0988220740872842,-0.03178));
#17431=CARTESIAN_POINT('',(0.3745,0.10579,-0.03178));
#17432=CARTESIAN_POINT('',(0.254,0.10579,-0.03178));
#17433=CARTESIAN_POINT('',(0.3445,0.10579,-0.03178));
#17434=CARTESIAN_POINT('',(0.3445,0.0988220740872842,-0.03178));
#17435=CARTESIAN_POINT('',(0.3445,0.0918541481745683,-0.03178));
#17436=CARTESIAN_POINT('',(0.3435,0.0918541481745683,-0.03178));
#17437=CARTESIAN_POINT('',(0.3425,0.0918541481745683,-0.03178));
#17438=CARTESIAN_POINT('',(0.3425,0.0988220740872842,-0.03178));
#17439=CARTESIAN_POINT('',(0.3425,0.10579,-0.03178));
#17440=CARTESIAN_POINT('',(0.254,0.10579,-0.03178));
#17441=CARTESIAN_POINT('',(0.32875,0.10579,-0.03178));
#17442=CARTESIAN_POINT('',(0.32875,0.09829,-0.03178));
#17443=CARTESIAN_POINT('',(0.32875,0.103694737509656,-0.03178));
#17444=CARTESIAN_POINT('',(0.328,0.10079,-0.03178));
#17445=CARTESIAN_POINT('',(0.32875,0.0978852624903444,-0.03178));
#17446=CARTESIAN_POINT('',(0.32875,0.09829,-0.03178));
#17447=CARTESIAN_POINT('',(0.32875,0.0756947375096556,-0.03178));
#17448=CARTESIAN_POINT('',(0.328,0.07279,-0.03178));
#17449=CARTESIAN_POINT('',(0.325095262490344,0.07204,-0.03178));
#17450=CARTESIAN_POINT('',(0.254,0.07204,-0.03178));
#17451=CARTESIAN_POINT('',(0.302904737509655,0.07204,-0.03178));
#17452=CARTESIAN_POINT('',(0.3,0.07279,-0.03178));
#17453=CARTESIAN_POINT('',(0.29925,0.0756947375096556,-0.03178));
#17454=CARTESIAN_POINT('',(0.29925,0.09829,-0.03178));
#17455=CARTESIAN_POINT('',(0.29925,0.0978852624903444,-0.03178));
#17456=CARTESIAN_POINT('',(0.3,0.10079,-0.03178));
#17457=CARTESIAN_POINT('',(0.29925,0.103694737509656,-0.03178));
#17458=CARTESIAN_POINT('',(0.29925,0.09829,-0.03178));
#17459=CARTESIAN_POINT('',(0.29925,0.10579,-0.03178));
#17460=CARTESIAN_POINT('',(0.254,0.10579,-0.03178));
#17461=CARTESIAN_POINT('',(0.2855,0.10579,-0.03178));
#17462=CARTESIAN_POINT('',(0.2855,0.0988220740872842,-0.03178));
#17463=CARTESIAN_POINT('',(0.2855,0.0918541481745683,-0.03178));
#17464=CARTESIAN_POINT('',(0.2845,0.0918541481745683,-0.03178));
#17465=CARTESIAN_POINT('',(0.2835,0.0918541481745683,-0.03178));
#17466=CARTESIAN_POINT('',(0.2835,0.0988220740872842,-0.03178));
#17467=CARTESIAN_POINT('',(0.2835,0.10579,-0.03178));
#17468=CARTESIAN_POINT('',(0.254,0.10579,-0.03178));
#17469=CARTESIAN_POINT('',(0.328,0.07279,0.00878528137423858));
#17470=CARTESIAN_POINT('',(0.328,0.07279,-0.00691218359482819));
#17471=CARTESIAN_POINT('',(0.325095262490344,0.07204,-0.00704442883035954));
#17472=CARTESIAN_POINT('',(0.325000795828909,0.0728590965998467,-0.0069));
#17473=CARTESIAN_POINT('',(0.325095262490344,0.07204,0.00878528137423858));
#17474=CARTESIAN_POINT('',(0.32875,0.0756947375096556,0.00878528137423858));
#17475=CARTESIAN_POINT('',(0.32875,0.0756947375096556,-0.0069));
#17476=CARTESIAN_POINT('',(0.328,0.07279,-0.0069));
#17477=CARTESIAN_POINT('',(0.32725,0.0756947375096556,-0.0069));
#17478=CARTESIAN_POINT('',(0.32725,0.0756947375096556,0.00878528137423858));
#17479=CARTESIAN_POINT('',(0.32725,0.0756947375096556,-0.03178));
#17480=CARTESIAN_POINT('',(0.328,0.07279,-0.03178));
#17481=CARTESIAN_POINT('',(0.325095262490344,0.07354,-0.03178));
#17482=CARTESIAN_POINT('',(0.325095262490344,0.07354,0.00878528137423858));
#17483=CARTESIAN_POINT('',(0.325095262490344,0.07354,-0.0069));
#17484=CARTESIAN_POINT('',(0.328,0.07279,-0.0069));
#17485=CARTESIAN_POINT('',(0.3,0.07279,0.00878528137423858));
#17486=CARTESIAN_POINT('',(0.3,0.07279,-0.0069));
#17487=CARTESIAN_POINT('',(0.29925,0.0756947375096556,-0.0069));
#17488=CARTESIAN_POINT('',(0.30075,0.0756947375096556,-0.0069));
#17489=CARTESIAN_POINT('',(0.29925,0.0756947375096556,0.00878528137423858));
#17490=CARTESIAN_POINT('',(0.302904737509655,0.07204,0.00878528137423858));
#17491=CARTESIAN_POINT('',(0.302904737509655,0.07204,-0.00704442883035954));
#17492=CARTESIAN_POINT('',(0.3,0.07279,-0.00691218359482819));
#17493=CARTESIAN_POINT('',(0.302999204171091,0.0728590965998467,-0.0069));
#17494=CARTESIAN_POINT('',(0.3,0.07279,-0.0069));
#17495=CARTESIAN_POINT('',(0.302904737509655,0.07354,-0.0069));
#17496=CARTESIAN_POINT('',(0.302904737509655,0.07354,0.00878528137423858));
#17497=CARTESIAN_POINT('',(0.302904737509655,0.07354,-0.03178));
#17498=CARTESIAN_POINT('',(0.3,0.07279,-0.03178));
#17499=CARTESIAN_POINT('',(0.30075,0.0756947375096556,-0.03178));
#17500=CARTESIAN_POINT('',(0.30075,0.0756947375096556,0.00878528137423858));
#17501=CARTESIAN_POINT('',(0.328,0.10079,0.00878528137423858));
#17502=CARTESIAN_POINT('',(0.328,0.10079,-0.00191506834747324));
#17503=CARTESIAN_POINT('',(0.328,0.09779,-0.00244404928959864));
#17504=CARTESIAN_POINT('',(0.32725,0.0978852624903444,0.00878528137423858));
#17505=CARTESIAN_POINT('',(0.32725,0.0978852624903444,-0.03178));
#17506=CARTESIAN_POINT('',(0.32725,0.0978852624903444,-0.0069));
#17507=CARTESIAN_POINT('',(0.328,0.10079,-0.0069));
#17508=CARTESIAN_POINT('',(0.32875,0.0978852624903444,-0.0069));
#17509=CARTESIAN_POINT('',(0.32875,0.0978852624903444,0.00878528137423858));
#17510=CARTESIAN_POINT('',(0.32875,0.103694737509656,0.00878528137423858));
#17511=CARTESIAN_POINT('',(0.32875,0.103694737509656,-0.0049));
#17512=CARTESIAN_POINT('',(0.328,0.10079,-0.0049));
#17513=CARTESIAN_POINT('',(0.32725,0.103694737509656,-0.0049));
#17514=CARTESIAN_POINT('',(0.32725,0.103694737509656,0.00878528137423858));
#17515=CARTESIAN_POINT('',(0.32725,0.103694737509656,-0.03178));
#17516=CARTESIAN_POINT('',(0.328,0.10079,-0.03178));
#17517=CARTESIAN_POINT('',(0.330350834874674,0.0695709242369917,-0.00240266044536252));
#17518=CARTESIAN_POINT('',(0.330350834874674,0.0704391651253264,-0.00732669921042356));
#17519=CARTESIAN_POINT('',(0.328,0.0685971765490022,-0.00257435843515756));
#17520=CARTESIAN_POINT('',(0.328,0.0694654174373369,-0.0074983972002186));
#17521=CARTESIAN_POINT('',(0.325649165125326,0.0695709242369917,-0.00240266044536252));
#17522=CARTESIAN_POINT('',(0.325649165125326,0.0704391651253264,-0.00732669921042356));
#17523=CARTESIAN_POINT('',(0.324675417437337,0.0719217591116654,-0.00198814482976715));
#17524=CARTESIAN_POINT('',(0.324675417437337,0.07279,-0.00691218359482819));
#17525=CARTESIAN_POINT('',(0.325649165125326,0.0742725939863391,-0.00157362921417178));
#17526=CARTESIAN_POINT('',(0.325649165125326,0.0751408348746737,-0.00649766797923282));
#17527=CARTESIAN_POINT('',(0.328,0.0752463416743286,-0.00140193122437674));
#17528=CARTESIAN_POINT('',(0.328,0.0761145825626632,-0.00632596998943778));
#17529=CARTESIAN_POINT('',(0.330350834874674,0.0742725939863391,-0.00157362921417178));
#17530=CARTESIAN_POINT('',(0.330350834874674,0.0751408348746737,-0.00649766797923282));
#17531=CARTESIAN_POINT('',(0.331324582562663,0.0719217591116654,-0.00198814482976715));
#17532=CARTESIAN_POINT('',(0.331324582562663,0.0727900000000001,-0.00691218359482819));
#17533=CARTESIAN_POINT('',(0.330350834874674,0.0695709242369917,-0.00240266044536252));
#17534=CARTESIAN_POINT('',(0.330350834874674,0.0704391651253264,-0.00732669921042356));
#17535=CARTESIAN_POINT('',(0.328,0.0685971765490022,-0.00257435843515756));
#17536=CARTESIAN_POINT('',(0.328,0.0694654174373369,-0.0074983972002186));
#17537=CARTESIAN_POINT('',(0.325649165125326,0.0695709242369917,-0.00240266044536252));
#17538=CARTESIAN_POINT('',(0.325649165125326,0.0704391651253264,-0.00732669921042356));
#17539=CARTESIAN_POINT('',(0.328,0.0719217591116654,-0.00198814482976715));
#17540=CARTESIAN_POINT('',(0.328,0.0689217591116654,-0.00251712577189254));
#17541=CARTESIAN_POINT('',(0.325095262490344,0.07204,-0.00704442883035954));
#17542=CARTESIAN_POINT('',(0.325093136828644,0.07204,-0.00699628749994195));
#17543=CARTESIAN_POINT('',(0.325091048427675,0.07204,-0.00694814455312475));
#17544=CARTESIAN_POINT('',(0.325088997054796,0.07204,-0.0069));
#17545=CARTESIAN_POINT('',(0.325088997054796,0.07204,-0.0069));
#17546=CARTESIAN_POINT('',(0.325000795828909,0.0728590965998467,-0.0069));
#17547=CARTESIAN_POINT('',(0.324994609680058,0.0725822324001124,-0.0069));
#17548=CARTESIAN_POINT('',(0.325023947667122,0.0723091934785404,-0.00689999999999989));
#17549=CARTESIAN_POINT('',(0.325088997054797,0.07204,-0.00689999999999989));
#17550=CARTESIAN_POINT('',(0.302350834874674,0.0695709242369917,-0.00240266044536252));
#17551=CARTESIAN_POINT('',(0.302350834874674,0.0704391651253264,-0.00732669921042356));
#17552=CARTESIAN_POINT('',(0.3,0.0685971765490022,-0.00257435843515756));
#17553=CARTESIAN_POINT('',(0.3,0.0694654174373369,-0.0074983972002186));
#17554=CARTESIAN_POINT('',(0.297649165125326,0.0695709242369917,-0.00240266044536252));
#17555=CARTESIAN_POINT('',(0.297649165125326,0.0704391651253264,-0.00732669921042356));
#17556=CARTESIAN_POINT('',(0.296675417437337,0.0719217591116654,-0.00198814482976715));
#17557=CARTESIAN_POINT('',(0.296675417437337,0.07279,-0.00691218359482819));
#17558=CARTESIAN_POINT('',(0.297649165125326,0.0742725939863391,-0.00157362921417178));
#17559=CARTESIAN_POINT('',(0.297649165125326,0.0751408348746737,-0.00649766797923282));
#17560=CARTESIAN_POINT('',(0.3,0.0752463416743286,-0.00140193122437674));
#17561=CARTESIAN_POINT('',(0.3,0.0761145825626632,-0.00632596998943778));
#17562=CARTESIAN_POINT('',(0.302350834874674,0.0742725939863391,-0.00157362921417178));
#17563=CARTESIAN_POINT('',(0.302350834874674,0.0751408348746737,-0.00649766797923282));
#17564=CARTESIAN_POINT('',(0.303324582562663,0.0719217591116654,-0.00198814482976715));
#17565=CARTESIAN_POINT('',(0.303324582562663,0.0727900000000001,-0.00691218359482819));
#17566=CARTESIAN_POINT('',(0.302350834874674,0.0695709242369917,-0.00240266044536252));
#17567=CARTESIAN_POINT('',(0.302350834874674,0.0704391651253264,-0.00732669921042356));
#17568=CARTESIAN_POINT('',(0.3,0.0685971765490022,-0.00257435843515756));
#17569=CARTESIAN_POINT('',(0.3,0.0694654174373369,-0.0074983972002186));
#17570=CARTESIAN_POINT('',(0.297649165125326,0.0695709242369917,-0.00240266044536252));
#17571=CARTESIAN_POINT('',(0.297649165125326,0.0704391651253264,-0.00732669921042356));
#17572=CARTESIAN_POINT('',(0.3,0.0719217591116654,-0.00198814482976715));
#17573=CARTESIAN_POINT('',(0.3,0.0689217591116654,-0.00251712577189254));
#17574=CARTESIAN_POINT('',(0.302911002945204,0.07204,-0.0069));
#17575=CARTESIAN_POINT('',(0.302908951572325,0.07204,-0.00694814455312475));
#17576=CARTESIAN_POINT('',(0.302906863171356,0.07204,-0.00699628749994195));
#17577=CARTESIAN_POINT('',(0.302904737509655,0.07204,-0.00704442883035954));
#17578=CARTESIAN_POINT('',(0.302911002945204,0.07204,-0.0069));
#17579=CARTESIAN_POINT('',(0.302911002945204,0.07204,-0.0069));
#17580=CARTESIAN_POINT('',(0.302976052332878,0.0723091934785404,-0.0069));
#17581=CARTESIAN_POINT('',(0.303005390319942,0.0725822324001121,-0.0069));
#17582=CARTESIAN_POINT('',(0.302999204171091,0.0728590965998464,-0.0069));
#17583=CARTESIAN_POINT('',(0.328,0.07279,-0.0253));
#17584=CARTESIAN_POINT('',(0.328,0.07279,-0.0253));
#17585=CARTESIAN_POINT('',(0.3295,0.07279,-0.0253));
#17586=CARTESIAN_POINT('',(0.327262055038752,0.0740959239006043,-0.0253));
#17587=CARTESIAN_POINT('',(0.327262055038752,0.0740959239006043,-0.0109));
#17588=CARTESIAN_POINT('',(0.327262055038752,0.0740959239006043,-0.0119));
#17589=CARTESIAN_POINT('',(0.328,0.07279,-0.0109));
#17590=CARTESIAN_POINT('',(0.328737944961248,0.0740959239006043,-0.0109));
#17591=CARTESIAN_POINT('',(0.328737944961248,0.0740959239006043,-0.0253));
#17592=CARTESIAN_POINT('',(0.328737944961248,0.0740959239006043,-0.0119));
#17593=CARTESIAN_POINT('',(0.328,0.07279,-0.0119));
#17594=CARTESIAN_POINT('',(0.31375,0.07279,-0.0109));
#17595=CARTESIAN_POINT('',(0.31375,0.0740959239006043,-0.0109));
#17596=CARTESIAN_POINT('',(0.32834214436402,0.0740959239006043,-0.0109));
#17597=CARTESIAN_POINT('',(0.31375,0.0740959239006043,-0.0109));
#17598=CARTESIAN_POINT('',(0.32765785563598,0.0740959239006043,-0.0109));
#17599=CARTESIAN_POINT('',(0.328,0.07279,-0.0109));
#17600=CARTESIAN_POINT('',(0.328,0.07279,-0.0109));
#17601=CARTESIAN_POINT('',(0.328,0.07279,-0.00691218359482819));
#17602=CARTESIAN_POINT('',(0.328,0.07414,-0.00667414217087176));
#17603=CARTESIAN_POINT('',(0.32765785563598,0.0740959239006043,-0.0109));
#17604=CARTESIAN_POINT('',(0.32765785563598,0.0740959239006043,-0.0069));
#17605=CARTESIAN_POINT('',(0.328,0.07279,-0.0069));
#17606=CARTESIAN_POINT('',(0.32834214436402,0.0740959239006043,-0.0069));
#17607=CARTESIAN_POINT('',(0.32834214436402,0.0740959239006043,-0.0109));
#17608=CARTESIAN_POINT('',(0.231707,0.10579,0.0028));
#17609=CARTESIAN_POINT('',(0.231707,0.10579,0.0028));
#17610=CARTESIAN_POINT('',(0.231707,0.10579,0.00251));
#17611=CARTESIAN_POINT('',(0.236582,0.10579,0.00251));
#17612=CARTESIAN_POINT('',(0.235582,0.10579,0.00251));
#17613=CARTESIAN_POINT('',(0.235582,0.10579,0.00051));
#17614=CARTESIAN_POINT('',(0.237582,0.10579,0.00051));
#17615=CARTESIAN_POINT('',(0.237582,0.10579,-0.04278));
#17616=CARTESIAN_POINT('',(0.237582,0.10579,-0.04278));
#17617=CARTESIAN_POINT('',(0.231707,0.10579,-0.04278));
#17618=CARTESIAN_POINT('',(0.2515,0.10579,-0.04278));
#17619=CARTESIAN_POINT('',(0.2515,0.10579,0.0028));
#17620=CARTESIAN_POINT('',(0.2515,0.10579,-0.01078));
#17621=CARTESIAN_POINT('',(0.2535,0.10579,-0.01078));
#17622=CARTESIAN_POINT('',(0.2535,0.10579,-0.01078));
#17623=CARTESIAN_POINT('',(0.2535,0.10579,-0.01178));
#17624=CARTESIAN_POINT('',(0.2835,0.10579,-0.01178));
#17625=CARTESIAN_POINT('',(0.2835,0.10579,-0.01078));
#17626=CARTESIAN_POINT('',(0.2855,0.10579,-0.01078));
#17627=CARTESIAN_POINT('',(0.2855,0.10579,-0.01078));
#17628=CARTESIAN_POINT('',(0.2855,0.10579,-0.01178));
#17629=CARTESIAN_POINT('',(0.29925,0.10579,0.0028));
#17630=CARTESIAN_POINT('',(0.29925,0.10579,-0.0049));
#17631=CARTESIAN_POINT('',(0.231707,0.10579,-0.0049));
#17632=CARTESIAN_POINT('',(0.30075,0.10579,-0.0049));
#17633=CARTESIAN_POINT('',(0.30075,0.10579,-0.046282));
#17634=CARTESIAN_POINT('',(0.30075,0.10579,-0.03178));
#17635=CARTESIAN_POINT('',(0.254,0.10579,-0.03178));
#17636=CARTESIAN_POINT('',(0.32725,0.10579,-0.03178));
#17637=CARTESIAN_POINT('',(0.32725,0.10579,0.0028));
#17638=CARTESIAN_POINT('',(0.32725,0.10579,-0.0049));
#17639=CARTESIAN_POINT('',(0.231707,0.10579,-0.0049));
#17640=CARTESIAN_POINT('',(0.32875,0.10579,-0.0049));
#17641=CARTESIAN_POINT('',(0.32875,0.10579,-0.046282));
#17642=CARTESIAN_POINT('',(0.3425,0.10579,-0.01178));
#17643=CARTESIAN_POINT('',(0.3425,0.10579,-0.01078));
#17644=CARTESIAN_POINT('',(0.3445,0.10579,-0.01078));
#17645=CARTESIAN_POINT('',(0.3445,0.10579,-0.01078));
#17646=CARTESIAN_POINT('',(0.3445,0.10579,-0.01178));
#17647=CARTESIAN_POINT('',(0.3745,0.10579,-0.01178));
#17648=CARTESIAN_POINT('',(0.3745,0.10579,-0.01078));
#17649=CARTESIAN_POINT('',(0.3765,0.10579,-0.01078));
#17650=CARTESIAN_POINT('',(0.3765,0.10579,-0.01078));
#17651=CARTESIAN_POINT('',(0.3765,0.10579,0.));
#17652=CARTESIAN_POINT('',(0.390753252912098,0.10579,0.0028));
#17653=CARTESIAN_POINT('',(0.390753252912098,0.10579,0.00051));
#17654=CARTESIAN_POINT('',(0.392754104755486,0.10579,0.00051));
#17655=CARTESIAN_POINT('',(0.392754104755486,0.10579,0.00251));
#17656=CARTESIAN_POINT('',(0.396293,0.10579,0.00251));
#17657=CARTESIAN_POINT('',(0.396293,0.10579,0.00251));
#17658=CARTESIAN_POINT('',(0.396293,0.10579,0.0028));
#17659=CARTESIAN_POINT('',(0.2685,0.10579,-0.01253));
#17660=CARTESIAN_POINT('',(0.2685,0.10579,-0.02078));
#17661=CARTESIAN_POINT('',(0.396293,0.09329,-0.04328));
#17662=CARTESIAN_POINT('',(0.391426300169824,0.0935743549946205,-0.043782));
#17663=CARTESIAN_POINT('',(0.391426300169824,0.0935743549946205,-0.04278));
#17664=CARTESIAN_POINT('',(0.391426300169824,0.0935743549946205,0.00051));
#17665=CARTESIAN_POINT('',(0.396293,0.09329,-0.04278));
#17666=CARTESIAN_POINT('',(0.396293,0.088415,-0.04278));
#17667=CARTESIAN_POINT('',(0.396293,0.088415,-0.043782));
#17668=CARTESIAN_POINT('',(0.396293,0.088415,0.00051));
#17669=CARTESIAN_POINT('',(0.39925103989155,0.089415,0.00151));
#17670=CARTESIAN_POINT('',(0.398801354002647,0.0890717254714729,0.00151));
#17671=CARTESIAN_POINT('',(0.397823646246952,0.0885723624102512,0.00120137804790189));
#17672=CARTESIAN_POINT('',(0.396801416164961,0.088415,0.000740266419603234));
#17673=CARTESIAN_POINT('',(0.396293,0.088415,0.00051));
#17674=CARTESIAN_POINT('',(0.39925103989155,0.089415,0.00150999999999996));
#17675=CARTESIAN_POINT('',(0.396293,0.09329,0.00150999999999996));
#17676=CARTESIAN_POINT('',(0.392508110453633,0.096362496724457,0.00150999999999996));
#17677=CARTESIAN_POINT('',(0.392508110453633,0.096362496724457,0.00151));
#17678=CARTESIAN_POINT('',(0.392336089567516,0.096150590866776,0.00151000000000002));
#17679=CARTESIAN_POINT('',(0.392035103425624,0.0957075407817579,0.00143177159494179));
#17680=CARTESIAN_POINT('',(0.391761531086537,0.0951183757355846,0.00123217852482616));
#17681=CARTESIAN_POINT('',(0.391604585427386,0.0946430596538246,0.00104173624286144));
#17682=CARTESIAN_POINT('',(0.391529680988646,0.0943405994183996,0.000911564180096212));
#17683=CARTESIAN_POINT('',(0.391483952500642,0.0940961439795501,0.000802488259000847));
#17684=CARTESIAN_POINT('',(0.391456900302464,0.0939144026853272,0.000718162710968817));
#17685=CARTESIAN_POINT('',(0.391439998179341,0.0937581338106794,0.000645907546918964));
#17686=CARTESIAN_POINT('',(0.391430723765918,0.0936469894525951,0.000581670644228788));
#17687=CARTESIAN_POINT('',(0.391426300169823,0.0935743549946285,0.000544420476882133));
#17688=CARTESIAN_POINT('',(0.391426300169823,0.0935743549946349,0.0005099999999946));
#17689=CARTESIAN_POINT('',(0.396293,0.09329,0.00651));
#17690=CARTESIAN_POINT('',(0.391418,0.09329,0.00651));
#17691=CARTESIAN_POINT('',(0.231707,0.09329,-0.04328));
#17692=CARTESIAN_POINT('',(0.231707,0.088415,-0.043782));
#17693=CARTESIAN_POINT('',(0.231707,0.088415,-0.04278));
#17694=CARTESIAN_POINT('',(0.231707,0.088415,0.000509999999999983));
#17695=CARTESIAN_POINT('',(0.231707,0.09329,-0.04278));
#17696=CARTESIAN_POINT('',(0.236582,0.09329,-0.04278));
#17697=CARTESIAN_POINT('',(0.236582,0.09329,-0.043782));
#17698=CARTESIAN_POINT('',(0.236582,0.09329,0.000509999999999983));
#17699=CARTESIAN_POINT('',(0.235582,0.0962480398915498,0.00151));
#17700=CARTESIAN_POINT('',(0.235925274528527,0.0957983540026467,0.00151));
#17701=CARTESIAN_POINT('',(0.236424637589749,0.0948206462469322,0.00120137804794507));
#17702=CARTESIAN_POINT('',(0.236582,0.093798416165,0.000740266419516812));
#17703=CARTESIAN_POINT('',(0.236582,0.09329,0.00051));
#17704=CARTESIAN_POINT('',(0.235582,0.0962480398915498,0.00151));
#17705=CARTESIAN_POINT('',(0.231707,0.09329,0.00151));
#17706=CARTESIAN_POINT('',(0.22874896010845,0.089415,0.00151));
#17707=CARTESIAN_POINT('',(0.22874896010845,0.089415,0.00151));
#17708=CARTESIAN_POINT('',(0.229198645997354,0.089071725471473,0.00151));
#17709=CARTESIAN_POINT('',(0.230176353753048,0.0885723624102511,0.00120137804790225));
#17710=CARTESIAN_POINT('',(0.231198583835039,0.088415,0.000740266419602255));
#17711=CARTESIAN_POINT('',(0.231707,0.088415,0.00051));
#17712=CARTESIAN_POINT('',(0.231707,0.09329,0.00651));
#17713=CARTESIAN_POINT('',(0.226832,0.09329,0.00651));
#17714=CARTESIAN_POINT('',(0.3,0.10079,0.00878528137423858));
#17715=CARTESIAN_POINT('',(0.29925,0.0978852624903444,0.00878528137423858));
#17716=CARTESIAN_POINT('',(0.29925,0.0978852624903444,-0.0069));
#17717=CARTESIAN_POINT('',(0.3,0.10079,-0.0069));
#17718=CARTESIAN_POINT('',(0.30075,0.0978852624903444,-0.0069));
#17719=CARTESIAN_POINT('',(0.30075,0.0978852624903444,0.00878528137423858));
#17720=CARTESIAN_POINT('',(0.30075,0.0978852624903444,-0.03178));
#17721=CARTESIAN_POINT('',(0.3,0.10079,-0.03178));
#17722=CARTESIAN_POINT('',(0.30075,0.103694737509656,-0.03178));
#17723=CARTESIAN_POINT('',(0.30075,0.103694737509656,0.00878528137423858));
#17724=CARTESIAN_POINT('',(0.30075,0.103694737509656,-0.0049));
#17725=CARTESIAN_POINT('',(0.3,0.10079,-0.0049));
#17726=CARTESIAN_POINT('',(0.29925,0.103694737509656,-0.0049));
#17727=CARTESIAN_POINT('',(0.29925,0.103694737509656,0.00878528137423858));
#17728=CARTESIAN_POINT('',(0.3,0.10079,-0.00191506834747324));
#17729=CARTESIAN_POINT('',(0.3,0.09779,-0.00244404928959864));
#17730=CARTESIAN_POINT('',(0.254,0.09829,-0.03178));
#17731=CARTESIAN_POINT('',(0.30075,0.09829,-0.03178));
#17732=CARTESIAN_POINT('',(0.254,0.07354,-0.03178));
#17733=CARTESIAN_POINT('',(0.32725,0.09829,-0.03178));
#17734=CARTESIAN_POINT('',(0.32725,0.09829,-0.03178));
#17735=CARTESIAN_POINT('',(0.30075,0.09829,-0.03178));
#17736=CARTESIAN_POINT('',(0.231707,0.09329,0.0028));
#17737=CARTESIAN_POINT('',(0.231707,0.10829,0.0028));
#17738=CARTESIAN_POINT('',(0.231707,0.10829,-0.04528));
#17739=CARTESIAN_POINT('',(0.231707,0.09329,-0.04528));
#17740=CARTESIAN_POINT('',(0.231707,0.10829,0.0028));
#17741=CARTESIAN_POINT('',(0.2685,0.10829,-0.01253));
#17742=CARTESIAN_POINT('',(0.2685,0.10829,-0.02078));
#17743=CARTESIAN_POINT('',(0.396293,0.10829,0.0028));
#17744=CARTESIAN_POINT('',(0.396293,0.10829,-0.04528));
#17745=CARTESIAN_POINT('',(0.231707,0.10829,-0.04528));
#17746=CARTESIAN_POINT('',(0.396293,0.09329,0.0028));
#17747=CARTESIAN_POINT('',(0.396293,0.09329,-0.04528));
#17748=CARTESIAN_POINT('',(0.254,0.06729,-0.03428));
#17749=CARTESIAN_POINT('',(0.258,0.06729,-0.03428));
#17750=CARTESIAN_POINT('',(0.258,0.06729,-0.03828));
#17751=CARTESIAN_POINT('',(0.254,0.06729,-0.03828));
#17752=CARTESIAN_POINT('',(0.37,0.06729,-0.03828));
#17753=CARTESIAN_POINT('',(0.37,0.06729,-0.03428));
#17754=CARTESIAN_POINT('',(0.254,0.09829,-0.03428));
#17755=CARTESIAN_POINT('',(0.3565,0.08279,-0.03428));
#17756=CARTESIAN_POINT('',(0.3565,0.07654,-0.03428));
#17757=CARTESIAN_POINT('',(0.254,0.07129,-0.03428));
#17758=CARTESIAN_POINT('',(0.37,0.07129,-0.03428));
#17759=CARTESIAN_POINT('',(0.258,0.07129,-0.03428));
#17760=CARTESIAN_POINT('',(0.258,0.09829,-0.03428));
#17761=CARTESIAN_POINT('',(0.258,0.09429,-0.03428));
#17762=CARTESIAN_POINT('',(0.254,0.09429,-0.03428));
#17763=CARTESIAN_POINT('',(0.37,0.09429,-0.03428));
#17764=CARTESIAN_POINT('',(0.37,0.09829,-0.03428));
#17765=CARTESIAN_POINT('',(0.254,0.09829,-0.04128));
#17766=CARTESIAN_POINT('',(0.254,0.09829,-0.03828));
#17767=CARTESIAN_POINT('',(0.37,0.09829,-0.03828));
#17768=CARTESIAN_POINT('',(0.258,0.09829,-0.03828));
#17769=CARTESIAN_POINT('',(0.258,0.09829,-0.04128));
#17770=CARTESIAN_POINT('',(0.258,0.09829,-0.0396231457505076));
#17771=CARTESIAN_POINT('',(0.254,0.09829,-0.0396231457505076));
#17772=CARTESIAN_POINT('',(0.37,0.09829,-0.0396231457505076));
#17773=CARTESIAN_POINT('',(0.37,0.09829,-0.04128));
#17774=CARTESIAN_POINT('',(0.254,0.09529,-0.04428));
#17775=CARTESIAN_POINT('',(0.254,0.0971184271247462,-0.0424515728752538));
#17776=CARTESIAN_POINT('',(0.37,0.0971184271247462,-0.0424515728752538));
#17777=CARTESIAN_POINT('',(0.258,0.0971184271247462,-0.0424515728752538));
#17778=CARTESIAN_POINT('',(0.258,0.09529,-0.04428));
#17779=CARTESIAN_POINT('',(0.258,0.0964615728752539,-0.0431084271247461));
#17780=CARTESIAN_POINT('',(0.254,0.0964615728752538,-0.0431084271247461));
#17781=CARTESIAN_POINT('',(0.37,0.0964615728752539,-0.0431084271247461));
#17782=CARTESIAN_POINT('',(0.37,0.09529,-0.04428));
#17783=CARTESIAN_POINT('',(0.254,0.09529,-0.04628));
#17784=CARTESIAN_POINT('',(0.254,0.09529,-0.0459368542494924));
#17785=CARTESIAN_POINT('',(0.37,0.09529,-0.0459368542494924));
#17786=CARTESIAN_POINT('',(0.258,0.09529,-0.0459368542494924));
#17787=CARTESIAN_POINT('',(0.258,0.09529,-0.04628));
#17788=CARTESIAN_POINT('',(0.37,0.09529,-0.04628));
#17789=CARTESIAN_POINT('',(0.254,0.02,0.));
#17790=CARTESIAN_POINT('',(0.254,0.09129,0.));
#17791=CARTESIAN_POINT('',(0.254,0.09129,-0.0459368542494924));
#17792=CARTESIAN_POINT('',(0.254,0.09929,-0.0459368542494924));
#17793=CARTESIAN_POINT('',(0.254,0.0936331457505076,-0.04028));
#17794=CARTESIAN_POINT('',(0.254,0.0936331457505077,-0.04028));
#17795=CARTESIAN_POINT('',(0.254,0.09429,-0.0396231457505076));
#17796=CARTESIAN_POINT('',(0.254,0.09429,0.));
#17797=CARTESIAN_POINT('',(0.254,0.09429,-0.03828));
#17798=CARTESIAN_POINT('',(0.254,0.02,-0.03828));
#17799=CARTESIAN_POINT('',(0.254,0.07129,-0.03828));
#17800=CARTESIAN_POINT('',(0.254,0.07129,0.));
#17801=CARTESIAN_POINT('',(0.374,0.02,0.));
#17802=CARTESIAN_POINT('',(0.374,0.09929,-0.0459368542494924));
#17803=CARTESIAN_POINT('',(0.374,0.0936331457505077,-0.04028));
#17804=CARTESIAN_POINT('',(0.374,0.09129,-0.0459368542494924));
#17805=CARTESIAN_POINT('',(0.374,0.09129,0.));
#17806=CARTESIAN_POINT('',(0.374,0.07129,0.));
#17807=CARTESIAN_POINT('',(0.374,0.07129,-0.03828));
#17808=CARTESIAN_POINT('',(0.374,0.02,-0.03828));
#17809=CARTESIAN_POINT('',(0.374,0.09429,-0.03828));
#17810=CARTESIAN_POINT('',(0.374,0.09429,0.));
#17811=CARTESIAN_POINT('',(0.374,0.09429,-0.0396231457505076));
#17812=CARTESIAN_POINT('',(0.374,0.09429,-0.0396231457505076));
#17813=CARTESIAN_POINT('',(0.231707,0.09329,0.0028));
#17814=CARTESIAN_POINT('',(0.231707,0.09329,0.00251));
#17815=CARTESIAN_POINT('',(0.396293,0.09329,0.0028));
#17816=CARTESIAN_POINT('',(0.396293,0.09329,0.00251));
#17817=CARTESIAN_POINT('',(0.254,0.06479,-0.03428));
#17818=CARTESIAN_POINT('',(0.2545,0.06479,-0.03428));
#17819=CARTESIAN_POINT('',(0.3735,0.06479,-0.03428));
#17820=CARTESIAN_POINT('',(0.2515,0.02,0.));
#17821=CARTESIAN_POINT('',(0.2515,0.104854148174568,-0.01178));
#17822=CARTESIAN_POINT('',(0.2515,0.104637160691858,-0.0121138268964777));
#17823=CARTESIAN_POINT('',(0.2515,0.105475604308158,-0.0126588152470732));
#17824=CARTESIAN_POINT('',(0.2515,0.105132802154079,-0.0117194076235366));
#17825=CARTESIAN_POINT('',(0.2515,0.10479,-0.01078));
#17826=CARTESIAN_POINT('',(0.2515,0.10479,-0.04278));
#17827=CARTESIAN_POINT('',(0.2515,0.06779,0.));
#17828=CARTESIAN_POINT('',(0.3765,0.02,0.));
#17829=CARTESIAN_POINT('',(0.3765,0.10479,-0.01078));
#17830=CARTESIAN_POINT('',(0.3765,0.105132802154079,-0.0117194076235366));
#17831=CARTESIAN_POINT('',(0.3765,0.105475604308158,-0.0126588152470732));
#17832=CARTESIAN_POINT('',(0.3765,0.104637160691858,-0.0121138268964778));
#17833=CARTESIAN_POINT('',(0.3765,0.0850341990682379,-0.0422722293943546));
#17834=CARTESIAN_POINT('',(0.3765,0.06779,0.));
#17835=CARTESIAN_POINT('',(0.254,0.09429,-0.03828));
#17836=CARTESIAN_POINT('',(0.258,0.09429,-0.03828));
#17837=CARTESIAN_POINT('',(0.37,0.09429,-0.03828));
#17838=CARTESIAN_POINT('',(0.254,0.07129,-0.03828));
#17839=CARTESIAN_POINT('',(0.258,0.07129,-0.03828));
#17840=CARTESIAN_POINT('',(0.37,0.07129,-0.03828));
#17841=CARTESIAN_POINT('',(0.254,0.09429,-0.0396231457505076));
#17842=CARTESIAN_POINT('',(0.258,0.09429,-0.0396231457505076));
#17843=CARTESIAN_POINT('',(0.37,0.09429,-0.0396231457505076));
#17844=CARTESIAN_POINT('',(0.254,0.09929,-0.0459368542494924));
#17845=CARTESIAN_POINT('',(0.258,0.09929,-0.0459368542494924));
#17846=CARTESIAN_POINT('',(0.37,0.09929,-0.0459368542494924));
#17847=CARTESIAN_POINT('',(0.258,0.07129,0.));
#17848=CARTESIAN_POINT('',(0.258,0.07129,-0.03828));
#17849=CARTESIAN_POINT('',(0.258,0.07129,-0.03828));
#17850=CARTESIAN_POINT('',(0.258,0.07129,-0.03828));
#17851=CARTESIAN_POINT('',(0.258,0.02,-0.03828));
#17852=CARTESIAN_POINT('',(0.258,0.09429,-0.03828));
#17853=CARTESIAN_POINT('',(0.258,0.09429,-0.03828));
#17854=CARTESIAN_POINT('',(0.258,0.09429,-0.03828));
#17855=CARTESIAN_POINT('',(0.258,0.09429,0.));
#17856=CARTESIAN_POINT('',(0.258,0.09429,-0.0396231457505076));
#17857=CARTESIAN_POINT('',(0.258,0.09429,-0.0396231457505076));
#17858=CARTESIAN_POINT('',(0.258,0.09429,-0.0396231457505076));
#17859=CARTESIAN_POINT('',(0.258,0.0769565728752537,-0.0569565728752539));
#17860=CARTESIAN_POINT('',(0.258,0.0936331457505077,-0.04028));
#17861=CARTESIAN_POINT('',(0.258,0.09929,-0.0459368542494924));
#17862=CARTESIAN_POINT('',(0.258,0.09129,-0.0459368542494924));
#17863=CARTESIAN_POINT('',(0.258,0.09129,4.94673746409544E-16));
#17864=CARTESIAN_POINT('',(0.37,0.07129,-0.03428));
#17865=CARTESIAN_POINT('',(0.37,0.07129,-0.03828));
#17866=CARTESIAN_POINT('',(0.37,0.07129,-0.03828));
#17867=CARTESIAN_POINT('',(0.37,0.07129,-0.03828));
#17868=CARTESIAN_POINT('',(0.37,0.09829,-0.03828));
#17869=CARTESIAN_POINT('',(0.37,0.09429,-0.03828));
#17870=CARTESIAN_POINT('',(0.37,0.09429,-0.03828));
#17871=CARTESIAN_POINT('',(0.37,0.09429,-0.03828));
#17872=CARTESIAN_POINT('',(0.37,0.09429,-0.04128));
#17873=CARTESIAN_POINT('',(0.37,0.09429,-0.0396231457505076));
#17874=CARTESIAN_POINT('',(0.37,0.09429,-0.0396231457505076));
#17875=CARTESIAN_POINT('',(0.37,0.09429,-0.0396231457505076));
#17876=CARTESIAN_POINT('',(0.37,0.0924615728752538,-0.0414515728752538));
#17877=CARTESIAN_POINT('',(0.37,0.0936331457505077,-0.04028));
#17878=CARTESIAN_POINT('',(0.37,0.09929,-0.0459368542494924));
#17879=CARTESIAN_POINT('',(0.37,0.09129,-0.0459368542494924));
#17880=CARTESIAN_POINT('',(0.37,0.09129,-0.04628));
#17881=CARTESIAN_POINT('',(0.2545,0.06779,-0.03428));
#17882=CARTESIAN_POINT('',(0.3735,0.06779,0.));
#17883=CARTESIAN_POINT('',(0.231707,0.107139984769516,-0.0129917452406437));
#17884=CARTESIAN_POINT('',(0.2685,0.107148044562671,-0.01253));
#17885=CARTESIAN_POINT('',(0.260287911349723,0.107161834063965,-0.01174));
#17886=CARTESIAN_POINT('',(0.260262834225294,0.107140015232804,-0.01299));
#17887=CARTESIAN_POINT('',(0.231707,0.107161834063965,-0.01174));
#17888=CARTESIAN_POINT('',(0.231707,0.107161834063965,-0.01174));
#17889=CARTESIAN_POINT('',(0.231707,0.107139984769516,-0.0129917452406437));
#17890=CARTESIAN_POINT('',(0.231707,0.107140015232804,-0.01299));
#17891=CARTESIAN_POINT('',(0.396293,0.107140015232804,-0.01299));
#17892=CARTESIAN_POINT('',(0.231707,0.09329,-0.0129917452406437));
#17893=CARTESIAN_POINT('',(0.231707,0.09329,-0.01174));
#17894=CARTESIAN_POINT('',(0.231707,0.09329,-0.0129899999999999));
#17895=CARTESIAN_POINT('',(0.396293,0.09329,-0.0129917452406437));
#17896=CARTESIAN_POINT('',(0.396293,0.09329,-0.01174));
#17897=CARTESIAN_POINT('',(0.396293,0.09329,-0.0129899999999999));
#17898=CARTESIAN_POINT('',(0.396293,0.10479,-0.04278));
#17899=CARTESIAN_POINT('',(0.237582,0.10479,-0.04278));
#17900=CARTESIAN_POINT('',(0.396293,0.09329,-0.04528));
#17901=CARTESIAN_POINT('',(0.396293,0.10829,-0.04528));
#17902=CARTESIAN_POINT('',(0.231707,0.10829,-0.04528));
#17903=CARTESIAN_POINT('',(0.231707,0.10829,-0.04528));
#17904=CARTESIAN_POINT('',(0.231707,0.09329,-0.04528));
#17905=CARTESIAN_POINT('',(0.32725,0.10579,-0.046282));
#17906=CARTESIAN_POINT('',(0.32725,0.0756192021817037,-0.0069));
#17907=CARTESIAN_POINT('',(0.32875,0.10579,-0.046282));
#17908=CARTESIAN_POINT('',(0.32875,0.0748953307051299,-0.0069));
#17909=CARTESIAN_POINT('',(0.29925,0.07204,-0.046282));
#17910=CARTESIAN_POINT('',(0.302460996009344,0.07204,-0.0069));
#17911=CARTESIAN_POINT('',(0.30075,0.07354,-0.046282));
#17912=CARTESIAN_POINT('',(0.325718325495785,0.07354,-0.0069));
#17913=CARTESIAN_POINT('',(0.29925,0.10579,-0.046282));
#17914=CARTESIAN_POINT('',(0.29925,0.02,-0.0069));
#17915=CARTESIAN_POINT('',(0.30075,0.10579,-0.046282));
#17916=CARTESIAN_POINT('',(0.30075,0.02,-0.0069));
#17917=CARTESIAN_POINT('',(0.30075,0.10579,-0.046282));
#17918=CARTESIAN_POINT('',(0.30075,0.104308337420225,-0.0049));
#17919=CARTESIAN_POINT('',(0.29925,0.10579,-0.046282));
#17920=CARTESIAN_POINT('',(0.29925,0.104308337420225,-0.0049));
#17921=CARTESIAN_POINT('',(0.32875,0.10579,-0.046282));
#17922=CARTESIAN_POINT('',(0.32875,0.10504108791256,-0.0049));
#17923=CARTESIAN_POINT('',(0.32725,0.10579,-0.046282));
#17924=CARTESIAN_POINT('',(0.32725,0.10504108791256,-0.0049));
#17925=CARTESIAN_POINT('',(0.396293,0.09329,0.00701000000000014));
#17926=CARTESIAN_POINT('',(0.396293,0.107140015232804,0.00701));
#17927=CARTESIAN_POINT('',(0.396293,0.107140015232804,0.00701));
#17928=CARTESIAN_POINT('',(0.32875,0.107140015232804,0.00701));
#17929=CARTESIAN_POINT('',(0.32875,0.107140015232804,-0.0119));
#17930=CARTESIAN_POINT('',(0.32875,0.107140015232804,-0.0049));
#17931=CARTESIAN_POINT('',(0.396293,0.107140015232804,-0.0049));
#17932=CARTESIAN_POINT('',(0.32725,0.107140015232804,-0.0049));
#17933=CARTESIAN_POINT('',(0.32725,0.107140015232804,0.00701));
#17934=CARTESIAN_POINT('',(0.32725,0.107140015232804,-0.0119));
#17935=CARTESIAN_POINT('',(0.396293,0.107140015232804,-0.0119));
#17936=CARTESIAN_POINT('',(0.2685,0.107140015232804,-0.01253));
#17937=CARTESIAN_POINT('',(0.231707,0.107140015232804,0.00701));
#17938=CARTESIAN_POINT('',(0.231707,0.09329,0.00701000000000014));
#17939=CARTESIAN_POINT('',(0.231707,0.09329,0.00826));
#17940=CARTESIAN_POINT('',(0.231707,0.107161834063965,0.00826));
#17941=CARTESIAN_POINT('',(0.231707,0.107161834063965,0.00826));
#17942=CARTESIAN_POINT('',(0.2685,0.107161834063965,-0.01253));
#17943=CARTESIAN_POINT('',(0.32725,0.107161834063965,0.00826));
#17944=CARTESIAN_POINT('',(0.32725,0.107161834063965,-0.0049));
#17945=CARTESIAN_POINT('',(0.231707,0.107161834063965,-0.0049));
#17946=CARTESIAN_POINT('',(0.32875,0.107161834063965,-0.0049));
#17947=CARTESIAN_POINT('',(0.32875,0.107161834063965,0.00826));
#17948=CARTESIAN_POINT('',(0.396293,0.107161834063965,0.00826));
#17949=CARTESIAN_POINT('',(0.396293,0.09329,0.00826));
#17950=CARTESIAN_POINT('',(0.302350834874674,0.0975709242369917,0.00259445480199242));
#17951=CARTESIAN_POINT('',(0.302350834874674,0.0984391651253264,-0.00232958396306861));
#17952=CARTESIAN_POINT('',(0.3,0.0965971765490022,0.00242275681219739));
#17953=CARTESIAN_POINT('',(0.3,0.0974654174373369,-0.00250128195286364));
#17954=CARTESIAN_POINT('',(0.297649165125326,0.0975709242369917,0.00259445480199242));
#17955=CARTESIAN_POINT('',(0.297649165125326,0.0984391651253264,-0.00232958396306861));
#17956=CARTESIAN_POINT('',(0.296675417437337,0.0999217591116654,0.00300897041758779));
#17957=CARTESIAN_POINT('',(0.296675417437337,0.10079,-0.00191506834747324));
#17958=CARTESIAN_POINT('',(0.297649165125326,0.102272593986339,0.00342348603318317));
#17959=CARTESIAN_POINT('',(0.297649165125326,0.103140834874674,-0.00150055273187786));
#17960=CARTESIAN_POINT('',(0.3,0.103246341674329,0.0035951840229782));
#17961=CARTESIAN_POINT('',(0.3,0.104114582562663,-0.00132885474208283));
#17962=CARTESIAN_POINT('',(0.302350834874674,0.102272593986339,0.00342348603318317));
#17963=CARTESIAN_POINT('',(0.302350834874674,0.103140834874674,-0.00150055273187786));
#17964=CARTESIAN_POINT('',(0.303324582562663,0.0999217591116654,0.00300897041758779));
#17965=CARTESIAN_POINT('',(0.303324582562663,0.10079,-0.00191506834747324));
#17966=CARTESIAN_POINT('',(0.302350834874674,0.0975709242369917,0.00259445480199242));
#17967=CARTESIAN_POINT('',(0.302350834874674,0.0984391651253264,-0.00232958396306861));
#17968=CARTESIAN_POINT('',(0.3,0.0965971765490022,0.00242275681219739));
#17969=CARTESIAN_POINT('',(0.3,0.0974654174373369,-0.00250128195286364));
#17970=CARTESIAN_POINT('',(0.297649165125326,0.0975709242369917,0.00259445480199242));
#17971=CARTESIAN_POINT('',(0.297649165125326,0.0984391651253264,-0.00232958396306861));
#17972=CARTESIAN_POINT('',(0.3,0.0999217591116654,0.00300897041758779));
#17973=CARTESIAN_POINT('',(0.3,0.0969217591116654,0.0024799894754624));
#17974=CARTESIAN_POINT('',(0.298942124306397,0.101049094076335,0.00280157934340083));
#17975=CARTESIAN_POINT('',(0.298942124306397,0.101847875693603,-0.00172853632045532));
#17976=CARTESIAN_POINT('',(0.3,0.101487280535931,0.00287884343880859));
#17977=CARTESIAN_POINT('',(0.3,0.102286062153198,-0.00165127222504755));
#17978=CARTESIAN_POINT('',(0.301057875693603,0.101049094076335,0.00280157934340083));
#17979=CARTESIAN_POINT('',(0.301057875693603,0.101847875693603,-0.00172853632045532));
#17980=CARTESIAN_POINT('',(0.301496062153198,0.0999912183827322,0.00261504731638291));
#17981=CARTESIAN_POINT('',(0.301496062153198,0.10079,-0.00191506834747324));
#17982=CARTESIAN_POINT('',(0.301057875693603,0.098933342689129,0.00242851528936499));
#17983=CARTESIAN_POINT('',(0.301057875693603,0.0997321243063969,-0.00210160037449115));
#17984=CARTESIAN_POINT('',(0.3,0.0984951562295338,0.00235125119395723));
#17985=CARTESIAN_POINT('',(0.3,0.0992939378468016,-0.00217886446989892));
#17986=CARTESIAN_POINT('',(0.298942124306397,0.098933342689129,0.00242851528936499));
#17987=CARTESIAN_POINT('',(0.298942124306397,0.0997321243063969,-0.00210160037449115));
#17988=CARTESIAN_POINT('',(0.298503937846802,0.0999912183827322,0.00261504731638291));
#17989=CARTESIAN_POINT('',(0.298503937846802,0.10079,-0.00191506834747323));
#17990=CARTESIAN_POINT('',(0.298942124306397,0.101049094076335,0.00280157934340083));
#17991=CARTESIAN_POINT('',(0.298942124306397,0.101847875693603,-0.00172853632045532));
#17992=CARTESIAN_POINT('',(0.3,0.101487280535931,0.00287884343880859));
#17993=CARTESIAN_POINT('',(0.3,0.102286062153198,-0.00165127222504755));
#17994=CARTESIAN_POINT('',(0.301057875693603,0.101049094076335,0.00280157934340083));
#17995=CARTESIAN_POINT('',(0.301057875693603,0.101847875693603,-0.00172853632045532));
#17996=CARTESIAN_POINT('',(0.301057875693603,0.101049094076335,0.00280157934340083));
#17997=CARTESIAN_POINT('',(0.3,0.101487280535931,0.00287884343880859));
#17998=CARTESIAN_POINT('',(0.298942124306397,0.101049094076335,0.00280157934340083));
#17999=CARTESIAN_POINT('',(0.298503937846802,0.0999912183827322,0.00261504731638291));
#18000=CARTESIAN_POINT('',(0.298942124306397,0.0989333426891291,0.00242851528936499));
#18001=CARTESIAN_POINT('',(0.3,0.0984951562295337,0.00235125119395723));
#18002=CARTESIAN_POINT('',(0.301057875693603,0.098933342689129,0.00242851528936499));
#18003=CARTESIAN_POINT('',(0.301496062153198,0.0999912183827322,0.00261504731638291));
#18004=CARTESIAN_POINT('',(0.301057875693603,0.101049094076335,0.00280157934340083));
#18005=CARTESIAN_POINT('',(0.3,0.101487280535931,0.00287884343880859));
#18006=CARTESIAN_POINT('',(0.298942124306397,0.101049094076335,0.00280157934340083));
#18007=CARTESIAN_POINT('',(0.3,0.101341218382732,0.00285308874033934));
#18008=CARTESIAN_POINT('',(0.3,0.10079,-0.00191506834747324));
#18009=CARTESIAN_POINT('',(0.3,0.10214,-0.00167702692351682));
#18010=CARTESIAN_POINT('',(0.28875,0.0998428568665509,0.00299505782293565));
#18011=CARTESIAN_POINT('',(0.299284484485246,0.101562584936496,0.00329829228114871));
#18012=CARTESIAN_POINT('',(0.299977164296473,0.10171295622853,0.0033248067970582));
#18013=CARTESIAN_POINT('',(0.3006647100536,0.101578995745357,0.00330118594952607));
#18014=CARTESIAN_POINT('',(0.301248451794261,0.101209496707264,0.00323603329976442));
#18015=CARTESIAN_POINT('',(0.30164190652808,0.100637526079749,0.00313517944596075));
#18016=CARTESIAN_POINT('',(0.301795955973093,0.0999585632213257,0.00301545997512187));
#18017=CARTESIAN_POINT('',(0.301671916272596,0.0992779348340761,0.00289544682661368));
#18018=CARTESIAN_POINT('',(0.301300548267632,0.0986864105435953,0.00279114513445747));
#18019=CARTESIAN_POINT('',(0.300726599669304,0.0982879493335336,0.00272088567235786));
#18020=CARTESIAN_POINT('',(0.30003615713588,0.0981307077349054,0.00269315973602998));
#18021=CARTESIAN_POINT('',(0.299344216231235,0.0982585100049954,0.00271569472444264));
#18022=CARTESIAN_POINT('',(0.298750838732352,0.0986348924889411,0.00278206111142833));
#18023=CARTESIAN_POINT('',(0.298357062178736,0.0992071184623638,0.00288295998960491));
#18024=CARTESIAN_POINT('',(0.29820417860156,0.0998855662805351,0.00300258864495131));
#18025=CARTESIAN_POINT('',(0.298328396104846,0.100565687322226,0.003122512334749));
#18026=CARTESIAN_POINT('',(0.298699634985487,0.10115759512338,0.00322688165018425));
#18027=CARTESIAN_POINT('',(0.299284484485246,0.101562584936496,0.00329829228114871));
#18028=CARTESIAN_POINT('',(0.299977164296473,0.10171295622853,0.0033248067970582));
#18029=CARTESIAN_POINT('',(0.3006647100536,0.101578995745357,0.00330118594952607));
#18030=CARTESIAN_POINT('',(0.3,0.10166568221287,0.003316471112611));
#18031=CARTESIAN_POINT('',(0.330350834874674,0.0975709242369917,0.00259445480199242));
#18032=CARTESIAN_POINT('',(0.330350834874674,0.0984391651253264,-0.00232958396306861));
#18033=CARTESIAN_POINT('',(0.328,0.0965971765490022,0.00242275681219739));
#18034=CARTESIAN_POINT('',(0.328,0.0974654174373369,-0.00250128195286364));
#18035=CARTESIAN_POINT('',(0.325649165125326,0.0975709242369917,0.00259445480199242));
#18036=CARTESIAN_POINT('',(0.325649165125326,0.0984391651253264,-0.00232958396306861));
#18037=CARTESIAN_POINT('',(0.324675417437337,0.0999217591116654,0.00300897041758779));
#18038=CARTESIAN_POINT('',(0.324675417437337,0.10079,-0.00191506834747324));
#18039=CARTESIAN_POINT('',(0.325649165125326,0.102272593986339,0.00342348603318317));
#18040=CARTESIAN_POINT('',(0.325649165125326,0.103140834874674,-0.00150055273187786));
#18041=CARTESIAN_POINT('',(0.328,0.103246341674329,0.0035951840229782));
#18042=CARTESIAN_POINT('',(0.328,0.104114582562663,-0.00132885474208283));
#18043=CARTESIAN_POINT('',(0.330350834874674,0.102272593986339,0.00342348603318317));
#18044=CARTESIAN_POINT('',(0.330350834874674,0.103140834874674,-0.00150055273187786));
#18045=CARTESIAN_POINT('',(0.331324582562663,0.0999217591116654,0.00300897041758779));
#18046=CARTESIAN_POINT('',(0.331324582562663,0.10079,-0.00191506834747324));
#18047=CARTESIAN_POINT('',(0.330350834874674,0.0975709242369917,0.00259445480199242));
#18048=CARTESIAN_POINT('',(0.330350834874674,0.0984391651253264,-0.00232958396306861));
#18049=CARTESIAN_POINT('',(0.328,0.0965971765490022,0.00242275681219739));
#18050=CARTESIAN_POINT('',(0.328,0.0974654174373369,-0.00250128195286364));
#18051=CARTESIAN_POINT('',(0.325649165125326,0.0975709242369917,0.00259445480199242));
#18052=CARTESIAN_POINT('',(0.325649165125326,0.0984391651253264,-0.00232958396306861));
#18053=CARTESIAN_POINT('',(0.328,0.0999217591116654,0.00300897041758779));
#18054=CARTESIAN_POINT('',(0.328,0.0969217591116654,0.0024799894754624));
#18055=CARTESIAN_POINT('',(0.326942124306397,0.101049094076335,0.00280157934340083));
#18056=CARTESIAN_POINT('',(0.326942124306397,0.101847875693603,-0.00172853632045532));
#18057=CARTESIAN_POINT('',(0.328,0.101487280535931,0.00287884343880859));
#18058=CARTESIAN_POINT('',(0.328,0.102286062153198,-0.00165127222504755));
#18059=CARTESIAN_POINT('',(0.329057875693603,0.101049094076335,0.00280157934340083));
#18060=CARTESIAN_POINT('',(0.329057875693603,0.101847875693603,-0.00172853632045532));
#18061=CARTESIAN_POINT('',(0.329496062153198,0.0999912183827322,0.00261504731638291));
#18062=CARTESIAN_POINT('',(0.329496062153198,0.10079,-0.00191506834747324));
#18063=CARTESIAN_POINT('',(0.329057875693603,0.098933342689129,0.00242851528936499));
#18064=CARTESIAN_POINT('',(0.329057875693603,0.0997321243063969,-0.00210160037449115));
#18065=CARTESIAN_POINT('',(0.328,0.0984951562295338,0.00235125119395723));
#18066=CARTESIAN_POINT('',(0.328,0.0992939378468016,-0.00217886446989892));
#18067=CARTESIAN_POINT('',(0.326942124306397,0.098933342689129,0.00242851528936499));
#18068=CARTESIAN_POINT('',(0.326942124306397,0.0997321243063969,-0.00210160037449115));
#18069=CARTESIAN_POINT('',(0.326503937846802,0.0999912183827322,0.00261504731638291));
#18070=CARTESIAN_POINT('',(0.326503937846802,0.10079,-0.00191506834747323));
#18071=CARTESIAN_POINT('',(0.326942124306397,0.101049094076335,0.00280157934340083));
#18072=CARTESIAN_POINT('',(0.326942124306397,0.101847875693603,-0.00172853632045532));
#18073=CARTESIAN_POINT('',(0.328,0.101487280535931,0.00287884343880859));
#18074=CARTESIAN_POINT('',(0.328,0.102286062153198,-0.00165127222504755));
#18075=CARTESIAN_POINT('',(0.329057875693603,0.101049094076335,0.00280157934340083));
#18076=CARTESIAN_POINT('',(0.329057875693603,0.101847875693603,-0.00172853632045532));
#18077=CARTESIAN_POINT('',(0.329057875693603,0.101049094076335,0.00280157934340083));
#18078=CARTESIAN_POINT('',(0.328,0.101487280535931,0.00287884343880859));
#18079=CARTESIAN_POINT('',(0.326942124306397,0.101049094076335,0.00280157934340083));
#18080=CARTESIAN_POINT('',(0.326503937846802,0.0999912183827322,0.00261504731638291));
#18081=CARTESIAN_POINT('',(0.326942124306397,0.0989333426891291,0.00242851528936499));
#18082=CARTESIAN_POINT('',(0.328,0.0984951562295337,0.00235125119395723));
#18083=CARTESIAN_POINT('',(0.329057875693603,0.098933342689129,0.00242851528936499));
#18084=CARTESIAN_POINT('',(0.329496062153199,0.0999912183827322,0.00261504731638291));
#18085=CARTESIAN_POINT('',(0.329057875693603,0.101049094076335,0.00280157934340083));
#18086=CARTESIAN_POINT('',(0.328,0.101487280535931,0.00287884343880859));
#18087=CARTESIAN_POINT('',(0.326942124306397,0.101049094076335,0.00280157934340083));
#18088=CARTESIAN_POINT('',(0.328,0.101341218382732,0.00285308874033934));
#18089=CARTESIAN_POINT('',(0.328,0.10079,-0.00191506834747324));
#18090=CARTESIAN_POINT('',(0.328,0.10214,-0.00167702692351682));
#18091=CARTESIAN_POINT('',(0.28875,0.0998428568665509,0.00299505782293565));
#18092=CARTESIAN_POINT('',(0.327284484485241,0.101562584936492,0.00329829228114794));
#18093=CARTESIAN_POINT('',(0.327977164296473,0.101712956228531,0.00332480679705836));
#18094=CARTESIAN_POINT('',(0.328664710053602,0.101578995745357,0.00330118594952611));
#18095=CARTESIAN_POINT('',(0.32924845179426,0.101209496707262,0.00323603329976406));
#18096=CARTESIAN_POINT('',(0.329641906528075,0.100637526079755,0.00313517944596191));
#18097=CARTESIAN_POINT('',(0.329795955973094,0.09995856322133,0.00301545997512262));
#18098=CARTESIAN_POINT('',(0.329671916272595,0.0992779348340728,0.00289544682661308));
#18099=CARTESIAN_POINT('',(0.329300548267633,0.0986864105436023,0.00279114513445871));
#18100=CARTESIAN_POINT('',(0.328726599669312,0.0982879493335353,0.00272088567235816));
#18101=CARTESIAN_POINT('',(0.328036157135876,0.0981307077349045,0.00269315973602982));
#18102=CARTESIAN_POINT('',(0.327344216231244,0.0982585100049974,0.00271569472444298));
#18103=CARTESIAN_POINT('',(0.326750838732351,0.0986348924889342,0.00278206111142712));
#18104=CARTESIAN_POINT('',(0.326357062178725,0.0992071184623783,0.00288295998960746));
#18105=CARTESIAN_POINT('',(0.326204178601563,0.0998855662805409,0.00300258864495234));
#18106=CARTESIAN_POINT('',(0.326328396104844,0.100565687322229,0.00312251233474951));
#18107=CARTESIAN_POINT('',(0.326699634985492,0.101157595123383,0.0032268816501848));
#18108=CARTESIAN_POINT('',(0.327284484485241,0.101562584936492,0.00329829228114794));
#18109=CARTESIAN_POINT('',(0.327977164296473,0.101712956228531,0.00332480679705836));
#18110=CARTESIAN_POINT('',(0.328664710053602,0.101578995745357,0.00330118594952611));
#18111=CARTESIAN_POINT('',(0.328,0.10166568221287,0.003316471112611));
#18112=CARTESIAN_POINT('',(0.326942124306397,0.0730490940763353,-0.00219553590395412));
#18113=CARTESIAN_POINT('',(0.326942124306397,0.0738478756936032,-0.00672565156781026));
#18114=CARTESIAN_POINT('',(0.328,0.0734872805359306,-0.00211827180854635));
#18115=CARTESIAN_POINT('',(0.328,0.0742860621531985,-0.0066483874724025));
#18116=CARTESIAN_POINT('',(0.329057875693603,0.0730490940763353,-0.00219553590395412));
#18117=CARTESIAN_POINT('',(0.329057875693603,0.0738478756936032,-0.00672565156781026));
#18118=CARTESIAN_POINT('',(0.329496062153198,0.0719912183827322,-0.00238206793097203));
#18119=CARTESIAN_POINT('',(0.329496062153198,0.07279,-0.00691218359482818));
#18120=CARTESIAN_POINT('',(0.329057875693603,0.070933342689129,-0.00256859995798995));
#18121=CARTESIAN_POINT('',(0.329057875693603,0.0717321243063969,-0.0070987156218461));
#18122=CARTESIAN_POINT('',(0.328,0.0704951562295337,-0.00264586405339772));
#18123=CARTESIAN_POINT('',(0.328,0.0712939378468016,-0.00717597971725386));
#18124=CARTESIAN_POINT('',(0.326942124306397,0.070933342689129,-0.00256859995798995));
#18125=CARTESIAN_POINT('',(0.326942124306397,0.0717321243063969,-0.0070987156218461));
#18126=CARTESIAN_POINT('',(0.326503937846802,0.0719912183827322,-0.00238206793097203));
#18127=CARTESIAN_POINT('',(0.326503937846802,0.0727900000000001,-0.00691218359482818));
#18128=CARTESIAN_POINT('',(0.326942124306397,0.0730490940763353,-0.00219553590395412));
#18129=CARTESIAN_POINT('',(0.326942124306397,0.0738478756936032,-0.00672565156781026));
#18130=CARTESIAN_POINT('',(0.328,0.0734872805359306,-0.00211827180854635));
#18131=CARTESIAN_POINT('',(0.328,0.0742860621531985,-0.0066483874724025));
#18132=CARTESIAN_POINT('',(0.329057875693603,0.0730490940763353,-0.00219553590395412));
#18133=CARTESIAN_POINT('',(0.329057875693603,0.0738478756936032,-0.00672565156781026));
#18134=CARTESIAN_POINT('',(0.329057875693603,0.0730490940763353,-0.00219553590395412));
#18135=CARTESIAN_POINT('',(0.328,0.0734872805359306,-0.00211827180854635));
#18136=CARTESIAN_POINT('',(0.326942124306397,0.0730490940763353,-0.00219553590395412));
#18137=CARTESIAN_POINT('',(0.326503937846802,0.0719912183827322,-0.00238206793097203));
#18138=CARTESIAN_POINT('',(0.326942124306397,0.070933342689129,-0.00256859995798995));
#18139=CARTESIAN_POINT('',(0.328,0.0704951562295337,-0.00264586405339772));
#18140=CARTESIAN_POINT('',(0.329057875693603,0.070933342689129,-0.00256859995798995));
#18141=CARTESIAN_POINT('',(0.329496062153199,0.0719912183827322,-0.00238206793097203));
#18142=CARTESIAN_POINT('',(0.329057875693603,0.0730490940763353,-0.00219553590395412));
#18143=CARTESIAN_POINT('',(0.328,0.0734872805359306,-0.00211827180854635));
#18144=CARTESIAN_POINT('',(0.326942124306397,0.0730490940763353,-0.00219553590395412));
#18145=CARTESIAN_POINT('',(0.328,0.0733412183827321,-0.00214402650701561));
#18146=CARTESIAN_POINT('',(0.29345,0.0718264966213209,-0.00200494217706436));
#18147=CARTESIAN_POINT('',(0.327284484485244,0.0735625849364935,-0.00169882296620671));
#18148=CARTESIAN_POINT('',(0.327977164296473,0.0737129562285303,-0.00167230845029664));
#18149=CARTESIAN_POINT('',(0.3286647100536,0.0735789957453569,-0.00169592929782886));
#18150=CARTESIAN_POINT('',(0.32924845179426,0.0732094967072628,-0.00176108194759067));
#18151=CARTESIAN_POINT('',(0.329641906528071,0.0726375260797577,-0.00186193580139257));
#18152=CARTESIAN_POINT('',(0.329795955973095,0.0719585632213359,-0.00198165527223128));
#18153=CARTESIAN_POINT('',(0.329671916272595,0.0712779348340713,-0.00210166842074212));
#18154=CARTESIAN_POINT('',(0.329300548267631,0.0706864105436003,-0.00220597011289659));
#18155=CARTESIAN_POINT('',(0.328726599669314,0.0702879493335398,-0.00227622957499599));
#18156=CARTESIAN_POINT('',(0.328036157135882,0.0701307077349036,-0.00230395551132529));
#18157=CARTESIAN_POINT('',(0.327344216231242,0.0702585100049967,-0.00228142052291208));
#18158=CARTESIAN_POINT('',(0.326750838732343,0.070634892488938,-0.00221505413592716));
#18159=CARTESIAN_POINT('',(0.32635706217873,0.0712071184623788,-0.00211415525774739));
#18160=CARTESIAN_POINT('',(0.326204178601559,0.0718855662805417,-0.00199452660240247));
#18161=CARTESIAN_POINT('',(0.326328396104849,0.0725656873222251,-0.00187460291260614));
#18162=CARTESIAN_POINT('',(0.326699634985483,0.0731575951233775,-0.00177023359717115));
#18163=CARTESIAN_POINT('',(0.327284484485244,0.0735625849364935,-0.00169882296620671));
#18164=CARTESIAN_POINT('',(0.327977164296473,0.0737129562285303,-0.00167230845029664));
#18165=CARTESIAN_POINT('',(0.3286647100536,0.0735789957453569,-0.00169592929782886));
#18166=CARTESIAN_POINT('',(0.328,0.0736656822128702,-0.00168064413474395));
#18167=CARTESIAN_POINT('',(0.298942124306397,0.0730490940763353,-0.00219553590395412));
#18168=CARTESIAN_POINT('',(0.298942124306397,0.0738478756936032,-0.00672565156781026));
#18169=CARTESIAN_POINT('',(0.3,0.0734872805359306,-0.00211827180854635));
#18170=CARTESIAN_POINT('',(0.3,0.0742860621531985,-0.0066483874724025));
#18171=CARTESIAN_POINT('',(0.301057875693603,0.0730490940763353,-0.00219553590395412));
#18172=CARTESIAN_POINT('',(0.301057875693603,0.0738478756936032,-0.00672565156781026));
#18173=CARTESIAN_POINT('',(0.301496062153198,0.0719912183827322,-0.00238206793097203));
#18174=CARTESIAN_POINT('',(0.301496062153198,0.07279,-0.00691218359482818));
#18175=CARTESIAN_POINT('',(0.301057875693603,0.070933342689129,-0.00256859995798995));
#18176=CARTESIAN_POINT('',(0.301057875693603,0.0717321243063969,-0.0070987156218461));
#18177=CARTESIAN_POINT('',(0.3,0.0704951562295337,-0.00264586405339772));
#18178=CARTESIAN_POINT('',(0.3,0.0712939378468016,-0.00717597971725386));
#18179=CARTESIAN_POINT('',(0.298942124306397,0.070933342689129,-0.00256859995798995));
#18180=CARTESIAN_POINT('',(0.298942124306397,0.0717321243063969,-0.0070987156218461));
#18181=CARTESIAN_POINT('',(0.298503937846802,0.0719912183827322,-0.00238206793097203));
#18182=CARTESIAN_POINT('',(0.298503937846802,0.0727900000000001,-0.00691218359482818));
#18183=CARTESIAN_POINT('',(0.298942124306397,0.0730490940763353,-0.00219553590395412));
#18184=CARTESIAN_POINT('',(0.298942124306397,0.0738478756936032,-0.00672565156781026));
#18185=CARTESIAN_POINT('',(0.3,0.0734872805359306,-0.00211827180854635));
#18186=CARTESIAN_POINT('',(0.3,0.0742860621531985,-0.0066483874724025));
#18187=CARTESIAN_POINT('',(0.301057875693603,0.0730490940763353,-0.00219553590395412));
#18188=CARTESIAN_POINT('',(0.301057875693603,0.0738478756936032,-0.00672565156781026));
#18189=CARTESIAN_POINT('',(0.301057875693603,0.0730490940763353,-0.00219553590395412));
#18190=CARTESIAN_POINT('',(0.3,0.0734872805359306,-0.00211827180854635));
#18191=CARTESIAN_POINT('',(0.298942124306397,0.0730490940763353,-0.00219553590395412));
#18192=CARTESIAN_POINT('',(0.298503937846802,0.0719912183827322,-0.00238206793097203));
#18193=CARTESIAN_POINT('',(0.298942124306397,0.070933342689129,-0.00256859995798995));
#18194=CARTESIAN_POINT('',(0.3,0.0704951562295337,-0.00264586405339772));
#18195=CARTESIAN_POINT('',(0.301057875693603,0.070933342689129,-0.00256859995798995));
#18196=CARTESIAN_POINT('',(0.301496062153198,0.0719912183827322,-0.00238206793097203));
#18197=CARTESIAN_POINT('',(0.301057875693603,0.0730490940763353,-0.00219553590395412));
#18198=CARTESIAN_POINT('',(0.3,0.0734872805359306,-0.00211827180854635));
#18199=CARTESIAN_POINT('',(0.298942124306397,0.0730490940763353,-0.00219553590395412));
#18200=CARTESIAN_POINT('',(0.3,0.0733412183827321,-0.00214402650701561));
#18201=CARTESIAN_POINT('',(0.3,0.07279,-0.00691218359482819));
#18202=CARTESIAN_POINT('',(0.3,0.07414,-0.00667414217087176));
#18203=CARTESIAN_POINT('',(0.29345,0.0718264966213209,-0.00200494217706436));
#18204=CARTESIAN_POINT('',(0.299284484485244,0.0735625849364945,-0.00169882296620654));
#18205=CARTESIAN_POINT('',(0.299977164296473,0.0737129562285301,-0.00167230845029668));
#18206=CARTESIAN_POINT('',(0.300664710053599,0.0735789957453567,-0.00169592929782888));
#18207=CARTESIAN_POINT('',(0.301248451794262,0.0732094967072636,-0.00176108194759054));
#18208=CARTESIAN_POINT('',(0.30164190652808,0.0726375260797487,-0.00186193580139416));
#18209=CARTESIAN_POINT('',(0.301795955973096,0.0719585632213215,-0.00198165527223382));
#18210=CARTESIAN_POINT('',(0.301671916272593,0.0712779348340729,-0.00210166842074184));
#18211=CARTESIAN_POINT('',(0.301300548267631,0.0706864105435904,-0.00220597011289834));
#18212=CARTESIAN_POINT('',(0.300726599669302,0.0702879493335372,-0.00227622957499646));
#18213=CARTESIAN_POINT('',(0.300036157135885,0.0701307077349044,-0.00230395551132515));
#18214=CARTESIAN_POINT('',(0.299344216231237,0.0702585100049962,-0.00228142052291216));
#18215=CARTESIAN_POINT('',(0.298750838732349,0.070634892488939,-0.00221505413592698));
#18216=CARTESIAN_POINT('',(0.298357062178735,0.071207118462369,-0.00211415525774911));
#18217=CARTESIAN_POINT('',(0.298204178601561,0.0718855662805336,-0.00199452660240389));
#18218=CARTESIAN_POINT('',(0.298328396104845,0.072565687322227,-0.00187460291260581));
#18219=CARTESIAN_POINT('',(0.298699634985488,0.0731575951233808,-0.00177023359717058));
#18220=CARTESIAN_POINT('',(0.299284484485244,0.0735625849364945,-0.00169882296620654));
#18221=CARTESIAN_POINT('',(0.299977164296473,0.0737129562285301,-0.00167230845029668));
#18222=CARTESIAN_POINT('',(0.300664710053599,0.0735789957453567,-0.00169592929782888));
#18223=CARTESIAN_POINT('',(0.3,0.0736656822128702,-0.00168064413474395));
#18224=CARTESIAN_POINT('',(0.3,0.10079,-0.0253));
#18225=CARTESIAN_POINT('',(0.3,0.10079,-0.0253));
#18226=CARTESIAN_POINT('',(0.3015,0.10079,-0.0253));
#18227=CARTESIAN_POINT('',(0.3,0.10079,-0.0253));
#18228=CARTESIAN_POINT('',(0.3,0.10079,-0.0059));
#18229=CARTESIAN_POINT('',(0.300710547380864,0.102111030817032,-0.0059));
#18230=CARTESIAN_POINT('',(0.299289452619137,0.102111030817032,-0.0059));
#18231=CARTESIAN_POINT('',(0.300710547380864,0.102111030817032,-0.0253));
#18232=CARTESIAN_POINT('',(0.300710547380864,0.102111030817032,-0.0119));
#18233=CARTESIAN_POINT('',(0.3,0.10079,-0.0119));
#18234=CARTESIAN_POINT('',(0.299289452619137,0.102111030817032,-0.0119));
#18235=CARTESIAN_POINT('',(0.299289452619137,0.102111030817032,-0.0253));
#18236=CARTESIAN_POINT('',(0.31375,0.10079,-0.0059));
#18237=CARTESIAN_POINT('',(0.31375,0.102111030817032,-0.0059));
#18238=CARTESIAN_POINT('',(0.299721831740754,0.102111030817032,-0.0059));
#18239=CARTESIAN_POINT('',(0.3,0.10079,-0.0059));
#18240=CARTESIAN_POINT('',(0.300278168259247,0.102111030817032,-0.0059));
#18241=CARTESIAN_POINT('',(0.31375,0.102111030817032,-0.0059));
#18242=CARTESIAN_POINT('',(0.3,0.10079,-0.0059));
#18243=CARTESIAN_POINT('',(0.3,0.10079,-0.0049));
#18244=CARTESIAN_POINT('',(0.299721831740754,0.102111030817032,-0.0049));
#18245=CARTESIAN_POINT('',(0.300278168259247,0.102111030817032,-0.0049));
#18246=CARTESIAN_POINT('',(0.300278168259247,0.102111030817032,-0.0059));
#18247=CARTESIAN_POINT('',(0.299721831740754,0.102111030817032,-0.0059));
#18248=CARTESIAN_POINT('',(0.328,0.10079,-0.0253));
#18249=CARTESIAN_POINT('',(0.328,0.10079,-0.0253));
#18250=CARTESIAN_POINT('',(0.3295,0.10079,-0.0253));
#18251=CARTESIAN_POINT('',(0.328,0.10079,-0.0253));
#18252=CARTESIAN_POINT('',(0.328,0.10079,-0.0059));
#18253=CARTESIAN_POINT('',(0.3295,0.10079,-0.0059));
#18254=CARTESIAN_POINT('',(0.31375,0.10079,-0.0059));
#18255=CARTESIAN_POINT('',(0.328,0.10079,-0.0059));
#18256=CARTESIAN_POINT('',(0.32935,0.10079,-0.0059));
#18257=CARTESIAN_POINT('',(0.328,0.10079,-0.0059));
#18258=CARTESIAN_POINT('',(0.328,0.07279,-0.0253));
#18259=CARTESIAN_POINT('',(0.3,0.07279,-0.0253));
#18260=CARTESIAN_POINT('',(0.3,0.07279,-0.0253));
#18261=CARTESIAN_POINT('',(0.3015,0.07279,-0.0253));
#18262=CARTESIAN_POINT('',(0.3,0.07279,-0.0253));
#18263=CARTESIAN_POINT('',(0.3,0.07279,-0.0109));
#18264=CARTESIAN_POINT('',(0.300417639857807,0.0742306862771511,-0.0109));
#18265=CARTESIAN_POINT('',(0.299582360142193,0.0742306862771511,-0.0109));
#18266=CARTESIAN_POINT('',(0.300417639857807,0.0742306862771511,-0.0253));
#18267=CARTESIAN_POINT('',(0.300417639857807,0.0742306862771511,-0.0119));
#18268=CARTESIAN_POINT('',(0.3,0.07279,-0.0119));
#18269=CARTESIAN_POINT('',(0.299582360142193,0.0742306862771511,-0.0119));
#18270=CARTESIAN_POINT('',(0.299582360142193,0.0742306862771511,-0.0253));
#18271=CARTESIAN_POINT('',(0.31375,0.07279,-0.0109));
#18272=CARTESIAN_POINT('',(0.3,0.07279,-0.0109));
#18273=CARTESIAN_POINT('',(0.30135,0.07279,-0.0109));
#18274=CARTESIAN_POINT('',(0.31375,0.0742306862771511,-0.0109));
#18275=CARTESIAN_POINT('',(0.3,0.07279,-0.0109));
#18276=CARTESIAN_POINT('',(0.314,0.0897545308302321,-0.0049));
#18277=CARTESIAN_POINT('',(0.3,0.102111030817032,-0.0049));
#18278=CARTESIAN_POINT('',(0.3,0.102111030817032,-0.0049));
#18279=CARTESIAN_POINT('',(0.3,0.102111030817032,-0.0119));
#18280=CARTESIAN_POINT('',(0.314,0.0897545308302321,-0.0119));
#18281=CARTESIAN_POINT('',(0.314,0.0897545308302321,-0.0049));
#18282=CARTESIAN_POINT('',(0.314,0.0897545308302321,-0.0049));
#18283=CARTESIAN_POINT('',(0.314,0.0897545308302321,-0.0119));
#18284=CARTESIAN_POINT('',(0.32875,0.10504108791256,-0.0119));
#18285=CARTESIAN_POINT('',(0.32725,0.10504108791256,-0.0119));
#18286=CARTESIAN_POINT('',(0.314,0.0897545308302321,-0.0049));
#18287=CARTESIAN_POINT('',(0.32875,0.10504108791256,-0.0049));
#18288=CARTESIAN_POINT('',(0.32725,0.10504108791256,-0.0049));
#18289=CARTESIAN_POINT('',(0.32725,0.10504108791256,-0.0049));
#18290=CARTESIAN_POINT('',(0.32875,0.10504108791256,-0.0049));
#18291=CARTESIAN_POINT('',(0.3,0.0742306862771511,-0.0069));
#18292=CARTESIAN_POINT('',(0.3,0.0742306862771511,-0.0119));
#18293=CARTESIAN_POINT('',(0.314,0.0897545308302321,-0.0119));
#18294=CARTESIAN_POINT('',(0.314,0.0897545308302321,-0.0069));
#18295=CARTESIAN_POINT('',(0.328,0.0740959239006043,-0.0069));
#18296=CARTESIAN_POINT('',(0.328,0.0740959239006043,-0.0069));
#18297=CARTESIAN_POINT('',(0.328,0.0740959239006043,-0.0119));
#18298=CARTESIAN_POINT('',(0.314,0.0897545308302321,-0.0119));
#18299=CARTESIAN_POINT('',(0.314,0.0897545308302321,-0.0069));
#18300=CARTESIAN_POINT('',(0.314,0.0897545308302321,-0.0069));
#18301=CARTESIAN_POINT('',(0.314,0.0897545308302321,-0.0069));
#18302=CARTESIAN_POINT('',(0.3425,0.0988220740872842,-0.01178));
#18303=CARTESIAN_POINT('',(0.3425,0.104854148174568,-0.01178));
#18304=CARTESIAN_POINT('',(0.3425,0.104637160691858,-0.0121138268964777));
#18305=CARTESIAN_POINT('',(0.3425,0.105475604308158,-0.0126588152470732));
#18306=CARTESIAN_POINT('',(0.3425,0.105132802154079,-0.0117194076235366));
#18307=CARTESIAN_POINT('',(0.3425,0.10479,-0.01078));
#18308=CARTESIAN_POINT('',(0.3445,0.0988220740872842,-0.01178));
#18309=CARTESIAN_POINT('',(0.3445,0.10479,-0.01078));
#18310=CARTESIAN_POINT('',(0.3445,0.105132802154079,-0.0117194076235366));
#18311=CARTESIAN_POINT('',(0.3445,0.105475604308158,-0.0126588152470732));
#18312=CARTESIAN_POINT('',(0.3445,0.104637160691858,-0.0121138268964777));
#18313=CARTESIAN_POINT('',(0.3445,0.104854148174568,-0.01178));
#18314=CARTESIAN_POINT('',(0.2835,0.0988220740872842,-0.01178));
#18315=CARTESIAN_POINT('',(0.2835,0.103062547962352,-0.0145363080187942));
#18316=CARTESIAN_POINT('',(0.2835,0.104637160691858,-0.0121138268964777));
#18317=CARTESIAN_POINT('',(0.2835,0.105475604308158,-0.0126588152470732));
#18318=CARTESIAN_POINT('',(0.2835,0.105132802154079,-0.0117194076235366));
#18319=CARTESIAN_POINT('',(0.2835,0.10479,-0.01078));
#18320=CARTESIAN_POINT('',(0.2855,0.0988220740872842,-0.01178));
#18321=CARTESIAN_POINT('',(0.2855,0.10479,-0.01078));
#18322=CARTESIAN_POINT('',(0.2855,0.105132802154079,-0.0117194076235366));
#18323=CARTESIAN_POINT('',(0.2855,0.105475604308158,-0.0126588152470732));
#18324=CARTESIAN_POINT('',(0.2855,0.104637160691858,-0.0121138268964777));
#18325=CARTESIAN_POINT('',(0.2855,0.103062547962352,-0.0145363080187942));
#18326=CARTESIAN_POINT('',(0.3745,0.0988220740872842,-0.01178));
#18327=CARTESIAN_POINT('',(0.3745,0.103062547962352,-0.0145363080187942));
#18328=CARTESIAN_POINT('',(0.3745,0.104637160691858,-0.0121138268964777));
#18329=CARTESIAN_POINT('',(0.3745,0.105475604308158,-0.0126588152470732));
#18330=CARTESIAN_POINT('',(0.3745,0.105132802154079,-0.0117194076235366));
#18331=CARTESIAN_POINT('',(0.3745,0.10479,-0.01078));
#18332=CARTESIAN_POINT('',(0.2535,0.0988220740872842,-0.01178));
#18333=CARTESIAN_POINT('',(0.2535,0.10479,-0.01078));
#18334=CARTESIAN_POINT('',(0.2535,0.105132802154079,-0.0117194076235366));
#18335=CARTESIAN_POINT('',(0.2535,0.105475604308158,-0.0126588152470732));
#18336=CARTESIAN_POINT('',(0.2535,0.104637160691858,-0.0121138268964777));
#18337=CARTESIAN_POINT('',(0.2535,0.104854148174568,-0.01178));
#18338=CARTESIAN_POINT('',(0.3755,0.0918541481745683,-0.03178));
#18339=CARTESIAN_POINT('',(0.3745,0.104637160691858,-0.0121138268964777));
#18340=CARTESIAN_POINT('',(0.314,0.104854148174568,-0.01178));
#18341=CARTESIAN_POINT('',(0.3425,0.104637160691858,-0.0121138268964777));
#18342=CARTESIAN_POINT('',(0.2845,0.0918541481745683,-0.03178));
#18343=CARTESIAN_POINT('',(0.2835,0.104637160691858,-0.0121138268964777));
#18344=CARTESIAN_POINT('',(0.314,0.104854148174568,-0.01178));
#18345=CARTESIAN_POINT('',(0.2515,0.104637160691858,-0.0121138268964777));
#18346=CARTESIAN_POINT('',(0.314,0.10479,-0.01078));
#18347=CARTESIAN_POINT('',(0.314,0.105132802154079,-0.0117194076235366));
#18348=CARTESIAN_POINT('',(0.314,0.10479,-0.01078));
#18349=CARTESIAN_POINT('',(0.314,0.105132802154079,-0.0117194076235366));
#18350=CARTESIAN_POINT('',(0.314,0.10479,-0.01078));
#18351=CARTESIAN_POINT('',(0.314,0.105132802154079,-0.0117194076235366));
#18352=CARTESIAN_POINT('',(0.314,0.10479,-0.01078));
#18353=CARTESIAN_POINT('',(0.314,0.105132802154079,-0.0117194076235366));
#18354=CARTESIAN_POINT('',(0.314,0.105475604308158,-0.0126588152470732));
#18355=CARTESIAN_POINT('',(0.314,0.105475604308158,-0.0126588152470732));
#18356=CARTESIAN_POINT('',(0.314,0.105475604308158,-0.0126588152470732));
#18357=CARTESIAN_POINT('',(0.314,0.105475604308158,-0.0126588152470732));
#18358=CARTESIAN_POINT('',(0.2685,0.13079,-0.01253));
#18359=CARTESIAN_POINT('',(0.380993,0.04129,-0.02378));
#18360=CARTESIAN_POINT('',(0.380993,0.04129,-0.02418));
#18361=CARTESIAN_POINT('',(0.382568,0.04129,-0.02418));
#18362=CARTESIAN_POINT('',(0.314,-0.0120441230486252,-0.02378));
#18363=CARTESIAN_POINT('',(0.380993,0.04129,-0.02378));
#18364=CARTESIAN_POINT('',(0.382968,0.04129,-0.02378));
#18365=CARTESIAN_POINT('',(0.323243,-0.04771,-0.02378));
#18366=CARTESIAN_POINT('',(0.323243,-0.04771,-0.02418));
#18367=CARTESIAN_POINT('',(0.324818,-0.04771,-0.02418));
#18368=CARTESIAN_POINT('',(0.323243,-0.04771,-0.04378));
#18369=CARTESIAN_POINT('',(0.324818,-0.04771,-0.04378));
#18370=CARTESIAN_POINT('',(0.314,-0.0120441230486252,-0.02378));
#18371=CARTESIAN_POINT('',(0.323243,-0.04771,-0.02378));
#18372=CARTESIAN_POINT('',(0.325218,-0.04771,-0.02378));
#18373=CARTESIAN_POINT('',(0.396293,-0.124561,-0.04378));
#18374=CARTESIAN_POINT('',(0.323243,0.04129,-0.02378));
#18375=CARTESIAN_POINT('',(0.323243,0.04129,-0.02418));
#18376=CARTESIAN_POINT('',(0.324818,0.04129,-0.02418));
#18377=CARTESIAN_POINT('',(0.323243,0.04129,-0.04378));
#18378=CARTESIAN_POINT('',(0.324818,0.04129,-0.04378));
#18379=CARTESIAN_POINT('',(0.314,-0.0120441230486252,-0.02378));
#18380=CARTESIAN_POINT('',(0.323243,0.04129,-0.02378));
#18381=CARTESIAN_POINT('',(0.325218,0.04129,-0.02378));
#18382=CARTESIAN_POINT('',(0.396293,-0.124561,-0.04378));
#18383=CARTESIAN_POINT('',(0.380993,-0.04771,-0.02378));
#18384=CARTESIAN_POINT('',(0.380993,-0.04771,-0.02418));
#18385=CARTESIAN_POINT('',(0.382568,-0.04771,-0.02418));
#18386=CARTESIAN_POINT('',(0.314,-0.0120441230486252,-0.02378));
#18387=CARTESIAN_POINT('',(0.380993,-0.04771,-0.02378));
#18388=CARTESIAN_POINT('',(0.382968,-0.04771,-0.02378));
#18389=CARTESIAN_POINT('',(0.352118,-0.0487099999999993,-0.03378));
#18390=CARTESIAN_POINT('',(0.352118,-0.0487099999999993,-0.03378));
#18391=CARTESIAN_POINT('',(0.352118,-0.0467099999999993,-0.03378));
#18392=CARTESIAN_POINT('',(0.352118,-0.0467099999999993,-0.03378));
#18393=CARTESIAN_POINT('',(0.314,-0.0120441230486252,-0.03378));
#18394=CARTESIAN_POINT('',(0.352118,0.04029,-0.03378));
#18395=CARTESIAN_POINT('',(0.352118,0.04029,-0.03378));
#18396=CARTESIAN_POINT('',(0.352118,0.04229,-0.03378));
#18397=CARTESIAN_POINT('',(0.352118,0.04229,-0.03378));
#18398=CARTESIAN_POINT('',(0.314,-0.0120441230486252,-0.03378));
#18399=CARTESIAN_POINT('',(0.238857,-0.0330072,-0.03878));
#18400=CARTESIAN_POINT('',(0.238857,-0.0330072,-0.03918));
#18401=CARTESIAN_POINT('',(0.240432,-0.0330072,-0.03918));
#18402=CARTESIAN_POINT('',(0.238857,-0.0330072,-0.04378));
#18403=CARTESIAN_POINT('',(0.240432,-0.0330072,-0.04378));
#18404=CARTESIAN_POINT('',(0.314,-0.0120441230486252,-0.03878));
#18405=CARTESIAN_POINT('',(0.238857,-0.0330072,-0.03878));
#18406=CARTESIAN_POINT('',(0.240832,-0.0330072,-0.03878));
#18407=CARTESIAN_POINT('',(0.396293,-0.124561,-0.04378));
#18408=CARTESIAN_POINT('',(0.259857,-0.0461072,-0.03878));
#18409=CARTESIAN_POINT('',(0.259857,-0.0461072,-0.03918));
#18410=CARTESIAN_POINT('',(0.261432,-0.0461072,-0.03918));
#18411=CARTESIAN_POINT('',(0.259857,-0.0461072,-0.04378));
#18412=CARTESIAN_POINT('',(0.261432,-0.0461072,-0.04378));
#18413=CARTESIAN_POINT('',(0.314,-0.0120441230486252,-0.03878));
#18414=CARTESIAN_POINT('',(0.259857,-0.0461072,-0.03878));
#18415=CARTESIAN_POINT('',(0.261832,-0.0461072,-0.03878));
#18416=CARTESIAN_POINT('',(0.396293,-0.124561,-0.04378));
#18417=CARTESIAN_POINT('',(0.259857,-0.0330072,-0.03878));
#18418=CARTESIAN_POINT('',(0.259857,-0.0330072,-0.03918));
#18419=CARTESIAN_POINT('',(0.261432,-0.0330072,-0.03918));
#18420=CARTESIAN_POINT('',(0.259857,-0.0330072,-0.04378));
#18421=CARTESIAN_POINT('',(0.261432,-0.0330072,-0.04378));
#18422=CARTESIAN_POINT('',(0.314,-0.0120441230486252,-0.03878));
#18423=CARTESIAN_POINT('',(0.259857,-0.0330072,-0.03878));
#18424=CARTESIAN_POINT('',(0.261832,-0.0330072,-0.03878));
#18425=CARTESIAN_POINT('',(0.396293,-0.124561,-0.04378));
#18426=CARTESIAN_POINT('',(0.238857,-0.0461072,-0.03878));
#18427=CARTESIAN_POINT('',(0.238857,-0.0461072,-0.03918));
#18428=CARTESIAN_POINT('',(0.240432,-0.0461072,-0.03918));
#18429=CARTESIAN_POINT('',(0.238857,-0.0461072,-0.04378));
#18430=CARTESIAN_POINT('',(0.240432,-0.0461072,-0.04378));
#18431=CARTESIAN_POINT('',(0.314,-0.0120441230486252,-0.03878));
#18432=CARTESIAN_POINT('',(0.238857,-0.0461072,-0.03878));
#18433=CARTESIAN_POINT('',(0.240832,-0.0461072,-0.03878));
#18434=CARTESIAN_POINT('',(0.396293,-0.124561,-0.04378));
#18435=CARTESIAN_POINT('',(0.249357,-0.0466072,-0.04078));
#18436=CARTESIAN_POINT('',(0.249357,-0.0466072,-0.04078));
#18437=CARTESIAN_POINT('',(0.249357,-0.0456072,-0.04078));
#18438=CARTESIAN_POINT('',(0.249357,-0.0456072,-0.04078));
#18439=CARTESIAN_POINT('',(0.314,-0.0120441230486252,-0.04078));
#18440=CARTESIAN_POINT('',(0.238357,-0.0395572,-0.04078));
#18441=CARTESIAN_POINT('',(0.238357,-0.0395572,-0.04078));
#18442=CARTESIAN_POINT('',(0.239357,-0.0395572,-0.04078));
#18443=CARTESIAN_POINT('',(0.239357,-0.0395572,-0.04078));
#18444=CARTESIAN_POINT('',(0.314,-0.0120441230486252,-0.04078));
#18445=CARTESIAN_POINT('',(0.260357,-0.0395572,-0.04078));
#18446=CARTESIAN_POINT('',(0.260357,-0.0395572,-0.04078));
#18447=CARTESIAN_POINT('',(0.259357,-0.0395572,-0.04078));
#18448=CARTESIAN_POINT('',(0.259357,-0.0395572,-0.04078));
#18449=CARTESIAN_POINT('',(0.314,-0.0120441230486252,-0.04078));
#18450=CARTESIAN_POINT('',(0.249357,-0.0335072,-0.04078));
#18451=CARTESIAN_POINT('',(0.249357,-0.0335072,-0.04078));
#18452=CARTESIAN_POINT('',(0.249357,-0.0325072,-0.04078));
#18453=CARTESIAN_POINT('',(0.249357,-0.0325072,-0.04078));
#18454=CARTESIAN_POINT('',(0.314,-0.0120441230486252,-0.04078));
#18455=CARTESIAN_POINT('',(0.2277042,-0.0592072,-0.043782));
#18456=CARTESIAN_POINT('',(0.2277042,-0.0592072,0.01533));
#18457=CARTESIAN_POINT('',(0.2317042,-0.0592072,0.01533));
#18458=CARTESIAN_POINT('',(0.2762182,-0.0592072,-0.043782));
#18459=CARTESIAN_POINT('',(0.2762182,-0.0592072,0.01533));
#18460=CARTESIAN_POINT('',(0.2802182,-0.0592072,0.01533));
#18461=CARTESIAN_POINT('',(0.2762182,-0.1082038,-0.043782));
#18462=CARTESIAN_POINT('',(0.2762182,-0.1082038,0.01533));
#18463=CARTESIAN_POINT('',(0.2802182,-0.1082038,0.01533));
#18464=CARTESIAN_POINT('',(0.2277042,-0.1082038,-0.043782));
#18465=CARTESIAN_POINT('',(0.2277042,-0.1082038,0.01533));
#18466=CARTESIAN_POINT('',(0.2317042,-0.1082038,0.01533));
#18467=CARTESIAN_POINT('',(0.30016,-0.05749,-0.043782));
#18468=CARTESIAN_POINT('',(0.30016,-0.05749,0.01354));
#18469=CARTESIAN_POINT('',(0.30416,-0.05749,0.01354));
#18470=CARTESIAN_POINT('',(0.38216,-0.05749,-0.043782));
#18471=CARTESIAN_POINT('',(0.38216,-0.05749,0.01354));
#18472=CARTESIAN_POINT('',(0.38616,-0.05749,0.01354));
#18473=CARTESIAN_POINT('',(0.38216,-0.12449,-0.043782));
#18474=CARTESIAN_POINT('',(0.38216,-0.12449,0.01354));
#18475=CARTESIAN_POINT('',(0.38616,-0.12449,0.01354));
#18476=CARTESIAN_POINT('',(0.30016,-0.12449,-0.023482));
#18477=CARTESIAN_POINT('',(0.30016,-0.12449,0.01354));
#18478=CARTESIAN_POINT('',(0.30416,-0.12449,0.01354));
#18479=CARTESIAN_POINT('',(0.2446968,-0.114741,-0.043782));
#18480=CARTESIAN_POINT('',(0.2277042,-0.1082038,0.01533));
#18481=CARTESIAN_POINT('',(0.2277042,-0.1082038,0.01533));
#18482=CARTESIAN_POINT('',(0.2296792,-0.1082038,0.01533));
#18483=CARTESIAN_POINT('',(0.2762182,-0.1082038,0.01533));
#18484=CARTESIAN_POINT('',(0.2762182,-0.1082038,0.01533));
#18485=CARTESIAN_POINT('',(0.2781932,-0.1082038,0.01533));
#18486=CARTESIAN_POINT('',(0.2762182,-0.0592072,0.01533));
#18487=CARTESIAN_POINT('',(0.2762182,-0.0592072,0.01533));
#18488=CARTESIAN_POINT('',(0.2781932,-0.0592072,0.01533));
#18489=CARTESIAN_POINT('',(0.2277042,-0.0592072,0.01533));
#18490=CARTESIAN_POINT('',(0.2277042,-0.0592072,0.01533));
#18491=CARTESIAN_POINT('',(0.2296792,-0.0592072,0.01533));
#18492=CARTESIAN_POINT('',(0.2277042,-0.1082038,-0.02088));
#18493=CARTESIAN_POINT('',(0.2277042,-0.1082038,-0.02088));
#18494=CARTESIAN_POINT('',(0.2292042,-0.1082038,-0.02088));
#18495=CARTESIAN_POINT('',(0.2277042,-0.1082038,-0.02088));
#18496=CARTESIAN_POINT('',(0.2277042,-0.1082038,0.00212));
#18497=CARTESIAN_POINT('',(0.2292042,-0.1082038,0.00212));
#18498=CARTESIAN_POINT('',(0.30016,-0.12449,0.00212));
#18499=CARTESIAN_POINT('',(0.2277042,-0.1082038,0.00212));
#18500=CARTESIAN_POINT('',(0.2292792,-0.1082038,0.00212));
#18501=CARTESIAN_POINT('',(0.2277042,-0.1082038,-0.043782));
#18502=CARTESIAN_POINT('',(0.2277042,-0.1082038,0.01493));
#18503=CARTESIAN_POINT('',(0.2292792,-0.1082038,0.01493));
#18504=CARTESIAN_POINT('',(0.2762182,-0.1082038,-0.02088));
#18505=CARTESIAN_POINT('',(0.2762182,-0.1082038,-0.02088));
#18506=CARTESIAN_POINT('',(0.2777182,-0.1082038,-0.02088));
#18507=CARTESIAN_POINT('',(0.2762182,-0.1082038,-0.02088));
#18508=CARTESIAN_POINT('',(0.2762182,-0.1082038,0.00212));
#18509=CARTESIAN_POINT('',(0.2777182,-0.1082038,0.00212));
#18510=CARTESIAN_POINT('',(0.30016,-0.12449,0.00212));
#18511=CARTESIAN_POINT('',(0.2762182,-0.1082038,0.00212));
#18512=CARTESIAN_POINT('',(0.2777932,-0.1082038,0.00212));
#18513=CARTESIAN_POINT('',(0.2762182,-0.1082038,-0.043782));
#18514=CARTESIAN_POINT('',(0.2762182,-0.1082038,0.01493));
#18515=CARTESIAN_POINT('',(0.2777932,-0.1082038,0.01493));
#18516=CARTESIAN_POINT('',(0.2762182,-0.0592072,-0.02088));
#18517=CARTESIAN_POINT('',(0.2762182,-0.0592072,-0.02088));
#18518=CARTESIAN_POINT('',(0.2777182,-0.0592072,-0.02088));
#18519=CARTESIAN_POINT('',(0.2762182,-0.0592072,-0.02088));
#18520=CARTESIAN_POINT('',(0.2762182,-0.0592072,0.00212));
#18521=CARTESIAN_POINT('',(0.2777182,-0.0592072,0.00212));
#18522=CARTESIAN_POINT('',(0.30016,-0.12449,0.00212));
#18523=CARTESIAN_POINT('',(0.2762182,-0.0592072,0.00212));
#18524=CARTESIAN_POINT('',(0.2777932,-0.0592072,0.00212));
#18525=CARTESIAN_POINT('',(0.2762182,-0.0592072,-0.043782));
#18526=CARTESIAN_POINT('',(0.2762182,-0.0592072,0.01493));
#18527=CARTESIAN_POINT('',(0.2777932,-0.0592072,0.01493));
#18528=CARTESIAN_POINT('',(0.2277042,-0.0592072,-0.02088));
#18529=CARTESIAN_POINT('',(0.2277042,-0.0592072,-0.02088));
#18530=CARTESIAN_POINT('',(0.2292042,-0.0592072,-0.02088));
#18531=CARTESIAN_POINT('',(0.2277042,-0.0592072,-0.02088));
#18532=CARTESIAN_POINT('',(0.2277042,-0.0592072,0.00212));
#18533=CARTESIAN_POINT('',(0.2292042,-0.0592072,0.00212));
#18534=CARTESIAN_POINT('',(0.30016,-0.12449,0.00212));
#18535=CARTESIAN_POINT('',(0.2277042,-0.0592072,0.00212));
#18536=CARTESIAN_POINT('',(0.2292792,-0.0592072,0.00212));
#18537=CARTESIAN_POINT('',(0.2277042,-0.0592072,-0.043782));
#18538=CARTESIAN_POINT('',(0.2277042,-0.0592072,0.01493));
#18539=CARTESIAN_POINT('',(0.2292792,-0.0592072,0.01493));
#18540=CARTESIAN_POINT('',(0.30016,-0.12449,0.01354));
#18541=CARTESIAN_POINT('',(0.30016,-0.12449,0.01354));
#18542=CARTESIAN_POINT('',(0.302135,-0.12449,0.01354));
#18543=CARTESIAN_POINT('',(0.38216,-0.12449,0.01354));
#18544=CARTESIAN_POINT('',(0.38216,-0.12449,0.01354));
#18545=CARTESIAN_POINT('',(0.384135,-0.12449,0.01354));
#18546=CARTESIAN_POINT('',(0.38216,-0.05749,0.01354));
#18547=CARTESIAN_POINT('',(0.38216,-0.05749,0.01354));
#18548=CARTESIAN_POINT('',(0.384135,-0.05749,0.01354));
#18549=CARTESIAN_POINT('',(0.30016,-0.05749,0.01354));
#18550=CARTESIAN_POINT('',(0.30016,-0.05749,0.01354));
#18551=CARTESIAN_POINT('',(0.302135,-0.05749,0.01354));
#18552=CARTESIAN_POINT('',(0.30016,-0.12449,-0.02088));
#18553=CARTESIAN_POINT('',(0.30016,-0.12449,-0.02088));
#18554=CARTESIAN_POINT('',(0.30166,-0.12449,-0.02088));
#18555=CARTESIAN_POINT('',(0.30016,-0.12449,-0.02088));
#18556=CARTESIAN_POINT('',(0.30016,-0.12449,0.00212));
#18557=CARTESIAN_POINT('',(0.30166,-0.12449,0.00212));
#18558=CARTESIAN_POINT('',(0.30016,-0.12449,0.00212));
#18559=CARTESIAN_POINT('',(0.30016,-0.12449,0.00212));
#18560=CARTESIAN_POINT('',(0.301735,-0.12449,0.00212));
#18561=CARTESIAN_POINT('',(0.30016,-0.12449,-0.023482));
#18562=CARTESIAN_POINT('',(0.30016,-0.12449,0.01314));
#18563=CARTESIAN_POINT('',(0.301735,-0.12449,0.01314));
#18564=CARTESIAN_POINT('',(0.38216,-0.12449,-0.02088));
#18565=CARTESIAN_POINT('',(0.38216,-0.12449,-0.02088));
#18566=CARTESIAN_POINT('',(0.38366,-0.12449,-0.02088));
#18567=CARTESIAN_POINT('',(0.38216,-0.12449,-0.02088));
#18568=CARTESIAN_POINT('',(0.38216,-0.12449,0.00212));
#18569=CARTESIAN_POINT('',(0.38366,-0.12449,0.00212));
#18570=CARTESIAN_POINT('',(0.38216,-0.12449,0.00212));
#18571=CARTESIAN_POINT('',(0.38216,-0.12449,0.00212));
#18572=CARTESIAN_POINT('',(0.383735,-0.12449,0.00212));
#18573=CARTESIAN_POINT('',(0.38216,-0.12449,-0.043782));
#18574=CARTESIAN_POINT('',(0.38216,-0.12449,0.01314));
#18575=CARTESIAN_POINT('',(0.383735,-0.12449,0.01314));
#18576=CARTESIAN_POINT('',(0.38216,-0.05749,-0.02088));
#18577=CARTESIAN_POINT('',(0.38216,-0.05749,-0.02088));
#18578=CARTESIAN_POINT('',(0.38366,-0.05749,-0.02088));
#18579=CARTESIAN_POINT('',(0.38216,-0.05749,-0.02088));
#18580=CARTESIAN_POINT('',(0.38216,-0.05749,0.00212));
#18581=CARTESIAN_POINT('',(0.38366,-0.05749,0.00212));
#18582=CARTESIAN_POINT('',(0.38216,-0.05749,0.00212));
#18583=CARTESIAN_POINT('',(0.38216,-0.05749,0.00212));
#18584=CARTESIAN_POINT('',(0.383735,-0.05749,0.00212));
#18585=CARTESIAN_POINT('',(0.38216,-0.05749,-0.043782));
#18586=CARTESIAN_POINT('',(0.38216,-0.05749,0.01314));
#18587=CARTESIAN_POINT('',(0.383735,-0.05749,0.01314));
#18588=CARTESIAN_POINT('',(0.30016,-0.05749,-0.02088));
#18589=CARTESIAN_POINT('',(0.30016,-0.05749,-0.02088));
#18590=CARTESIAN_POINT('',(0.30166,-0.05749,-0.02088));
#18591=CARTESIAN_POINT('',(0.30016,-0.05749,-0.02088));
#18592=CARTESIAN_POINT('',(0.30016,-0.05749,0.00212));
#18593=CARTESIAN_POINT('',(0.30166,-0.05749,0.00212));
#18594=CARTESIAN_POINT('',(0.30016,-0.05749,0.00212));
#18595=CARTESIAN_POINT('',(0.30016,-0.05749,0.00212));
#18596=CARTESIAN_POINT('',(0.301735,-0.05749,0.00212));
#18597=CARTESIAN_POINT('',(0.30016,-0.05749,-0.043782));
#18598=CARTESIAN_POINT('',(0.30016,-0.05749,0.01314));
#18599=CARTESIAN_POINT('',(0.301735,-0.05749,0.01314));
#18600=CARTESIAN_POINT('',(0.30016,-0.12449,0.01314));
#18601=CARTESIAN_POINT('',(0.38216,-0.12449,0.01314));
#18602=CARTESIAN_POINT('',(0.38216,-0.05749,0.01314));
#18603=CARTESIAN_POINT('',(0.30016,-0.05749,0.01314));
#18604=CARTESIAN_POINT('',(0.2277042,-0.1082038,0.01493));
#18605=CARTESIAN_POINT('',(0.2277042,-0.0592072,0.01493));
#18606=CARTESIAN_POINT('',(0.2762182,-0.1082038,0.01493));
#18607=CARTESIAN_POINT('',(0.2762182,-0.0592072,0.01493));
#18608=CARTESIAN_POINT('',(0.259857,-0.0461072,-0.03918));
#18609=CARTESIAN_POINT('',(0.259857,-0.0330072,-0.03918));
#18610=CARTESIAN_POINT('',(0.238857,-0.0461072,-0.03918));
#18611=CARTESIAN_POINT('',(0.238857,-0.0330072,-0.03918));
#18612=CARTESIAN_POINT('',(0.323243,-0.04771,-0.02418));
#18613=CARTESIAN_POINT('',(0.323243,0.04129,-0.02418));
#18614=CARTESIAN_POINT('',(0.380993,-0.04771,-0.02418));
#18615=CARTESIAN_POINT('',(0.380993,0.04129,-0.02418));
#18616=CARTESIAN_POINT('',(0.327538518055407,0.101665330169607,0.00331640903788532));
#18617=CARTESIAN_POINT('',(0.328461481944593,0.101666034256133,0.00331653318733667));
#18618=CARTESIAN_POINT('',(0.328917386501626,0.101476135183018,0.00328304885713487));
#18619=CARTESIAN_POINT('',(0.329563566860799,0.100827614739602,0.00316869720541963));
#18620=CARTESIAN_POINT('',(0.329749881757911,0.100376920204162,0.00308922759876377));
#18621=CARTESIAN_POINT('',(0.3297501180293,0.0994678142655412,0.00292892769346254));
#18622=CARTESIAN_POINT('',(0.329564815223467,0.099017134205286,0.00284946063917225));
#18623=CARTESIAN_POINT('',(0.328918307803485,0.0983683270006053,0.002735058423709));
#18624=CARTESIAN_POINT('',(0.328462970034836,0.0981776826125753,0.00270144267437865));
#18625=CARTESIAN_POINT('',(0.327535793111279,0.0981779896261217,0.00270149680915033));
#18626=CARTESIAN_POINT('',(0.32708139412506,0.0983687858637827,0.00273513933366763));
#18627=CARTESIAN_POINT('',(0.326435074658069,0.0990170849036421,0.00284945194596224));
#18628=CARTESIAN_POINT('',(0.326249734810326,0.0994677587239565,0.00292891789998263));
#18629=CARTESIAN_POINT('',(0.326250265189694,0.100375747287821,0.0030890207819667));
#18630=CARTESIAN_POINT('',(0.32643538007084,0.100826659583581,0.00316852878564244));
#18631=CARTESIAN_POINT('',(0.327082172797167,0.10147559352532,0.00328295334826838));
#18632=CARTESIAN_POINT('',(0.327538518055407,0.101665330169607,0.00331640903788532));
#18633=CARTESIAN_POINT('',(0.328461481944593,0.101666034256133,0.00331653318733667));
#18634=CARTESIAN_POINT('',(0.327645338216768,0.101340946998021,0.00285304088789271));
#18635=CARTESIAN_POINT('',(0.328354661783232,0.101341489767443,0.00285313659278597));
#18636=CARTESIAN_POINT('',(0.328705525021728,0.101195668841448,0.00282742442918127));
#18637=CARTESIAN_POINT('',(0.329205028392041,0.100694590151881,0.00273907073675247));
#18638=CARTESIAN_POINT('',(0.32934990797302,0.100344855221398,0.00267740303241212));
#18639=CARTESIAN_POINT('',(0.329350091861689,0.0996385263028021,0.00255285818680906));
#18640=CARTESIAN_POINT('',(0.329205993128942,0.0992888004867461,0.00249119208958809));
#18641=CARTESIAN_POINT('',(0.328706237035454,0.0987874946789484,0.00240279835008753));
#18642=CARTESIAN_POINT('',(0.328355805610817,0.0986410993473919,0.00237698490328434));
#18643=CARTESIAN_POINT('',(0.327643243597327,0.0986413375854808,0.00237702691108725));
#18644=CARTESIAN_POINT('',(0.327293533098387,0.0987878515564809,0.0024028612772253));
#18645=CARTESIAN_POINT('',(0.326793921279954,0.0992887601264874,0.00249118497298555));
#18646=CARTESIAN_POINT('',(0.326649794438852,0.0996384814995277,0.00255285028678297));
#18647=CARTESIAN_POINT('',(0.326650205561165,0.100343945780218,0.00267724267339467));
#18648=CARTESIAN_POINT('',(0.326794158892133,0.100693850505671,0.00273894031716952));
#18649=CARTESIAN_POINT('',(0.327294133287298,0.101195251728295,0.00282735088087826));
#18650=CARTESIAN_POINT('',(0.327645338216768,0.101340946998021,0.00285304088789271));
#18651=CARTESIAN_POINT('',(0.328354661783232,0.101341489767443,0.00285313659278597));
#18652=CARTESIAN_POINT('',(0.299538518055407,0.101665330169607,0.00331640903788532));
#18653=CARTESIAN_POINT('',(0.300461481944593,0.101666034256133,0.00331653318733667));
#18654=CARTESIAN_POINT('',(0.300917386501626,0.101476135183018,0.00328304885713487));
#18655=CARTESIAN_POINT('',(0.301563566860799,0.100827614739602,0.00316869720541963));
#18656=CARTESIAN_POINT('',(0.301749881757911,0.100376920204162,0.00308922759876377));
#18657=CARTESIAN_POINT('',(0.3017501180293,0.0994678142655412,0.00292892769346255));
#18658=CARTESIAN_POINT('',(0.301564815223467,0.0990171342052861,0.00284946063917226));
#18659=CARTESIAN_POINT('',(0.300918307803484,0.0983683270006054,0.002735058423709));
#18660=CARTESIAN_POINT('',(0.300462970034836,0.0981776826125753,0.00270144267437865));
#18661=CARTESIAN_POINT('',(0.299535793111279,0.0981779896261217,0.00270149680915033));
#18662=CARTESIAN_POINT('',(0.29908139412506,0.0983687858637827,0.00273513933366763));
#18663=CARTESIAN_POINT('',(0.298435074658069,0.0990170849036421,0.00284945194596223));
#18664=CARTESIAN_POINT('',(0.298249734810327,0.0994677587239566,0.00292891789998263));
#18665=CARTESIAN_POINT('',(0.298250265189694,0.100375747287821,0.0030890207819667));
#18666=CARTESIAN_POINT('',(0.29843538007084,0.100826659583581,0.00316852878564244));
#18667=CARTESIAN_POINT('',(0.299082172797166,0.10147559352532,0.00328295334826838));
#18668=CARTESIAN_POINT('',(0.299538518055407,0.101665330169607,0.00331640903788532));
#18669=CARTESIAN_POINT('',(0.300461481944593,0.101666034256133,0.00331653318733667));
#18670=CARTESIAN_POINT('',(0.299645338216767,0.101340946998021,0.00285304088789271));
#18671=CARTESIAN_POINT('',(0.300354661783233,0.101341489767443,0.00285313659278597));
#18672=CARTESIAN_POINT('',(0.300705525021728,0.101195668841448,0.00282742442918127));
#18673=CARTESIAN_POINT('',(0.301205028392041,0.100694590151881,0.00273907073675247));
#18674=CARTESIAN_POINT('',(0.30134990797302,0.100344855221398,0.00267740303241212));
#18675=CARTESIAN_POINT('',(0.301350091861689,0.0996385263028021,0.00255285818680907));
#18676=CARTESIAN_POINT('',(0.301205993128942,0.0992888004867461,0.0024911920895881));
#18677=CARTESIAN_POINT('',(0.300706237035454,0.0987874946789485,0.00240279835008753));
#18678=CARTESIAN_POINT('',(0.300355805610817,0.0986410993473919,0.00237698490328434));
#18679=CARTESIAN_POINT('',(0.299643243597328,0.0986413375854808,0.00237702691108724));
#18680=CARTESIAN_POINT('',(0.299293533098387,0.0987878515564809,0.0024028612772253));
#18681=CARTESIAN_POINT('',(0.298793921279954,0.0992887601264874,0.00249118497298555));
#18682=CARTESIAN_POINT('',(0.298649794438852,0.0996384814995278,0.00255285028678297));
#18683=CARTESIAN_POINT('',(0.298650205561165,0.100343945780218,0.00267724267339467));
#18684=CARTESIAN_POINT('',(0.298794158892133,0.100693850505671,0.00273894031716951));
#18685=CARTESIAN_POINT('',(0.299294133287298,0.101195251728295,0.00282735088087826));
#18686=CARTESIAN_POINT('',(0.299645338216767,0.101340946998021,0.00285304088789271));
#18687=CARTESIAN_POINT('',(0.300354661783233,0.101341489767443,0.00285313659278597));
#18688=CARTESIAN_POINT('',(0.327538518055407,0.0736653301696071,-0.00168070620946962));
#18689=CARTESIAN_POINT('',(0.328461481944593,0.0736660342561334,-0.00168058206001828));
#18690=CARTESIAN_POINT('',(0.328917386501626,0.0734761351830179,-0.00171406639022007));
#18691=CARTESIAN_POINT('',(0.329563566860799,0.072827614739602,-0.00182841804193531));
#18692=CARTESIAN_POINT('',(0.329749881757912,0.0723769202041624,-0.00190788764859118));
#18693=CARTESIAN_POINT('',(0.3297501180293,0.0714678142655412,-0.0020681875538924));
#18694=CARTESIAN_POINT('',(0.329564815223467,0.071017134205286,-0.00214765460818269));
#18695=CARTESIAN_POINT('',(0.328918307803485,0.0703683270006053,-0.00226205682364594));
#18696=CARTESIAN_POINT('',(0.328462970034836,0.0701776826125753,-0.00229567257297629));
#18697=CARTESIAN_POINT('',(0.327535793111279,0.0701779896261217,-0.00229561843820462));
#18698=CARTESIAN_POINT('',(0.32708139412506,0.0703687858637827,-0.00226197591368732));
#18699=CARTESIAN_POINT('',(0.326435074658069,0.0710170849036421,-0.0021476633013927));
#18700=CARTESIAN_POINT('',(0.326249734810326,0.0714677587239566,-0.00206819734737231));
#18701=CARTESIAN_POINT('',(0.326250265189695,0.0723757472878212,-0.00190809446538824));
#18702=CARTESIAN_POINT('',(0.32643538007084,0.0728266595835816,-0.0018285864617125));
#18703=CARTESIAN_POINT('',(0.327082172797167,0.0734755935253197,-0.00171416189908657));
#18704=CARTESIAN_POINT('',(0.327538518055407,0.0736653301696071,-0.00168070620946962));
#18705=CARTESIAN_POINT('',(0.328461481944593,0.0736660342561334,-0.00168058206001828));
#18706=CARTESIAN_POINT('',(0.327645338216768,0.0733409469980215,-0.00214407435946224));
#18707=CARTESIAN_POINT('',(0.328354661783232,0.0733414897674427,-0.00214397865456897));
#18708=CARTESIAN_POINT('',(0.328705525021728,0.0731956688414483,-0.00216969081817367));
#18709=CARTESIAN_POINT('',(0.329205028392041,0.0726945901518808,-0.00225804451060248));
#18710=CARTESIAN_POINT('',(0.329349907973021,0.0723448552213978,-0.00231971221494284));
#18711=CARTESIAN_POINT('',(0.329350091861689,0.0716385263028021,-0.00244425706054588));
#18712=CARTESIAN_POINT('',(0.329205993128942,0.071288800486746,-0.00250592315776685));
#18713=CARTESIAN_POINT('',(0.328706237035454,0.0707874946789484,-0.00259431689726742));
#18714=CARTESIAN_POINT('',(0.328355805610817,0.0706410993473918,-0.0026201303440706));
#18715=CARTESIAN_POINT('',(0.327643243597327,0.0706413375854808,-0.0026200883362677));
#18716=CARTESIAN_POINT('',(0.327293533098387,0.0707878515564809,-0.00259425397012964));
#18717=CARTESIAN_POINT('',(0.326793921279954,0.0712887601264874,-0.0025059302743694));
#18718=CARTESIAN_POINT('',(0.326649794438852,0.0716384814995278,-0.00244426496057197));
#18719=CARTESIAN_POINT('',(0.326650205561165,0.0723439457802175,-0.00231987257396027));
#18720=CARTESIAN_POINT('',(0.326794158892133,0.0726938505056711,-0.00225817493018543));
#18721=CARTESIAN_POINT('',(0.327294133287298,0.0731952517282946,-0.0021697643664767));
#18722=CARTESIAN_POINT('',(0.327645338216768,0.0733409469980215,-0.00214407435946224));
#18723=CARTESIAN_POINT('',(0.328354661783232,0.0733414897674427,-0.00214397865456897));
#18724=CARTESIAN_POINT('',(0.299538518055407,0.0736653301696071,-0.00168070620946962));
#18725=CARTESIAN_POINT('',(0.300461481944593,0.0736660342561334,-0.00168058206001828));
#18726=CARTESIAN_POINT('',(0.300917386501626,0.0734761351830179,-0.00171406639022007));
#18727=CARTESIAN_POINT('',(0.301563566860799,0.072827614739602,-0.00182841804193531));
#18728=CARTESIAN_POINT('',(0.301749881757911,0.0723769202041624,-0.00190788764859118));
#18729=CARTESIAN_POINT('',(0.3017501180293,0.0714678142655412,-0.0020681875538924));
#18730=CARTESIAN_POINT('',(0.301564815223467,0.071017134205286,-0.00214765460818268));
#18731=CARTESIAN_POINT('',(0.300918307803484,0.0703683270006053,-0.00226205682364594));
#18732=CARTESIAN_POINT('',(0.300462970034836,0.0701776826125753,-0.00229567257297628));
#18733=CARTESIAN_POINT('',(0.299535793111279,0.0701779896261217,-0.00229561843820462));
#18734=CARTESIAN_POINT('',(0.29908139412506,0.0703687858637827,-0.00226197591368732));
#18735=CARTESIAN_POINT('',(0.298435074658069,0.0710170849036421,-0.0021476633013927));
#18736=CARTESIAN_POINT('',(0.298249734810327,0.0714677587239566,-0.00206819734737231));
#18737=CARTESIAN_POINT('',(0.298250265189694,0.0723757472878212,-0.00190809446538824));
#18738=CARTESIAN_POINT('',(0.29843538007084,0.0728266595835815,-0.0018285864617125));
#18739=CARTESIAN_POINT('',(0.299082172797166,0.0734755935253198,-0.00171416189908656));
#18740=CARTESIAN_POINT('',(0.299538518055407,0.0736653301696071,-0.00168070620946962));
#18741=CARTESIAN_POINT('',(0.300461481944593,0.0736660342561334,-0.00168058206001828));
#18742=CARTESIAN_POINT('',(0.299645338216767,0.0733409469980215,-0.00214407435946224));
#18743=CARTESIAN_POINT('',(0.300354661783233,0.0733414897674427,-0.00214397865456897));
#18744=CARTESIAN_POINT('',(0.300705525021728,0.0731956688414484,-0.00216969081817367));
#18745=CARTESIAN_POINT('',(0.301205028392041,0.0726945901518808,-0.00225804451060248));
#18746=CARTESIAN_POINT('',(0.301349907973021,0.0723448552213978,-0.00231971221494283));
#18747=CARTESIAN_POINT('',(0.301350091861688,0.0716385263028021,-0.00244425706054588));
#18748=CARTESIAN_POINT('',(0.301205993128942,0.0712888004867461,-0.00250592315776685));
#18749=CARTESIAN_POINT('',(0.300706237035454,0.0707874946789484,-0.00259431689726743));
#18750=CARTESIAN_POINT('',(0.300355805610817,0.0706410993473918,-0.0026201303440706));
#18751=CARTESIAN_POINT('',(0.299643243597328,0.0706413375854808,-0.0026200883362677));
#18752=CARTESIAN_POINT('',(0.299293533098387,0.0707878515564809,-0.00259425397012964));
#18753=CARTESIAN_POINT('',(0.298793921279954,0.0712887601264874,-0.0025059302743694));
#18754=CARTESIAN_POINT('',(0.298649794438852,0.0716384814995278,-0.00244426496057198));
#18755=CARTESIAN_POINT('',(0.298650205561165,0.0723439457802175,-0.00231987257396027));
#18756=CARTESIAN_POINT('',(0.298794158892133,0.0726938505056711,-0.00225817493018543));
#18757=CARTESIAN_POINT('',(0.299294133287298,0.0731952517282946,-0.00216976436647669));
#18758=CARTESIAN_POINT('',(0.299645338216767,0.0733409469980215,-0.00214407435946224));
#18759=CARTESIAN_POINT('',(0.300354661783233,0.0733414897674427,-0.00214397865456897));
#18760=CARTESIAN_POINT('',(0.340493,-0.04371,-0.06878));
#18761=CARTESIAN_POINT('',(0.300993,-0.04371,-0.06878));
#18762=CARTESIAN_POINT('',(0.379993,-0.04371,-0.06878));
#18763=CARTESIAN_POINT('',(0.379993,-0.04121,-0.06878));
#18764=CARTESIAN_POINT('',(0.382493,-0.04121,-0.06878));
#18765=CARTESIAN_POINT('',(0.382493,-0.00321,-0.06878));
#18766=CARTESIAN_POINT('',(0.382493,0.03479,-0.06878));
#18767=CARTESIAN_POINT('',(0.379993,0.03479,-0.06878));
#18768=CARTESIAN_POINT('',(0.379993,0.03729,-0.06878));
#18769=CARTESIAN_POINT('',(0.340493,0.03729,-0.06878));
#18770=CARTESIAN_POINT('',(0.300993,0.03729,-0.06878));
#18771=CARTESIAN_POINT('',(0.300993,0.03479,-0.06878));
#18772=CARTESIAN_POINT('',(0.298493,0.03479,-0.06878));
#18773=CARTESIAN_POINT('',(0.298493,-0.00321,-0.06878));
#18774=CARTESIAN_POINT('',(0.298493,-0.04121,-0.06878));
#18775=CARTESIAN_POINT('',(0.300993,-0.04121,-0.06878));
#18776=CARTESIAN_POINT('',(0.295227738009559,0.040336327990804,-0.06878));
#18777=CARTESIAN_POINT('',(0.295227738009559,0.040336327990804,-0.03978));
#18778=CARTESIAN_POINT('',(0.296802738009559,0.040336327990804,-0.03978));
#18779=CARTESIAN_POINT('',(0.295227738009559,-0.046756327990804,-0.06878));
#18780=CARTESIAN_POINT('',(0.295227738009559,-0.046756327990804,-0.03978));
#18781=CARTESIAN_POINT('',(0.296802738009559,-0.046756327990804,-0.03978));
#18782=CARTESIAN_POINT('',(0.295227738009559,-0.046756327990804,-0.03978));
#18783=CARTESIAN_POINT('',(0.295227738009559,-0.046756327990804,-0.03978));
#18784=CARTESIAN_POINT('',(0.299227738009559,-0.046756327990804,-0.03978));
#18785=CARTESIAN_POINT('',(0.314,-0.0120441230485261,-0.03978));
#18786=CARTESIAN_POINT('',(0.295227738009559,0.040336327990804,-0.03978));
#18787=CARTESIAN_POINT('',(0.295227738009559,0.040336327990804,-0.03978));
#18788=CARTESIAN_POINT('',(0.299227738009559,0.040336327990804,-0.03978));
#18789=CARTESIAN_POINT('',(0.314,-0.0120441230485261,-0.03978));
#18790=CARTESIAN_POINT('',(0.396293,0.07329,0.00651));
#18791=CARTESIAN_POINT('',(0.396293,0.09329,0.00651));
#18792=CARTESIAN_POINT('',(0.393918,0.09329,0.00651));
#18793=CARTESIAN_POINT('',(0.396293,0.07329,0.00651));
#18794=CARTESIAN_POINT('',(0.231707,0.09329,0.00651));
#18795=CARTESIAN_POINT('',(0.229332,0.09329,0.00651));
#18796=CARTESIAN_POINT('',(0.396293,0.07329,0.00651));
#18797=CARTESIAN_POINT('',(0.231707,-0.124561,0.00651));
#18798=CARTESIAN_POINT('',(0.229332,-0.124561,0.00651));
#18799=CARTESIAN_POINT('',(0.396293,0.07329,0.00651));
#18800=CARTESIAN_POINT('',(0.396293,-0.124561,0.00651));
#18801=CARTESIAN_POINT('',(0.393918,-0.124561,0.00651));
#18802=CARTESIAN_POINT('',(0.396293,0.07329,-0.02949));
#18803=CARTESIAN_POINT('',(0.396293,0.09329,-0.02949));
#18804=CARTESIAN_POINT('',(0.393293,0.09329,-0.02949));
#18805=CARTESIAN_POINT('',(0.396293,0.09329,-0.02949));
#18806=CARTESIAN_POINT('',(0.393918,0.09329,-0.02949));
#18807=CARTESIAN_POINT('',(0.396293,0.09329,0.736420337734549));
#18808=CARTESIAN_POINT('',(0.396293,0.07329,-0.02949));
#18809=CARTESIAN_POINT('',(0.231707,0.09329,-0.02949));
#18810=CARTESIAN_POINT('',(0.228707,0.09329,-0.02949));
#18811=CARTESIAN_POINT('',(0.231707,0.09329,-0.02949));
#18812=CARTESIAN_POINT('',(0.229332,0.09329,-0.02949));
#18813=CARTESIAN_POINT('',(0.231707,0.09329,0.736420337734549));
#18814=CARTESIAN_POINT('',(0.396293,0.07329,-0.02949));
#18815=CARTESIAN_POINT('',(0.231707,-0.124561,-0.02949));
#18816=CARTESIAN_POINT('',(0.228707,-0.124561,-0.02949));
#18817=CARTESIAN_POINT('',(0.231707,-0.124561,-0.02949));
#18818=CARTESIAN_POINT('',(0.229332,-0.124561,-0.02949));
#18819=CARTESIAN_POINT('',(0.231707,-0.124561,0.736420337734549));
#18820=CARTESIAN_POINT('',(0.396293,0.07329,-0.02949));
#18821=CARTESIAN_POINT('',(0.396293,-0.124561,-0.02949));
#18822=CARTESIAN_POINT('',(0.393293,-0.124561,-0.02949));
#18823=CARTESIAN_POINT('',(0.396293,-0.124561,-0.02949));
#18824=CARTESIAN_POINT('',(0.393918,-0.124561,-0.02949));
#18825=CARTESIAN_POINT('',(0.396293,-0.124561,0.736420337734549));
#18826=CARTESIAN_POINT('',(0.396293,-0.124561,0.006512));
#18827=CARTESIAN_POINT('',(0.231707,-0.124561,0.006512));
#18828=CARTESIAN_POINT('',(0.231707,0.09329,0.006512));
#18829=CARTESIAN_POINT('',(0.396293,0.09329,0.006512));
#18830=CARTESIAN_POINT('',(0.225519828291537,0.088415,-0.043782));
#18831=CARTESIAN_POINT('',(0.219207,0.088415,0.00051));
#18832=CARTESIAN_POINT('',(0.220207,0.088415,0.00051));
#18833=CARTESIAN_POINT('',(0.220207,0.088415,-0.043782));
#18834=CARTESIAN_POINT('',(0.220207,0.088415,-0.04278));
#18835=CARTESIAN_POINT('',(0.225519828291537,0.088415,-0.04278));
#18836=CARTESIAN_POINT('',(0.314,-0.015724833164501,0.00151));
#18837=CARTESIAN_POINT('',(0.235582,-0.015724833164501,0.00151));
#18838=CARTESIAN_POINT('',(0.235582,0.10479,0.00151));
#18839=CARTESIAN_POINT('',(0.231707,0.10479,0.00151));
#18840=CARTESIAN_POINT('',(0.231707,0.10479,0.00151));
#18841=CARTESIAN_POINT('',(0.231707,0.09329,0.00151));
#18842=CARTESIAN_POINT('',(0.220207,0.09329,0.00151));
#18843=CARTESIAN_POINT('',(0.220207,0.088415,0.00151));
#18844=CARTESIAN_POINT('',(0.220207,0.089415,0.00151));
#18845=CARTESIAN_POINT('',(0.231707,0.089415,0.00151));
#18846=CARTESIAN_POINT('',(0.236582,0.0994771717084626,-0.043782));
#18847=CARTESIAN_POINT('',(0.236582,0.10479,0.00151));
#18848=CARTESIAN_POINT('',(0.236582,0.10479,-0.04278));
#18849=CARTESIAN_POINT('',(0.236582,0.10479,0.00051));
#18850=CARTESIAN_POINT('',(0.236582,0.0994771717084626,0.00051));
#18851=CARTESIAN_POINT('',(0.236582,0.10479,-0.04278));
#18852=CARTESIAN_POINT('',(0.402480171708463,0.088415,-0.043782));
#18853=CARTESIAN_POINT('',(0.407793,0.088415,0.00151));
#18854=CARTESIAN_POINT('',(0.407793,0.088415,-0.04278));
#18855=CARTESIAN_POINT('',(0.407793,0.088415,0.00051));
#18856=CARTESIAN_POINT('',(0.402480171708463,0.088415,0.00051));
#18857=CARTESIAN_POINT('',(0.407793,0.088415,-0.04278));
#18858=CARTESIAN_POINT('',(0.391604760388713,0.0996882123803629,-0.043782));
#18859=CARTESIAN_POINT('',(0.3917828682976,0.10579,0.00051));
#18860=CARTESIAN_POINT('',(0.391752827171736,0.104760822963325,0.00051));
#18861=CARTESIAN_POINT('',(0.391752827171736,0.104760822963325,-0.043782));
#18862=CARTESIAN_POINT('',(0.391752827171736,0.104760822963325,-0.04278));
#18863=CARTESIAN_POINT('',(0.391604760388713,0.0996882123803629,-0.04278));
#18864=CARTESIAN_POINT('',(0.314,-0.015724833164501,0.00151));
#18865=CARTESIAN_POINT('',(0.3917828682976,0.10479,0.00151));
#18866=CARTESIAN_POINT('',(0.396293,0.10479,0.00151));
#18867=CARTESIAN_POINT('',(0.392754104755486,0.10479,0.00151));
#18868=CARTESIAN_POINT('',(0.392425874429462,0.0935451779579462,0.00151));
#18869=CARTESIAN_POINT('',(0.314,0.089415,0.00151));
#18870=CARTESIAN_POINT('',(0.407793,0.089415,0.00151));
#18871=CARTESIAN_POINT('',(0.407793,0.09329,0.00151));
#18872=CARTESIAN_POINT('',(0.407793,0.09329,0.00151));
#18873=CARTESIAN_POINT('',(0.396293,0.09329,0.00151));
#18874=CARTESIAN_POINT('',(0.314,-0.015724833164501,0.00151));
#18875=CARTESIAN_POINT('',(0.405418,-0.123561,0.00151));
#18876=CARTESIAN_POINT('',(0.405418,-0.125561,0.00151));
#18877=CARTESIAN_POINT('',(0.405418,-0.125561,-0.818190337734549));
#18878=CARTESIAN_POINT('',(0.405418,-0.125561,-0.02448));
#18879=CARTESIAN_POINT('',(0.405418,-0.123561,-0.818190337734549));
#18880=CARTESIAN_POINT('',(0.405418,-0.123561,-0.02448));
#18881=CARTESIAN_POINT('',(0.396293,-0.124561,-0.02448));
#18882=CARTESIAN_POINT('',(0.222582,-0.125561,-0.818190337734549));
#18883=CARTESIAN_POINT('',(0.222582,-0.125561,-0.02448));
#18884=CARTESIAN_POINT('',(0.222582,-0.125561,0.00151));
#18885=CARTESIAN_POINT('',(0.222582,-0.123561,-0.818190337734549));
#18886=CARTESIAN_POINT('',(0.222582,-0.123561,-0.02448));
#18887=CARTESIAN_POINT('',(0.222582,-0.123561,0.00151));
#18888=CARTESIAN_POINT('',(0.314,-0.015724833164501,0.00151));
#18889=CARTESIAN_POINT('',(0.396293,-0.124561,-0.02448));
#18890=CARTESIAN_POINT('',(0.396293,-0.124561,-0.02448));
#18891=CARTESIAN_POINT('',(0.230707,-0.133686,-0.02448));
#18892=CARTESIAN_POINT('',(0.232707,-0.133686,-0.02448));
#18893=CARTESIAN_POINT('',(0.232707,-0.133686,-0.818190337734549));
#18894=CARTESIAN_POINT('',(0.232707,-0.133686,0.00151));
#18895=CARTESIAN_POINT('',(0.230707,-0.133686,-0.818190337734549));
#18896=CARTESIAN_POINT('',(0.230707,-0.133686,0.00151));
#18897=CARTESIAN_POINT('',(0.314,-0.015724833164501,0.00151));
#18898=CARTESIAN_POINT('',(0.396293,-0.124561,-0.02448));
#18899=CARTESIAN_POINT('',(0.395293,-0.133686,-0.02448));
#18900=CARTESIAN_POINT('',(0.397293,-0.133686,-0.02448));
#18901=CARTESIAN_POINT('',(0.395293,-0.133686,-0.818190337734549));
#18902=CARTESIAN_POINT('',(0.395293,-0.133686,0.00151));
#18903=CARTESIAN_POINT('',(0.397293,-0.133686,-0.818190337734549));
#18904=CARTESIAN_POINT('',(0.397293,-0.133686,0.00151));
#18905=CARTESIAN_POINT('',(0.314,-0.015724833164501,0.00151));
#18906=CARTESIAN_POINT('',(0.237582,-0.124561,-0.04278));
#18907=CARTESIAN_POINT('',(0.237582,0.09329,-0.04278));
#18908=CARTESIAN_POINT('',(0.237582,0.10479,-0.04278));
#18909=CARTESIAN_POINT('',(0.237582,0.10479,-0.04278));
#18910=CARTESIAN_POINT('',(0.237582,0.10479,-0.04278));
#18911=CARTESIAN_POINT('',(0.231707,0.09329,-0.04278));
#18912=CARTESIAN_POINT('',(0.231707,0.087415,-0.04278));
#18913=CARTESIAN_POINT('',(0.237582,0.10479,-0.043782));
#18914=CARTESIAN_POINT('',(0.237582,0.10479,0.00051));
#18915=CARTESIAN_POINT('',(0.235582,-0.015724833164501,0.00051));
#18916=CARTESIAN_POINT('',(0.235582,0.10479,0.00051));
#18917=CARTESIAN_POINT('',(0.225519828291537,0.087415,-0.04278));
#18918=CARTESIAN_POINT('',(0.220207,0.087415,-0.04278));
#18919=CARTESIAN_POINT('',(0.235582,0.10479,0.00051));
#18920=CARTESIAN_POINT('',(0.235582,0.10479,0.00251));
#18921=CARTESIAN_POINT('',(0.220207,0.087415,-0.04278));
#18922=CARTESIAN_POINT('',(0.220207,0.087415,-0.04278));
#18923=CARTESIAN_POINT('',(0.314,0.10479,0.00251));
#18924=CARTESIAN_POINT('',(0.231707,0.10479,0.00251));
#18925=CARTESIAN_POINT('',(0.225519828291537,0.089415,0.00051));
#18926=CARTESIAN_POINT('',(0.220207,0.089415,0.00051));
#18927=CARTESIAN_POINT('',(0.220207,0.087415,0.0028));
#18928=CARTESIAN_POINT('',(0.220207,0.087415,0.00051));
#18929=CARTESIAN_POINT('',(0.231707,0.09329,0.00251));
#18930=CARTESIAN_POINT('',(0.220207,0.09329,0.00251));
#18931=CARTESIAN_POINT('',(0.220207,0.089415,0.00051));
#18932=CARTESIAN_POINT('',(0.220207,0.089415,0.00251));
#18933=CARTESIAN_POINT('',(0.220207,-0.015724833164501,0.00251));
#18934=CARTESIAN_POINT('',(0.396293,0.087415,-0.04278));
#18935=CARTESIAN_POINT('',(0.396293,0.087415,-0.04278));
#18936=CARTESIAN_POINT('',(0.407793,0.087415,-0.04278));
#18937=CARTESIAN_POINT('',(0.407793,0.087415,-0.04278));
#18938=CARTESIAN_POINT('',(0.407793,0.087415,-0.04278));
#18939=CARTESIAN_POINT('',(0.396293,0.09329,-0.04278));
#18940=CARTESIAN_POINT('',(0.391426300169824,0.0935743549946205,-0.04278));
#18941=CARTESIAN_POINT('',(0.391426300169824,0.0935743549946205,-0.0430441473375243));
#18942=CARTESIAN_POINT('',(0.391210850836483,0.0935838408596616,-0.0435617757877267));
#18943=CARTESIAN_POINT('',(0.390687343669913,0.0936063733259338,-0.0437800000000001));
#18944=CARTESIAN_POINT('',(0.390427131801798,0.0936174374464199,-0.04378));
#18945=CARTESIAN_POINT('',(0.407793,0.087415,-0.043782));
#18946=CARTESIAN_POINT('',(0.407793,0.087415,0.00051));
#18947=CARTESIAN_POINT('',(0.314,0.089415,0.00051));
#18948=CARTESIAN_POINT('',(0.407793,0.089415,0.00051));
#18949=CARTESIAN_POINT('',(0.390605186129074,0.099717389417038,-0.04278));
#18950=CARTESIAN_POINT('',(0.390753252912098,0.10479,-0.04278));
#18951=CARTESIAN_POINT('',(0.407793,0.089415,0.00051));
#18952=CARTESIAN_POINT('',(0.407793,0.089415,0.00251));
#18953=CARTESIAN_POINT('',(0.390753252912098,0.10479,-0.04278));
#18954=CARTESIAN_POINT('',(0.390753252912098,0.10479,-0.04278));
#18955=CARTESIAN_POINT('',(0.407793,-0.015724833164501,0.00251));
#18956=CARTESIAN_POINT('',(0.407793,0.09329,0.00251));
#18957=CARTESIAN_POINT('',(0.39260433464835,0.0996590353436879,0.00051));
#18958=CARTESIAN_POINT('',(0.392754104755486,0.10479,0.00051));
#18959=CARTESIAN_POINT('',(0.390753252912098,0.10479,0.0028));
#18960=CARTESIAN_POINT('',(0.390753252912098,0.10479,0.00051));
#18961=CARTESIAN_POINT('',(0.396293,0.09329,0.00251));
#18962=CARTESIAN_POINT('',(0.396293,0.10479,0.00251));
#18963=CARTESIAN_POINT('',(0.392754104755485,0.10479,0.00151));
#18964=CARTESIAN_POINT('',(0.392754104755485,0.10579,0.00151));
#18965=CARTESIAN_POINT('',(0.392754104755486,0.10579,0.00251));
#18966=CARTESIAN_POINT('',(0.392491970875239,0.104782361469028,0.00151000000000003));
#18967=CARTESIAN_POINT('',(0.392490965877934,0.105789999999992,0.00150233218072163));
#18968=CARTESIAN_POINT('',(0.392230282924163,0.10579,0.00250999999998398));
#18969=CARTESIAN_POINT('',(0.391969790148844,0.104767145222844,0.00129331385756506));
#18970=CARTESIAN_POINT('',(0.391982932414836,0.105789999999974,0.00126941422660095));
#18971=CARTESIAN_POINT('',(0.391186809779608,0.10579,0.00207662771513826));
#18972=CARTESIAN_POINT('',(0.391752827171736,0.104760822963333,0.00077179940961582));
#18973=CARTESIAN_POINT('',(0.391782868297565,0.10579000000006,0.000763931307857979));
#18974=CARTESIAN_POINT('',(0.390753252912126,0.10579,0.0010335988192319));
#18975=CARTESIAN_POINT('',(0.391752827171735,0.104760822963325,0.000509999999999998));
#18976=CARTESIAN_POINT('',(0.391782868297599,0.10579,0.000509999999999998));
#18977=CARTESIAN_POINT('',(0.390753252912097,0.10579,0.000509999999999996));
#18978=CARTESIAN_POINT('',(0.392754104755486,0.10479,0.00251));
#18979=CARTESIAN_POINT('',(0.314,0.10479,0.00251));
#18980=CARTESIAN_POINT('',(0.3565,0.08279,-0.05678));
#18981=MECHANICAL_DESIGN_GEOMETRIC_PRESENTATION_REPRESENTATION('',(#10445),
#18982);
#18982=(
GEOMETRIC_REPRESENTATION_CONTEXT(3)
GLOBAL_UNCERTAINTY_ASSIGNED_CONTEXT((#18983))
GLOBAL_UNIT_ASSIGNED_CONTEXT((#18986,#18985,#18984))
REPRESENTATION_CONTEXT('back-pi-display2','TOP_LEVEL_ASSEMBLY_PART')
);
#18983=UNCERTAINTY_MEASURE_WITH_UNIT(LENGTH_MEASURE(2.E-5),#18986,
'DISTANCE_ACCURACY_VALUE','Maximum Tolerance applied to model');
#18984=(
NAMED_UNIT(*)
SI_UNIT($,.STERADIAN.)
SOLID_ANGLE_UNIT()
);
#18985=(
NAMED_UNIT(*)
PLANE_ANGLE_UNIT()
SI_UNIT($,.RADIAN.)
);
#18986=(
LENGTH_UNIT()
NAMED_UNIT(*)
SI_UNIT($,.METRE.)
);
#18987=PRODUCT_DEFINITION_SHAPE('','',#18988);
#18988=PRODUCT_DEFINITION('','',#18990,#18989);
#18989=PRODUCT_DEFINITION_CONTEXT('',#18996,'design');
#18990=PRODUCT_DEFINITION_FORMATION_WITH_SPECIFIED_SOURCE('','',#18992,
 .NOT_KNOWN.);
#18991=PRODUCT_RELATED_PRODUCT_CATEGORY('','',(#18992));
#18992=PRODUCT('back-pi-display2','back-pi-display2','back-pi-display2',
(#18994));
#18993=PRODUCT_CATEGORY('','');
#18994=PRODUCT_CONTEXT('',#18996,'mechanical');
#18995=APPLICATION_PROTOCOL_DEFINITION('international standard',
'ap242_managed_model_based_3d_engineering',2020,#18996);
#18996=APPLICATION_CONTEXT('managed model based 3d engineering');
ENDSEC;
END-ISO-10303-21;
