ISO-10303-21;
HEADER;
/* Generated by software containing ST-Developer
 * from STEP Tools, Inc. (www.steptools.com) 
 */
/* OPTION: using custom renumber hook */

FILE_DESCRIPTION(
/* description */ ('STEP AP242 Edition 2',
'CAx-IF Rec.Pracs.---Representation and Presentation of Product Manufa
cturing Information (PMI)---4.0---2014-10-13',
'CAx-IF Rec.Pracs.---3D Tessellated Geometry---0.4---2014-09-14','2;1',
'CAx-IF Rec.Pracs.---User Defined Attributes---1.5---2016-08-15'),
/* implementation_level */ '2;1');

FILE_NAME(
/* name */ 
'Housing-Front____Master-Open-Flight-Monitor_-_Fillet19_ - Front-Displ
ay2-Included-Mount',
/* time_stamp */ '2026-09-10T17:30:44Z',
/* author */ (''),
/* organization */ (''),
/* preprocessor_version */ 'ST-DEVELOPER v20',
/* originating_system */ 'ONSHAPE BY PTC INC, 1.220',
/* authorisation */ '  ');

FILE_SCHEMA (('AP242_MANAGED_MODEL_BASED_3D_ENGINEERING_MIM_LF { 1 0 10303 442 3 1 4 }'));
ENDSEC;

DATA;
#10=SHAPE_REPRESENTATION_RELATIONSHIP('','',#3552,#11);
#11=ADVANCED_BREP_SHAPE_REPRESENTATION('',(#3550),#6134);
#12=TOROIDAL_SURFACE('',#3761,0.002,0.001);
#13=TOROIDAL_SURFACE('',#3763,0.002,0.001);
#14=TOROIDAL_SURFACE('',#3772,0.002,0.001);
#15=TOROIDAL_SURFACE('',#3774,0.002,0.001);
#16=TOROIDAL_SURFACE('',#3784,0.002,0.001);
#17=TOROIDAL_SURFACE('',#3786,0.002,0.001);
#18=TOROIDAL_SURFACE('',#3789,0.002,0.001);
#19=TOROIDAL_SURFACE('',#3801,0.002,0.001);
#20=TOROIDAL_SURFACE('',#3803,0.002,0.001);
#21=TOROIDAL_SURFACE('',#3805,0.002,0.001);
#22=TOROIDAL_SURFACE('',#3815,0.002,0.001);
#23=TOROIDAL_SURFACE('',#3817,0.002,0.001);
#24=TOROIDAL_SURFACE('',#3820,0.002,0.001);
#25=TOROIDAL_SURFACE('',#3832,0.002,0.001);
#26=TOROIDAL_SURFACE('',#3834,0.002,0.001);
#27=TOROIDAL_SURFACE('',#3836,0.002,0.001);
#28=TOROIDAL_SURFACE('',#3846,0.002,0.001);
#29=TOROIDAL_SURFACE('',#3848,0.002,0.001);
#30=TOROIDAL_SURFACE('',#3851,0.002,0.001);
#31=TOROIDAL_SURFACE('',#3863,0.002,0.001);
#32=TOROIDAL_SURFACE('',#3865,0.002,0.001);
#33=TOROIDAL_SURFACE('',#3867,0.002,0.001);
#34=TOROIDAL_SURFACE('',#3877,0.002,0.001);
#35=TOROIDAL_SURFACE('',#3879,0.002,0.001);
#36=B_SPLINE_CURVE_WITH_KNOTS('',3,(#5301,#5302,#5303,#5304),
 .UNSPECIFIED.,.F.,.F.,(4,4),(0.00858132433201312,0.0108305613422058),
 .UNSPECIFIED.);
#37=B_SPLINE_CURVE_WITH_KNOTS('',3,(#5312,#5313,#5314,#5315),
 .UNSPECIFIED.,.F.,.F.,(4,4),(0.00566124280360987,0.00788599845548358),
 .UNSPECIFIED.);
#38=B_SPLINE_CURVE_WITH_KNOTS('',3,(#5755,#5756,#5757,#5758,#5759),
 .UNSPECIFIED.,.F.,.F.,(4,1,4),(0.,0.00102374211662993,0.00204748423325985),
 .UNSPECIFIED.);
#39=B_SPLINE_CURVE_WITH_KNOTS('',3,(#5765,#5766,#5767,#5768,#5769),
 .UNSPECIFIED.,.F.,.F.,(4,1,4),(0.,0.00102374211662992,0.00204748423325984),
 .UNSPECIFIED.);
#40=B_SPLINE_CURVE_WITH_KNOTS('',3,(#5787,#5788,#5789,#5790,#5791),
 .UNSPECIFIED.,.F.,.F.,(4,1,4),(0.,0.00102374211662992,0.00204748423325984),
 .UNSPECIFIED.);
#41=B_SPLINE_CURVE_WITH_KNOTS('',3,(#5797,#5798,#5799,#5800,#5801),
 .UNSPECIFIED.,.F.,.F.,(4,1,4),(0.,0.00102374211662993,0.00204748423325986),
 .UNSPECIFIED.);
#42=B_SPLINE_CURVE_WITH_KNOTS('',3,(#5832,#5833,#5834,#5835,#5836),
 .UNSPECIFIED.,.F.,.F.,(4,1,4),(0.,0.00102374211662989,0.00204748423325978),
 .UNSPECIFIED.);
#43=B_SPLINE_CURVE_WITH_KNOTS('',3,(#5840,#5841,#5842,#5843,#5844),
 .UNSPECIFIED.,.F.,.F.,(4,1,4),(0.,0.0010237421166299,0.00204748423325981),
 .UNSPECIFIED.);
#44=B_SPLINE_CURVE_WITH_KNOTS('',3,(#5864,#5865,#5866,#5867,#5868),
 .UNSPECIFIED.,.F.,.F.,(4,1,4),(0.,0.00102374211662992,0.00204748423325985),
 .UNSPECIFIED.);
#45=B_SPLINE_CURVE_WITH_KNOTS('',3,(#5872,#5873,#5874,#5875,#5876),
 .UNSPECIFIED.,.F.,.F.,(4,1,4),(0.,0.00102374211662992,0.00204748423325983),
 .UNSPECIFIED.);
#46=CONICAL_SURFACE('',#3608,0.005,0.78539816339745);
#47=CONICAL_SURFACE('',#3610,0.005,0.78539816339745);
#48=CONICAL_SURFACE('',#3652,0.01375,0.0174532925199433);
#49=CONICAL_SURFACE('',#3654,0.01375,0.0174532925199433);
#50=CONICAL_SURFACE('',#3663,0.014,0.785398163397459);
#51=CONICAL_SURFACE('',#3665,0.014,0.785398163397466);
#52=CONICAL_SURFACE('',#3688,0.01375,0.0174532925199433);
#53=CONICAL_SURFACE('',#3689,0.01375,0.0174532925199433);
#54=CONICAL_SURFACE('',#3690,0.014,0.785398163397462);
#55=CONICAL_SURFACE('',#3691,0.014,0.785398163397462);
#56=CONICAL_SURFACE('',#3928,0.00205,0.785398163397463);
#57=CONICAL_SURFACE('',#3929,0.00205,0.785398163397463);
#58=CONICAL_SURFACE('',#3930,0.00205,0.785398163397463);
#59=CONICAL_SURFACE('',#3931,0.001575,0.785398163397463);
#60=CONICAL_SURFACE('',#3932,0.002025,0.785398163397462);
#61=CONICAL_SURFACE('',#3933,0.002025,0.785398163397462);
#62=LINE('',#5093,#347);
#63=LINE('',#5096,#348);
#64=LINE('',#5098,#349);
#65=LINE('',#5100,#350);
#66=LINE('',#5104,#351);
#67=LINE('',#5108,#352);
#68=LINE('',#5111,#353);
#69=LINE('',#5113,#354);
#70=LINE('',#5115,#355);
#71=LINE('',#5119,#356);
#72=LINE('',#5123,#357);
#73=LINE('',#5126,#358);
#74=LINE('',#5128,#359);
#75=LINE('',#5130,#360);
#76=LINE('',#5133,#361);
#77=LINE('',#5136,#362);
#78=LINE('',#5138,#363);
#79=LINE('',#5142,#364);
#80=LINE('',#5146,#365);
#81=LINE('',#5150,#366);
#82=LINE('',#5154,#367);
#83=LINE('',#5158,#368);
#84=LINE('',#5162,#369);
#85=LINE('',#5166,#370);
#86=LINE('',#5170,#371);
#87=LINE('',#5172,#372);
#88=LINE('',#5174,#373);
#89=LINE('',#5178,#374);
#90=LINE('',#5182,#375);
#91=LINE('',#5186,#376);
#92=LINE('',#5190,#377);
#93=LINE('',#5194,#378);
#94=LINE('',#5198,#379);
#95=LINE('',#5202,#380);
#96=LINE('',#5205,#381);
#97=LINE('',#5210,#382);
#98=LINE('',#5212,#383);
#99=LINE('',#5216,#384);
#100=LINE('',#5220,#385);
#101=LINE('',#5222,#386);
#102=LINE('',#5224,#387);
#103=LINE('',#5228,#388);
#104=LINE('',#5232,#389);
#105=LINE('',#5234,#390);
#106=LINE('',#5238,#391);
#107=LINE('',#5240,#392);
#108=LINE('',#5241,#393);
#109=LINE('',#5244,#394);
#110=LINE('',#5246,#395);
#111=LINE('',#5248,#396);
#112=LINE('',#5250,#397);
#113=LINE('',#5252,#398);
#114=LINE('',#5258,#399);
#115=LINE('',#5261,#400);
#116=LINE('',#5263,#401);
#117=LINE('',#5265,#402);
#118=LINE('',#5268,#403);
#119=LINE('',#5273,#404);
#120=LINE('',#5277,#405);
#121=LINE('',#5281,#406);
#122=LINE('',#5284,#407);
#123=LINE('',#5287,#408);
#124=LINE('',#5291,#409);
#125=LINE('',#5295,#410);
#126=LINE('',#5297,#411);
#127=LINE('',#5299,#412);
#128=LINE('',#5306,#413);
#129=LINE('',#5308,#414);
#130=LINE('',#5310,#415);
#131=LINE('',#5317,#416);
#132=LINE('',#5320,#417);
#133=LINE('',#5321,#418);
#134=LINE('',#5323,#419);
#135=LINE('',#5327,#420);
#136=LINE('',#5331,#421);
#137=LINE('',#5333,#422);
#138=LINE('',#5335,#423);
#139=LINE('',#5337,#424);
#140=LINE('',#5340,#425);
#141=LINE('',#5342,#426);
#142=LINE('',#5344,#427);
#143=LINE('',#5346,#428);
#144=LINE('',#5349,#429);
#145=LINE('',#5351,#430);
#146=LINE('',#5353,#431);
#147=LINE('',#5355,#432);
#148=LINE('',#5364,#433);
#149=LINE('',#5366,#434);
#150=LINE('',#5368,#435);
#151=LINE('',#5372,#436);
#152=LINE('',#5375,#437);
#153=LINE('',#5380,#438);
#154=LINE('',#5384,#439);
#155=LINE('',#5388,#440);
#156=LINE('',#5392,#441);
#157=LINE('',#5395,#442);
#158=LINE('',#5396,#443);
#159=LINE('',#5406,#444);
#160=LINE('',#5411,#445);
#161=LINE('',#5415,#446);
#162=LINE('',#5419,#447);
#163=LINE('',#5424,#448);
#164=LINE('',#5428,#449);
#165=LINE('',#5430,#450);
#166=LINE('',#5432,#451);
#167=LINE('',#5436,#452);
#168=LINE('',#5439,#453);
#169=LINE('',#5443,#454);
#170=LINE('',#5444,#455);
#171=LINE('',#5448,#456);
#172=LINE('',#5449,#457);
#173=LINE('',#5452,#458);
#174=LINE('',#5456,#459);
#175=LINE('',#5457,#460);
#176=LINE('',#5459,#461);
#177=LINE('',#5461,#462);
#178=LINE('',#5463,#463);
#179=LINE('',#5465,#464);
#180=LINE('',#5467,#465);
#181=LINE('',#5469,#466);
#182=LINE('',#5471,#467);
#183=LINE('',#5473,#468);
#184=LINE('',#5475,#469);
#185=LINE('',#5477,#470);
#186=LINE('',#5479,#471);
#187=LINE('',#5480,#472);
#188=LINE('',#5482,#473);
#189=LINE('',#5484,#474);
#190=LINE('',#5486,#475);
#191=LINE('',#5488,#476);
#192=LINE('',#5490,#477);
#193=LINE('',#5492,#478);
#194=LINE('',#5494,#479);
#195=LINE('',#5496,#480);
#196=LINE('',#5498,#481);
#197=LINE('',#5500,#482);
#198=LINE('',#5502,#483);
#199=LINE('',#5504,#484);
#200=LINE('',#5506,#485);
#201=LINE('',#5508,#486);
#202=LINE('',#5510,#487);
#203=LINE('',#5512,#488);
#204=LINE('',#5515,#489);
#205=LINE('',#5517,#490);
#206=LINE('',#5519,#491);
#207=LINE('',#5521,#492);
#208=LINE('',#5524,#493);
#209=LINE('',#5528,#494);
#210=LINE('',#5529,#495);
#211=LINE('',#5531,#496);
#212=LINE('',#5533,#497);
#213=LINE('',#5535,#498);
#214=LINE('',#5536,#499);
#215=LINE('',#5538,#500);
#216=LINE('',#5540,#501);
#217=LINE('',#5542,#502);
#218=LINE('',#5543,#503);
#219=LINE('',#5550,#504);
#220=LINE('',#5551,#505);
#221=LINE('',#5552,#506);
#222=LINE('',#5553,#507);
#223=LINE('',#5555,#508);
#224=LINE('',#5556,#509);
#225=LINE('',#5557,#510);
#226=LINE('',#5558,#511);
#227=LINE('',#5560,#512);
#228=LINE('',#5563,#513);
#229=LINE('',#5565,#514);
#230=LINE('',#5567,#515);
#231=LINE('',#5569,#516);
#232=LINE('',#5571,#517);
#233=LINE('',#5575,#518);
#234=LINE('',#5578,#519);
#235=LINE('',#5580,#520);
#236=LINE('',#5582,#521);
#237=LINE('',#5584,#522);
#238=LINE('',#5587,#523);
#239=LINE('',#5589,#524);
#240=LINE('',#5593,#525);
#241=LINE('',#5595,#526);
#242=LINE('',#5597,#527);
#243=LINE('',#5599,#528);
#244=LINE('',#5602,#529);
#245=LINE('',#5604,#530);
#246=LINE('',#5606,#531);
#247=LINE('',#5608,#532);
#248=LINE('',#5611,#533);
#249=LINE('',#5613,#534);
#250=LINE('',#5615,#535);
#251=LINE('',#5617,#536);
#252=LINE('',#5620,#537);
#253=LINE('',#5622,#538);
#254=LINE('',#5626,#539);
#255=LINE('',#5628,#540);
#256=LINE('',#5630,#541);
#257=LINE('',#5632,#542);
#258=LINE('',#5635,#543);
#259=LINE('',#5637,#544);
#260=LINE('',#5639,#545);
#261=LINE('',#5641,#546);
#262=LINE('',#5644,#547);
#263=LINE('',#5646,#548);
#264=LINE('',#5648,#549);
#265=LINE('',#5650,#550);
#266=LINE('',#5652,#551);
#267=LINE('',#5656,#552);
#268=LINE('',#5659,#553);
#269=LINE('',#5661,#554);
#270=LINE('',#5663,#555);
#271=LINE('',#5665,#556);
#272=LINE('',#5668,#557);
#273=LINE('',#5670,#558);
#274=LINE('',#5674,#559);
#275=LINE('',#5676,#560);
#276=LINE('',#5678,#561);
#277=LINE('',#5680,#562);
#278=LINE('',#5683,#563);
#279=LINE('',#5685,#564);
#280=LINE('',#5687,#565);
#281=LINE('',#5689,#566);
#282=LINE('',#5692,#567);
#283=LINE('',#5694,#568);
#284=LINE('',#5696,#569);
#285=LINE('',#5698,#570);
#286=LINE('',#5700,#571);
#287=LINE('',#5704,#572);
#288=LINE('',#5707,#573);
#289=LINE('',#5709,#574);
#290=LINE('',#5711,#575);
#291=LINE('',#5713,#576);
#292=LINE('',#5716,#577);
#293=LINE('',#5718,#578);
#294=LINE('',#5722,#579);
#295=LINE('',#5724,#580);
#296=LINE('',#5726,#581);
#297=LINE('',#5728,#582);
#298=LINE('',#5731,#583);
#299=LINE('',#5733,#584);
#300=LINE('',#5735,#585);
#301=LINE('',#5737,#586);
#302=LINE('',#5740,#587);
#303=LINE('',#5742,#588);
#304=LINE('',#5744,#589);
#305=LINE('',#5746,#590);
#306=LINE('',#5748,#591);
#307=LINE('',#5752,#592);
#308=LINE('',#5762,#593);
#309=LINE('',#5771,#594);
#310=LINE('',#5773,#595);
#311=LINE('',#5775,#596);
#312=LINE('',#5784,#597);
#313=LINE('',#5794,#598);
#314=LINE('',#5803,#599);
#315=LINE('',#5806,#600);
#316=LINE('',#5807,#601);
#317=LINE('',#5816,#602);
#318=LINE('',#5819,#603);
#319=LINE('',#5821,#604);
#320=LINE('',#5823,#605);
#321=LINE('',#5838,#606);
#322=LINE('',#5848,#607);
#323=LINE('',#5851,#608);
#324=LINE('',#5853,#609);
#325=LINE('',#5855,#610);
#326=LINE('',#5870,#611);
#327=LINE('',#6094,#612);
#328=LINE('',#6096,#613);
#329=LINE('',#6098,#614);
#330=LINE('',#6100,#615);
#331=LINE('',#6102,#616);
#332=LINE('',#6104,#617);
#333=LINE('',#6106,#618);
#334=LINE('',#6108,#619);
#335=LINE('',#6110,#620);
#336=LINE('',#6112,#621);
#337=LINE('',#6114,#622);
#338=LINE('',#6116,#623);
#339=LINE('',#6118,#624);
#340=LINE('',#6120,#625);
#341=LINE('',#6122,#626);
#342=LINE('',#6124,#627);
#343=LINE('',#6126,#628);
#344=LINE('',#6127,#629);
#345=LINE('',#6129,#630);
#346=LINE('',#6131,#631);
#347=VECTOR('',#3992,1.);
#348=VECTOR('',#3993,1.);
#349=VECTOR('',#3994,1.);
#350=VECTOR('',#3995,1.);
#351=VECTOR('',#4000,1.);
#352=VECTOR('',#4005,1.);
#353=VECTOR('',#4006,1.);
#354=VECTOR('',#4007,1.);
#355=VECTOR('',#4008,1.);
#356=VECTOR('',#4013,1.);
#357=VECTOR('',#4018,1.);
#358=VECTOR('',#4019,1.);
#359=VECTOR('',#4020,1.);
#360=VECTOR('',#4021,1.);
#361=VECTOR('',#4024,1.);
#362=VECTOR('',#4025,1.);
#363=VECTOR('',#4026,1.);
#364=VECTOR('',#4029,1.);
#365=VECTOR('',#4032,1.);
#366=VECTOR('',#4035,1.);
#367=VECTOR('',#4038,1.);
#368=VECTOR('',#4041,1.);
#369=VECTOR('',#4044,1.);
#370=VECTOR('',#4047,1.);
#371=VECTOR('',#4050,1.);
#372=VECTOR('',#4051,1.);
#373=VECTOR('',#4052,1.);
#374=VECTOR('',#4055,1.);
#375=VECTOR('',#4058,1.);
#376=VECTOR('',#4061,1.);
#377=VECTOR('',#4064,1.);
#378=VECTOR('',#4067,1.);
#379=VECTOR('',#4070,1.);
#380=VECTOR('',#4073,1.);
#381=VECTOR('',#4076,1.);
#382=VECTOR('',#4079,1.);
#383=VECTOR('',#4080,1.);
#384=VECTOR('',#4083,1.);
#385=VECTOR('',#4086,1.);
#386=VECTOR('',#4087,1.);
#387=VECTOR('',#4088,1.);
#388=VECTOR('',#4091,1.);
#389=VECTOR('',#4094,1.);
#390=VECTOR('',#4095,1.);
#391=VECTOR('',#4098,1.);
#392=VECTOR('',#4099,1.);
#393=VECTOR('',#4100,1.);
#394=VECTOR('',#4101,1.);
#395=VECTOR('',#4102,1.);
#396=VECTOR('',#4103,1.);
#397=VECTOR('',#4104,1.);
#398=VECTOR('',#4105,1.);
#399=VECTOR('',#4112,1.);
#400=VECTOR('',#4113,1.);
#401=VECTOR('',#4114,1.);
#402=VECTOR('',#4115,1.);
#403=VECTOR('',#4118,1.);
#404=VECTOR('',#4121,1.);
#405=VECTOR('',#4124,1.);
#406=VECTOR('',#4127,1.);
#407=VECTOR('',#4130,1.);
#408=VECTOR('',#4131,1.);
#409=VECTOR('',#4134,1.);
#410=VECTOR('',#4137,1.);
#411=VECTOR('',#4138,1.);
#412=VECTOR('',#4139,1.);
#413=VECTOR('',#4142,1.);
#414=VECTOR('',#4145,1.);
#415=VECTOR('',#4146,1.);
#416=VECTOR('',#4151,1.);
#417=VECTOR('',#4152,1.);
#418=VECTOR('',#4153,1.);
#419=VECTOR('',#4156,1.);
#420=VECTOR('',#4161,1.);
#421=VECTOR('',#4166,1.);
#422=VECTOR('',#4167,1.);
#423=VECTOR('',#4168,1.);
#424=VECTOR('',#4171,1.);
#425=VECTOR('',#4172,1.);
#426=VECTOR('',#4173,1.);
#427=VECTOR('',#4174,1.);
#428=VECTOR('',#4177,1.);
#429=VECTOR('',#4178,1.);
#430=VECTOR('',#4179,1.);
#431=VECTOR('',#4180,1.);
#432=VECTOR('',#4183,1.);
#433=VECTOR('',#4196,1.);
#434=VECTOR('',#4197,1.);
#435=VECTOR('',#4198,1.);
#436=VECTOR('',#4203,1.);
#437=VECTOR('',#4206,1.);
#438=VECTOR('',#4209,1.);
#439=VECTOR('',#4212,1.);
#440=VECTOR('',#4215,1.);
#441=VECTOR('',#4220,1.);
#442=VECTOR('',#4221,1.);
#443=VECTOR('',#4222,1.);
#444=VECTOR('',#4233,1.);
#445=VECTOR('',#4236,1.);
#446=VECTOR('',#4239,1.);
#447=VECTOR('',#4242,1.);
#448=VECTOR('',#4247,1.);
#449=VECTOR('',#4250,1.);
#450=VECTOR('',#4251,1.);
#451=VECTOR('',#4252,1.);
#452=VECTOR('',#4255,1.);
#453=VECTOR('',#4258,1.);
#454=VECTOR('',#4261,1.);
#455=VECTOR('',#4262,1.);
#456=VECTOR('',#4265,1.);
#457=VECTOR('',#4266,1.);
#458=VECTOR('',#4269,1.);
#459=VECTOR('',#4274,1.);
#460=VECTOR('',#4275,1.);
#461=VECTOR('',#4278,1.);
#462=VECTOR('',#4281,1.);
#463=VECTOR('',#4284,1.);
#464=VECTOR('',#4287,1.);
#465=VECTOR('',#4290,1.);
#466=VECTOR('',#4293,1.);
#467=VECTOR('',#4296,1.);
#468=VECTOR('',#4299,1.);
#469=VECTOR('',#4302,1.);
#470=VECTOR('',#4305,1.);
#471=VECTOR('',#4308,1.);
#472=VECTOR('',#4309,1.);
#473=VECTOR('',#4312,1.);
#474=VECTOR('',#4315,1.);
#475=VECTOR('',#4318,1.);
#476=VECTOR('',#4321,1.);
#477=VECTOR('',#4324,1.);
#478=VECTOR('',#4325,1.);
#479=VECTOR('',#4326,1.);
#480=VECTOR('',#4329,1.);
#481=VECTOR('',#4330,1.);
#482=VECTOR('',#4333,1.);
#483=VECTOR('',#4334,1.);
#484=VECTOR('',#4337,1.);
#485=VECTOR('',#4338,1.);
#486=VECTOR('',#4341,1.);
#487=VECTOR('',#4342,1.);
#488=VECTOR('',#4345,1.);
#489=VECTOR('',#4350,1.);
#490=VECTOR('',#4351,1.);
#491=VECTOR('',#4352,1.);
#492=VECTOR('',#4355,1.);
#493=VECTOR('',#4360,1.);
#494=VECTOR('',#4367,1.);
#495=VECTOR('',#4368,1.);
#496=VECTOR('',#4371,1.);
#497=VECTOR('',#4374,1.);
#498=VECTOR('',#4377,1.);
#499=VECTOR('',#4378,1.);
#500=VECTOR('',#4381,1.);
#501=VECTOR('',#4384,1.);
#502=VECTOR('',#4387,1.);
#503=VECTOR('',#4388,1.);
#504=VECTOR('',#4401,1.);
#505=VECTOR('',#4402,1.);
#506=VECTOR('',#4403,1.);
#507=VECTOR('',#4404,1.);
#508=VECTOR('',#4407,1.);
#509=VECTOR('',#4408,1.);
#510=VECTOR('',#4409,1.);
#511=VECTOR('',#4410,1.);
#512=VECTOR('',#4413,1.);
#513=VECTOR('',#4414,1.);
#514=VECTOR('',#4415,1.);
#515=VECTOR('',#4416,1.);
#516=VECTOR('',#4417,1.);
#517=VECTOR('',#4418,1.);
#518=VECTOR('',#4423,1.);
#519=VECTOR('',#4424,1.);
#520=VECTOR('',#4425,1.);
#521=VECTOR('',#4426,1.);
#522=VECTOR('',#4429,1.);
#523=VECTOR('',#4430,1.);
#524=VECTOR('',#4431,1.);
#525=VECTOR('',#4434,1.);
#526=VECTOR('',#4435,1.);
#527=VECTOR('',#4436,1.);
#528=VECTOR('',#4439,1.);
#529=VECTOR('',#4440,1.);
#530=VECTOR('',#4441,1.);
#531=VECTOR('',#4442,1.);
#532=VECTOR('',#4445,1.);
#533=VECTOR('',#4446,1.);
#534=VECTOR('',#4447,1.);
#535=VECTOR('',#4448,1.);
#536=VECTOR('',#4451,1.);
#537=VECTOR('',#4452,1.);
#538=VECTOR('',#4453,1.);
#539=VECTOR('',#4456,1.);
#540=VECTOR('',#4457,1.);
#541=VECTOR('',#4458,1.);
#542=VECTOR('',#4461,1.);
#543=VECTOR('',#4462,1.);
#544=VECTOR('',#4463,1.);
#545=VECTOR('',#4464,1.);
#546=VECTOR('',#4467,1.);
#547=VECTOR('',#4468,1.);
#548=VECTOR('',#4469,1.);
#549=VECTOR('',#4470,1.);
#550=VECTOR('',#4471,1.);
#551=VECTOR('',#4472,1.);
#552=VECTOR('',#4477,1.);
#553=VECTOR('',#4478,1.);
#554=VECTOR('',#4479,1.);
#555=VECTOR('',#4480,1.);
#556=VECTOR('',#4483,1.);
#557=VECTOR('',#4484,1.);
#558=VECTOR('',#4485,1.);
#559=VECTOR('',#4488,1.);
#560=VECTOR('',#4489,1.);
#561=VECTOR('',#4490,1.);
#562=VECTOR('',#4493,1.);
#563=VECTOR('',#4494,1.);
#564=VECTOR('',#4495,1.);
#565=VECTOR('',#4496,1.);
#566=VECTOR('',#4499,1.);
#567=VECTOR('',#4500,1.);
#568=VECTOR('',#4501,1.);
#569=VECTOR('',#4502,1.);
#570=VECTOR('',#4503,1.);
#571=VECTOR('',#4504,1.);
#572=VECTOR('',#4509,1.);
#573=VECTOR('',#4510,1.);
#574=VECTOR('',#4511,1.);
#575=VECTOR('',#4512,1.);
#576=VECTOR('',#4515,1.);
#577=VECTOR('',#4516,1.);
#578=VECTOR('',#4517,1.);
#579=VECTOR('',#4520,1.);
#580=VECTOR('',#4521,1.);
#581=VECTOR('',#4522,1.);
#582=VECTOR('',#4525,1.);
#583=VECTOR('',#4526,1.);
#584=VECTOR('',#4527,1.);
#585=VECTOR('',#4528,1.);
#586=VECTOR('',#4531,1.);
#587=VECTOR('',#4532,1.);
#588=VECTOR('',#4533,1.);
#589=VECTOR('',#4534,1.);
#590=VECTOR('',#4535,1.);
#591=VECTOR('',#4536,1.);
#592=VECTOR('',#4541,1.);
#593=VECTOR('',#4544,1.);
#594=VECTOR('',#4549,1.);
#595=VECTOR('',#4550,1.);
#596=VECTOR('',#4551,1.);
#597=VECTOR('',#4566,1.);
#598=VECTOR('',#4569,1.);
#599=VECTOR('',#4574,1.);
#600=VECTOR('',#4575,1.);
#601=VECTOR('',#4576,1.);
#602=VECTOR('',#4591,1.);
#603=VECTOR('',#4592,1.);
#604=VECTOR('',#4593,1.);
#605=VECTOR('',#4594,1.);
#606=VECTOR('',#4609,1.);
#607=VECTOR('',#4616,1.);
#608=VECTOR('',#4617,1.);
#609=VECTOR('',#4618,1.);
#610=VECTOR('',#4619,1.);
#611=VECTOR('',#4634,1.);
#612=VECTOR('',#5029,1.);
#613=VECTOR('',#5030,1.);
#614=VECTOR('',#5031,1.);
#615=VECTOR('',#5034,1.);
#616=VECTOR('',#5035,1.);
#617=VECTOR('',#5038,1.);
#618=VECTOR('',#5039,1.);
#619=VECTOR('',#5042,1.);
#620=VECTOR('',#5045,1.);
#621=VECTOR('',#5046,1.);
#622=VECTOR('',#5047,1.);
#623=VECTOR('',#5050,1.);
#624=VECTOR('',#5051,1.);
#625=VECTOR('',#5054,1.);
#626=VECTOR('',#5055,1.);
#627=VECTOR('',#5058,1.);
#628=VECTOR('',#5061,1.);
#629=VECTOR('',#5062,1.);
#630=VECTOR('',#5065,1.);
#631=VECTOR('',#5068,1.);
#632=PLANE('',#3566);
#633=PLANE('',#3567);
#634=PLANE('',#3570);
#635=PLANE('',#3571);
#636=PLANE('',#3574);
#637=PLANE('',#3600);
#638=PLANE('',#3609);
#639=PLANE('',#3611);
#640=PLANE('',#3616);
#641=PLANE('',#3617);
#642=PLANE('',#3618);
#643=PLANE('',#3625);
#644=PLANE('',#3626);
#645=PLANE('',#3633);
#646=PLANE('',#3634);
#647=PLANE('',#3651);
#648=PLANE('',#3653);
#649=PLANE('',#3655);
#650=PLANE('',#3656);
#651=PLANE('',#3657);
#652=PLANE('',#3658);
#653=PLANE('',#3659);
#654=PLANE('',#3660);
#655=PLANE('',#3661);
#656=PLANE('',#3662);
#657=PLANE('',#3664);
#658=PLANE('',#3666);
#659=PLANE('',#3667);
#660=PLANE('',#3668);
#661=PLANE('',#3669);
#662=PLANE('',#3670);
#663=PLANE('',#3671);
#664=PLANE('',#3672);
#665=PLANE('',#3673);
#666=PLANE('',#3674);
#667=PLANE('',#3677);
#668=PLANE('',#3680);
#669=PLANE('',#3682);
#670=PLANE('',#3683);
#671=PLANE('',#3684);
#672=PLANE('',#3685);
#673=PLANE('',#3686);
#674=PLANE('',#3692);
#675=PLANE('',#3693);
#676=PLANE('',#3694);
#677=PLANE('',#3696);
#678=PLANE('',#3697);
#679=PLANE('',#3699);
#680=PLANE('',#3700);
#681=PLANE('',#3701);
#682=PLANE('',#3703);
#683=PLANE('',#3704);
#684=PLANE('',#3706);
#685=PLANE('',#3707);
#686=PLANE('',#3709);
#687=PLANE('',#3710);
#688=PLANE('',#3712);
#689=PLANE('',#3713);
#690=PLANE('',#3715);
#691=PLANE('',#3716);
#692=PLANE('',#3718);
#693=PLANE('',#3721);
#694=PLANE('',#3722);
#695=PLANE('',#3728);
#696=PLANE('',#3731);
#697=PLANE('',#3732);
#698=PLANE('',#3738);
#699=PLANE('',#3739);
#700=PLANE('',#3745);
#701=PLANE('',#3748);
#702=PLANE('',#3749);
#703=PLANE('',#3755);
#704=PLANE('',#3890);
#705=PLANE('',#3891);
#706=PLANE('',#3898);
#707=PLANE('',#3900);
#708=PLANE('',#3909);
#709=PLANE('',#3934);
#710=PLANE('',#3935);
#711=PLANE('',#3936);
#712=PLANE('',#3937);
#713=PLANE('',#3938);
#714=PLANE('',#3939);
#715=PLANE('',#3942);
#716=PLANE('',#3945);
#717=PLANE('',#3948);
#718=PLANE('',#3951);
#719=PLANE('',#3952);
#720=PLANE('',#3953);
#721=PLANE('',#3954);
#722=PLANE('',#3955);
#723=PLANE('',#3956);
#724=PLANE('',#3957);
#725=PLANE('',#3958);
#726=PLANE('',#3959);
#727=PLANE('',#3960);
#728=PLANE('',#3961);
#729=PLANE('',#3962);
#730=PLANE('',#3963);
#731=ORIENTED_EDGE('',*,*,#1713,.F.);
#732=ORIENTED_EDGE('',*,*,#1714,.T.);
#733=ORIENTED_EDGE('',*,*,#1715,.F.);
#734=ORIENTED_EDGE('',*,*,#1716,.T.);
#735=ORIENTED_EDGE('',*,*,#1717,.F.);
#736=ORIENTED_EDGE('',*,*,#1718,.T.);
#737=ORIENTED_EDGE('',*,*,#1719,.F.);
#738=ORIENTED_EDGE('',*,*,#1720,.T.);
#739=ORIENTED_EDGE('',*,*,#1721,.F.);
#740=ORIENTED_EDGE('',*,*,#1722,.T.);
#741=ORIENTED_EDGE('',*,*,#1723,.F.);
#742=ORIENTED_EDGE('',*,*,#1724,.F.);
#743=ORIENTED_EDGE('',*,*,#1725,.F.);
#744=ORIENTED_EDGE('',*,*,#1726,.F.);
#745=ORIENTED_EDGE('',*,*,#1727,.F.);
#746=ORIENTED_EDGE('',*,*,#1722,.F.);
#747=ORIENTED_EDGE('',*,*,#1728,.F.);
#748=ORIENTED_EDGE('',*,*,#1729,.T.);
#749=ORIENTED_EDGE('',*,*,#1730,.F.);
#750=ORIENTED_EDGE('',*,*,#1731,.F.);
#751=ORIENTED_EDGE('',*,*,#1732,.F.);
#752=ORIENTED_EDGE('',*,*,#1733,.F.);
#753=ORIENTED_EDGE('',*,*,#1734,.F.);
#754=ORIENTED_EDGE('',*,*,#1729,.F.);
#755=ORIENTED_EDGE('',*,*,#1735,.T.);
#756=ORIENTED_EDGE('',*,*,#1736,.T.);
#757=ORIENTED_EDGE('',*,*,#1737,.T.);
#758=ORIENTED_EDGE('',*,*,#1738,.T.);
#759=ORIENTED_EDGE('',*,*,#1739,.F.);
#760=ORIENTED_EDGE('',*,*,#1740,.F.);
#761=ORIENTED_EDGE('',*,*,#1741,.T.);
#762=ORIENTED_EDGE('',*,*,#1742,.T.);
#763=ORIENTED_EDGE('',*,*,#1743,.F.);
#764=ORIENTED_EDGE('',*,*,#1744,.T.);
#765=ORIENTED_EDGE('',*,*,#1745,.F.);
#766=ORIENTED_EDGE('',*,*,#1746,.T.);
#767=ORIENTED_EDGE('',*,*,#1747,.F.);
#768=ORIENTED_EDGE('',*,*,#1748,.T.);
#769=ORIENTED_EDGE('',*,*,#1749,.F.);
#770=ORIENTED_EDGE('',*,*,#1750,.T.);
#771=ORIENTED_EDGE('',*,*,#1751,.F.);
#772=ORIENTED_EDGE('',*,*,#1752,.T.);
#773=ORIENTED_EDGE('',*,*,#1753,.F.);
#774=ORIENTED_EDGE('',*,*,#1754,.T.);
#775=ORIENTED_EDGE('',*,*,#1755,.F.);
#776=ORIENTED_EDGE('',*,*,#1756,.T.);
#777=ORIENTED_EDGE('',*,*,#1757,.F.);
#778=ORIENTED_EDGE('',*,*,#1758,.T.);
#779=ORIENTED_EDGE('',*,*,#1759,.F.);
#780=ORIENTED_EDGE('',*,*,#1760,.F.);
#781=ORIENTED_EDGE('',*,*,#1761,.F.);
#782=ORIENTED_EDGE('',*,*,#1762,.T.);
#783=ORIENTED_EDGE('',*,*,#1763,.F.);
#784=ORIENTED_EDGE('',*,*,#1764,.T.);
#785=ORIENTED_EDGE('',*,*,#1765,.F.);
#786=ORIENTED_EDGE('',*,*,#1766,.T.);
#787=ORIENTED_EDGE('',*,*,#1767,.F.);
#788=ORIENTED_EDGE('',*,*,#1768,.F.);
#789=ORIENTED_EDGE('',*,*,#1769,.F.);
#790=ORIENTED_EDGE('',*,*,#1770,.T.);
#791=ORIENTED_EDGE('',*,*,#1771,.F.);
#792=ORIENTED_EDGE('',*,*,#1772,.T.);
#793=ORIENTED_EDGE('',*,*,#1773,.F.);
#794=ORIENTED_EDGE('',*,*,#1774,.T.);
#795=ORIENTED_EDGE('',*,*,#1775,.F.);
#796=ORIENTED_EDGE('',*,*,#1776,.F.);
#797=ORIENTED_EDGE('',*,*,#1777,.F.);
#798=ORIENTED_EDGE('',*,*,#1778,.F.);
#799=ORIENTED_EDGE('',*,*,#1779,.F.);
#800=ORIENTED_EDGE('',*,*,#1780,.F.);
#801=ORIENTED_EDGE('',*,*,#1781,.F.);
#802=ORIENTED_EDGE('',*,*,#1782,.F.);
#803=ORIENTED_EDGE('',*,*,#1783,.F.);
#804=ORIENTED_EDGE('',*,*,#1784,.F.);
#805=ORIENTED_EDGE('',*,*,#1785,.F.);
#806=ORIENTED_EDGE('',*,*,#1786,.F.);
#807=ORIENTED_EDGE('',*,*,#1787,.F.);
#808=ORIENTED_EDGE('',*,*,#1788,.F.);
#809=ORIENTED_EDGE('',*,*,#1789,.F.);
#810=ORIENTED_EDGE('',*,*,#1790,.F.);
#811=ORIENTED_EDGE('',*,*,#1791,.F.);
#812=ORIENTED_EDGE('',*,*,#1792,.F.);
#813=ORIENTED_EDGE('',*,*,#1793,.F.);
#814=ORIENTED_EDGE('',*,*,#1794,.T.);
#815=ORIENTED_EDGE('',*,*,#1795,.T.);
#816=ORIENTED_EDGE('',*,*,#1796,.T.);
#817=ORIENTED_EDGE('',*,*,#1797,.T.);
#818=ORIENTED_EDGE('',*,*,#1798,.F.);
#819=ORIENTED_EDGE('',*,*,#1799,.F.);
#820=ORIENTED_EDGE('',*,*,#1800,.F.);
#821=ORIENTED_EDGE('',*,*,#1801,.T.);
#822=ORIENTED_EDGE('',*,*,#1802,.F.);
#823=ORIENTED_EDGE('',*,*,#1803,.F.);
#824=ORIENTED_EDGE('',*,*,#1804,.T.);
#825=ORIENTED_EDGE('',*,*,#1805,.T.);
#826=ORIENTED_EDGE('',*,*,#1806,.F.);
#827=ORIENTED_EDGE('',*,*,#1807,.T.);
#828=ORIENTED_EDGE('',*,*,#1808,.T.);
#829=ORIENTED_EDGE('',*,*,#1809,.T.);
#830=ORIENTED_EDGE('',*,*,#1810,.T.);
#831=ORIENTED_EDGE('',*,*,#1811,.T.);
#832=ORIENTED_EDGE('',*,*,#1812,.T.);
#833=ORIENTED_EDGE('',*,*,#1813,.T.);
#834=ORIENTED_EDGE('',*,*,#1814,.T.);
#835=ORIENTED_EDGE('',*,*,#1815,.F.);
#836=ORIENTED_EDGE('',*,*,#1816,.T.);
#837=ORIENTED_EDGE('',*,*,#1817,.T.);
#838=ORIENTED_EDGE('',*,*,#1818,.T.);
#839=ORIENTED_EDGE('',*,*,#1819,.T.);
#840=ORIENTED_EDGE('',*,*,#1820,.T.);
#841=ORIENTED_EDGE('',*,*,#1821,.T.);
#842=ORIENTED_EDGE('',*,*,#1822,.F.);
#843=ORIENTED_EDGE('',*,*,#1823,.F.);
#844=ORIENTED_EDGE('',*,*,#1819,.F.);
#845=ORIENTED_EDGE('',*,*,#1824,.F.);
#846=ORIENTED_EDGE('',*,*,#1825,.F.);
#847=ORIENTED_EDGE('',*,*,#1826,.T.);
#848=ORIENTED_EDGE('',*,*,#1824,.T.);
#849=ORIENTED_EDGE('',*,*,#1818,.F.);
#850=ORIENTED_EDGE('',*,*,#1827,.F.);
#851=ORIENTED_EDGE('',*,*,#1825,.T.);
#852=ORIENTED_EDGE('',*,*,#1817,.F.);
#853=ORIENTED_EDGE('',*,*,#1828,.T.);
#854=ORIENTED_EDGE('',*,*,#1829,.T.);
#855=ORIENTED_EDGE('',*,*,#1793,.T.);
#856=ORIENTED_EDGE('',*,*,#1830,.F.);
#857=ORIENTED_EDGE('',*,*,#1734,.T.);
#858=ORIENTED_EDGE('',*,*,#1831,.T.);
#859=ORIENTED_EDGE('',*,*,#1832,.T.);
#860=ORIENTED_EDGE('',*,*,#1730,.T.);
#861=ORIENTED_EDGE('',*,*,#1727,.T.);
#862=ORIENTED_EDGE('',*,*,#1833,.T.);
#863=ORIENTED_EDGE('',*,*,#1834,.T.);
#864=ORIENTED_EDGE('',*,*,#1723,.T.);
#865=ORIENTED_EDGE('',*,*,#1789,.T.);
#866=ORIENTED_EDGE('',*,*,#1835,.T.);
#867=ORIENTED_EDGE('',*,*,#1836,.T.);
#868=ORIENTED_EDGE('',*,*,#1837,.T.);
#869=ORIENTED_EDGE('',*,*,#1838,.T.);
#870=ORIENTED_EDGE('',*,*,#1839,.T.);
#871=ORIENTED_EDGE('',*,*,#1840,.F.);
#872=ORIENTED_EDGE('',*,*,#1841,.F.);
#873=ORIENTED_EDGE('',*,*,#1842,.F.);
#874=ORIENTED_EDGE('',*,*,#1843,.T.);
#875=ORIENTED_EDGE('',*,*,#1844,.T.);
#876=ORIENTED_EDGE('',*,*,#1845,.F.);
#877=ORIENTED_EDGE('',*,*,#1846,.F.);
#878=ORIENTED_EDGE('',*,*,#1847,.T.);
#879=ORIENTED_EDGE('',*,*,#1842,.T.);
#880=ORIENTED_EDGE('',*,*,#1848,.F.);
#881=ORIENTED_EDGE('',*,*,#1844,.F.);
#882=ORIENTED_EDGE('',*,*,#1849,.T.);
#883=ORIENTED_EDGE('',*,*,#1841,.T.);
#884=ORIENTED_EDGE('',*,*,#1850,.F.);
#885=ORIENTED_EDGE('',*,*,#1851,.F.);
#886=ORIENTED_EDGE('',*,*,#1852,.F.);
#887=ORIENTED_EDGE('',*,*,#1853,.T.);
#888=ORIENTED_EDGE('',*,*,#1846,.T.);
#889=ORIENTED_EDGE('',*,*,#1840,.T.);
#890=ORIENTED_EDGE('',*,*,#1854,.T.);
#891=ORIENTED_EDGE('',*,*,#1855,.T.);
#892=ORIENTED_EDGE('',*,*,#1856,.T.);
#893=ORIENTED_EDGE('',*,*,#1851,.T.);
#894=ORIENTED_EDGE('',*,*,#1848,.T.);
#895=ORIENTED_EDGE('',*,*,#1845,.T.);
#896=ORIENTED_EDGE('',*,*,#1850,.T.);
#897=ORIENTED_EDGE('',*,*,#1857,.F.);
#898=ORIENTED_EDGE('',*,*,#1858,.F.);
#899=ORIENTED_EDGE('',*,*,#1859,.F.);
#900=ORIENTED_EDGE('',*,*,#1860,.F.);
#901=ORIENTED_EDGE('',*,*,#1861,.F.);
#902=ORIENTED_EDGE('',*,*,#1862,.F.);
#903=ORIENTED_EDGE('',*,*,#1863,.F.);
#904=ORIENTED_EDGE('',*,*,#1864,.F.);
#905=ORIENTED_EDGE('',*,*,#1865,.T.);
#906=ORIENTED_EDGE('',*,*,#1866,.F.);
#907=ORIENTED_EDGE('',*,*,#1779,.T.);
#908=ORIENTED_EDGE('',*,*,#1867,.F.);
#909=ORIENTED_EDGE('',*,*,#1868,.T.);
#910=ORIENTED_EDGE('',*,*,#1869,.T.);
#911=ORIENTED_EDGE('',*,*,#1870,.T.);
#912=ORIENTED_EDGE('',*,*,#1871,.T.);
#913=ORIENTED_EDGE('',*,*,#1872,.T.);
#914=ORIENTED_EDGE('',*,*,#1873,.T.);
#915=ORIENTED_EDGE('',*,*,#1874,.T.);
#916=ORIENTED_EDGE('',*,*,#1875,.T.);
#917=ORIENTED_EDGE('',*,*,#1876,.T.);
#918=ORIENTED_EDGE('',*,*,#1877,.T.);
#919=ORIENTED_EDGE('',*,*,#1878,.T.);
#920=ORIENTED_EDGE('',*,*,#1879,.T.);
#921=ORIENTED_EDGE('',*,*,#1836,.F.);
#922=ORIENTED_EDGE('',*,*,#1880,.F.);
#923=ORIENTED_EDGE('',*,*,#1881,.T.);
#924=ORIENTED_EDGE('',*,*,#1882,.T.);
#925=ORIENTED_EDGE('',*,*,#1883,.T.);
#926=ORIENTED_EDGE('',*,*,#1884,.F.);
#927=ORIENTED_EDGE('',*,*,#1885,.T.);
#928=ORIENTED_EDGE('',*,*,#1886,.T.);
#929=ORIENTED_EDGE('',*,*,#1887,.T.);
#930=ORIENTED_EDGE('',*,*,#1888,.F.);
#931=ORIENTED_EDGE('',*,*,#1865,.F.);
#932=ORIENTED_EDGE('',*,*,#1889,.T.);
#933=ORIENTED_EDGE('',*,*,#1890,.T.);
#934=ORIENTED_EDGE('',*,*,#1891,.T.);
#935=ORIENTED_EDGE('',*,*,#1828,.F.);
#936=ORIENTED_EDGE('',*,*,#1892,.T.);
#937=ORIENTED_EDGE('',*,*,#1893,.T.);
#938=ORIENTED_EDGE('',*,*,#1894,.T.);
#939=ORIENTED_EDGE('',*,*,#1834,.F.);
#940=ORIENTED_EDGE('',*,*,#1895,.T.);
#941=ORIENTED_EDGE('',*,*,#1896,.T.);
#942=ORIENTED_EDGE('',*,*,#1724,.T.);
#943=ORIENTED_EDGE('',*,*,#1832,.F.);
#944=ORIENTED_EDGE('',*,*,#1897,.T.);
#945=ORIENTED_EDGE('',*,*,#1898,.T.);
#946=ORIENTED_EDGE('',*,*,#1731,.T.);
#947=ORIENTED_EDGE('',*,*,#1876,.F.);
#948=ORIENTED_EDGE('',*,*,#1899,.T.);
#949=ORIENTED_EDGE('',*,*,#1857,.T.);
#950=ORIENTED_EDGE('',*,*,#1900,.F.);
#951=ORIENTED_EDGE('',*,*,#1864,.T.);
#952=ORIENTED_EDGE('',*,*,#1901,.F.);
#953=ORIENTED_EDGE('',*,*,#1877,.F.);
#954=ORIENTED_EDGE('',*,*,#1900,.T.);
#955=ORIENTED_EDGE('',*,*,#1863,.T.);
#956=ORIENTED_EDGE('',*,*,#1902,.F.);
#957=ORIENTED_EDGE('',*,*,#1878,.F.);
#958=ORIENTED_EDGE('',*,*,#1901,.T.);
#959=ORIENTED_EDGE('',*,*,#1862,.T.);
#960=ORIENTED_EDGE('',*,*,#1903,.F.);
#961=ORIENTED_EDGE('',*,*,#1879,.F.);
#962=ORIENTED_EDGE('',*,*,#1902,.T.);
#963=ORIENTED_EDGE('',*,*,#1861,.T.);
#964=ORIENTED_EDGE('',*,*,#1904,.F.);
#965=ORIENTED_EDGE('',*,*,#1872,.F.);
#966=ORIENTED_EDGE('',*,*,#1903,.T.);
#967=ORIENTED_EDGE('',*,*,#1894,.F.);
#968=ORIENTED_EDGE('',*,*,#1905,.F.);
#969=ORIENTED_EDGE('',*,*,#1790,.T.);
#970=ORIENTED_EDGE('',*,*,#1837,.F.);
#971=ORIENTED_EDGE('',*,*,#1733,.T.);
#972=ORIENTED_EDGE('',*,*,#1906,.T.);
#973=ORIENTED_EDGE('',*,*,#1897,.F.);
#974=ORIENTED_EDGE('',*,*,#1831,.F.);
#975=ORIENTED_EDGE('',*,*,#1792,.T.);
#976=ORIENTED_EDGE('',*,*,#1907,.T.);
#977=ORIENTED_EDGE('',*,*,#1892,.F.);
#978=ORIENTED_EDGE('',*,*,#1830,.T.);
#979=ORIENTED_EDGE('',*,*,#1891,.F.);
#980=ORIENTED_EDGE('',*,*,#1908,.F.);
#981=ORIENTED_EDGE('',*,*,#1776,.T.);
#982=ORIENTED_EDGE('',*,*,#1829,.F.);
#983=ORIENTED_EDGE('',*,*,#1726,.T.);
#984=ORIENTED_EDGE('',*,*,#1909,.T.);
#985=ORIENTED_EDGE('',*,*,#1895,.F.);
#986=ORIENTED_EDGE('',*,*,#1833,.F.);
#987=ORIENTED_EDGE('',*,*,#1778,.T.);
#988=ORIENTED_EDGE('',*,*,#1910,.T.);
#989=ORIENTED_EDGE('',*,*,#1889,.F.);
#990=ORIENTED_EDGE('',*,*,#1867,.T.);
#991=ORIENTED_EDGE('',*,*,#1853,.F.);
#992=ORIENTED_EDGE('',*,*,#1911,.F.);
#993=ORIENTED_EDGE('',*,*,#1807,.F.);
#994=ORIENTED_EDGE('',*,*,#1912,.F.);
#995=ORIENTED_EDGE('',*,*,#1912,.T.);
#996=ORIENTED_EDGE('',*,*,#1814,.F.);
#997=ORIENTED_EDGE('',*,*,#1913,.F.);
#998=ORIENTED_EDGE('',*,*,#1847,.F.);
#999=ORIENTED_EDGE('',*,*,#1913,.T.);
#1000=ORIENTED_EDGE('',*,*,#1813,.F.);
#1001=ORIENTED_EDGE('',*,*,#1914,.F.);
#1002=ORIENTED_EDGE('',*,*,#1843,.F.);
#1003=ORIENTED_EDGE('',*,*,#1914,.T.);
#1004=ORIENTED_EDGE('',*,*,#1812,.F.);
#1005=ORIENTED_EDGE('',*,*,#1915,.F.);
#1006=ORIENTED_EDGE('',*,*,#1849,.F.);
#1007=ORIENTED_EDGE('',*,*,#1811,.F.);
#1008=ORIENTED_EDGE('',*,*,#1916,.T.);
#1009=ORIENTED_EDGE('',*,*,#1838,.F.);
#1010=ORIENTED_EDGE('',*,*,#1915,.T.);
#1011=ORIENTED_EDGE('',*,*,#1794,.F.);
#1012=ORIENTED_EDGE('',*,*,#1917,.F.);
#1013=ORIENTED_EDGE('',*,*,#1918,.T.);
#1014=ORIENTED_EDGE('',*,*,#1919,.T.);
#1015=ORIENTED_EDGE('',*,*,#1799,.T.);
#1016=ORIENTED_EDGE('',*,*,#1920,.F.);
#1017=ORIENTED_EDGE('',*,*,#1921,.F.);
#1018=ORIENTED_EDGE('',*,*,#1917,.T.);
#1019=ORIENTED_EDGE('',*,*,#1798,.T.);
#1020=ORIENTED_EDGE('',*,*,#1922,.F.);
#1021=ORIENTED_EDGE('',*,*,#1923,.F.);
#1022=ORIENTED_EDGE('',*,*,#1920,.T.);
#1023=ORIENTED_EDGE('',*,*,#1797,.F.);
#1024=ORIENTED_EDGE('',*,*,#1924,.F.);
#1025=ORIENTED_EDGE('',*,*,#1925,.T.);
#1026=ORIENTED_EDGE('',*,*,#1922,.T.);
#1027=ORIENTED_EDGE('',*,*,#1796,.F.);
#1028=ORIENTED_EDGE('',*,*,#1926,.F.);
#1029=ORIENTED_EDGE('',*,*,#1927,.T.);
#1030=ORIENTED_EDGE('',*,*,#1924,.T.);
#1031=ORIENTED_EDGE('',*,*,#1795,.F.);
#1032=ORIENTED_EDGE('',*,*,#1919,.F.);
#1033=ORIENTED_EDGE('',*,*,#1928,.T.);
#1034=ORIENTED_EDGE('',*,*,#1926,.T.);
#1035=ORIENTED_EDGE('',*,*,#1918,.F.);
#1036=ORIENTED_EDGE('',*,*,#1921,.T.);
#1037=ORIENTED_EDGE('',*,*,#1923,.T.);
#1038=ORIENTED_EDGE('',*,*,#1925,.F.);
#1039=ORIENTED_EDGE('',*,*,#1927,.F.);
#1040=ORIENTED_EDGE('',*,*,#1928,.F.);
#1041=ORIENTED_EDGE('',*,*,#1929,.T.);
#1042=ORIENTED_EDGE('',*,*,#1930,.F.);
#1043=ORIENTED_EDGE('',*,*,#1931,.F.);
#1044=ORIENTED_EDGE('',*,*,#1809,.F.);
#1045=ORIENTED_EDGE('',*,*,#1932,.F.);
#1046=ORIENTED_EDGE('',*,*,#1933,.T.);
#1047=ORIENTED_EDGE('',*,*,#1852,.T.);
#1048=ORIENTED_EDGE('',*,*,#1856,.F.);
#1049=ORIENTED_EDGE('',*,*,#1934,.F.);
#1050=ORIENTED_EDGE('',*,*,#1930,.T.);
#1051=ORIENTED_EDGE('',*,*,#1932,.T.);
#1052=ORIENTED_EDGE('',*,*,#1855,.F.);
#1053=ORIENTED_EDGE('',*,*,#1839,.F.);
#1054=ORIENTED_EDGE('',*,*,#1935,.T.);
#1055=ORIENTED_EDGE('',*,*,#1934,.T.);
#1056=ORIENTED_EDGE('',*,*,#1854,.F.);
#1057=ORIENTED_EDGE('',*,*,#1859,.T.);
#1058=ORIENTED_EDGE('',*,*,#1936,.F.);
#1059=ORIENTED_EDGE('',*,*,#1874,.F.);
#1060=ORIENTED_EDGE('',*,*,#1937,.T.);
#1061=ORIENTED_EDGE('',*,*,#1888,.T.);
#1062=ORIENTED_EDGE('',*,*,#1938,.T.);
#1063=ORIENTED_EDGE('',*,*,#1780,.T.);
#1064=ORIENTED_EDGE('',*,*,#1866,.T.);
#1065=ORIENTED_EDGE('',*,*,#1887,.F.);
#1066=ORIENTED_EDGE('',*,*,#1939,.F.);
#1067=ORIENTED_EDGE('',*,*,#1781,.T.);
#1068=ORIENTED_EDGE('',*,*,#1938,.F.);
#1069=ORIENTED_EDGE('',*,*,#1783,.T.);
#1070=ORIENTED_EDGE('',*,*,#1940,.T.);
#1071=ORIENTED_EDGE('',*,*,#1885,.F.);
#1072=ORIENTED_EDGE('',*,*,#1941,.T.);
#1073=ORIENTED_EDGE('',*,*,#1941,.F.);
#1074=ORIENTED_EDGE('',*,*,#1884,.T.);
#1075=ORIENTED_EDGE('',*,*,#1942,.T.);
#1076=ORIENTED_EDGE('',*,*,#1784,.T.);
#1077=ORIENTED_EDGE('',*,*,#1883,.F.);
#1078=ORIENTED_EDGE('',*,*,#1943,.F.);
#1079=ORIENTED_EDGE('',*,*,#1785,.T.);
#1080=ORIENTED_EDGE('',*,*,#1942,.F.);
#1081=ORIENTED_EDGE('',*,*,#1787,.T.);
#1082=ORIENTED_EDGE('',*,*,#1944,.T.);
#1083=ORIENTED_EDGE('',*,*,#1881,.F.);
#1084=ORIENTED_EDGE('',*,*,#1945,.F.);
#1085=ORIENTED_EDGE('',*,*,#1788,.T.);
#1086=ORIENTED_EDGE('',*,*,#1945,.T.);
#1087=ORIENTED_EDGE('',*,*,#1880,.T.);
#1088=ORIENTED_EDGE('',*,*,#1835,.F.);
#1089=ORIENTED_EDGE('',*,*,#1858,.T.);
#1090=ORIENTED_EDGE('',*,*,#1899,.F.);
#1091=ORIENTED_EDGE('',*,*,#1875,.F.);
#1092=ORIENTED_EDGE('',*,*,#1936,.T.);
#1093=ORIENTED_EDGE('',*,*,#1860,.T.);
#1094=ORIENTED_EDGE('',*,*,#1937,.F.);
#1095=ORIENTED_EDGE('',*,*,#1873,.F.);
#1096=ORIENTED_EDGE('',*,*,#1904,.T.);
#1097=ORIENTED_EDGE('',*,*,#1911,.T.);
#1098=ORIENTED_EDGE('',*,*,#1933,.F.);
#1099=ORIENTED_EDGE('',*,*,#1929,.F.);
#1100=ORIENTED_EDGE('',*,*,#1808,.F.);
#1101=ORIENTED_EDGE('',*,*,#1931,.T.);
#1102=ORIENTED_EDGE('',*,*,#1935,.F.);
#1103=ORIENTED_EDGE('',*,*,#1916,.F.);
#1104=ORIENTED_EDGE('',*,*,#1810,.F.);
#1105=ORIENTED_EDGE('',*,*,#1822,.T.);
#1106=ORIENTED_EDGE('',*,*,#1946,.T.);
#1107=ORIENTED_EDGE('',*,*,#1740,.T.);
#1108=ORIENTED_EDGE('',*,*,#1947,.T.);
#1109=ORIENTED_EDGE('',*,*,#1768,.T.);
#1110=ORIENTED_EDGE('',*,*,#1948,.T.);
#1111=ORIENTED_EDGE('',*,*,#1760,.T.);
#1112=ORIENTED_EDGE('',*,*,#1949,.F.);
#1113=ORIENTED_EDGE('',*,*,#1950,.F.);
#1114=ORIENTED_EDGE('',*,*,#1820,.F.);
#1115=ORIENTED_EDGE('',*,*,#1823,.T.);
#1116=ORIENTED_EDGE('',*,*,#1826,.F.);
#1117=ORIENTED_EDGE('',*,*,#1827,.T.);
#1118=ORIENTED_EDGE('',*,*,#1816,.F.);
#1119=ORIENTED_EDGE('',*,*,#1951,.T.);
#1120=ORIENTED_EDGE('',*,*,#1758,.F.);
#1121=ORIENTED_EDGE('',*,*,#1952,.F.);
#1122=ORIENTED_EDGE('',*,*,#1750,.F.);
#1123=ORIENTED_EDGE('',*,*,#1953,.F.);
#1124=ORIENTED_EDGE('',*,*,#1742,.F.);
#1125=ORIENTED_EDGE('',*,*,#1954,.T.);
#1126=ORIENTED_EDGE('',*,*,#1955,.T.);
#1127=ORIENTED_EDGE('',*,*,#1956,.F.);
#1128=ORIENTED_EDGE('',*,*,#1957,.T.);
#1129=ORIENTED_EDGE('',*,*,#1958,.T.);
#1130=ORIENTED_EDGE('',*,*,#1959,.T.);
#1131=ORIENTED_EDGE('',*,*,#1960,.T.);
#1132=ORIENTED_EDGE('',*,*,#1961,.T.);
#1133=ORIENTED_EDGE('',*,*,#1962,.T.);
#1134=ORIENTED_EDGE('',*,*,#1963,.T.);
#1135=ORIENTED_EDGE('',*,*,#1964,.T.);
#1136=ORIENTED_EDGE('',*,*,#1965,.T.);
#1137=ORIENTED_EDGE('',*,*,#1966,.T.);
#1138=ORIENTED_EDGE('',*,*,#1967,.F.);
#1139=ORIENTED_EDGE('',*,*,#1968,.T.);
#1140=ORIENTED_EDGE('',*,*,#1969,.T.);
#1141=ORIENTED_EDGE('',*,*,#1970,.T.);
#1142=ORIENTED_EDGE('',*,*,#1971,.T.);
#1143=ORIENTED_EDGE('',*,*,#1972,.T.);
#1144=ORIENTED_EDGE('',*,*,#1973,.T.);
#1145=ORIENTED_EDGE('',*,*,#1974,.F.);
#1146=ORIENTED_EDGE('',*,*,#1975,.T.);
#1147=ORIENTED_EDGE('',*,*,#1976,.T.);
#1148=ORIENTED_EDGE('',*,*,#1977,.T.);
#1149=ORIENTED_EDGE('',*,*,#1978,.T.);
#1150=ORIENTED_EDGE('',*,*,#1979,.T.);
#1151=ORIENTED_EDGE('',*,*,#1980,.T.);
#1152=ORIENTED_EDGE('',*,*,#1981,.T.);
#1153=ORIENTED_EDGE('',*,*,#1982,.F.);
#1154=ORIENTED_EDGE('',*,*,#1983,.T.);
#1155=ORIENTED_EDGE('',*,*,#1984,.T.);
#1156=ORIENTED_EDGE('',*,*,#1985,.T.);
#1157=ORIENTED_EDGE('',*,*,#1986,.T.);
#1158=ORIENTED_EDGE('',*,*,#1987,.F.);
#1159=ORIENTED_EDGE('',*,*,#1988,.T.);
#1160=ORIENTED_EDGE('',*,*,#1989,.T.);
#1161=ORIENTED_EDGE('',*,*,#1990,.T.);
#1162=ORIENTED_EDGE('',*,*,#1991,.T.);
#1163=ORIENTED_EDGE('',*,*,#1992,.T.);
#1164=ORIENTED_EDGE('',*,*,#1993,.F.);
#1165=ORIENTED_EDGE('',*,*,#1994,.T.);
#1166=ORIENTED_EDGE('',*,*,#1995,.T.);
#1167=ORIENTED_EDGE('',*,*,#1996,.T.);
#1168=ORIENTED_EDGE('',*,*,#1997,.T.);
#1169=ORIENTED_EDGE('',*,*,#1998,.T.);
#1170=ORIENTED_EDGE('',*,*,#1999,.T.);
#1171=ORIENTED_EDGE('',*,*,#2000,.T.);
#1172=ORIENTED_EDGE('',*,*,#2001,.T.);
#1173=ORIENTED_EDGE('',*,*,#2002,.T.);
#1174=ORIENTED_EDGE('',*,*,#2003,.T.);
#1175=ORIENTED_EDGE('',*,*,#2004,.F.);
#1176=ORIENTED_EDGE('',*,*,#2005,.T.);
#1177=ORIENTED_EDGE('',*,*,#2006,.T.);
#1178=ORIENTED_EDGE('',*,*,#2007,.T.);
#1179=ORIENTED_EDGE('',*,*,#2008,.T.);
#1180=ORIENTED_EDGE('',*,*,#2009,.F.);
#1181=ORIENTED_EDGE('',*,*,#2010,.T.);
#1182=ORIENTED_EDGE('',*,*,#2011,.T.);
#1183=ORIENTED_EDGE('',*,*,#2012,.T.);
#1184=ORIENTED_EDGE('',*,*,#2013,.T.);
#1185=ORIENTED_EDGE('',*,*,#2014,.T.);
#1186=ORIENTED_EDGE('',*,*,#2015,.F.);
#1187=ORIENTED_EDGE('',*,*,#2016,.T.);
#1188=ORIENTED_EDGE('',*,*,#2017,.T.);
#1189=ORIENTED_EDGE('',*,*,#2018,.T.);
#1190=ORIENTED_EDGE('',*,*,#2019,.T.);
#1191=ORIENTED_EDGE('',*,*,#2020,.T.);
#1192=ORIENTED_EDGE('',*,*,#2021,.T.);
#1193=ORIENTED_EDGE('',*,*,#2022,.T.);
#1194=ORIENTED_EDGE('',*,*,#2023,.T.);
#1195=ORIENTED_EDGE('',*,*,#2024,.T.);
#1196=ORIENTED_EDGE('',*,*,#2025,.T.);
#1197=ORIENTED_EDGE('',*,*,#2026,.F.);
#1198=ORIENTED_EDGE('',*,*,#2027,.T.);
#1199=ORIENTED_EDGE('',*,*,#2028,.T.);
#1200=ORIENTED_EDGE('',*,*,#2029,.T.);
#1201=ORIENTED_EDGE('',*,*,#2030,.T.);
#1202=ORIENTED_EDGE('',*,*,#2031,.T.);
#1203=ORIENTED_EDGE('',*,*,#2032,.T.);
#1204=ORIENTED_EDGE('',*,*,#2033,.T.);
#1205=ORIENTED_EDGE('',*,*,#2034,.T.);
#1206=ORIENTED_EDGE('',*,*,#2035,.T.);
#1207=ORIENTED_EDGE('',*,*,#2036,.T.);
#1208=ORIENTED_EDGE('',*,*,#2037,.F.);
#1209=ORIENTED_EDGE('',*,*,#2038,.T.);
#1210=ORIENTED_EDGE('',*,*,#2039,.T.);
#1211=ORIENTED_EDGE('',*,*,#2040,.T.);
#1212=ORIENTED_EDGE('',*,*,#2041,.T.);
#1213=ORIENTED_EDGE('',*,*,#1713,.T.);
#1214=ORIENTED_EDGE('',*,*,#2042,.T.);
#1215=ORIENTED_EDGE('',*,*,#2043,.T.);
#1216=ORIENTED_EDGE('',*,*,#2026,.T.);
#1217=ORIENTED_EDGE('',*,*,#2044,.T.);
#1218=ORIENTED_EDGE('',*,*,#2045,.T.);
#1219=ORIENTED_EDGE('',*,*,#2046,.T.);
#1220=ORIENTED_EDGE('',*,*,#2035,.F.);
#1221=ORIENTED_EDGE('',*,*,#2047,.T.);
#1222=ORIENTED_EDGE('',*,*,#2045,.F.);
#1223=ORIENTED_EDGE('',*,*,#2048,.T.);
#1224=ORIENTED_EDGE('',*,*,#2049,.T.);
#1225=ORIENTED_EDGE('',*,*,#2050,.T.);
#1226=ORIENTED_EDGE('',*,*,#2051,.F.);
#1227=ORIENTED_EDGE('',*,*,#2049,.F.);
#1228=ORIENTED_EDGE('',*,*,#2052,.T.);
#1229=ORIENTED_EDGE('',*,*,#2024,.F.);
#1230=ORIENTED_EDGE('',*,*,#2053,.T.);
#1231=ORIENTED_EDGE('',*,*,#2031,.F.);
#1232=ORIENTED_EDGE('',*,*,#2054,.T.);
#1233=ORIENTED_EDGE('',*,*,#2037,.T.);
#1234=ORIENTED_EDGE('',*,*,#2055,.T.);
#1235=ORIENTED_EDGE('',*,*,#1715,.T.);
#1236=ORIENTED_EDGE('',*,*,#2056,.T.);
#1237=ORIENTED_EDGE('',*,*,#2057,.T.);
#1238=ORIENTED_EDGE('',*,*,#2004,.T.);
#1239=ORIENTED_EDGE('',*,*,#2058,.T.);
#1240=ORIENTED_EDGE('',*,*,#2059,.T.);
#1241=ORIENTED_EDGE('',*,*,#2060,.T.);
#1242=ORIENTED_EDGE('',*,*,#2013,.F.);
#1243=ORIENTED_EDGE('',*,*,#2061,.T.);
#1244=ORIENTED_EDGE('',*,*,#2062,.T.);
#1245=ORIENTED_EDGE('',*,*,#2063,.T.);
#1246=ORIENTED_EDGE('',*,*,#2059,.F.);
#1247=ORIENTED_EDGE('',*,*,#2064,.T.);
#1248=ORIENTED_EDGE('',*,*,#2065,.F.);
#1249=ORIENTED_EDGE('',*,*,#2002,.F.);
#1250=ORIENTED_EDGE('',*,*,#2066,.T.);
#1251=ORIENTED_EDGE('',*,*,#2009,.T.);
#1252=ORIENTED_EDGE('',*,*,#2067,.T.);
#1253=ORIENTED_EDGE('',*,*,#2015,.T.);
#1254=ORIENTED_EDGE('',*,*,#2068,.T.);
#1255=ORIENTED_EDGE('',*,*,#2062,.F.);
#1256=ORIENTED_EDGE('',*,*,#2069,.T.);
#1257=ORIENTED_EDGE('',*,*,#2070,.T.);
#1258=ORIENTED_EDGE('',*,*,#2071,.T.);
#1259=ORIENTED_EDGE('',*,*,#2072,.F.);
#1260=ORIENTED_EDGE('',*,*,#2073,.T.);
#1261=ORIENTED_EDGE('',*,*,#2074,.F.);
#1262=ORIENTED_EDGE('',*,*,#1980,.F.);
#1263=ORIENTED_EDGE('',*,*,#2075,.T.);
#1264=ORIENTED_EDGE('',*,*,#1987,.T.);
#1265=ORIENTED_EDGE('',*,*,#2076,.T.);
#1266=ORIENTED_EDGE('',*,*,#1993,.T.);
#1267=ORIENTED_EDGE('',*,*,#2077,.T.);
#1268=ORIENTED_EDGE('',*,*,#2070,.F.);
#1269=ORIENTED_EDGE('',*,*,#2078,.T.);
#1270=ORIENTED_EDGE('',*,*,#1991,.F.);
#1271=ORIENTED_EDGE('',*,*,#2079,.T.);
#1272=ORIENTED_EDGE('',*,*,#2080,.T.);
#1273=ORIENTED_EDGE('',*,*,#2081,.T.);
#1274=ORIENTED_EDGE('',*,*,#1982,.T.);
#1275=ORIENTED_EDGE('',*,*,#2082,.T.);
#1276=ORIENTED_EDGE('',*,*,#2072,.T.);
#1277=ORIENTED_EDGE('',*,*,#2083,.T.);
#1278=ORIENTED_EDGE('',*,*,#1717,.T.);
#1279=ORIENTED_EDGE('',*,*,#2084,.T.);
#1280=ORIENTED_EDGE('',*,*,#2085,.T.);
#1281=ORIENTED_EDGE('',*,*,#2086,.F.);
#1282=ORIENTED_EDGE('',*,*,#2087,.T.);
#1283=ORIENTED_EDGE('',*,*,#2088,.F.);
#1284=ORIENTED_EDGE('',*,*,#1974,.T.);
#1285=ORIENTED_EDGE('',*,*,#2089,.T.);
#1286=ORIENTED_EDGE('',*,*,#1956,.T.);
#1287=ORIENTED_EDGE('',*,*,#2090,.T.);
#1288=ORIENTED_EDGE('',*,*,#2084,.F.);
#1289=ORIENTED_EDGE('',*,*,#2091,.T.);
#1290=ORIENTED_EDGE('',*,*,#1965,.F.);
#1291=ORIENTED_EDGE('',*,*,#2092,.T.);
#1292=ORIENTED_EDGE('',*,*,#1954,.F.);
#1293=ORIENTED_EDGE('',*,*,#2093,.T.);
#1294=ORIENTED_EDGE('',*,*,#2094,.T.);
#1295=ORIENTED_EDGE('',*,*,#2095,.T.);
#1296=ORIENTED_EDGE('',*,*,#1967,.T.);
#1297=ORIENTED_EDGE('',*,*,#2096,.T.);
#1298=ORIENTED_EDGE('',*,*,#2086,.T.);
#1299=ORIENTED_EDGE('',*,*,#2097,.T.);
#1300=ORIENTED_EDGE('',*,*,#1719,.T.);
#1301=ORIENTED_EDGE('',*,*,#2098,.F.);
#1302=ORIENTED_EDGE('',*,*,#2094,.F.);
#1303=ORIENTED_EDGE('',*,*,#2099,.F.);
#1304=ORIENTED_EDGE('',*,*,#1961,.F.);
#1305=ORIENTED_EDGE('',*,*,#2095,.F.);
#1306=ORIENTED_EDGE('',*,*,#2098,.T.);
#1307=ORIENTED_EDGE('',*,*,#2100,.F.);
#1308=ORIENTED_EDGE('',*,*,#1968,.F.);
#1309=ORIENTED_EDGE('',*,*,#2093,.F.);
#1310=ORIENTED_EDGE('',*,*,#1960,.F.);
#1311=ORIENTED_EDGE('',*,*,#2101,.F.);
#1312=ORIENTED_EDGE('',*,*,#2099,.T.);
#1313=ORIENTED_EDGE('',*,*,#2100,.T.);
#1314=ORIENTED_EDGE('',*,*,#1964,.F.);
#1315=ORIENTED_EDGE('',*,*,#2102,.F.);
#1316=ORIENTED_EDGE('',*,*,#1969,.F.);
#1317=ORIENTED_EDGE('',*,*,#2101,.T.);
#1318=ORIENTED_EDGE('',*,*,#1959,.F.);
#1319=ORIENTED_EDGE('',*,*,#2103,.F.);
#1320=ORIENTED_EDGE('',*,*,#1962,.F.);
#1321=ORIENTED_EDGE('',*,*,#2104,.F.);
#1322=ORIENTED_EDGE('',*,*,#1953,.T.);
#1323=ORIENTED_EDGE('',*,*,#2105,.F.);
#1324=ORIENTED_EDGE('',*,*,#1963,.F.);
#1325=ORIENTED_EDGE('',*,*,#2105,.T.);
#1326=ORIENTED_EDGE('',*,*,#1749,.T.);
#1327=ORIENTED_EDGE('',*,*,#2106,.F.);
#1328=ORIENTED_EDGE('',*,*,#2102,.T.);
#1329=ORIENTED_EDGE('',*,*,#2104,.T.);
#1330=ORIENTED_EDGE('',*,*,#2103,.T.);
#1331=ORIENTED_EDGE('',*,*,#2107,.F.);
#1332=ORIENTED_EDGE('',*,*,#1743,.T.);
#1333=ORIENTED_EDGE('',*,*,#2106,.T.);
#1334=ORIENTED_EDGE('',*,*,#1748,.F.);
#1335=ORIENTED_EDGE('',*,*,#2108,.F.);
#1336=ORIENTED_EDGE('',*,*,#1970,.F.);
#1337=ORIENTED_EDGE('',*,*,#2092,.F.);
#1338=ORIENTED_EDGE('',*,*,#1971,.F.);
#1339=ORIENTED_EDGE('',*,*,#2109,.F.);
#1340=ORIENTED_EDGE('',*,*,#1975,.F.);
#1341=ORIENTED_EDGE('',*,*,#2089,.F.);
#1342=ORIENTED_EDGE('',*,*,#1973,.F.);
#1343=ORIENTED_EDGE('',*,*,#2110,.F.);
#1344=ORIENTED_EDGE('',*,*,#1957,.F.);
#1345=ORIENTED_EDGE('',*,*,#2107,.T.);
#1346=ORIENTED_EDGE('',*,*,#1958,.F.);
#1347=ORIENTED_EDGE('',*,*,#2111,.F.);
#1348=ORIENTED_EDGE('',*,*,#1744,.F.);
#1349=ORIENTED_EDGE('',*,*,#2108,.T.);
#1350=ORIENTED_EDGE('',*,*,#1747,.T.);
#1351=ORIENTED_EDGE('',*,*,#2112,.F.);
#1352=ORIENTED_EDGE('',*,*,#2109,.T.);
#1353=ORIENTED_EDGE('',*,*,#2111,.T.);
#1354=ORIENTED_EDGE('',*,*,#2110,.T.);
#1355=ORIENTED_EDGE('',*,*,#2113,.F.);
#1356=ORIENTED_EDGE('',*,*,#1745,.T.);
#1357=ORIENTED_EDGE('',*,*,#2112,.T.);
#1358=ORIENTED_EDGE('',*,*,#1746,.F.);
#1359=ORIENTED_EDGE('',*,*,#2113,.T.);
#1360=ORIENTED_EDGE('',*,*,#1972,.F.);
#1361=ORIENTED_EDGE('',*,*,#2027,.F.);
#1362=ORIENTED_EDGE('',*,*,#2043,.F.);
#1363=ORIENTED_EDGE('',*,*,#2114,.F.);
#1364=ORIENTED_EDGE('',*,*,#2115,.F.);
#1365=ORIENTED_EDGE('',*,*,#2053,.F.);
#1366=ORIENTED_EDGE('',*,*,#2030,.F.);
#1367=ORIENTED_EDGE('',*,*,#2116,.F.);
#1368=ORIENTED_EDGE('',*,*,#2032,.F.);
#1369=ORIENTED_EDGE('',*,*,#2114,.T.);
#1370=ORIENTED_EDGE('',*,*,#2042,.F.);
#1371=ORIENTED_EDGE('',*,*,#2117,.F.);
#1372=ORIENTED_EDGE('',*,*,#2022,.F.);
#1373=ORIENTED_EDGE('',*,*,#2115,.T.);
#1374=ORIENTED_EDGE('',*,*,#2021,.F.);
#1375=ORIENTED_EDGE('',*,*,#2118,.F.);
#1376=ORIENTED_EDGE('',*,*,#2028,.F.);
#1377=ORIENTED_EDGE('',*,*,#2119,.F.);
#1378=ORIENTED_EDGE('',*,*,#1774,.F.);
#1379=ORIENTED_EDGE('',*,*,#2120,.F.);
#1380=ORIENTED_EDGE('',*,*,#2029,.F.);
#1381=ORIENTED_EDGE('',*,*,#2120,.T.);
#1382=ORIENTED_EDGE('',*,*,#1773,.T.);
#1383=ORIENTED_EDGE('',*,*,#2121,.F.);
#1384=ORIENTED_EDGE('',*,*,#2116,.T.);
#1385=ORIENTED_EDGE('',*,*,#2047,.F.);
#1386=ORIENTED_EDGE('',*,*,#2041,.F.);
#1387=ORIENTED_EDGE('',*,*,#2122,.F.);
#1388=ORIENTED_EDGE('',*,*,#2117,.T.);
#1389=ORIENTED_EDGE('',*,*,#2119,.T.);
#1390=ORIENTED_EDGE('',*,*,#2118,.T.);
#1391=ORIENTED_EDGE('',*,*,#2123,.F.);
#1392=ORIENTED_EDGE('',*,*,#1775,.T.);
#1393=ORIENTED_EDGE('',*,*,#2121,.T.);
#1394=ORIENTED_EDGE('',*,*,#1772,.F.);
#1395=ORIENTED_EDGE('',*,*,#2124,.F.);
#1396=ORIENTED_EDGE('',*,*,#2033,.F.);
#1397=ORIENTED_EDGE('',*,*,#2054,.F.);
#1398=ORIENTED_EDGE('',*,*,#2034,.F.);
#1399=ORIENTED_EDGE('',*,*,#2125,.F.);
#1400=ORIENTED_EDGE('',*,*,#2038,.F.);
#1401=ORIENTED_EDGE('',*,*,#2122,.T.);
#1402=ORIENTED_EDGE('',*,*,#2040,.F.);
#1403=ORIENTED_EDGE('',*,*,#2126,.F.);
#1404=ORIENTED_EDGE('',*,*,#2023,.F.);
#1405=ORIENTED_EDGE('',*,*,#2123,.T.);
#1406=ORIENTED_EDGE('',*,*,#2020,.F.);
#1407=ORIENTED_EDGE('',*,*,#2127,.F.);
#1408=ORIENTED_EDGE('',*,*,#1947,.F.);
#1409=ORIENTED_EDGE('',*,*,#2124,.T.);
#1410=ORIENTED_EDGE('',*,*,#1771,.T.);
#1411=ORIENTED_EDGE('',*,*,#2128,.F.);
#1412=ORIENTED_EDGE('',*,*,#2125,.T.);
#1413=ORIENTED_EDGE('',*,*,#2127,.T.);
#1414=ORIENTED_EDGE('',*,*,#2126,.T.);
#1415=ORIENTED_EDGE('',*,*,#2129,.F.);
#1416=ORIENTED_EDGE('',*,*,#1769,.T.);
#1417=ORIENTED_EDGE('',*,*,#2128,.T.);
#1418=ORIENTED_EDGE('',*,*,#1770,.F.);
#1419=ORIENTED_EDGE('',*,*,#2129,.T.);
#1420=ORIENTED_EDGE('',*,*,#2039,.F.);
#1421=ORIENTED_EDGE('',*,*,#2061,.F.);
#1422=ORIENTED_EDGE('',*,*,#2019,.F.);
#1423=ORIENTED_EDGE('',*,*,#2130,.F.);
#1424=ORIENTED_EDGE('',*,*,#2131,.F.);
#1425=ORIENTED_EDGE('',*,*,#2067,.F.);
#1426=ORIENTED_EDGE('',*,*,#2012,.F.);
#1427=ORIENTED_EDGE('',*,*,#2132,.F.);
#1428=ORIENTED_EDGE('',*,*,#2016,.F.);
#1429=ORIENTED_EDGE('',*,*,#2133,.F.);
#1430=ORIENTED_EDGE('',*,*,#2017,.F.);
#1431=ORIENTED_EDGE('',*,*,#2134,.F.);
#1432=ORIENTED_EDGE('',*,*,#1762,.F.);
#1433=ORIENTED_EDGE('',*,*,#2130,.T.);
#1434=ORIENTED_EDGE('',*,*,#2018,.F.);
#1435=ORIENTED_EDGE('',*,*,#2135,.F.);
#1436=ORIENTED_EDGE('',*,*,#2001,.F.);
#1437=ORIENTED_EDGE('',*,*,#2131,.T.);
#1438=ORIENTED_EDGE('',*,*,#2000,.F.);
#1439=ORIENTED_EDGE('',*,*,#2136,.F.);
#1440=ORIENTED_EDGE('',*,*,#2056,.F.);
#1441=ORIENTED_EDGE('',*,*,#2134,.T.);
#1442=ORIENTED_EDGE('',*,*,#2132,.T.);
#1443=ORIENTED_EDGE('',*,*,#2137,.F.);
#1444=ORIENTED_EDGE('',*,*,#1763,.T.);
#1445=ORIENTED_EDGE('',*,*,#2133,.T.);
#1446=ORIENTED_EDGE('',*,*,#1761,.T.);
#1447=ORIENTED_EDGE('',*,*,#2138,.F.);
#1448=ORIENTED_EDGE('',*,*,#2135,.T.);
#1449=ORIENTED_EDGE('',*,*,#2057,.F.);
#1450=ORIENTED_EDGE('',*,*,#2136,.T.);
#1451=ORIENTED_EDGE('',*,*,#2139,.F.);
#1452=ORIENTED_EDGE('',*,*,#2005,.F.);
#1453=ORIENTED_EDGE('',*,*,#2066,.F.);
#1454=ORIENTED_EDGE('',*,*,#2008,.F.);
#1455=ORIENTED_EDGE('',*,*,#2140,.F.);
#1456=ORIENTED_EDGE('',*,*,#2010,.F.);
#1457=ORIENTED_EDGE('',*,*,#2137,.T.);
#1458=ORIENTED_EDGE('',*,*,#2011,.F.);
#1459=ORIENTED_EDGE('',*,*,#2141,.F.);
#1460=ORIENTED_EDGE('',*,*,#1764,.F.);
#1461=ORIENTED_EDGE('',*,*,#2138,.T.);
#1462=ORIENTED_EDGE('',*,*,#1948,.F.);
#1463=ORIENTED_EDGE('',*,*,#2142,.F.);
#1464=ORIENTED_EDGE('',*,*,#1998,.F.);
#1465=ORIENTED_EDGE('',*,*,#2139,.T.);
#1466=ORIENTED_EDGE('',*,*,#1999,.F.);
#1467=ORIENTED_EDGE('',*,*,#2143,.F.);
#1468=ORIENTED_EDGE('',*,*,#2006,.F.);
#1469=ORIENTED_EDGE('',*,*,#2141,.T.);
#1470=ORIENTED_EDGE('',*,*,#2140,.T.);
#1471=ORIENTED_EDGE('',*,*,#2144,.F.);
#1472=ORIENTED_EDGE('',*,*,#1765,.T.);
#1473=ORIENTED_EDGE('',*,*,#2142,.T.);
#1474=ORIENTED_EDGE('',*,*,#1767,.T.);
#1475=ORIENTED_EDGE('',*,*,#2145,.F.);
#1476=ORIENTED_EDGE('',*,*,#2143,.T.);
#1477=ORIENTED_EDGE('',*,*,#2144,.T.);
#1478=ORIENTED_EDGE('',*,*,#2007,.F.);
#1479=ORIENTED_EDGE('',*,*,#2145,.T.);
#1480=ORIENTED_EDGE('',*,*,#1766,.F.);
#1481=ORIENTED_EDGE('',*,*,#2079,.F.);
#1482=ORIENTED_EDGE('',*,*,#1997,.F.);
#1483=ORIENTED_EDGE('',*,*,#2146,.F.);
#1484=ORIENTED_EDGE('',*,*,#2147,.F.);
#1485=ORIENTED_EDGE('',*,*,#2146,.T.);
#1486=ORIENTED_EDGE('',*,*,#1996,.F.);
#1487=ORIENTED_EDGE('',*,*,#2148,.F.);
#1488=ORIENTED_EDGE('',*,*,#1977,.F.);
#1489=ORIENTED_EDGE('',*,*,#2147,.T.);
#1490=ORIENTED_EDGE('',*,*,#1976,.F.);
#1491=ORIENTED_EDGE('',*,*,#2149,.F.);
#1492=ORIENTED_EDGE('',*,*,#2080,.F.);
#1493=ORIENTED_EDGE('',*,*,#2076,.F.);
#1494=ORIENTED_EDGE('',*,*,#1990,.F.);
#1495=ORIENTED_EDGE('',*,*,#2150,.F.);
#1496=ORIENTED_EDGE('',*,*,#1994,.F.);
#1497=ORIENTED_EDGE('',*,*,#2151,.F.);
#1498=ORIENTED_EDGE('',*,*,#1752,.F.);
#1499=ORIENTED_EDGE('',*,*,#2152,.F.);
#1500=ORIENTED_EDGE('',*,*,#1995,.F.);
#1501=ORIENTED_EDGE('',*,*,#2152,.T.);
#1502=ORIENTED_EDGE('',*,*,#1751,.T.);
#1503=ORIENTED_EDGE('',*,*,#2153,.F.);
#1504=ORIENTED_EDGE('',*,*,#2148,.T.);
#1505=ORIENTED_EDGE('',*,*,#2081,.F.);
#1506=ORIENTED_EDGE('',*,*,#2149,.T.);
#1507=ORIENTED_EDGE('',*,*,#2154,.F.);
#1508=ORIENTED_EDGE('',*,*,#1983,.F.);
#1509=ORIENTED_EDGE('',*,*,#2151,.T.);
#1510=ORIENTED_EDGE('',*,*,#2150,.T.);
#1511=ORIENTED_EDGE('',*,*,#2155,.F.);
#1512=ORIENTED_EDGE('',*,*,#1753,.T.);
#1513=ORIENTED_EDGE('',*,*,#2153,.T.);
#1514=ORIENTED_EDGE('',*,*,#1952,.T.);
#1515=ORIENTED_EDGE('',*,*,#2156,.F.);
#1516=ORIENTED_EDGE('',*,*,#1978,.F.);
#1517=ORIENTED_EDGE('',*,*,#2154,.T.);
#1518=ORIENTED_EDGE('',*,*,#1979,.F.);
#1519=ORIENTED_EDGE('',*,*,#2157,.F.);
#1520=ORIENTED_EDGE('',*,*,#1984,.F.);
#1521=ORIENTED_EDGE('',*,*,#2075,.F.);
#1522=ORIENTED_EDGE('',*,*,#1986,.F.);
#1523=ORIENTED_EDGE('',*,*,#2158,.F.);
#1524=ORIENTED_EDGE('',*,*,#1988,.F.);
#1525=ORIENTED_EDGE('',*,*,#2155,.T.);
#1526=ORIENTED_EDGE('',*,*,#1989,.F.);
#1527=ORIENTED_EDGE('',*,*,#2159,.F.);
#1528=ORIENTED_EDGE('',*,*,#1754,.F.);
#1529=ORIENTED_EDGE('',*,*,#2156,.T.);
#1530=ORIENTED_EDGE('',*,*,#1757,.T.);
#1531=ORIENTED_EDGE('',*,*,#2160,.F.);
#1532=ORIENTED_EDGE('',*,*,#2157,.T.);
#1533=ORIENTED_EDGE('',*,*,#2159,.T.);
#1534=ORIENTED_EDGE('',*,*,#2158,.T.);
#1535=ORIENTED_EDGE('',*,*,#2161,.F.);
#1536=ORIENTED_EDGE('',*,*,#1755,.T.);
#1537=ORIENTED_EDGE('',*,*,#2160,.T.);
#1538=ORIENTED_EDGE('',*,*,#1756,.F.);
#1539=ORIENTED_EDGE('',*,*,#2161,.T.);
#1540=ORIENTED_EDGE('',*,*,#1985,.F.);
#1541=ORIENTED_EDGE('',*,*,#2052,.F.);
#1542=ORIENTED_EDGE('',*,*,#2048,.F.);
#1543=ORIENTED_EDGE('',*,*,#2044,.F.);
#1544=ORIENTED_EDGE('',*,*,#2025,.F.);
#1545=ORIENTED_EDGE('',*,*,#2055,.F.);
#1546=ORIENTED_EDGE('',*,*,#2036,.F.);
#1547=ORIENTED_EDGE('',*,*,#2046,.F.);
#1548=ORIENTED_EDGE('',*,*,#2050,.F.);
#1549=ORIENTED_EDGE('',*,*,#2090,.F.);
#1550=ORIENTED_EDGE('',*,*,#1955,.F.);
#1551=ORIENTED_EDGE('',*,*,#2097,.F.);
#1552=ORIENTED_EDGE('',*,*,#2085,.F.);
#1553=ORIENTED_EDGE('',*,*,#2091,.F.);
#1554=ORIENTED_EDGE('',*,*,#2087,.F.);
#1555=ORIENTED_EDGE('',*,*,#2096,.F.);
#1556=ORIENTED_EDGE('',*,*,#1966,.F.);
#1557=ORIENTED_EDGE('',*,*,#2077,.F.);
#1558=ORIENTED_EDGE('',*,*,#1992,.F.);
#1559=ORIENTED_EDGE('',*,*,#2083,.F.);
#1560=ORIENTED_EDGE('',*,*,#2071,.F.);
#1561=ORIENTED_EDGE('',*,*,#2078,.F.);
#1562=ORIENTED_EDGE('',*,*,#2073,.F.);
#1563=ORIENTED_EDGE('',*,*,#2082,.F.);
#1564=ORIENTED_EDGE('',*,*,#1981,.F.);
#1565=ORIENTED_EDGE('',*,*,#2068,.F.);
#1566=ORIENTED_EDGE('',*,*,#2014,.F.);
#1567=ORIENTED_EDGE('',*,*,#2060,.F.);
#1568=ORIENTED_EDGE('',*,*,#2063,.F.);
#1569=ORIENTED_EDGE('',*,*,#2069,.F.);
#1570=ORIENTED_EDGE('',*,*,#2064,.F.);
#1571=ORIENTED_EDGE('',*,*,#2058,.F.);
#1572=ORIENTED_EDGE('',*,*,#2003,.F.);
#1573=ORIENTED_EDGE('',*,*,#1815,.T.);
#1574=ORIENTED_EDGE('',*,*,#1949,.T.);
#1575=ORIENTED_EDGE('',*,*,#1759,.T.);
#1576=ORIENTED_EDGE('',*,*,#1951,.F.);
#1577=ORIENTED_EDGE('',*,*,#1950,.T.);
#1578=ORIENTED_EDGE('',*,*,#1741,.F.);
#1579=ORIENTED_EDGE('',*,*,#1946,.F.);
#1580=ORIENTED_EDGE('',*,*,#1821,.F.);
#1581=ORIENTED_EDGE('',*,*,#2162,.F.);
#1582=ORIENTED_EDGE('',*,*,#2163,.T.);
#1583=ORIENTED_EDGE('',*,*,#1800,.T.);
#1584=ORIENTED_EDGE('',*,*,#2164,.T.);
#1585=ORIENTED_EDGE('',*,*,#2165,.T.);
#1586=ORIENTED_EDGE('',*,*,#2166,.T.);
#1587=ORIENTED_EDGE('',*,*,#2162,.T.);
#1588=ORIENTED_EDGE('',*,*,#2167,.T.);
#1589=ORIENTED_EDGE('',*,*,#2168,.T.);
#1590=ORIENTED_EDGE('',*,*,#2168,.F.);
#1591=ORIENTED_EDGE('',*,*,#1739,.T.);
#1592=ORIENTED_EDGE('',*,*,#2169,.T.);
#1593=ORIENTED_EDGE('',*,*,#2170,.T.);
#1594=ORIENTED_EDGE('',*,*,#2171,.F.);
#1595=ORIENTED_EDGE('',*,*,#1801,.F.);
#1596=ORIENTED_EDGE('',*,*,#1806,.T.);
#1597=ORIENTED_EDGE('',*,*,#2171,.T.);
#1598=ORIENTED_EDGE('',*,*,#2163,.F.);
#1599=ORIENTED_EDGE('',*,*,#2172,.T.);
#1600=ORIENTED_EDGE('',*,*,#2173,.F.);
#1601=ORIENTED_EDGE('',*,*,#1944,.F.);
#1602=ORIENTED_EDGE('',*,*,#1786,.T.);
#1603=ORIENTED_EDGE('',*,*,#1943,.T.);
#1604=ORIENTED_EDGE('',*,*,#1882,.F.);
#1605=ORIENTED_EDGE('',*,*,#1906,.F.);
#1606=ORIENTED_EDGE('',*,*,#1732,.T.);
#1607=ORIENTED_EDGE('',*,*,#1728,.T.);
#1608=ORIENTED_EDGE('',*,*,#1898,.F.);
#1609=ORIENTED_EDGE('',*,*,#1907,.F.);
#1610=ORIENTED_EDGE('',*,*,#1791,.T.);
#1611=ORIENTED_EDGE('',*,*,#1905,.T.);
#1612=ORIENTED_EDGE('',*,*,#1893,.F.);
#1613=ORIENTED_EDGE('',*,*,#2174,.T.);
#1614=ORIENTED_EDGE('',*,*,#2175,.F.);
#1615=ORIENTED_EDGE('',*,*,#1940,.F.);
#1616=ORIENTED_EDGE('',*,*,#1782,.T.);
#1617=ORIENTED_EDGE('',*,*,#1939,.T.);
#1618=ORIENTED_EDGE('',*,*,#1886,.F.);
#1619=ORIENTED_EDGE('',*,*,#2176,.T.);
#1620=ORIENTED_EDGE('',*,*,#2177,.F.);
#1621=ORIENTED_EDGE('',*,*,#1909,.F.);
#1622=ORIENTED_EDGE('',*,*,#1725,.T.);
#1623=ORIENTED_EDGE('',*,*,#1721,.T.);
#1624=ORIENTED_EDGE('',*,*,#1896,.F.);
#1625=ORIENTED_EDGE('',*,*,#1910,.F.);
#1626=ORIENTED_EDGE('',*,*,#1777,.T.);
#1627=ORIENTED_EDGE('',*,*,#1908,.T.);
#1628=ORIENTED_EDGE('',*,*,#1890,.F.);
#1629=ORIENTED_EDGE('',*,*,#2178,.T.);
#1630=ORIENTED_EDGE('',*,*,#2179,.F.);
#1631=ORIENTED_EDGE('',*,*,#1868,.F.);
#1632=ORIENTED_EDGE('',*,*,#2178,.F.);
#1633=ORIENTED_EDGE('',*,*,#1869,.F.);
#1634=ORIENTED_EDGE('',*,*,#2176,.F.);
#1635=ORIENTED_EDGE('',*,*,#1870,.F.);
#1636=ORIENTED_EDGE('',*,*,#2174,.F.);
#1637=ORIENTED_EDGE('',*,*,#1871,.F.);
#1638=ORIENTED_EDGE('',*,*,#2172,.F.);
#1639=ORIENTED_EDGE('',*,*,#2166,.F.);
#1640=ORIENTED_EDGE('',*,*,#2164,.F.);
#1641=ORIENTED_EDGE('',*,*,#2167,.F.);
#1642=ORIENTED_EDGE('',*,*,#2169,.F.);
#1643=ORIENTED_EDGE('',*,*,#2179,.T.);
#1644=ORIENTED_EDGE('',*,*,#2177,.T.);
#1645=ORIENTED_EDGE('',*,*,#2175,.T.);
#1646=ORIENTED_EDGE('',*,*,#2173,.T.);
#1647=ORIENTED_EDGE('',*,*,#2170,.F.);
#1648=ORIENTED_EDGE('',*,*,#2165,.F.);
#1649=ORIENTED_EDGE('',*,*,#2180,.F.);
#1650=ORIENTED_EDGE('',*,*,#2088,.T.);
#1651=ORIENTED_EDGE('',*,*,#1720,.F.);
#1652=ORIENTED_EDGE('',*,*,#2180,.T.);
#1653=ORIENTED_EDGE('',*,*,#2181,.F.);
#1654=ORIENTED_EDGE('',*,*,#2074,.T.);
#1655=ORIENTED_EDGE('',*,*,#1718,.F.);
#1656=ORIENTED_EDGE('',*,*,#2181,.T.);
#1657=ORIENTED_EDGE('',*,*,#2182,.F.);
#1658=ORIENTED_EDGE('',*,*,#2065,.T.);
#1659=ORIENTED_EDGE('',*,*,#1716,.F.);
#1660=ORIENTED_EDGE('',*,*,#2182,.T.);
#1661=ORIENTED_EDGE('',*,*,#2183,.F.);
#1662=ORIENTED_EDGE('',*,*,#2051,.T.);
#1663=ORIENTED_EDGE('',*,*,#1714,.F.);
#1664=ORIENTED_EDGE('',*,*,#2183,.T.);
#1665=ORIENTED_EDGE('',*,*,#2184,.F.);
#1666=ORIENTED_EDGE('',*,*,#2185,.T.);
#1667=ORIENTED_EDGE('',*,*,#2186,.T.);
#1668=ORIENTED_EDGE('',*,*,#1802,.T.);
#1669=ORIENTED_EDGE('',*,*,#2187,.F.);
#1670=ORIENTED_EDGE('',*,*,#2188,.T.);
#1671=ORIENTED_EDGE('',*,*,#2184,.T.);
#1672=ORIENTED_EDGE('',*,*,#1805,.F.);
#1673=ORIENTED_EDGE('',*,*,#2189,.F.);
#1674=ORIENTED_EDGE('',*,*,#2190,.T.);
#1675=ORIENTED_EDGE('',*,*,#2187,.T.);
#1676=ORIENTED_EDGE('',*,*,#1804,.F.);
#1677=ORIENTED_EDGE('',*,*,#2186,.F.);
#1678=ORIENTED_EDGE('',*,*,#2191,.T.);
#1679=ORIENTED_EDGE('',*,*,#2189,.T.);
#1680=ORIENTED_EDGE('',*,*,#1803,.T.);
#1681=ORIENTED_EDGE('',*,*,#2192,.F.);
#1682=ORIENTED_EDGE('',*,*,#2193,.F.);
#1683=ORIENTED_EDGE('',*,*,#2194,.F.);
#1684=ORIENTED_EDGE('',*,*,#2191,.F.);
#1685=ORIENTED_EDGE('',*,*,#2194,.T.);
#1686=ORIENTED_EDGE('',*,*,#2195,.F.);
#1687=ORIENTED_EDGE('',*,*,#2196,.F.);
#1688=ORIENTED_EDGE('',*,*,#2190,.F.);
#1689=ORIENTED_EDGE('',*,*,#2192,.T.);
#1690=ORIENTED_EDGE('',*,*,#2185,.F.);
#1691=ORIENTED_EDGE('',*,*,#2197,.F.);
#1692=ORIENTED_EDGE('',*,*,#2198,.F.);
#1693=ORIENTED_EDGE('',*,*,#2196,.T.);
#1694=ORIENTED_EDGE('',*,*,#2199,.F.);
#1695=ORIENTED_EDGE('',*,*,#2197,.T.);
#1696=ORIENTED_EDGE('',*,*,#2188,.F.);
#1697=ORIENTED_EDGE('',*,*,#2200,.T.);
#1698=ORIENTED_EDGE('',*,*,#2198,.T.);
#1699=ORIENTED_EDGE('',*,*,#2201,.F.);
#1700=ORIENTED_EDGE('',*,*,#1736,.F.);
#1701=ORIENTED_EDGE('',*,*,#2201,.T.);
#1702=ORIENTED_EDGE('',*,*,#2199,.T.);
#1703=ORIENTED_EDGE('',*,*,#2202,.F.);
#1704=ORIENTED_EDGE('',*,*,#1737,.F.);
#1705=ORIENTED_EDGE('',*,*,#2202,.T.);
#1706=ORIENTED_EDGE('',*,*,#2195,.T.);
#1707=ORIENTED_EDGE('',*,*,#2203,.F.);
#1708=ORIENTED_EDGE('',*,*,#1738,.F.);
#1709=ORIENTED_EDGE('',*,*,#2203,.T.);
#1710=ORIENTED_EDGE('',*,*,#2193,.T.);
#1711=ORIENTED_EDGE('',*,*,#2200,.F.);
#1712=ORIENTED_EDGE('',*,*,#1735,.F.);
#1713=EDGE_CURVE('',#2204,#2204,#2522,.T.);
#1714=EDGE_CURVE('',#2205,#2205,#2523,.T.);
#1715=EDGE_CURVE('',#2206,#2206,#2524,.T.);
#1716=EDGE_CURVE('',#2207,#2207,#2525,.T.);
#1717=EDGE_CURVE('',#2208,#2208,#2526,.T.);
#1718=EDGE_CURVE('',#2209,#2209,#2527,.T.);
#1719=EDGE_CURVE('',#2210,#2210,#2528,.T.);
#1720=EDGE_CURVE('',#2211,#2211,#2529,.T.);
#1721=EDGE_CURVE('',#2212,#2213,#62,.T.);
#1722=EDGE_CURVE('',#2212,#2214,#63,.F.);
#1723=EDGE_CURVE('NONE',#2215,#2214,#64,.F.);
#1724=EDGE_CURVE('',#2213,#2215,#65,.T.);
#1725=EDGE_CURVE('',#2216,#2212,#2530,.F.);
#1726=EDGE_CURVE('NONE',#2217,#2216,#66,.T.);
#1727=EDGE_CURVE('NONE',#2214,#2217,#2531,.F.);
#1728=EDGE_CURVE('',#2218,#2219,#67,.T.);
#1729=EDGE_CURVE('',#2218,#2220,#68,.F.);
#1730=EDGE_CURVE('NONE',#2221,#2220,#69,.F.);
#1731=EDGE_CURVE('',#2219,#2221,#70,.F.);
#1732=EDGE_CURVE('',#2222,#2218,#2532,.F.);
#1733=EDGE_CURVE('NONE',#2223,#2222,#71,.F.);
#1734=EDGE_CURVE('NONE',#2220,#2223,#2533,.F.);
#1735=EDGE_CURVE('',#2224,#2225,#72,.T.);
#1736=EDGE_CURVE('',#2225,#2226,#73,.T.);
#1737=EDGE_CURVE('',#2226,#2227,#74,.T.);
#1738=EDGE_CURVE('',#2227,#2224,#75,.T.);
#1739=EDGE_CURVE('',#2228,#2228,#2534,.F.);
#1740=EDGE_CURVE('',#2229,#2230,#76,.T.);
#1741=EDGE_CURVE('',#2229,#2231,#77,.T.);
#1742=EDGE_CURVE('',#2231,#2232,#78,.T.);
#1743=EDGE_CURVE('',#2233,#2232,#2535,.F.);
#1744=EDGE_CURVE('',#2233,#2234,#79,.T.);
#1745=EDGE_CURVE('',#2235,#2234,#2536,.F.);
#1746=EDGE_CURVE('',#2235,#2236,#80,.F.);
#1747=EDGE_CURVE('',#2237,#2236,#2537,.F.);
#1748=EDGE_CURVE('',#2237,#2238,#81,.F.);
#1749=EDGE_CURVE('',#2239,#2238,#2538,.F.);
#1750=EDGE_CURVE('',#2239,#2240,#82,.T.);
#1751=EDGE_CURVE('',#2241,#2240,#2539,.F.);
#1752=EDGE_CURVE('',#2241,#2242,#83,.T.);
#1753=EDGE_CURVE('',#2243,#2242,#2540,.F.);
#1754=EDGE_CURVE('',#2243,#2244,#84,.F.);
#1755=EDGE_CURVE('',#2245,#2244,#2541,.F.);
#1756=EDGE_CURVE('',#2245,#2246,#85,.F.);
#1757=EDGE_CURVE('',#2247,#2246,#2542,.F.);
#1758=EDGE_CURVE('',#2247,#2248,#86,.T.);
#1759=EDGE_CURVE('',#2249,#2248,#87,.T.);
#1760=EDGE_CURVE('',#2250,#2249,#88,.T.);
#1761=EDGE_CURVE('',#2251,#2250,#2543,.F.);
#1762=EDGE_CURVE('',#2251,#2252,#89,.F.);
#1763=EDGE_CURVE('',#2253,#2252,#2544,.F.);
#1764=EDGE_CURVE('',#2253,#2254,#90,.T.);
#1765=EDGE_CURVE('',#2255,#2254,#2545,.F.);
#1766=EDGE_CURVE('',#2255,#2256,#91,.T.);
#1767=EDGE_CURVE('',#2257,#2256,#2546,.F.);
#1768=EDGE_CURVE('',#2258,#2257,#92,.T.);
#1769=EDGE_CURVE('',#2259,#2258,#2547,.F.);
#1770=EDGE_CURVE('',#2259,#2260,#93,.F.);
#1771=EDGE_CURVE('',#2261,#2260,#2548,.F.);
#1772=EDGE_CURVE('',#2261,#2262,#94,.T.);
#1773=EDGE_CURVE('',#2263,#2262,#2549,.F.);
#1774=EDGE_CURVE('',#2263,#2264,#95,.T.);
#1775=EDGE_CURVE('',#2230,#2264,#2550,.F.);
#1776=EDGE_CURVE('',#2265,#2266,#96,.F.);
#1777=EDGE_CURVE('',#2267,#2265,#2551,.F.);
#1778=EDGE_CURVE('NONE',#2268,#2267,#97,.T.);
#1779=EDGE_CURVE('',#2269,#2268,#98,.F.);
#1780=EDGE_CURVE('NONE',#2270,#2269,#2552,.F.);
#1781=EDGE_CURVE('',#2271,#2270,#99,.T.);
#1782=EDGE_CURVE('',#2272,#2271,#2553,.F.);
#1783=EDGE_CURVE('NONE',#2273,#2272,#100,.T.);
#1784=EDGE_CURVE('NONE',#2274,#2273,#101,.F.);
#1785=EDGE_CURVE('',#2275,#2274,#102,.T.);
#1786=EDGE_CURVE('',#2276,#2275,#2554,.F.);
#1787=EDGE_CURVE('NONE',#2277,#2276,#103,.T.);
#1788=EDGE_CURVE('NONE',#2278,#2277,#2555,.F.);
#1789=EDGE_CURVE('NONE',#2279,#2278,#104,.F.);
#1790=EDGE_CURVE('',#2280,#2279,#105,.T.);
#1791=EDGE_CURVE('',#2281,#2280,#2556,.F.);
#1792=EDGE_CURVE('NONE',#2282,#2281,#106,.T.);
#1793=EDGE_CURVE('NONE',#2266,#2282,#107,.T.);
#1794=EDGE_CURVE('',#2283,#2284,#108,.T.);
#1795=EDGE_CURVE('',#2284,#2285,#109,.T.);
#1796=EDGE_CURVE('',#2285,#2286,#110,.T.);
#1797=EDGE_CURVE('',#2286,#2287,#111,.T.);
#1798=EDGE_CURVE('',#2288,#2287,#112,.T.);
#1799=EDGE_CURVE('',#2283,#2288,#113,.T.);
#1800=EDGE_CURVE('',#2289,#2290,#2557,.F.);
#1801=EDGE_CURVE('',#2289,#2290,#2558,.T.);
#1802=EDGE_CURVE('',#2291,#2292,#114,.T.);
#1803=EDGE_CURVE('',#2293,#2291,#115,.T.);
#1804=EDGE_CURVE('',#2293,#2294,#116,.T.);
#1805=EDGE_CURVE('',#2294,#2292,#117,.T.);
#1806=EDGE_CURVE('',#2295,#2295,#2559,.T.);
#1807=EDGE_CURVE('NONE',#2296,#2297,#118,.T.);
#1808=EDGE_CURVE('NONE',#2297,#2298,#2560,.F.);
#1809=EDGE_CURVE('NONE',#2298,#2299,#119,.F.);
#1810=EDGE_CURVE('NONE',#2299,#2300,#2561,.F.);
#1811=EDGE_CURVE('',#2300,#2301,#120,.F.);
#1812=EDGE_CURVE('NONE',#2301,#2302,#2562,.F.);
#1813=EDGE_CURVE('NONE',#2302,#2303,#121,.T.);
#1814=EDGE_CURVE('NONE',#2303,#2296,#2563,.F.);
#1815=EDGE_CURVE('',#2304,#2305,#122,.T.);
#1816=EDGE_CURVE('',#2304,#2306,#123,.T.);
#1817=EDGE_CURVE('',#2306,#2307,#2564,.F.);
#1818=EDGE_CURVE('NONE',#2307,#2308,#124,.F.);
#1819=EDGE_CURVE('NONE',#2308,#2309,#2565,.F.);
#1820=EDGE_CURVE('',#2309,#2310,#125,.T.);
#1821=EDGE_CURVE('',#2310,#2311,#126,.T.);
#1822=EDGE_CURVE('',#2305,#2311,#127,.T.);
#1823=EDGE_CURVE('',#2309,#2312,#36,.T.);
#1824=EDGE_CURVE('',#2312,#2308,#128,.T.);
#1825=EDGE_CURVE('',#2313,#2307,#129,.T.);
#1826=EDGE_CURVE('',#2313,#2312,#130,.T.);
#1827=EDGE_CURVE('',#2313,#2306,#37,.T.);
#1828=EDGE_CURVE('NONE',#2314,#2315,#131,.F.);
#1829=EDGE_CURVE('NONE',#2315,#2266,#132,.T.);
#1830=EDGE_CURVE('NONE',#2314,#2282,#133,.F.);
#1831=EDGE_CURVE('NONE',#2223,#2316,#134,.T.);
#1832=EDGE_CURVE('NONE',#2316,#2221,#2566,.T.);
#1833=EDGE_CURVE('NONE',#2217,#2317,#135,.T.);
#1834=EDGE_CURVE('NONE',#2317,#2215,#2567,.T.);
#1835=EDGE_CURVE('NONE',#2278,#2318,#136,.F.);
#1836=EDGE_CURVE('',#2318,#2319,#137,.T.);
#1837=EDGE_CURVE('NONE',#2319,#2279,#138,.T.);
#1838=EDGE_CURVE('NONE',#2320,#2321,#139,.T.);
#1839=EDGE_CURVE('NONE',#2321,#2322,#140,.F.);
#1840=EDGE_CURVE('NONE',#2323,#2322,#141,.T.);
#1841=EDGE_CURVE('NONE',#2320,#2323,#142,.T.);
#1842=EDGE_CURVE('NONE',#2324,#2325,#143,.T.);
#1843=EDGE_CURVE('NONE',#2324,#2326,#144,.F.);
#1844=EDGE_CURVE('NONE',#2326,#2327,#145,.F.);
#1845=EDGE_CURVE('NONE',#2325,#2327,#146,.T.);
#1846=EDGE_CURVE('NONE',#2328,#2329,#147,.F.);
#1847=EDGE_CURVE('NONE',#2328,#2324,#2568,.T.);
#1848=EDGE_CURVE('NONE',#2329,#2325,#2569,.T.);
#1849=EDGE_CURVE('NONE',#2326,#2320,#2570,.T.);
#1850=EDGE_CURVE('NONE',#2327,#2323,#2571,.T.);
#1851=EDGE_CURVE('',#2330,#2329,#148,.F.);
#1852=EDGE_CURVE('NONE',#2331,#2330,#149,.T.);
#1853=EDGE_CURVE('',#2331,#2328,#150,.T.);
#1854=EDGE_CURVE('NONE',#2322,#2332,#2572,.T.);
#1855=EDGE_CURVE('NONE',#2332,#2333,#151,.F.);
#1856=EDGE_CURVE('NONE',#2333,#2330,#2573,.T.);
#1857=EDGE_CURVE('',#2334,#2335,#152,.F.);
#1858=EDGE_CURVE('NONE',#2336,#2334,#2574,.F.);
#1859=EDGE_CURVE('NONE',#2337,#2336,#153,.F.);
#1860=EDGE_CURVE('NONE',#2338,#2337,#2575,.F.);
#1861=EDGE_CURVE('NONE',#2339,#2338,#154,.F.);
#1862=EDGE_CURVE('NONE',#2340,#2339,#2576,.F.);
#1863=EDGE_CURVE('NONE',#2341,#2340,#155,.F.);
#1864=EDGE_CURVE('NONE',#2335,#2341,#2577,.F.);
#1865=EDGE_CURVE('NONE',#2342,#2343,#156,.T.);
#1866=EDGE_CURVE('NONE',#2269,#2343,#157,.T.);
#1867=EDGE_CURVE('NONE',#2342,#2268,#158,.F.);
#1868=EDGE_CURVE('',#2344,#2344,#2578,.F.);
#1869=EDGE_CURVE('',#2345,#2345,#2579,.F.);
#1870=EDGE_CURVE('',#2346,#2346,#2580,.F.);
#1871=EDGE_CURVE('',#2347,#2347,#2581,.F.);
#1872=EDGE_CURVE('NONE',#2348,#2349,#159,.T.);
#1873=EDGE_CURVE('NONE',#2349,#2350,#2582,.F.);
#1874=EDGE_CURVE('NONE',#2350,#2351,#160,.F.);
#1875=EDGE_CURVE('NONE',#2351,#2352,#2583,.F.);
#1876=EDGE_CURVE('',#2352,#2353,#161,.F.);
#1877=EDGE_CURVE('NONE',#2353,#2354,#2584,.F.);
#1878=EDGE_CURVE('NONE',#2354,#2355,#162,.T.);
#1879=EDGE_CURVE('NONE',#2355,#2348,#2585,.F.);
#1880=EDGE_CURVE('NONE',#2356,#2318,#2586,.T.);
#1881=EDGE_CURVE('NONE',#2356,#2357,#163,.F.);
#1882=EDGE_CURVE('',#2357,#2358,#2587,.T.);
#1883=EDGE_CURVE('',#2358,#2359,#164,.T.);
#1884=EDGE_CURVE('NONE',#2360,#2359,#165,.T.);
#1885=EDGE_CURVE('NONE',#2360,#2361,#166,.F.);
#1886=EDGE_CURVE('',#2361,#2362,#2588,.T.);
#1887=EDGE_CURVE('',#2362,#2363,#167,.T.);
#1888=EDGE_CURVE('NONE',#2343,#2363,#2589,.T.);
#1889=EDGE_CURVE('NONE',#2342,#2364,#168,.F.);
#1890=EDGE_CURVE('',#2364,#2365,#2590,.T.);
#1891=EDGE_CURVE('',#2365,#2315,#169,.F.);
#1892=EDGE_CURVE('NONE',#2314,#2366,#170,.T.);
#1893=EDGE_CURVE('',#2366,#2367,#2591,.T.);
#1894=EDGE_CURVE('',#2367,#2319,#171,.F.);
#1895=EDGE_CURVE('NONE',#2317,#2368,#172,.T.);
#1896=EDGE_CURVE('',#2368,#2213,#2592,.T.);
#1897=EDGE_CURVE('NONE',#2316,#2369,#173,.T.);
#1898=EDGE_CURVE('',#2369,#2219,#2593,.T.);
#1899=EDGE_CURVE('NONE',#2352,#2334,#174,.F.);
#1900=EDGE_CURVE('NONE',#2353,#2335,#175,.T.);
#1901=EDGE_CURVE('NONE',#2354,#2341,#176,.F.);
#1902=EDGE_CURVE('NONE',#2355,#2340,#177,.T.);
#1903=EDGE_CURVE('NONE',#2348,#2339,#178,.F.);
#1904=EDGE_CURVE('NONE',#2349,#2338,#179,.T.);
#1905=EDGE_CURVE('',#2280,#2367,#180,.T.);
#1906=EDGE_CURVE('',#2222,#2369,#181,.T.);
#1907=EDGE_CURVE('',#2281,#2366,#182,.T.);
#1908=EDGE_CURVE('',#2265,#2365,#183,.T.);
#1909=EDGE_CURVE('',#2216,#2368,#184,.T.);
#1910=EDGE_CURVE('',#2267,#2364,#185,.T.);
#1911=EDGE_CURVE('NONE',#2297,#2331,#186,.T.);
#1912=EDGE_CURVE('NONE',#2328,#2296,#187,.F.);
#1913=EDGE_CURVE('NONE',#2324,#2303,#188,.F.);
#1914=EDGE_CURVE('NONE',#2326,#2302,#189,.F.);
#1915=EDGE_CURVE('NONE',#2320,#2301,#190,.F.);
#1916=EDGE_CURVE('NONE',#2300,#2321,#191,.T.);
#1917=EDGE_CURVE('',#2370,#2283,#192,.T.);
#1918=EDGE_CURVE('',#2370,#2371,#193,.T.);
#1919=EDGE_CURVE('',#2371,#2284,#194,.T.);
#1920=EDGE_CURVE('',#2372,#2288,#195,.T.);
#1921=EDGE_CURVE('',#2370,#2372,#196,.T.);
#1922=EDGE_CURVE('',#2373,#2287,#197,.T.);
#1923=EDGE_CURVE('',#2372,#2373,#198,.T.);
#1924=EDGE_CURVE('',#2374,#2286,#199,.T.);
#1925=EDGE_CURVE('',#2374,#2373,#200,.T.);
#1926=EDGE_CURVE('',#2375,#2285,#201,.T.);
#1927=EDGE_CURVE('',#2375,#2374,#202,.T.);
#1928=EDGE_CURVE('',#2371,#2375,#203,.T.);
#1929=EDGE_CURVE('NONE',#2298,#2376,#204,.T.);
#1930=EDGE_CURVE('NONE',#2377,#2376,#205,.T.);
#1931=EDGE_CURVE('NONE',#2299,#2377,#206,.T.);
#1932=EDGE_CURVE('NONE',#2376,#2333,#207,.T.);
#1933=EDGE_CURVE('NONE',#2376,#2331,#2594,.T.);
#1934=EDGE_CURVE('NONE',#2377,#2332,#208,.T.);
#1935=EDGE_CURVE('NONE',#2321,#2377,#2595,.T.);
#1936=EDGE_CURVE('NONE',#2351,#2336,#209,.T.);
#1937=EDGE_CURVE('NONE',#2350,#2337,#210,.F.);
#1938=EDGE_CURVE('NONE',#2363,#2270,#211,.F.);
#1939=EDGE_CURVE('',#2271,#2362,#212,.T.);
#1940=EDGE_CURVE('',#2272,#2361,#213,.T.);
#1941=EDGE_CURVE('NONE',#2360,#2273,#214,.T.);
#1942=EDGE_CURVE('NONE',#2359,#2274,#215,.F.);
#1943=EDGE_CURVE('',#2275,#2358,#216,.T.);
#1944=EDGE_CURVE('',#2276,#2357,#217,.T.);
#1945=EDGE_CURVE('NONE',#2277,#2356,#218,.T.);
#1946=EDGE_CURVE('',#2311,#2229,#219,.T.);
#1947=EDGE_CURVE('',#2230,#2258,#220,.T.);
#1948=EDGE_CURVE('',#2257,#2250,#221,.T.);
#1949=EDGE_CURVE('',#2305,#2249,#222,.T.);
#1950=EDGE_CURVE('',#2310,#2231,#223,.T.);
#1951=EDGE_CURVE('',#2304,#2248,#224,.T.);
#1952=EDGE_CURVE('',#2240,#2247,#225,.T.);
#1953=EDGE_CURVE('',#2232,#2239,#226,.T.);
#1954=EDGE_CURVE('',#2378,#2379,#227,.T.);
#1955=EDGE_CURVE('',#2379,#2380,#228,.F.);
#1956=EDGE_CURVE('',#2381,#2380,#229,.T.);
#1957=EDGE_CURVE('',#2381,#2382,#230,.T.);
#1958=EDGE_CURVE('',#2382,#2383,#231,.F.);
#1959=EDGE_CURVE('',#2383,#2384,#232,.F.);
#1960=EDGE_CURVE('',#2384,#2378,#2596,.F.);
#1961=EDGE_CURVE('',#2385,#2386,#233,.T.);
#1962=EDGE_CURVE('',#2386,#2387,#234,.T.);
#1963=EDGE_CURVE('',#2387,#2388,#235,.F.);
#1964=EDGE_CURVE('',#2388,#2385,#236,.F.);
#1965=EDGE_CURVE('',#2389,#2390,#237,.T.);
#1966=EDGE_CURVE('',#2390,#2391,#238,.T.);
#1967=EDGE_CURVE('',#2392,#2391,#239,.T.);
#1968=EDGE_CURVE('',#2392,#2393,#2597,.T.);
#1969=EDGE_CURVE('',#2393,#2394,#240,.T.);
#1970=EDGE_CURVE('',#2394,#2395,#241,.T.);
#1971=EDGE_CURVE('',#2395,#2389,#242,.F.);
#1972=EDGE_CURVE('',#2396,#2397,#243,.T.);
#1973=EDGE_CURVE('',#2397,#2398,#244,.F.);
#1974=EDGE_CURVE('',#2399,#2398,#245,.T.);
#1975=EDGE_CURVE('',#2399,#2396,#246,.T.);
#1976=EDGE_CURVE('',#2400,#2401,#247,.T.);
#1977=EDGE_CURVE('',#2401,#2402,#248,.T.);
#1978=EDGE_CURVE('',#2402,#2403,#249,.F.);
#1979=EDGE_CURVE('',#2403,#2400,#250,.F.);
#1980=EDGE_CURVE('',#2404,#2405,#251,.T.);
#1981=EDGE_CURVE('',#2405,#2406,#252,.T.);
#1982=EDGE_CURVE('',#2407,#2406,#253,.T.);
#1983=EDGE_CURVE('',#2407,#2408,#2598,.T.);
#1984=EDGE_CURVE('',#2408,#2409,#254,.T.);
#1985=EDGE_CURVE('',#2409,#2410,#255,.T.);
#1986=EDGE_CURVE('',#2410,#2404,#256,.F.);
#1987=EDGE_CURVE('',#2411,#2412,#257,.T.);
#1988=EDGE_CURVE('',#2411,#2413,#258,.T.);
#1989=EDGE_CURVE('',#2413,#2414,#259,.T.);
#1990=EDGE_CURVE('',#2414,#2412,#260,.F.);
#1991=EDGE_CURVE('',#2415,#2416,#261,.T.);
#1992=EDGE_CURVE('',#2416,#2417,#262,.F.);
#1993=EDGE_CURVE('',#2418,#2417,#263,.T.);
#1994=EDGE_CURVE('',#2418,#2419,#264,.T.);
#1995=EDGE_CURVE('',#2419,#2420,#265,.F.);
#1996=EDGE_CURVE('',#2420,#2421,#266,.F.);
#1997=EDGE_CURVE('',#2421,#2415,#2599,.F.);
#1998=EDGE_CURVE('',#2422,#2423,#267,.T.);
#1999=EDGE_CURVE('',#2423,#2424,#268,.F.);
#2000=EDGE_CURVE('',#2424,#2425,#269,.F.);
#2001=EDGE_CURVE('',#2425,#2422,#270,.T.);
#2002=EDGE_CURVE('',#2426,#2427,#271,.T.);
#2003=EDGE_CURVE('',#2427,#2428,#272,.T.);
#2004=EDGE_CURVE('',#2429,#2428,#273,.T.);
#2005=EDGE_CURVE('',#2429,#2430,#2600,.F.);
#2006=EDGE_CURVE('',#2430,#2431,#274,.T.);
#2007=EDGE_CURVE('',#2431,#2432,#275,.F.);
#2008=EDGE_CURVE('',#2432,#2426,#276,.F.);
#2009=EDGE_CURVE('',#2433,#2434,#277,.T.);
#2010=EDGE_CURVE('',#2433,#2435,#278,.T.);
#2011=EDGE_CURVE('',#2435,#2436,#279,.F.);
#2012=EDGE_CURVE('',#2436,#2434,#280,.F.);
#2013=EDGE_CURVE('',#2437,#2438,#281,.T.);
#2014=EDGE_CURVE('',#2438,#2439,#282,.F.);
#2015=EDGE_CURVE('',#2440,#2439,#283,.T.);
#2016=EDGE_CURVE('',#2440,#2441,#284,.T.);
#2017=EDGE_CURVE('',#2441,#2442,#285,.T.);
#2018=EDGE_CURVE('',#2442,#2443,#286,.F.);
#2019=EDGE_CURVE('',#2443,#2437,#2601,.T.);
#2020=EDGE_CURVE('',#2444,#2445,#287,.T.);
#2021=EDGE_CURVE('',#2445,#2446,#288,.F.);
#2022=EDGE_CURVE('',#2446,#2447,#289,.F.);
#2023=EDGE_CURVE('',#2447,#2444,#290,.T.);
#2024=EDGE_CURVE('',#2448,#2449,#291,.T.);
#2025=EDGE_CURVE('',#2449,#2450,#292,.T.);
#2026=EDGE_CURVE('',#2451,#2450,#293,.T.);
#2027=EDGE_CURVE('',#2451,#2452,#2602,.F.);
#2028=EDGE_CURVE('',#2452,#2453,#294,.T.);
#2029=EDGE_CURVE('',#2453,#2454,#295,.F.);
#2030=EDGE_CURVE('',#2454,#2448,#296,.F.);
#2031=EDGE_CURVE('',#2455,#2456,#297,.T.);
#2032=EDGE_CURVE('',#2456,#2457,#298,.T.);
#2033=EDGE_CURVE('',#2457,#2458,#299,.F.);
#2034=EDGE_CURVE('',#2458,#2455,#300,.F.);
#2035=EDGE_CURVE('',#2459,#2460,#301,.T.);
#2036=EDGE_CURVE('',#2460,#2461,#302,.F.);
#2037=EDGE_CURVE('',#2462,#2461,#303,.T.);
#2038=EDGE_CURVE('',#2462,#2463,#304,.T.);
#2039=EDGE_CURVE('',#2463,#2464,#305,.T.);
#2040=EDGE_CURVE('',#2464,#2465,#306,.F.);
#2041=EDGE_CURVE('',#2465,#2459,#2603,.T.);
#2042=EDGE_CURVE('',#2466,#2467,#307,.T.);
#2043=EDGE_CURVE('',#2467,#2451,#38,.F.);
#2044=EDGE_CURVE('',#2450,#2468,#2604,.F.);
#2045=EDGE_CURVE('',#2468,#2469,#308,.T.);
#2046=EDGE_CURVE('',#2469,#2460,#2605,.F.);
#2047=EDGE_CURVE('',#2459,#2466,#39,.T.);
#2048=EDGE_CURVE('',#2468,#2470,#309,.F.);
#2049=EDGE_CURVE('',#2470,#2471,#310,.T.);
#2050=EDGE_CURVE('',#2471,#2469,#311,.T.);
#2051=EDGE_CURVE('',#2472,#2472,#2606,.T.);
#2052=EDGE_CURVE('',#2470,#2449,#2607,.T.);
#2053=EDGE_CURVE('',#2448,#2456,#2608,.T.);
#2054=EDGE_CURVE('',#2455,#2462,#2609,.T.);
#2055=EDGE_CURVE('',#2461,#2471,#2610,.T.);
#2056=EDGE_CURVE('',#2473,#2474,#312,.T.);
#2057=EDGE_CURVE('',#2474,#2429,#40,.F.);
#2058=EDGE_CURVE('',#2428,#2475,#2611,.F.);
#2059=EDGE_CURVE('',#2475,#2476,#313,.T.);
#2060=EDGE_CURVE('',#2476,#2438,#2612,.F.);
#2061=EDGE_CURVE('',#2437,#2473,#41,.T.);
#2062=EDGE_CURVE('',#2477,#2478,#314,.T.);
#2063=EDGE_CURVE('',#2478,#2476,#315,.T.);
#2064=EDGE_CURVE('',#2475,#2477,#316,.F.);
#2065=EDGE_CURVE('',#2479,#2479,#2613,.T.);
#2066=EDGE_CURVE('',#2426,#2433,#2614,.T.);
#2067=EDGE_CURVE('',#2434,#2440,#2615,.T.);
#2068=EDGE_CURVE('',#2439,#2478,#2616,.T.);
#2069=EDGE_CURVE('',#2477,#2427,#2617,.T.);
#2070=EDGE_CURVE('',#2480,#2481,#317,.T.);
#2071=EDGE_CURVE('',#2481,#2482,#318,.T.);
#2072=EDGE_CURVE('',#2483,#2482,#319,.T.);
#2073=EDGE_CURVE('',#2483,#2480,#320,.F.);
#2074=EDGE_CURVE('',#2484,#2484,#2618,.T.);
#2075=EDGE_CURVE('',#2404,#2411,#2619,.T.);
#2076=EDGE_CURVE('',#2412,#2418,#2620,.T.);
#2077=EDGE_CURVE('',#2417,#2481,#2621,.T.);
#2078=EDGE_CURVE('',#2480,#2405,#2622,.T.);
#2079=EDGE_CURVE('',#2415,#2485,#42,.T.);
#2080=EDGE_CURVE('',#2485,#2486,#321,.F.);
#2081=EDGE_CURVE('',#2486,#2407,#43,.F.);
#2082=EDGE_CURVE('',#2406,#2483,#2623,.F.);
#2083=EDGE_CURVE('',#2482,#2416,#2624,.F.);
#2084=EDGE_CURVE('',#2487,#2488,#322,.T.);
#2085=EDGE_CURVE('',#2488,#2489,#323,.T.);
#2086=EDGE_CURVE('',#2490,#2489,#324,.T.);
#2087=EDGE_CURVE('',#2490,#2487,#325,.F.);
#2088=EDGE_CURVE('',#2491,#2491,#2625,.T.);
#2089=EDGE_CURVE('',#2398,#2381,#2626,.T.);
#2090=EDGE_CURVE('',#2380,#2488,#2627,.T.);
#2091=EDGE_CURVE('',#2487,#2390,#2628,.T.);
#2092=EDGE_CURVE('',#2389,#2399,#2629,.T.);
#2093=EDGE_CURVE('',#2378,#2492,#44,.T.);
#2094=EDGE_CURVE('',#2492,#2493,#326,.F.);
#2095=EDGE_CURVE('',#2493,#2392,#45,.F.);
#2096=EDGE_CURVE('',#2391,#2490,#2630,.F.);
#2097=EDGE_CURVE('',#2489,#2379,#2631,.F.);
#2098=EDGE_CURVE('',#2493,#2385,#2632,.T.);
#2099=EDGE_CURVE('',#2386,#2492,#2633,.F.);
#2100=EDGE_CURVE('',#2393,#2385,#2634,.T.);
#2101=EDGE_CURVE('',#2386,#2384,#2635,.T.);
#2102=EDGE_CURVE('',#2394,#2388,#2636,.T.);
#2103=EDGE_CURVE('',#2387,#2383,#2637,.T.);
#2104=EDGE_CURVE('',#2232,#2387,#2638,.T.);
#2105=EDGE_CURVE('',#2388,#2239,#2639,.T.);
#2106=EDGE_CURVE('',#2394,#2238,#2640,.F.);
#2107=EDGE_CURVE('',#2233,#2383,#2641,.F.);
#2108=EDGE_CURVE('',#2395,#2237,#2642,.T.);
#2109=EDGE_CURVE('',#2396,#2395,#2643,.T.);
#2110=EDGE_CURVE('',#2382,#2397,#2644,.T.);
#2111=EDGE_CURVE('',#2234,#2382,#2645,.T.);
#2112=EDGE_CURVE('',#2396,#2236,#2646,.F.);
#2113=EDGE_CURVE('',#2235,#2397,#2647,.F.);
#2114=EDGE_CURVE('',#2446,#2467,#2648,.T.);
#2115=EDGE_CURVE('',#2452,#2446,#2649,.T.);
#2116=EDGE_CURVE('',#2457,#2454,#2650,.T.);
#2117=EDGE_CURVE('',#2447,#2466,#2651,.T.);
#2118=EDGE_CURVE('',#2453,#2445,#2652,.T.);
#2119=EDGE_CURVE('',#2264,#2453,#2653,.T.);
#2120=EDGE_CURVE('',#2454,#2263,#2654,.T.);
#2121=EDGE_CURVE('',#2457,#2262,#2655,.F.);
#2122=EDGE_CURVE('',#2447,#2465,#2656,.T.);
#2123=EDGE_CURVE('',#2230,#2445,#2657,.F.);
#2124=EDGE_CURVE('',#2458,#2261,#2658,.T.);
#2125=EDGE_CURVE('',#2463,#2458,#2659,.T.);
#2126=EDGE_CURVE('',#2444,#2464,#2660,.T.);
#2127=EDGE_CURVE('',#2258,#2444,#2661,.T.);
#2128=EDGE_CURVE('',#2463,#2260,#2662,.F.);
#2129=EDGE_CURVE('',#2259,#2464,#2663,.F.);
#2130=EDGE_CURVE('',#2425,#2443,#2664,.T.);
#2131=EDGE_CURVE('',#2473,#2425,#2665,.F.);
#2132=EDGE_CURVE('',#2441,#2436,#2666,.T.);
#2133=EDGE_CURVE('',#2442,#2251,#2667,.T.);
#2134=EDGE_CURVE('',#2252,#2441,#2668,.T.);
#2135=EDGE_CURVE('',#2422,#2442,#2669,.T.);
#2136=EDGE_CURVE('',#2474,#2424,#2670,.F.);
#2137=EDGE_CURVE('',#2253,#2436,#2671,.F.);
#2138=EDGE_CURVE('',#2422,#2250,#2672,.F.);
#2139=EDGE_CURVE('',#2430,#2424,#2673,.T.);
#2140=EDGE_CURVE('',#2435,#2432,#2674,.T.);
#2141=EDGE_CURVE('',#2254,#2435,#2675,.T.);
#2142=EDGE_CURVE('',#2423,#2257,#2676,.T.);
#2143=EDGE_CURVE('',#2431,#2423,#2677,.T.);
#2144=EDGE_CURVE('',#2255,#2432,#2678,.F.);
#2145=EDGE_CURVE('',#2431,#2256,#2679,.F.);
#2146=EDGE_CURVE('',#2401,#2421,#2680,.T.);
#2147=EDGE_CURVE('',#2485,#2401,#2681,.T.);
#2148=EDGE_CURVE('',#2402,#2420,#2682,.T.);
#2149=EDGE_CURVE('',#2486,#2400,#2683,.T.);
#2150=EDGE_CURVE('',#2419,#2414,#2684,.T.);
#2151=EDGE_CURVE('',#2242,#2419,#2685,.T.);
#2152=EDGE_CURVE('',#2420,#2241,#2686,.T.);
#2153=EDGE_CURVE('',#2402,#2240,#2687,.F.);
#2154=EDGE_CURVE('',#2408,#2400,#2688,.T.);
#2155=EDGE_CURVE('',#2243,#2414,#2689,.F.);
#2156=EDGE_CURVE('',#2403,#2247,#2690,.T.);
#2157=EDGE_CURVE('',#2409,#2403,#2691,.T.);
#2158=EDGE_CURVE('',#2413,#2410,#2692,.T.);
#2159=EDGE_CURVE('',#2244,#2413,#2693,.T.);
#2160=EDGE_CURVE('',#2409,#2246,#2694,.F.);
#2161=EDGE_CURVE('',#2245,#2410,#2695,.F.);
#2162=EDGE_CURVE('',#2494,#2494,#2696,.T.);
#2163=EDGE_CURVE('',#2290,#2289,#2697,.F.);
#2164=EDGE_CURVE('',#2495,#2495,#2698,.T.);
#2165=EDGE_CURVE('',#2496,#2496,#2699,.T.);
#2166=EDGE_CURVE('',#2497,#2497,#2700,.F.);
#2167=EDGE_CURVE('',#2498,#2498,#2701,.F.);
#2168=EDGE_CURVE('',#2499,#2499,#2702,.T.);
#2169=EDGE_CURVE('',#2500,#2500,#2703,.T.);
#2170=EDGE_CURVE('',#2501,#2501,#2704,.T.);
#2171=EDGE_CURVE('',#2290,#2289,#2705,.T.);
#2172=EDGE_CURVE('',#2502,#2502,#2706,.T.);
#2173=EDGE_CURVE('',#2503,#2503,#2707,.T.);
#2174=EDGE_CURVE('',#2504,#2504,#2708,.T.);
#2175=EDGE_CURVE('',#2505,#2505,#2709,.T.);
#2176=EDGE_CURVE('',#2506,#2506,#2710,.T.);
#2177=EDGE_CURVE('',#2507,#2507,#2711,.T.);
#2178=EDGE_CURVE('',#2508,#2508,#2712,.T.);
#2179=EDGE_CURVE('',#2509,#2509,#2713,.T.);
#2180=EDGE_CURVE('',#2510,#2510,#2714,.T.);
#2181=EDGE_CURVE('',#2511,#2511,#2715,.T.);
#2182=EDGE_CURVE('',#2512,#2512,#2716,.T.);
#2183=EDGE_CURVE('',#2513,#2513,#2717,.T.);
#2184=EDGE_CURVE('',#2514,#2292,#327,.T.);
#2185=EDGE_CURVE('',#2514,#2515,#328,.T.);
#2186=EDGE_CURVE('',#2515,#2291,#329,.T.);
#2187=EDGE_CURVE('',#2516,#2294,#330,.T.);
#2188=EDGE_CURVE('',#2516,#2514,#331,.T.);
#2189=EDGE_CURVE('',#2517,#2293,#332,.T.);
#2190=EDGE_CURVE('',#2517,#2516,#333,.T.);
#2191=EDGE_CURVE('',#2515,#2517,#334,.T.);
#2192=EDGE_CURVE('',#2518,#2515,#335,.T.);
#2193=EDGE_CURVE('',#2519,#2518,#336,.T.);
#2194=EDGE_CURVE('',#2517,#2519,#337,.T.);
#2195=EDGE_CURVE('',#2520,#2519,#338,.T.);
#2196=EDGE_CURVE('',#2516,#2520,#339,.F.);
#2197=EDGE_CURVE('',#2521,#2514,#340,.T.);
#2198=EDGE_CURVE('',#2518,#2521,#341,.T.);
#2199=EDGE_CURVE('',#2521,#2520,#342,.T.);
#2200=EDGE_CURVE('',#2225,#2518,#343,.T.);
#2201=EDGE_CURVE('',#2226,#2521,#344,.T.);
#2202=EDGE_CURVE('',#2227,#2520,#345,.T.);
#2203=EDGE_CURVE('',#2224,#2519,#346,.T.);
#2204=VERTEX_POINT('',#5074);
#2205=VERTEX_POINT('',#5076);
#2206=VERTEX_POINT('',#5079);
#2207=VERTEX_POINT('',#5081);
#2208=VERTEX_POINT('',#5084);
#2209=VERTEX_POINT('',#5086);
#2210=VERTEX_POINT('',#5089);
#2211=VERTEX_POINT('',#5091);
#2212=VERTEX_POINT('',#5094);
#2213=VERTEX_POINT('',#5095);
#2214=VERTEX_POINT('',#5097);
#2215=VERTEX_POINT('',#5099);
#2216=VERTEX_POINT('',#5103);
#2217=VERTEX_POINT('',#5105);
#2218=VERTEX_POINT('',#5109);
#2219=VERTEX_POINT('',#5110);
#2220=VERTEX_POINT('',#5112);
#2221=VERTEX_POINT('',#5114);
#2222=VERTEX_POINT('',#5118);
#2223=VERTEX_POINT('',#5120);
#2224=VERTEX_POINT('',#5124);
#2225=VERTEX_POINT('',#5125);
#2226=VERTEX_POINT('',#5127);
#2227=VERTEX_POINT('',#5129);
#2228=VERTEX_POINT('',#5132);
#2229=VERTEX_POINT('',#5134);
#2230=VERTEX_POINT('',#5135);
#2231=VERTEX_POINT('',#5137);
#2232=VERTEX_POINT('',#5139);
#2233=VERTEX_POINT('',#5141);
#2234=VERTEX_POINT('',#5143);
#2235=VERTEX_POINT('',#5145);
#2236=VERTEX_POINT('',#5147);
#2237=VERTEX_POINT('',#5149);
#2238=VERTEX_POINT('',#5151);
#2239=VERTEX_POINT('',#5153);
#2240=VERTEX_POINT('',#5155);
#2241=VERTEX_POINT('',#5157);
#2242=VERTEX_POINT('',#5159);
#2243=VERTEX_POINT('',#5161);
#2244=VERTEX_POINT('',#5163);
#2245=VERTEX_POINT('',#5165);
#2246=VERTEX_POINT('',#5167);
#2247=VERTEX_POINT('',#5169);
#2248=VERTEX_POINT('',#5171);
#2249=VERTEX_POINT('',#5173);
#2250=VERTEX_POINT('',#5175);
#2251=VERTEX_POINT('',#5177);
#2252=VERTEX_POINT('',#5179);
#2253=VERTEX_POINT('',#5181);
#2254=VERTEX_POINT('',#5183);
#2255=VERTEX_POINT('',#5185);
#2256=VERTEX_POINT('',#5187);
#2257=VERTEX_POINT('',#5189);
#2258=VERTEX_POINT('',#5191);
#2259=VERTEX_POINT('',#5193);
#2260=VERTEX_POINT('',#5195);
#2261=VERTEX_POINT('',#5197);
#2262=VERTEX_POINT('',#5199);
#2263=VERTEX_POINT('',#5201);
#2264=VERTEX_POINT('',#5203);
#2265=VERTEX_POINT('',#5206);
#2266=VERTEX_POINT('',#5207);
#2267=VERTEX_POINT('',#5209);
#2268=VERTEX_POINT('',#5211);
#2269=VERTEX_POINT('',#5213);
#2270=VERTEX_POINT('',#5215);
#2271=VERTEX_POINT('',#5217);
#2272=VERTEX_POINT('',#5219);
#2273=VERTEX_POINT('',#5221);
#2274=VERTEX_POINT('',#5223);
#2275=VERTEX_POINT('',#5225);
#2276=VERTEX_POINT('',#5227);
#2277=VERTEX_POINT('',#5229);
#2278=VERTEX_POINT('',#5231);
#2279=VERTEX_POINT('',#5233);
#2280=VERTEX_POINT('',#5235);
#2281=VERTEX_POINT('',#5237);
#2282=VERTEX_POINT('',#5239);
#2283=VERTEX_POINT('',#5242);
#2284=VERTEX_POINT('',#5243);
#2285=VERTEX_POINT('',#5245);
#2286=VERTEX_POINT('',#5247);
#2287=VERTEX_POINT('',#5249);
#2288=VERTEX_POINT('',#5251);
#2289=VERTEX_POINT('',#5254);
#2290=VERTEX_POINT('',#5255);
#2291=VERTEX_POINT('',#5259);
#2292=VERTEX_POINT('',#5260);
#2293=VERTEX_POINT('',#5262);
#2294=VERTEX_POINT('',#5264);
#2295=VERTEX_POINT('',#5267);
#2296=VERTEX_POINT('',#5269);
#2297=VERTEX_POINT('',#5270);
#2298=VERTEX_POINT('',#5272);
#2299=VERTEX_POINT('',#5274);
#2300=VERTEX_POINT('',#5276);
#2301=VERTEX_POINT('',#5278);
#2302=VERTEX_POINT('',#5280);
#2303=VERTEX_POINT('',#5282);
#2304=VERTEX_POINT('',#5285);
#2305=VERTEX_POINT('',#5286);
#2306=VERTEX_POINT('',#5288);
#2307=VERTEX_POINT('',#5290);
#2308=VERTEX_POINT('',#5292);
#2309=VERTEX_POINT('',#5294);
#2310=VERTEX_POINT('',#5296);
#2311=VERTEX_POINT('',#5298);
#2312=VERTEX_POINT('',#5305);
#2313=VERTEX_POINT('',#5309);
#2314=VERTEX_POINT('',#5318);
#2315=VERTEX_POINT('',#5319);
#2316=VERTEX_POINT('',#5324);
#2317=VERTEX_POINT('',#5328);
#2318=VERTEX_POINT('',#5332);
#2319=VERTEX_POINT('',#5334);
#2320=VERTEX_POINT('',#5338);
#2321=VERTEX_POINT('',#5339);
#2322=VERTEX_POINT('',#5341);
#2323=VERTEX_POINT('',#5343);
#2324=VERTEX_POINT('',#5347);
#2325=VERTEX_POINT('',#5348);
#2326=VERTEX_POINT('',#5350);
#2327=VERTEX_POINT('',#5352);
#2328=VERTEX_POINT('',#5356);
#2329=VERTEX_POINT('',#5357);
#2330=VERTEX_POINT('',#5365);
#2331=VERTEX_POINT('',#5367);
#2332=VERTEX_POINT('',#5371);
#2333=VERTEX_POINT('',#5373);
#2334=VERTEX_POINT('',#5376);
#2335=VERTEX_POINT('',#5377);
#2336=VERTEX_POINT('',#5379);
#2337=VERTEX_POINT('',#5381);
#2338=VERTEX_POINT('',#5383);
#2339=VERTEX_POINT('',#5385);
#2340=VERTEX_POINT('',#5387);
#2341=VERTEX_POINT('',#5389);
#2342=VERTEX_POINT('',#5393);
#2343=VERTEX_POINT('',#5394);
#2344=VERTEX_POINT('',#5399);
#2345=VERTEX_POINT('',#5401);
#2346=VERTEX_POINT('',#5403);
#2347=VERTEX_POINT('',#5405);
#2348=VERTEX_POINT('',#5407);
#2349=VERTEX_POINT('',#5408);
#2350=VERTEX_POINT('',#5410);
#2351=VERTEX_POINT('',#5412);
#2352=VERTEX_POINT('',#5414);
#2353=VERTEX_POINT('',#5416);
#2354=VERTEX_POINT('',#5418);
#2355=VERTEX_POINT('',#5420);
#2356=VERTEX_POINT('',#5423);
#2357=VERTEX_POINT('',#5425);
#2358=VERTEX_POINT('',#5427);
#2359=VERTEX_POINT('',#5429);
#2360=VERTEX_POINT('',#5431);
#2361=VERTEX_POINT('',#5433);
#2362=VERTEX_POINT('',#5435);
#2363=VERTEX_POINT('',#5437);
#2364=VERTEX_POINT('',#5440);
#2365=VERTEX_POINT('',#5442);
#2366=VERTEX_POINT('',#5445);
#2367=VERTEX_POINT('',#5447);
#2368=VERTEX_POINT('',#5450);
#2369=VERTEX_POINT('',#5453);
#2370=VERTEX_POINT('',#5491);
#2371=VERTEX_POINT('',#5493);
#2372=VERTEX_POINT('',#5497);
#2373=VERTEX_POINT('',#5501);
#2374=VERTEX_POINT('',#5505);
#2375=VERTEX_POINT('',#5509);
#2376=VERTEX_POINT('',#5516);
#2377=VERTEX_POINT('',#5518);
#2378=VERTEX_POINT('',#5561);
#2379=VERTEX_POINT('',#5562);
#2380=VERTEX_POINT('',#5564);
#2381=VERTEX_POINT('',#5566);
#2382=VERTEX_POINT('',#5568);
#2383=VERTEX_POINT('',#5570);
#2384=VERTEX_POINT('',#5572);
#2385=VERTEX_POINT('',#5576);
#2386=VERTEX_POINT('',#5577);
#2387=VERTEX_POINT('',#5579);
#2388=VERTEX_POINT('',#5581);
#2389=VERTEX_POINT('',#5585);
#2390=VERTEX_POINT('',#5586);
#2391=VERTEX_POINT('',#5588);
#2392=VERTEX_POINT('',#5590);
#2393=VERTEX_POINT('',#5592);
#2394=VERTEX_POINT('',#5594);
#2395=VERTEX_POINT('',#5596);
#2396=VERTEX_POINT('',#5600);
#2397=VERTEX_POINT('',#5601);
#2398=VERTEX_POINT('',#5603);
#2399=VERTEX_POINT('',#5605);
#2400=VERTEX_POINT('',#5609);
#2401=VERTEX_POINT('',#5610);
#2402=VERTEX_POINT('',#5612);
#2403=VERTEX_POINT('',#5614);
#2404=VERTEX_POINT('',#5618);
#2405=VERTEX_POINT('',#5619);
#2406=VERTEX_POINT('',#5621);
#2407=VERTEX_POINT('',#5623);
#2408=VERTEX_POINT('',#5625);
#2409=VERTEX_POINT('',#5627);
#2410=VERTEX_POINT('',#5629);
#2411=VERTEX_POINT('',#5633);
#2412=VERTEX_POINT('',#5634);
#2413=VERTEX_POINT('',#5636);
#2414=VERTEX_POINT('',#5638);
#2415=VERTEX_POINT('',#5642);
#2416=VERTEX_POINT('',#5643);
#2417=VERTEX_POINT('',#5645);
#2418=VERTEX_POINT('',#5647);
#2419=VERTEX_POINT('',#5649);
#2420=VERTEX_POINT('',#5651);
#2421=VERTEX_POINT('',#5653);
#2422=VERTEX_POINT('',#5657);
#2423=VERTEX_POINT('',#5658);
#2424=VERTEX_POINT('',#5660);
#2425=VERTEX_POINT('',#5662);
#2426=VERTEX_POINT('',#5666);
#2427=VERTEX_POINT('',#5667);
#2428=VERTEX_POINT('',#5669);
#2429=VERTEX_POINT('',#5671);
#2430=VERTEX_POINT('',#5673);
#2431=VERTEX_POINT('',#5675);
#2432=VERTEX_POINT('',#5677);
#2433=VERTEX_POINT('',#5681);
#2434=VERTEX_POINT('',#5682);
#2435=VERTEX_POINT('',#5684);
#2436=VERTEX_POINT('',#5686);
#2437=VERTEX_POINT('',#5690);
#2438=VERTEX_POINT('',#5691);
#2439=VERTEX_POINT('',#5693);
#2440=VERTEX_POINT('',#5695);
#2441=VERTEX_POINT('',#5697);
#2442=VERTEX_POINT('',#5699);
#2443=VERTEX_POINT('',#5701);
#2444=VERTEX_POINT('',#5705);
#2445=VERTEX_POINT('',#5706);
#2446=VERTEX_POINT('',#5708);
#2447=VERTEX_POINT('',#5710);
#2448=VERTEX_POINT('',#5714);
#2449=VERTEX_POINT('',#5715);
#2450=VERTEX_POINT('',#5717);
#2451=VERTEX_POINT('',#5719);
#2452=VERTEX_POINT('',#5721);
#2453=VERTEX_POINT('',#5723);
#2454=VERTEX_POINT('',#5725);
#2455=VERTEX_POINT('',#5729);
#2456=VERTEX_POINT('',#5730);
#2457=VERTEX_POINT('',#5732);
#2458=VERTEX_POINT('',#5734);
#2459=VERTEX_POINT('',#5738);
#2460=VERTEX_POINT('',#5739);
#2461=VERTEX_POINT('',#5741);
#2462=VERTEX_POINT('',#5743);
#2463=VERTEX_POINT('',#5745);
#2464=VERTEX_POINT('',#5747);
#2465=VERTEX_POINT('',#5749);
#2466=VERTEX_POINT('',#5753);
#2467=VERTEX_POINT('',#5754);
#2468=VERTEX_POINT('',#5761);
#2469=VERTEX_POINT('',#5763);
#2470=VERTEX_POINT('',#5772);
#2471=VERTEX_POINT('',#5774);
#2472=VERTEX_POINT('',#5778);
#2473=VERTEX_POINT('',#5785);
#2474=VERTEX_POINT('',#5786);
#2475=VERTEX_POINT('',#5793);
#2476=VERTEX_POINT('',#5795);
#2477=VERTEX_POINT('',#5804);
#2478=VERTEX_POINT('',#5805);
#2479=VERTEX_POINT('',#5810);
#2480=VERTEX_POINT('',#5817);
#2481=VERTEX_POINT('',#5818);
#2482=VERTEX_POINT('',#5820);
#2483=VERTEX_POINT('',#5822);
#2484=VERTEX_POINT('',#5826);
#2485=VERTEX_POINT('',#5837);
#2486=VERTEX_POINT('',#5839);
#2487=VERTEX_POINT('',#5849);
#2488=VERTEX_POINT('',#5850);
#2489=VERTEX_POINT('',#5852);
#2490=VERTEX_POINT('',#5854);
#2491=VERTEX_POINT('',#5858);
#2492=VERTEX_POINT('',#5869);
#2493=VERTEX_POINT('',#5871);
#2494=VERTEX_POINT('',#6015);
#2495=VERTEX_POINT('',#6019);
#2496=VERTEX_POINT('',#6021);
#2497=VERTEX_POINT('',#6024);
#2498=VERTEX_POINT('',#6027);
#2499=VERTEX_POINT('',#6029);
#2500=VERTEX_POINT('',#6033);
#2501=VERTEX_POINT('',#6035);
#2502=VERTEX_POINT('',#6041);
#2503=VERTEX_POINT('',#6043);
#2504=VERTEX_POINT('',#6049);
#2505=VERTEX_POINT('',#6051);
#2506=VERTEX_POINT('',#6055);
#2507=VERTEX_POINT('',#6057);
#2508=VERTEX_POINT('',#6062);
#2509=VERTEX_POINT('',#6064);
#2510=VERTEX_POINT('',#6079);
#2511=VERTEX_POINT('',#6083);
#2512=VERTEX_POINT('',#6087);
#2513=VERTEX_POINT('',#6091);
#2514=VERTEX_POINT('',#6095);
#2515=VERTEX_POINT('',#6097);
#2516=VERTEX_POINT('',#6101);
#2517=VERTEX_POINT('',#6105);
#2518=VERTEX_POINT('',#6111);
#2519=VERTEX_POINT('',#6113);
#2520=VERTEX_POINT('',#6117);
#2521=VERTEX_POINT('',#6121);
#2522=CIRCLE('',#3555,0.0015);
#2523=CIRCLE('',#3556,0.0015);
#2524=CIRCLE('',#3558,0.0015);
#2525=CIRCLE('',#3559,0.0015);
#2526=CIRCLE('',#3561,0.00135000000000002);
#2527=CIRCLE('',#3562,0.00135000000000002);
#2528=CIRCLE('',#3564,0.00135);
#2529=CIRCLE('',#3565,0.00135);
#2530=CIRCLE('',#3568,0.005);
#2531=CIRCLE('',#3569,0.0125);
#2532=CIRCLE('',#3572,0.005);
#2533=CIRCLE('',#3573,0.0125);
#2534=CIRCLE('',#3575,0.004);
#2535=CIRCLE('',#3576,0.002);
#2536=CIRCLE('',#3577,0.002);
#2537=CIRCLE('',#3578,0.002);
#2538=CIRCLE('',#3579,0.002);
#2539=CIRCLE('',#3580,0.002);
#2540=CIRCLE('',#3581,0.002);
#2541=CIRCLE('',#3582,0.002);
#2542=CIRCLE('',#3583,0.002);
#2543=CIRCLE('',#3584,0.002);
#2544=CIRCLE('',#3585,0.002);
#2545=CIRCLE('',#3586,0.002);
#2546=CIRCLE('',#3587,0.002);
#2547=CIRCLE('',#3588,0.002);
#2548=CIRCLE('',#3589,0.002);
#2549=CIRCLE('',#3590,0.002);
#2550=CIRCLE('',#3591,0.002);
#2551=CIRCLE('',#3592,0.005);
#2552=CIRCLE('',#3593,0.0125);
#2553=CIRCLE('',#3594,0.005);
#2554=CIRCLE('',#3595,0.005);
#2555=CIRCLE('',#3596,0.0125);
#2556=CIRCLE('',#3597,0.005);
#2557=CIRCLE('',#3598,0.004);
#2558=CIRCLE('',#3599,0.0055);
#2559=CIRCLE('',#3601,0.0055);
#2560=CIRCLE('',#3602,0.014);
#2561=CIRCLE('',#3603,0.014);
#2562=CIRCLE('',#3604,0.014);
#2563=CIRCLE('',#3605,0.014);
#2564=CIRCLE('',#3606,0.005);
#2565=CIRCLE('',#3607,0.005);
#2566=CIRCLE('',#3613,0.0125);
#2567=CIRCLE('',#3615,0.0125);
#2568=CIRCLE('',#3620,0.015);
#2569=CIRCLE('',#3621,0.015);
#2570=CIRCLE('',#3623,0.015);
#2571=CIRCLE('',#3624,0.015);
#2572=CIRCLE('',#3627,0.015);
#2573=CIRCLE('',#3628,0.015);
#2574=CIRCLE('',#3629,0.0137552365194784);
#2575=CIRCLE('',#3630,0.0137552365194785);
#2576=CIRCLE('',#3631,0.0137552365194785);
#2577=CIRCLE('',#3632,0.0137552365194785);
#2578=CIRCLE('',#3635,0.00245);
#2579=CIRCLE('',#3636,0.00245);
#2580=CIRCLE('',#3637,0.00245);
#2581=CIRCLE('',#3638,0.001975);
#2582=CIRCLE('',#3639,0.0137281811688397);
#2583=CIRCLE('',#3640,0.0137281811688397);
#2584=CIRCLE('',#3641,0.0137281811688397);
#2585=CIRCLE('',#3642,0.0137281811688397);
#2586=CIRCLE('',#3643,0.0125);
#2587=CIRCLE('',#3644,0.005);
#2588=CIRCLE('',#3645,0.005);
#2589=CIRCLE('',#3646,0.0125);
#2590=CIRCLE('',#3647,0.005);
#2591=CIRCLE('',#3648,0.005);
#2592=CIRCLE('',#3649,0.005);
#2593=CIRCLE('',#3650,0.005);
#2594=CIRCLE('',#3676,0.015);
#2595=CIRCLE('',#3679,0.015);
#2596=CIRCLE('',#3695,0.002);
#2597=CIRCLE('',#3698,0.002);
#2598=CIRCLE('',#3702,0.002);
#2599=CIRCLE('',#3705,0.002);
#2600=CIRCLE('',#3708,0.002);
#2601=CIRCLE('',#3711,0.002);
#2602=CIRCLE('',#3714,0.002);
#2603=CIRCLE('',#3717,0.002);
#2604=CIRCLE('',#3719,0.001);
#2605=CIRCLE('',#3720,0.001);
#2606=CIRCLE('',#3723,0.00225);
#2607=CIRCLE('',#3724,0.001);
#2608=CIRCLE('',#3725,0.001);
#2609=CIRCLE('',#3726,0.001);
#2610=CIRCLE('',#3727,0.001);
#2611=CIRCLE('',#3729,0.001);
#2612=CIRCLE('',#3730,0.001);
#2613=CIRCLE('',#3733,0.00224999999999997);
#2614=CIRCLE('',#3734,0.001);
#2615=CIRCLE('',#3735,0.001);
#2616=CIRCLE('',#3736,0.001);
#2617=CIRCLE('',#3737,0.001);
#2618=CIRCLE('',#3740,0.00224999999999997);
#2619=CIRCLE('',#3741,0.001);
#2620=CIRCLE('',#3742,0.001);
#2621=CIRCLE('',#3743,0.001);
#2622=CIRCLE('',#3744,0.001);
#2623=CIRCLE('',#3746,0.001);
#2624=CIRCLE('',#3747,0.001);
#2625=CIRCLE('',#3750,0.00225);
#2626=CIRCLE('',#3751,0.001);
#2627=CIRCLE('',#3752,0.001);
#2628=CIRCLE('',#3753,0.001);
#2629=CIRCLE('',#3754,0.001);
#2630=CIRCLE('',#3756,0.001);
#2631=CIRCLE('',#3757,0.001);
#2632=CIRCLE('',#3759,0.001);
#2633=CIRCLE('',#3760,0.001);
#2634=CIRCLE('',#3762,0.001);
#2635=CIRCLE('',#3764,0.001);
#2636=CIRCLE('',#3766,0.001);
#2637=CIRCLE('',#3768,0.001);
#2638=CIRCLE('',#3770,0.001);
#2639=CIRCLE('',#3771,0.001);
#2640=CIRCLE('',#3773,0.001);
#2641=CIRCLE('',#3775,0.001);
#2642=CIRCLE('',#3777,0.001);
#2643=CIRCLE('',#3779,0.001);
#2644=CIRCLE('',#3781,0.001);
#2645=CIRCLE('',#3783,0.001);
#2646=CIRCLE('',#3785,0.001);
#2647=CIRCLE('',#3787,0.001);
#2648=CIRCLE('',#3790,0.001);
#2649=CIRCLE('',#3791,0.001);
#2650=CIRCLE('',#3793,0.001);
#2651=CIRCLE('',#3795,0.001);
#2652=CIRCLE('',#3797,0.001);
#2653=CIRCLE('',#3799,0.001);
#2654=CIRCLE('',#3800,0.001);
#2655=CIRCLE('',#3802,0.001);
#2656=CIRCLE('',#3804,0.001);
#2657=CIRCLE('',#3806,0.001);
#2658=CIRCLE('',#3808,0.001);
#2659=CIRCLE('',#3810,0.001);
#2660=CIRCLE('',#3812,0.001);
#2661=CIRCLE('',#3814,0.001);
#2662=CIRCLE('',#3816,0.001);
#2663=CIRCLE('',#3818,0.001);
#2664=CIRCLE('',#3821,0.001);
#2665=CIRCLE('',#3822,0.001);
#2666=CIRCLE('',#3824,0.001);
#2667=CIRCLE('',#3826,0.001);
#2668=CIRCLE('',#3827,0.001);
#2669=CIRCLE('',#3829,0.001);
#2670=CIRCLE('',#3831,0.001);
#2671=CIRCLE('',#3833,0.001);
#2672=CIRCLE('',#3835,0.001);
#2673=CIRCLE('',#3837,0.001);
#2674=CIRCLE('',#3839,0.001);
#2675=CIRCLE('',#3841,0.001);
#2676=CIRCLE('',#3843,0.001);
#2677=CIRCLE('',#3845,0.001);
#2678=CIRCLE('',#3847,0.001);
#2679=CIRCLE('',#3849,0.001);
#2680=CIRCLE('',#3852,0.001);
#2681=CIRCLE('',#3853,0.001);
#2682=CIRCLE('',#3855,0.001);
#2683=CIRCLE('',#3857,0.001);
#2684=CIRCLE('',#3859,0.001);
#2685=CIRCLE('',#3861,0.001);
#2686=CIRCLE('',#3862,0.001);
#2687=CIRCLE('',#3864,0.001);
#2688=CIRCLE('',#3866,0.001);
#2689=CIRCLE('',#3868,0.001);
#2690=CIRCLE('',#3870,0.001);
#2691=CIRCLE('',#3872,0.001);
#2692=CIRCLE('',#3874,0.001);
#2693=CIRCLE('',#3876,0.001);
#2694=CIRCLE('',#3878,0.001);
#2695=CIRCLE('',#3880,0.001);
#2696=CIRCLE('',#3893,0.004);
#2697=CIRCLE('',#3894,0.004);
#2698=CIRCLE('',#3896,0.002025);
#2699=CIRCLE('',#3897,0.002025);
#2700=CIRCLE('',#3899,0.002425);
#2701=CIRCLE('',#3901,0.002425);
#2702=CIRCLE('',#3902,0.004);
#2703=CIRCLE('',#3905,0.002025);
#2704=CIRCLE('',#3906,0.002025);
#2705=CIRCLE('',#3908,0.0055);
#2706=CIRCLE('',#3911,0.001575);
#2707=CIRCLE('',#3912,0.001575);
#2708=CIRCLE('',#3917,0.00205);
#2709=CIRCLE('',#3918,0.00205);
#2710=CIRCLE('',#3921,0.00205);
#2711=CIRCLE('',#3922,0.00205);
#2712=CIRCLE('',#3926,0.00205);
#2713=CIRCLE('',#3927,0.00205);
#2714=CIRCLE('',#3941,0.00225);
#2715=CIRCLE('',#3944,0.00224999999999997);
#2716=CIRCLE('',#3947,0.00224999999999997);
#2717=CIRCLE('',#3950,0.00225);
#2718=EDGE_LOOP('',(#731));
#2719=EDGE_LOOP('',(#732));
#2720=EDGE_LOOP('',(#733));
#2721=EDGE_LOOP('',(#734));
#2722=EDGE_LOOP('',(#735));
#2723=EDGE_LOOP('',(#736));
#2724=EDGE_LOOP('',(#737));
#2725=EDGE_LOOP('',(#738));
#2726=EDGE_LOOP('',(#739,#740,#741,#742));
#2727=EDGE_LOOP('',(#743,#744,#745,#746));
#2728=EDGE_LOOP('',(#747,#748,#749,#750));
#2729=EDGE_LOOP('',(#751,#752,#753,#754));
#2730=EDGE_LOOP('',(#755,#756,#757,#758));
#2731=EDGE_LOOP('',(#759));
#2732=EDGE_LOOP('',(#760,#761,#762,#763,#764,#765,#766,#767,#768,#769,#770,
#771,#772,#773,#774,#775,#776,#777,#778,#779,#780,#781,#782,#783,#784,#785,
#786,#787,#788,#789,#790,#791,#792,#793,#794,#795));
#2733=EDGE_LOOP('',(#796,#797,#798,#799,#800,#801,#802,#803,#804,#805,#806,
#807,#808,#809,#810,#811,#812,#813));
#2734=EDGE_LOOP('',(#814,#815,#816,#817,#818,#819));
#2735=EDGE_LOOP('',(#820,#821));
#2736=EDGE_LOOP('',(#822,#823,#824,#825));
#2737=EDGE_LOOP('',(#826));
#2738=EDGE_LOOP('',(#827,#828,#829,#830,#831,#832,#833,#834));
#2739=EDGE_LOOP('',(#835,#836,#837,#838,#839,#840,#841,#842));
#2740=EDGE_LOOP('',(#843,#844,#845));
#2741=EDGE_LOOP('',(#846,#847,#848,#849));
#2742=EDGE_LOOP('',(#850,#851,#852));
#2743=EDGE_LOOP('',(#853,#854,#855,#856));
#2744=EDGE_LOOP('',(#857,#858,#859,#860));
#2745=EDGE_LOOP('',(#861,#862,#863,#864));
#2746=EDGE_LOOP('',(#865,#866,#867,#868));
#2747=EDGE_LOOP('',(#869,#870,#871,#872));
#2748=EDGE_LOOP('',(#873,#874,#875,#876));
#2749=EDGE_LOOP('',(#877,#878,#879,#880));
#2750=EDGE_LOOP('',(#881,#882,#883,#884));
#2751=EDGE_LOOP('',(#885,#886,#887,#888));
#2752=EDGE_LOOP('',(#889,#890,#891,#892,#893,#894,#895,#896));
#2753=EDGE_LOOP('',(#897,#898,#899,#900,#901,#902,#903,#904));
#2754=EDGE_LOOP('',(#905,#906,#907,#908));
#2755=EDGE_LOOP('',(#909));
#2756=EDGE_LOOP('',(#910));
#2757=EDGE_LOOP('',(#911));
#2758=EDGE_LOOP('',(#912));
#2759=EDGE_LOOP('',(#913,#914,#915,#916,#917,#918,#919,#920));
#2760=EDGE_LOOP('',(#921,#922,#923,#924,#925,#926,#927,#928,#929,#930,#931,
#932,#933,#934,#935,#936,#937,#938));
#2761=EDGE_LOOP('',(#939,#940,#941,#942));
#2762=EDGE_LOOP('',(#943,#944,#945,#946));
#2763=EDGE_LOOP('',(#947,#948,#949,#950));
#2764=EDGE_LOOP('',(#951,#952,#953,#954));
#2765=EDGE_LOOP('',(#955,#956,#957,#958));
#2766=EDGE_LOOP('',(#959,#960,#961,#962));
#2767=EDGE_LOOP('',(#963,#964,#965,#966));
#2768=EDGE_LOOP('',(#967,#968,#969,#970));
#2769=EDGE_LOOP('',(#971,#972,#973,#974));
#2770=EDGE_LOOP('',(#975,#976,#977,#978));
#2771=EDGE_LOOP('',(#979,#980,#981,#982));
#2772=EDGE_LOOP('',(#983,#984,#985,#986));
#2773=EDGE_LOOP('',(#987,#988,#989,#990));
#2774=EDGE_LOOP('',(#991,#992,#993,#994));
#2775=EDGE_LOOP('',(#995,#996,#997,#998));
#2776=EDGE_LOOP('',(#999,#1000,#1001,#1002));
#2777=EDGE_LOOP('',(#1003,#1004,#1005,#1006));
#2778=EDGE_LOOP('',(#1007,#1008,#1009,#1010));
#2779=EDGE_LOOP('',(#1011,#1012,#1013,#1014));
#2780=EDGE_LOOP('',(#1015,#1016,#1017,#1018));
#2781=EDGE_LOOP('',(#1019,#1020,#1021,#1022));
#2782=EDGE_LOOP('',(#1023,#1024,#1025,#1026));
#2783=EDGE_LOOP('',(#1027,#1028,#1029,#1030));
#2784=EDGE_LOOP('',(#1031,#1032,#1033,#1034));
#2785=EDGE_LOOP('',(#1035,#1036,#1037,#1038,#1039,#1040));
#2786=EDGE_LOOP('',(#1041,#1042,#1043,#1044));
#2787=EDGE_LOOP('',(#1045,#1046,#1047,#1048));
#2788=EDGE_LOOP('',(#1049,#1050,#1051,#1052));
#2789=EDGE_LOOP('',(#1053,#1054,#1055,#1056));
#2790=EDGE_LOOP('',(#1057,#1058,#1059,#1060));
#2791=EDGE_LOOP('',(#1061,#1062,#1063,#1064));
#2792=EDGE_LOOP('',(#1065,#1066,#1067,#1068));
#2793=EDGE_LOOP('',(#1069,#1070,#1071,#1072));
#2794=EDGE_LOOP('',(#1073,#1074,#1075,#1076));
#2795=EDGE_LOOP('',(#1077,#1078,#1079,#1080));
#2796=EDGE_LOOP('',(#1081,#1082,#1083,#1084));
#2797=EDGE_LOOP('',(#1085,#1086,#1087,#1088));
#2798=EDGE_LOOP('',(#1089,#1090,#1091,#1092));
#2799=EDGE_LOOP('',(#1093,#1094,#1095,#1096));
#2800=EDGE_LOOP('',(#1097,#1098,#1099,#1100));
#2801=EDGE_LOOP('',(#1101,#1102,#1103,#1104));
#2802=EDGE_LOOP('',(#1105,#1106,#1107,#1108,#1109,#1110,#1111,#1112));
#2803=EDGE_LOOP('',(#1113,#1114,#1115,#1116,#1117,#1118,#1119,#1120,#1121,
#1122,#1123,#1124));
#2804=EDGE_LOOP('',(#1125,#1126,#1127,#1128,#1129,#1130,#1131));
#2805=EDGE_LOOP('',(#1132,#1133,#1134,#1135));
#2806=EDGE_LOOP('',(#1136,#1137,#1138,#1139,#1140,#1141,#1142));
#2807=EDGE_LOOP('',(#1143,#1144,#1145,#1146));
#2808=EDGE_LOOP('',(#1147,#1148,#1149,#1150));
#2809=EDGE_LOOP('',(#1151,#1152,#1153,#1154,#1155,#1156,#1157));
#2810=EDGE_LOOP('',(#1158,#1159,#1160,#1161));
#2811=EDGE_LOOP('',(#1162,#1163,#1164,#1165,#1166,#1167,#1168));
#2812=EDGE_LOOP('',(#1169,#1170,#1171,#1172));
#2813=EDGE_LOOP('',(#1173,#1174,#1175,#1176,#1177,#1178,#1179));
#2814=EDGE_LOOP('',(#1180,#1181,#1182,#1183));
#2815=EDGE_LOOP('',(#1184,#1185,#1186,#1187,#1188,#1189,#1190));
#2816=EDGE_LOOP('',(#1191,#1192,#1193,#1194));
#2817=EDGE_LOOP('',(#1195,#1196,#1197,#1198,#1199,#1200,#1201));
#2818=EDGE_LOOP('',(#1202,#1203,#1204,#1205));
#2819=EDGE_LOOP('',(#1206,#1207,#1208,#1209,#1210,#1211,#1212));
#2820=EDGE_LOOP('',(#1213));
#2821=EDGE_LOOP('',(#1214,#1215,#1216,#1217,#1218,#1219,#1220,#1221));
#2822=EDGE_LOOP('',(#1222,#1223,#1224,#1225));
#2823=EDGE_LOOP('',(#1226));
#2824=EDGE_LOOP('',(#1227,#1228,#1229,#1230,#1231,#1232,#1233,#1234));
#2825=EDGE_LOOP('',(#1235));
#2826=EDGE_LOOP('',(#1236,#1237,#1238,#1239,#1240,#1241,#1242,#1243));
#2827=EDGE_LOOP('',(#1244,#1245,#1246,#1247));
#2828=EDGE_LOOP('',(#1248));
#2829=EDGE_LOOP('',(#1249,#1250,#1251,#1252,#1253,#1254,#1255,#1256));
#2830=EDGE_LOOP('',(#1257,#1258,#1259,#1260));
#2831=EDGE_LOOP('',(#1261));
#2832=EDGE_LOOP('',(#1262,#1263,#1264,#1265,#1266,#1267,#1268,#1269));
#2833=EDGE_LOOP('',(#1270,#1271,#1272,#1273,#1274,#1275,#1276,#1277));
#2834=EDGE_LOOP('',(#1278));
#2835=EDGE_LOOP('',(#1279,#1280,#1281,#1282));
#2836=EDGE_LOOP('',(#1283));
#2837=EDGE_LOOP('',(#1284,#1285,#1286,#1287,#1288,#1289,#1290,#1291));
#2838=EDGE_LOOP('',(#1292,#1293,#1294,#1295,#1296,#1297,#1298,#1299));
#2839=EDGE_LOOP('',(#1300));
#2840=EDGE_LOOP('',(#1301,#1302,#1303,#1304));
#2841=EDGE_LOOP('',(#1305,#1306,#1307,#1308));
#2842=EDGE_LOOP('',(#1309,#1310,#1311,#1312));
#2843=EDGE_LOOP('',(#1313,#1314,#1315,#1316));
#2844=EDGE_LOOP('',(#1317,#1318,#1319,#1320));
#2845=EDGE_LOOP('',(#1321,#1322,#1323,#1324));
#2846=EDGE_LOOP('',(#1325,#1326,#1327,#1328));
#2847=EDGE_LOOP('',(#1329,#1330,#1331,#1332));
#2848=EDGE_LOOP('',(#1333,#1334,#1335,#1336));
#2849=EDGE_LOOP('',(#1337,#1338,#1339,#1340));
#2850=EDGE_LOOP('',(#1341,#1342,#1343,#1344));
#2851=EDGE_LOOP('',(#1345,#1346,#1347,#1348));
#2852=EDGE_LOOP('',(#1349,#1350,#1351,#1352));
#2853=EDGE_LOOP('',(#1353,#1354,#1355,#1356));
#2854=EDGE_LOOP('',(#1357,#1358,#1359,#1360));
#2855=EDGE_LOOP('',(#1361,#1362,#1363,#1364));
#2856=EDGE_LOOP('',(#1365,#1366,#1367,#1368));
#2857=EDGE_LOOP('',(#1369,#1370,#1371,#1372));
#2858=EDGE_LOOP('',(#1373,#1374,#1375,#1376));
#2859=EDGE_LOOP('',(#1377,#1378,#1379,#1380));
#2860=EDGE_LOOP('',(#1381,#1382,#1383,#1384));
#2861=EDGE_LOOP('',(#1385,#1386,#1387,#1388));
#2862=EDGE_LOOP('',(#1389,#1390,#1391,#1392));
#2863=EDGE_LOOP('',(#1393,#1394,#1395,#1396));
#2864=EDGE_LOOP('',(#1397,#1398,#1399,#1400));
#2865=EDGE_LOOP('',(#1401,#1402,#1403,#1404));
#2866=EDGE_LOOP('',(#1405,#1406,#1407,#1408));
#2867=EDGE_LOOP('',(#1409,#1410,#1411,#1412));
#2868=EDGE_LOOP('',(#1413,#1414,#1415,#1416));
#2869=EDGE_LOOP('',(#1417,#1418,#1419,#1420));
#2870=EDGE_LOOP('',(#1421,#1422,#1423,#1424));
#2871=EDGE_LOOP('',(#1425,#1426,#1427,#1428));
#2872=EDGE_LOOP('',(#1429,#1430,#1431,#1432));
#2873=EDGE_LOOP('',(#1433,#1434,#1435,#1436));
#2874=EDGE_LOOP('',(#1437,#1438,#1439,#1440));
#2875=EDGE_LOOP('',(#1441,#1442,#1443,#1444));
#2876=EDGE_LOOP('',(#1445,#1446,#1447,#1448));
#2877=EDGE_LOOP('',(#1449,#1450,#1451,#1452));
#2878=EDGE_LOOP('',(#1453,#1454,#1455,#1456));
#2879=EDGE_LOOP('',(#1457,#1458,#1459,#1460));
#2880=EDGE_LOOP('',(#1461,#1462,#1463,#1464));
#2881=EDGE_LOOP('',(#1465,#1466,#1467,#1468));
#2882=EDGE_LOOP('',(#1469,#1470,#1471,#1472));
#2883=EDGE_LOOP('',(#1473,#1474,#1475,#1476));
#2884=EDGE_LOOP('',(#1477,#1478,#1479,#1480));
#2885=EDGE_LOOP('',(#1481,#1482,#1483,#1484));
#2886=EDGE_LOOP('',(#1485,#1486,#1487,#1488));
#2887=EDGE_LOOP('',(#1489,#1490,#1491,#1492));
#2888=EDGE_LOOP('',(#1493,#1494,#1495,#1496));
#2889=EDGE_LOOP('',(#1497,#1498,#1499,#1500));
#2890=EDGE_LOOP('',(#1501,#1502,#1503,#1504));
#2891=EDGE_LOOP('',(#1505,#1506,#1507,#1508));
#2892=EDGE_LOOP('',(#1509,#1510,#1511,#1512));
#2893=EDGE_LOOP('',(#1513,#1514,#1515,#1516));
#2894=EDGE_LOOP('',(#1517,#1518,#1519,#1520));
#2895=EDGE_LOOP('',(#1521,#1522,#1523,#1524));
#2896=EDGE_LOOP('',(#1525,#1526,#1527,#1528));
#2897=EDGE_LOOP('',(#1529,#1530,#1531,#1532));
#2898=EDGE_LOOP('',(#1533,#1534,#1535,#1536));
#2899=EDGE_LOOP('',(#1537,#1538,#1539,#1540));
#2900=EDGE_LOOP('',(#1541,#1542,#1543,#1544));
#2901=EDGE_LOOP('',(#1545,#1546,#1547,#1548));
#2902=EDGE_LOOP('',(#1549,#1550,#1551,#1552));
#2903=EDGE_LOOP('',(#1553,#1554,#1555,#1556));
#2904=EDGE_LOOP('',(#1557,#1558,#1559,#1560));
#2905=EDGE_LOOP('',(#1561,#1562,#1563,#1564));
#2906=EDGE_LOOP('',(#1565,#1566,#1567,#1568));
#2907=EDGE_LOOP('',(#1569,#1570,#1571,#1572));
#2908=EDGE_LOOP('',(#1573,#1574,#1575,#1576));
#2909=EDGE_LOOP('',(#1577,#1578,#1579,#1580));
#2910=EDGE_LOOP('',(#1581));
#2911=EDGE_LOOP('',(#1582,#1583));
#2912=EDGE_LOOP('',(#1584));
#2913=EDGE_LOOP('',(#1585));
#2914=EDGE_LOOP('',(#1586));
#2915=EDGE_LOOP('',(#1587));
#2916=EDGE_LOOP('',(#1588));
#2917=EDGE_LOOP('',(#1589));
#2918=EDGE_LOOP('',(#1590));
#2919=EDGE_LOOP('',(#1591));
#2920=EDGE_LOOP('',(#1592));
#2921=EDGE_LOOP('',(#1593));
#2922=EDGE_LOOP('',(#1594,#1595));
#2923=EDGE_LOOP('',(#1596));
#2924=EDGE_LOOP('',(#1597,#1598));
#2925=EDGE_LOOP('',(#1599));
#2926=EDGE_LOOP('',(#1600));
#2927=EDGE_LOOP('',(#1601,#1602,#1603,#1604));
#2928=EDGE_LOOP('',(#1605,#1606,#1607,#1608));
#2929=EDGE_LOOP('',(#1609,#1610,#1611,#1612));
#2930=EDGE_LOOP('',(#1613));
#2931=EDGE_LOOP('',(#1614));
#2932=EDGE_LOOP('',(#1615,#1616,#1617,#1618));
#2933=EDGE_LOOP('',(#1619));
#2934=EDGE_LOOP('',(#1620));
#2935=EDGE_LOOP('',(#1621,#1622,#1623,#1624));
#2936=EDGE_LOOP('',(#1625,#1626,#1627,#1628));
#2937=EDGE_LOOP('',(#1629));
#2938=EDGE_LOOP('',(#1630));
#2939=EDGE_LOOP('',(#1631));
#2940=EDGE_LOOP('',(#1632));
#2941=EDGE_LOOP('',(#1633));
#2942=EDGE_LOOP('',(#1634));
#2943=EDGE_LOOP('',(#1635));
#2944=EDGE_LOOP('',(#1636));
#2945=EDGE_LOOP('',(#1637));
#2946=EDGE_LOOP('',(#1638));
#2947=EDGE_LOOP('',(#1639));
#2948=EDGE_LOOP('',(#1640));
#2949=EDGE_LOOP('',(#1641));
#2950=EDGE_LOOP('',(#1642));
#2951=EDGE_LOOP('',(#1643));
#2952=EDGE_LOOP('',(#1644));
#2953=EDGE_LOOP('',(#1645));
#2954=EDGE_LOOP('',(#1646));
#2955=EDGE_LOOP('',(#1647));
#2956=EDGE_LOOP('',(#1648));
#2957=EDGE_LOOP('',(#1649));
#2958=EDGE_LOOP('',(#1650));
#2959=EDGE_LOOP('',(#1651));
#2960=EDGE_LOOP('',(#1652));
#2961=EDGE_LOOP('',(#1653));
#2962=EDGE_LOOP('',(#1654));
#2963=EDGE_LOOP('',(#1655));
#2964=EDGE_LOOP('',(#1656));
#2965=EDGE_LOOP('',(#1657));
#2966=EDGE_LOOP('',(#1658));
#2967=EDGE_LOOP('',(#1659));
#2968=EDGE_LOOP('',(#1660));
#2969=EDGE_LOOP('',(#1661));
#2970=EDGE_LOOP('',(#1662));
#2971=EDGE_LOOP('',(#1663));
#2972=EDGE_LOOP('',(#1664));
#2973=EDGE_LOOP('',(#1665,#1666,#1667,#1668));
#2974=EDGE_LOOP('',(#1669,#1670,#1671,#1672));
#2975=EDGE_LOOP('',(#1673,#1674,#1675,#1676));
#2976=EDGE_LOOP('',(#1677,#1678,#1679,#1680));
#2977=EDGE_LOOP('',(#1681,#1682,#1683,#1684));
#2978=EDGE_LOOP('',(#1685,#1686,#1687,#1688));
#2979=EDGE_LOOP('',(#1689,#1690,#1691,#1692));
#2980=EDGE_LOOP('',(#1693,#1694,#1695,#1696));
#2981=EDGE_LOOP('',(#1697,#1698,#1699,#1700));
#2982=EDGE_LOOP('',(#1701,#1702,#1703,#1704));
#2983=EDGE_LOOP('',(#1705,#1706,#1707,#1708));
#2984=EDGE_LOOP('',(#1709,#1710,#1711,#1712));
#2985=FACE_BOUND('',#2718,.T.);
#2986=FACE_BOUND('',#2719,.T.);
#2987=FACE_BOUND('',#2720,.T.);
#2988=FACE_BOUND('',#2721,.T.);
#2989=FACE_BOUND('',#2722,.T.);
#2990=FACE_BOUND('',#2723,.T.);
#2991=FACE_BOUND('',#2724,.T.);
#2992=FACE_BOUND('',#2725,.T.);
#2993=FACE_BOUND('',#2726,.T.);
#2994=FACE_BOUND('',#2727,.T.);
#2995=FACE_BOUND('',#2728,.T.);
#2996=FACE_BOUND('',#2729,.T.);
#2997=FACE_BOUND('',#2730,.T.);
#2998=FACE_BOUND('',#2731,.T.);
#2999=FACE_BOUND('',#2732,.T.);
#3000=FACE_BOUND('',#2733,.T.);
#3001=FACE_BOUND('',#2734,.T.);
#3002=FACE_BOUND('',#2735,.T.);
#3003=FACE_BOUND('',#2736,.T.);
#3004=FACE_BOUND('',#2737,.T.);
#3005=FACE_BOUND('',#2738,.T.);
#3006=FACE_BOUND('',#2739,.T.);
#3007=FACE_BOUND('',#2740,.T.);
#3008=FACE_BOUND('',#2741,.T.);
#3009=FACE_BOUND('',#2742,.T.);
#3010=FACE_BOUND('',#2743,.T.);
#3011=FACE_BOUND('',#2744,.T.);
#3012=FACE_BOUND('',#2745,.T.);
#3013=FACE_BOUND('',#2746,.T.);
#3014=FACE_BOUND('',#2747,.T.);
#3015=FACE_BOUND('',#2748,.T.);
#3016=FACE_BOUND('',#2749,.T.);
#3017=FACE_BOUND('',#2750,.T.);
#3018=FACE_BOUND('',#2751,.T.);
#3019=FACE_BOUND('',#2752,.T.);
#3020=FACE_BOUND('',#2753,.T.);
#3021=FACE_BOUND('',#2754,.T.);
#3022=FACE_BOUND('',#2755,.T.);
#3023=FACE_BOUND('',#2756,.T.);
#3024=FACE_BOUND('',#2757,.T.);
#3025=FACE_BOUND('',#2758,.T.);
#3026=FACE_BOUND('',#2759,.T.);
#3027=FACE_BOUND('',#2760,.T.);
#3028=FACE_BOUND('',#2761,.T.);
#3029=FACE_BOUND('',#2762,.T.);
#3030=FACE_BOUND('',#2763,.T.);
#3031=FACE_BOUND('',#2764,.T.);
#3032=FACE_BOUND('',#2765,.T.);
#3033=FACE_BOUND('',#2766,.T.);
#3034=FACE_BOUND('',#2767,.T.);
#3035=FACE_BOUND('',#2768,.T.);
#3036=FACE_BOUND('',#2769,.T.);
#3037=FACE_BOUND('',#2770,.T.);
#3038=FACE_BOUND('',#2771,.T.);
#3039=FACE_BOUND('',#2772,.T.);
#3040=FACE_BOUND('',#2773,.T.);
#3041=FACE_BOUND('',#2774,.T.);
#3042=FACE_BOUND('',#2775,.T.);
#3043=FACE_BOUND('',#2776,.T.);
#3044=FACE_BOUND('',#2777,.T.);
#3045=FACE_BOUND('',#2778,.T.);
#3046=FACE_BOUND('',#2779,.T.);
#3047=FACE_BOUND('',#2780,.T.);
#3048=FACE_BOUND('',#2781,.T.);
#3049=FACE_BOUND('',#2782,.T.);
#3050=FACE_BOUND('',#2783,.T.);
#3051=FACE_BOUND('',#2784,.T.);
#3052=FACE_BOUND('',#2785,.T.);
#3053=FACE_BOUND('',#2786,.T.);
#3054=FACE_BOUND('',#2787,.T.);
#3055=FACE_BOUND('',#2788,.T.);
#3056=FACE_BOUND('',#2789,.T.);
#3057=FACE_BOUND('',#2790,.T.);
#3058=FACE_BOUND('',#2791,.T.);
#3059=FACE_BOUND('',#2792,.T.);
#3060=FACE_BOUND('',#2793,.T.);
#3061=FACE_BOUND('',#2794,.T.);
#3062=FACE_BOUND('',#2795,.T.);
#3063=FACE_BOUND('',#2796,.T.);
#3064=FACE_BOUND('',#2797,.T.);
#3065=FACE_BOUND('',#2798,.T.);
#3066=FACE_BOUND('',#2799,.T.);
#3067=FACE_BOUND('',#2800,.T.);
#3068=FACE_BOUND('',#2801,.T.);
#3069=FACE_BOUND('',#2802,.T.);
#3070=FACE_BOUND('',#2803,.T.);
#3071=FACE_BOUND('',#2804,.T.);
#3072=FACE_BOUND('',#2805,.T.);
#3073=FACE_BOUND('',#2806,.T.);
#3074=FACE_BOUND('',#2807,.T.);
#3075=FACE_BOUND('',#2808,.T.);
#3076=FACE_BOUND('',#2809,.T.);
#3077=FACE_BOUND('',#2810,.T.);
#3078=FACE_BOUND('',#2811,.T.);
#3079=FACE_BOUND('',#2812,.T.);
#3080=FACE_BOUND('',#2813,.T.);
#3081=FACE_BOUND('',#2814,.T.);
#3082=FACE_BOUND('',#2815,.T.);
#3083=FACE_BOUND('',#2816,.T.);
#3084=FACE_BOUND('',#2817,.T.);
#3085=FACE_BOUND('',#2818,.T.);
#3086=FACE_BOUND('',#2819,.T.);
#3087=FACE_BOUND('',#2820,.T.);
#3088=FACE_BOUND('',#2821,.T.);
#3089=FACE_BOUND('',#2822,.T.);
#3090=FACE_BOUND('',#2823,.T.);
#3091=FACE_BOUND('',#2824,.T.);
#3092=FACE_BOUND('',#2825,.T.);
#3093=FACE_BOUND('',#2826,.T.);
#3094=FACE_BOUND('',#2827,.T.);
#3095=FACE_BOUND('',#2828,.T.);
#3096=FACE_BOUND('',#2829,.T.);
#3097=FACE_BOUND('',#2830,.T.);
#3098=FACE_BOUND('',#2831,.T.);
#3099=FACE_BOUND('',#2832,.T.);
#3100=FACE_BOUND('',#2833,.T.);
#3101=FACE_BOUND('',#2834,.T.);
#3102=FACE_BOUND('',#2835,.T.);
#3103=FACE_BOUND('',#2836,.T.);
#3104=FACE_BOUND('',#2837,.T.);
#3105=FACE_BOUND('',#2838,.T.);
#3106=FACE_BOUND('',#2839,.T.);
#3107=FACE_BOUND('',#2840,.T.);
#3108=FACE_BOUND('',#2841,.T.);
#3109=FACE_BOUND('',#2842,.T.);
#3110=FACE_BOUND('',#2843,.T.);
#3111=FACE_BOUND('',#2844,.T.);
#3112=FACE_BOUND('',#2845,.T.);
#3113=FACE_BOUND('',#2846,.T.);
#3114=FACE_BOUND('',#2847,.T.);
#3115=FACE_BOUND('',#2848,.T.);
#3116=FACE_BOUND('',#2849,.T.);
#3117=FACE_BOUND('',#2850,.T.);
#3118=FACE_BOUND('',#2851,.T.);
#3119=FACE_BOUND('',#2852,.T.);
#3120=FACE_BOUND('',#2853,.T.);
#3121=FACE_BOUND('',#2854,.T.);
#3122=FACE_BOUND('',#2855,.T.);
#3123=FACE_BOUND('',#2856,.T.);
#3124=FACE_BOUND('',#2857,.T.);
#3125=FACE_BOUND('',#2858,.T.);
#3126=FACE_BOUND('',#2859,.T.);
#3127=FACE_BOUND('',#2860,.T.);
#3128=FACE_BOUND('',#2861,.T.);
#3129=FACE_BOUND('',#2862,.T.);
#3130=FACE_BOUND('',#2863,.T.);
#3131=FACE_BOUND('',#2864,.T.);
#3132=FACE_BOUND('',#2865,.T.);
#3133=FACE_BOUND('',#2866,.T.);
#3134=FACE_BOUND('',#2867,.T.);
#3135=FACE_BOUND('',#2868,.T.);
#3136=FACE_BOUND('',#2869,.T.);
#3137=FACE_BOUND('',#2870,.T.);
#3138=FACE_BOUND('',#2871,.T.);
#3139=FACE_BOUND('',#2872,.T.);
#3140=FACE_BOUND('',#2873,.T.);
#3141=FACE_BOUND('',#2874,.T.);
#3142=FACE_BOUND('',#2875,.T.);
#3143=FACE_BOUND('',#2876,.T.);
#3144=FACE_BOUND('',#2877,.T.);
#3145=FACE_BOUND('',#2878,.T.);
#3146=FACE_BOUND('',#2879,.T.);
#3147=FACE_BOUND('',#2880,.T.);
#3148=FACE_BOUND('',#2881,.T.);
#3149=FACE_BOUND('',#2882,.T.);
#3150=FACE_BOUND('',#2883,.T.);
#3151=FACE_BOUND('',#2884,.T.);
#3152=FACE_BOUND('',#2885,.T.);
#3153=FACE_BOUND('',#2886,.T.);
#3154=FACE_BOUND('',#2887,.T.);
#3155=FACE_BOUND('',#2888,.T.);
#3156=FACE_BOUND('',#2889,.T.);
#3157=FACE_BOUND('',#2890,.T.);
#3158=FACE_BOUND('',#2891,.T.);
#3159=FACE_BOUND('',#2892,.T.);
#3160=FACE_BOUND('',#2893,.T.);
#3161=FACE_BOUND('',#2894,.T.);
#3162=FACE_BOUND('',#2895,.T.);
#3163=FACE_BOUND('',#2896,.T.);
#3164=FACE_BOUND('',#2897,.T.);
#3165=FACE_BOUND('',#2898,.T.);
#3166=FACE_BOUND('',#2899,.T.);
#3167=FACE_BOUND('',#2900,.T.);
#3168=FACE_BOUND('',#2901,.T.);
#3169=FACE_BOUND('',#2902,.T.);
#3170=FACE_BOUND('',#2903,.T.);
#3171=FACE_BOUND('',#2904,.T.);
#3172=FACE_BOUND('',#2905,.T.);
#3173=FACE_BOUND('',#2906,.T.);
#3174=FACE_BOUND('',#2907,.T.);
#3175=FACE_BOUND('',#2908,.T.);
#3176=FACE_BOUND('',#2909,.T.);
#3177=FACE_BOUND('',#2910,.T.);
#3178=FACE_BOUND('',#2911,.T.);
#3179=FACE_BOUND('',#2912,.T.);
#3180=FACE_BOUND('',#2913,.T.);
#3181=FACE_BOUND('',#2914,.T.);
#3182=FACE_BOUND('',#2915,.T.);
#3183=FACE_BOUND('',#2916,.T.);
#3184=FACE_BOUND('',#2917,.T.);
#3185=FACE_BOUND('',#2918,.T.);
#3186=FACE_BOUND('',#2919,.T.);
#3187=FACE_BOUND('',#2920,.T.);
#3188=FACE_BOUND('',#2921,.T.);
#3189=FACE_BOUND('',#2922,.T.);
#3190=FACE_BOUND('',#2923,.T.);
#3191=FACE_BOUND('',#2924,.T.);
#3192=FACE_BOUND('',#2925,.T.);
#3193=FACE_BOUND('',#2926,.T.);
#3194=FACE_BOUND('',#2927,.T.);
#3195=FACE_BOUND('',#2928,.T.);
#3196=FACE_BOUND('',#2929,.T.);
#3197=FACE_BOUND('',#2930,.T.);
#3198=FACE_BOUND('',#2931,.T.);
#3199=FACE_BOUND('',#2932,.T.);
#3200=FACE_BOUND('',#2933,.T.);
#3201=FACE_BOUND('',#2934,.T.);
#3202=FACE_BOUND('',#2935,.T.);
#3203=FACE_BOUND('',#2936,.T.);
#3204=FACE_BOUND('',#2937,.T.);
#3205=FACE_BOUND('',#2938,.T.);
#3206=FACE_BOUND('',#2939,.T.);
#3207=FACE_BOUND('',#2940,.T.);
#3208=FACE_BOUND('',#2941,.T.);
#3209=FACE_BOUND('',#2942,.T.);
#3210=FACE_BOUND('',#2943,.T.);
#3211=FACE_BOUND('',#2944,.T.);
#3212=FACE_BOUND('',#2945,.T.);
#3213=FACE_BOUND('',#2946,.T.);
#3214=FACE_BOUND('',#2947,.T.);
#3215=FACE_BOUND('',#2948,.T.);
#3216=FACE_BOUND('',#2949,.T.);
#3217=FACE_BOUND('',#2950,.T.);
#3218=FACE_BOUND('',#2951,.T.);
#3219=FACE_BOUND('',#2952,.T.);
#3220=FACE_BOUND('',#2953,.T.);
#3221=FACE_BOUND('',#2954,.T.);
#3222=FACE_BOUND('',#2955,.T.);
#3223=FACE_BOUND('',#2956,.T.);
#3224=FACE_BOUND('',#2957,.T.);
#3225=FACE_BOUND('',#2958,.T.);
#3226=FACE_BOUND('',#2959,.T.);
#3227=FACE_BOUND('',#2960,.T.);
#3228=FACE_BOUND('',#2961,.T.);
#3229=FACE_BOUND('',#2962,.T.);
#3230=FACE_BOUND('',#2963,.T.);
#3231=FACE_BOUND('',#2964,.T.);
#3232=FACE_BOUND('',#2965,.T.);
#3233=FACE_BOUND('',#2966,.T.);
#3234=FACE_BOUND('',#2967,.T.);
#3235=FACE_BOUND('',#2968,.T.);
#3236=FACE_BOUND('',#2969,.T.);
#3237=FACE_BOUND('',#2970,.T.);
#3238=FACE_BOUND('',#2971,.T.);
#3239=FACE_BOUND('',#2972,.T.);
#3240=FACE_BOUND('',#2973,.T.);
#3241=FACE_BOUND('',#2974,.T.);
#3242=FACE_BOUND('',#2975,.T.);
#3243=FACE_BOUND('',#2976,.T.);
#3244=FACE_BOUND('',#2977,.T.);
#3245=FACE_BOUND('',#2978,.T.);
#3246=FACE_BOUND('',#2979,.T.);
#3247=FACE_BOUND('',#2980,.T.);
#3248=FACE_BOUND('',#2981,.T.);
#3249=FACE_BOUND('',#2982,.T.);
#3250=FACE_BOUND('',#2983,.T.);
#3251=FACE_BOUND('',#2984,.T.);
#3252=CYLINDRICAL_SURFACE('',#3554,0.0015);
#3253=CYLINDRICAL_SURFACE('',#3557,0.0015);
#3254=CYLINDRICAL_SURFACE('',#3560,0.00135000000000002);
#3255=CYLINDRICAL_SURFACE('',#3563,0.00135);
#3256=CYLINDRICAL_SURFACE('',#3612,0.0125);
#3257=CYLINDRICAL_SURFACE('',#3614,0.0125);
#3258=CYLINDRICAL_SURFACE('',#3619,0.015);
#3259=CYLINDRICAL_SURFACE('',#3622,0.015);
#3260=CYLINDRICAL_SURFACE('',#3675,0.015);
#3261=CYLINDRICAL_SURFACE('',#3678,0.015);
#3262=CYLINDRICAL_SURFACE('',#3681,0.0125);
#3263=CYLINDRICAL_SURFACE('',#3687,0.0125);
#3264=CYLINDRICAL_SURFACE('',#3758,0.001);
#3265=CYLINDRICAL_SURFACE('',#3765,0.001);
#3266=CYLINDRICAL_SURFACE('',#3767,0.001);
#3267=CYLINDRICAL_SURFACE('',#3769,0.001);
#3268=CYLINDRICAL_SURFACE('',#3776,0.001);
#3269=CYLINDRICAL_SURFACE('',#3778,0.001);
#3270=CYLINDRICAL_SURFACE('',#3780,0.001);
#3271=CYLINDRICAL_SURFACE('',#3782,0.001);
#3272=CYLINDRICAL_SURFACE('',#3788,0.001);
#3273=CYLINDRICAL_SURFACE('',#3792,0.001);
#3274=CYLINDRICAL_SURFACE('',#3794,0.001);
#3275=CYLINDRICAL_SURFACE('',#3796,0.001);
#3276=CYLINDRICAL_SURFACE('',#3798,0.001);
#3277=CYLINDRICAL_SURFACE('',#3807,0.001);
#3278=CYLINDRICAL_SURFACE('',#3809,0.001);
#3279=CYLINDRICAL_SURFACE('',#3811,0.001);
#3280=CYLINDRICAL_SURFACE('',#3813,0.001);
#3281=CYLINDRICAL_SURFACE('',#3819,0.001);
#3282=CYLINDRICAL_SURFACE('',#3823,0.001);
#3283=CYLINDRICAL_SURFACE('',#3825,0.001);
#3284=CYLINDRICAL_SURFACE('',#3828,0.001);
#3285=CYLINDRICAL_SURFACE('',#3830,0.001);
#3286=CYLINDRICAL_SURFACE('',#3838,0.001);
#3287=CYLINDRICAL_SURFACE('',#3840,0.001);
#3288=CYLINDRICAL_SURFACE('',#3842,0.001);
#3289=CYLINDRICAL_SURFACE('',#3844,0.001);
#3290=CYLINDRICAL_SURFACE('',#3850,0.001);
#3291=CYLINDRICAL_SURFACE('',#3854,0.001);
#3292=CYLINDRICAL_SURFACE('',#3856,0.001);
#3293=CYLINDRICAL_SURFACE('',#3858,0.001);
#3294=CYLINDRICAL_SURFACE('',#3860,0.001);
#3295=CYLINDRICAL_SURFACE('',#3869,0.001);
#3296=CYLINDRICAL_SURFACE('',#3871,0.001);
#3297=CYLINDRICAL_SURFACE('',#3873,0.001);
#3298=CYLINDRICAL_SURFACE('',#3875,0.001);
#3299=CYLINDRICAL_SURFACE('',#3881,0.001);
#3300=CYLINDRICAL_SURFACE('',#3882,0.001);
#3301=CYLINDRICAL_SURFACE('',#3883,0.001);
#3302=CYLINDRICAL_SURFACE('',#3884,0.001);
#3303=CYLINDRICAL_SURFACE('',#3885,0.001);
#3304=CYLINDRICAL_SURFACE('',#3886,0.001);
#3305=CYLINDRICAL_SURFACE('',#3887,0.001);
#3306=CYLINDRICAL_SURFACE('',#3888,0.001);
#3307=CYLINDRICAL_SURFACE('',#3889,0.001);
#3308=CYLINDRICAL_SURFACE('',#3892,0.004);
#3309=CYLINDRICAL_SURFACE('',#3895,0.002025);
#3310=CYLINDRICAL_SURFACE('',#3903,0.004);
#3311=CYLINDRICAL_SURFACE('',#3904,0.002025);
#3312=CYLINDRICAL_SURFACE('',#3907,0.0055);
#3313=CYLINDRICAL_SURFACE('',#3910,0.001575);
#3314=CYLINDRICAL_SURFACE('',#3913,0.005);
#3315=CYLINDRICAL_SURFACE('',#3914,0.005);
#3316=CYLINDRICAL_SURFACE('',#3915,0.005);
#3317=CYLINDRICAL_SURFACE('',#3916,0.00205);
#3318=CYLINDRICAL_SURFACE('',#3919,0.005);
#3319=CYLINDRICAL_SURFACE('',#3920,0.00205);
#3320=CYLINDRICAL_SURFACE('',#3923,0.005);
#3321=CYLINDRICAL_SURFACE('',#3924,0.005);
#3322=CYLINDRICAL_SURFACE('',#3925,0.00205);
#3323=CYLINDRICAL_SURFACE('',#3940,0.00225);
#3324=CYLINDRICAL_SURFACE('',#3943,0.00224999999999997);
#3325=CYLINDRICAL_SURFACE('',#3946,0.00224999999999997);
#3326=CYLINDRICAL_SURFACE('',#3949,0.00225);
#3327=ADVANCED_FACE('',(#2985,#2986),#3252,.F.);
#3328=ADVANCED_FACE('',(#2987,#2988),#3253,.F.);
#3329=ADVANCED_FACE('',(#2989,#2990),#3254,.F.);
#3330=ADVANCED_FACE('',(#2991,#2992),#3255,.F.);
#3331=ADVANCED_FACE('NONE',(#2993),#632,.F.);
#3332=ADVANCED_FACE('NONE',(#2994),#633,.F.);
#3333=ADVANCED_FACE('NONE',(#2995),#634,.F.);
#3334=ADVANCED_FACE('NONE',(#2996),#635,.F.);
#3335=ADVANCED_FACE('NONE',(#2997,#2998,#2999,#3000,#3001,#3002),#636,.F.);
#3336=ADVANCED_FACE('NONE',(#3003,#3004,#3005,#3006),#637,.T.);
#3337=ADVANCED_FACE('NONE',(#3007),#46,.F.);
#3338=ADVANCED_FACE('NONE',(#3008),#638,.T.);
#3339=ADVANCED_FACE('NONE',(#3009),#47,.F.);
#3340=ADVANCED_FACE('NONE',(#3010),#639,.T.);
#3341=ADVANCED_FACE('NONE',(#3011),#3256,.F.);
#3342=ADVANCED_FACE('NONE',(#3012),#3257,.F.);
#3343=ADVANCED_FACE('NONE',(#3013),#640,.T.);
#3344=ADVANCED_FACE('NONE',(#3014),#641,.F.);
#3345=ADVANCED_FACE('NONE',(#3015),#642,.F.);
#3346=ADVANCED_FACE('NONE',(#3016),#3258,.T.);
#3347=ADVANCED_FACE('NONE',(#3017),#3259,.T.);
#3348=ADVANCED_FACE('NONE',(#3018),#643,.F.);
#3349=ADVANCED_FACE('NONE',(#3019,#3020),#644,.T.);
#3350=ADVANCED_FACE('NONE',(#3021),#645,.T.);
#3351=ADVANCED_FACE('NONE',(#3022,#3023,#3024,#3025,#3026,#3027,#3028,#3029),
#646,.T.);
#3352=ADVANCED_FACE('NONE',(#3030),#647,.T.);
#3353=ADVANCED_FACE('NONE',(#3031),#48,.T.);
#3354=ADVANCED_FACE('NONE',(#3032),#648,.T.);
#3355=ADVANCED_FACE('NONE',(#3033),#49,.T.);
#3356=ADVANCED_FACE('NONE',(#3034),#649,.T.);
#3357=ADVANCED_FACE('NONE',(#3035),#650,.F.);
#3358=ADVANCED_FACE('NONE',(#3036),#651,.F.);
#3359=ADVANCED_FACE('NONE',(#3037),#652,.F.);
#3360=ADVANCED_FACE('NONE',(#3038),#653,.F.);
#3361=ADVANCED_FACE('NONE',(#3039),#654,.F.);
#3362=ADVANCED_FACE('NONE',(#3040),#655,.F.);
#3363=ADVANCED_FACE('NONE',(#3041),#656,.T.);
#3364=ADVANCED_FACE('NONE',(#3042),#50,.T.);
#3365=ADVANCED_FACE('NONE',(#3043),#657,.T.);
#3366=ADVANCED_FACE('NONE',(#3044),#51,.T.);
#3367=ADVANCED_FACE('NONE',(#3045),#658,.T.);
#3368=ADVANCED_FACE('',(#3046),#659,.T.);
#3369=ADVANCED_FACE('',(#3047),#660,.F.);
#3370=ADVANCED_FACE('',(#3048),#661,.F.);
#3371=ADVANCED_FACE('',(#3049),#662,.T.);
#3372=ADVANCED_FACE('',(#3050),#663,.T.);
#3373=ADVANCED_FACE('',(#3051),#664,.T.);
#3374=ADVANCED_FACE('',(#3052),#665,.T.);
#3375=ADVANCED_FACE('NONE',(#3053),#666,.T.);
#3376=ADVANCED_FACE('NONE',(#3054),#3260,.T.);
#3377=ADVANCED_FACE('NONE',(#3055),#667,.F.);
#3378=ADVANCED_FACE('NONE',(#3056),#3261,.T.);
#3379=ADVANCED_FACE('NONE',(#3057),#668,.T.);
#3380=ADVANCED_FACE('NONE',(#3058),#3262,.F.);
#3381=ADVANCED_FACE('NONE',(#3059),#669,.F.);
#3382=ADVANCED_FACE('NONE',(#3060),#670,.F.);
#3383=ADVANCED_FACE('NONE',(#3061),#671,.T.);
#3384=ADVANCED_FACE('NONE',(#3062),#672,.F.);
#3385=ADVANCED_FACE('NONE',(#3063),#673,.F.);
#3386=ADVANCED_FACE('NONE',(#3064),#3263,.F.);
#3387=ADVANCED_FACE('NONE',(#3065),#52,.T.);
#3388=ADVANCED_FACE('NONE',(#3066),#53,.T.);
#3389=ADVANCED_FACE('NONE',(#3067),#54,.T.);
#3390=ADVANCED_FACE('NONE',(#3068),#55,.T.);
#3391=ADVANCED_FACE('',(#3069),#674,.F.);
#3392=ADVANCED_FACE('',(#3070),#675,.T.);
#3393=ADVANCED_FACE('',(#3071),#676,.T.);
#3394=ADVANCED_FACE('',(#3072),#677,.T.);
#3395=ADVANCED_FACE('',(#3073),#678,.F.);
#3396=ADVANCED_FACE('',(#3074),#679,.F.);
#3397=ADVANCED_FACE('',(#3075),#680,.T.);
#3398=ADVANCED_FACE('',(#3076),#681,.F.);
#3399=ADVANCED_FACE('',(#3077),#682,.F.);
#3400=ADVANCED_FACE('',(#3078),#683,.T.);
#3401=ADVANCED_FACE('',(#3079),#684,.F.);
#3402=ADVANCED_FACE('',(#3080),#685,.T.);
#3403=ADVANCED_FACE('',(#3081),#686,.T.);
#3404=ADVANCED_FACE('',(#3082),#687,.F.);
#3405=ADVANCED_FACE('',(#3083),#688,.F.);
#3406=ADVANCED_FACE('',(#3084),#689,.T.);
#3407=ADVANCED_FACE('',(#3085),#690,.T.);
#3408=ADVANCED_FACE('',(#3086),#691,.F.);
#3409=ADVANCED_FACE('',(#3087,#3088),#692,.F.);
#3410=ADVANCED_FACE('',(#3089),#693,.T.);
#3411=ADVANCED_FACE('',(#3090,#3091),#694,.T.);
#3412=ADVANCED_FACE('',(#3092,#3093),#695,.F.);
#3413=ADVANCED_FACE('',(#3094),#696,.T.);
#3414=ADVANCED_FACE('',(#3095,#3096),#697,.T.);
#3415=ADVANCED_FACE('',(#3097),#698,.T.);
#3416=ADVANCED_FACE('',(#3098,#3099),#699,.T.);
#3417=ADVANCED_FACE('',(#3100,#3101),#700,.F.);
#3418=ADVANCED_FACE('',(#3102),#701,.T.);
#3419=ADVANCED_FACE('',(#3103,#3104),#702,.T.);
#3420=ADVANCED_FACE('',(#3105,#3106),#703,.F.);
#3421=ADVANCED_FACE('',(#3107),#3264,.F.);
#3422=ADVANCED_FACE('',(#3108),#12,.T.);
#3423=ADVANCED_FACE('',(#3109),#13,.T.);
#3424=ADVANCED_FACE('',(#3110),#3265,.T.);
#3425=ADVANCED_FACE('',(#3111),#3266,.T.);
#3426=ADVANCED_FACE('',(#3112),#3267,.F.);
#3427=ADVANCED_FACE('',(#3113),#14,.F.);
#3428=ADVANCED_FACE('',(#3114),#15,.F.);
#3429=ADVANCED_FACE('',(#3115),#3268,.F.);
#3430=ADVANCED_FACE('',(#3116),#3269,.T.);
#3431=ADVANCED_FACE('',(#3117),#3270,.T.);
#3432=ADVANCED_FACE('',(#3118),#3271,.F.);
#3433=ADVANCED_FACE('',(#3119),#16,.F.);
#3434=ADVANCED_FACE('',(#3120),#17,.F.);
#3435=ADVANCED_FACE('',(#3121),#3272,.F.);
#3436=ADVANCED_FACE('',(#3122),#18,.T.);
#3437=ADVANCED_FACE('',(#3123),#3273,.T.);
#3438=ADVANCED_FACE('',(#3124),#3274,.F.);
#3439=ADVANCED_FACE('',(#3125),#3275,.T.);
#3440=ADVANCED_FACE('',(#3126),#3276,.F.);
#3441=ADVANCED_FACE('',(#3127),#19,.F.);
#3442=ADVANCED_FACE('',(#3128),#20,.T.);
#3443=ADVANCED_FACE('',(#3129),#21,.F.);
#3444=ADVANCED_FACE('',(#3130),#3277,.F.);
#3445=ADVANCED_FACE('',(#3131),#3278,.T.);
#3446=ADVANCED_FACE('',(#3132),#3279,.T.);
#3447=ADVANCED_FACE('',(#3133),#3280,.F.);
#3448=ADVANCED_FACE('',(#3134),#22,.F.);
#3449=ADVANCED_FACE('',(#3135),#23,.F.);
#3450=ADVANCED_FACE('',(#3136),#3281,.F.);
#3451=ADVANCED_FACE('',(#3137),#24,.T.);
#3452=ADVANCED_FACE('',(#3138),#3282,.T.);
#3453=ADVANCED_FACE('',(#3139),#3283,.F.);
#3454=ADVANCED_FACE('',(#3140),#3284,.T.);
#3455=ADVANCED_FACE('',(#3141),#3285,.F.);
#3456=ADVANCED_FACE('',(#3142),#25,.F.);
#3457=ADVANCED_FACE('',(#3143),#26,.F.);
#3458=ADVANCED_FACE('',(#3144),#27,.T.);
#3459=ADVANCED_FACE('',(#3145),#3286,.T.);
#3460=ADVANCED_FACE('',(#3146),#3287,.F.);
#3461=ADVANCED_FACE('',(#3147),#3288,.F.);
#3462=ADVANCED_FACE('',(#3148),#3289,.T.);
#3463=ADVANCED_FACE('',(#3149),#28,.F.);
#3464=ADVANCED_FACE('',(#3150),#29,.F.);
#3465=ADVANCED_FACE('',(#3151),#3290,.F.);
#3466=ADVANCED_FACE('',(#3152),#30,.T.);
#3467=ADVANCED_FACE('',(#3153),#3291,.T.);
#3468=ADVANCED_FACE('',(#3154),#3292,.F.);
#3469=ADVANCED_FACE('',(#3155),#3293,.T.);
#3470=ADVANCED_FACE('',(#3156),#3294,.F.);
#3471=ADVANCED_FACE('',(#3157),#31,.F.);
#3472=ADVANCED_FACE('',(#3158),#32,.T.);
#3473=ADVANCED_FACE('',(#3159),#33,.F.);
#3474=ADVANCED_FACE('',(#3160),#3295,.F.);
#3475=ADVANCED_FACE('',(#3161),#3296,.T.);
#3476=ADVANCED_FACE('',(#3162),#3297,.T.);
#3477=ADVANCED_FACE('',(#3163),#3298,.F.);
#3478=ADVANCED_FACE('',(#3164),#34,.F.);
#3479=ADVANCED_FACE('',(#3165),#35,.F.);
#3480=ADVANCED_FACE('',(#3166),#3299,.F.);
#3481=ADVANCED_FACE('',(#3167),#3300,.T.);
#3482=ADVANCED_FACE('',(#3168),#3301,.T.);
#3483=ADVANCED_FACE('',(#3169),#3302,.T.);
#3484=ADVANCED_FACE('',(#3170),#3303,.T.);
#3485=ADVANCED_FACE('',(#3171),#3304,.T.);
#3486=ADVANCED_FACE('',(#3172),#3305,.T.);
#3487=ADVANCED_FACE('',(#3173),#3306,.T.);
#3488=ADVANCED_FACE('',(#3174),#3307,.T.);
#3489=ADVANCED_FACE('',(#3175),#704,.F.);
#3490=ADVANCED_FACE('',(#3176),#705,.T.);
#3491=ADVANCED_FACE('',(#3177,#3178),#3308,.T.);
#3492=ADVANCED_FACE('',(#3179,#3180),#3309,.F.);
#3493=ADVANCED_FACE('',(#3181,#3182),#706,.T.);
#3494=ADVANCED_FACE('',(#3183,#3184),#707,.T.);
#3495=ADVANCED_FACE('',(#3185,#3186),#3310,.T.);
#3496=ADVANCED_FACE('',(#3187,#3188),#3311,.F.);
#3497=ADVANCED_FACE('',(#3189,#3190),#3312,.F.);
#3498=ADVANCED_FACE('',(#3191),#708,.T.);
#3499=ADVANCED_FACE('',(#3192,#3193),#3313,.F.);
#3500=ADVANCED_FACE('',(#3194),#3314,.T.);
#3501=ADVANCED_FACE('',(#3195),#3315,.T.);
#3502=ADVANCED_FACE('',(#3196),#3316,.T.);
#3503=ADVANCED_FACE('',(#3197,#3198),#3317,.F.);
#3504=ADVANCED_FACE('',(#3199),#3318,.T.);
#3505=ADVANCED_FACE('',(#3200,#3201),#3319,.F.);
#3506=ADVANCED_FACE('',(#3202),#3320,.T.);
#3507=ADVANCED_FACE('',(#3203),#3321,.T.);
#3508=ADVANCED_FACE('',(#3204,#3205),#3322,.F.);
#3509=ADVANCED_FACE('',(#3206,#3207),#56,.F.);
#3510=ADVANCED_FACE('',(#3208,#3209),#57,.F.);
#3511=ADVANCED_FACE('',(#3210,#3211),#58,.F.);
#3512=ADVANCED_FACE('',(#3212,#3213),#59,.F.);
#3513=ADVANCED_FACE('',(#3214,#3215),#60,.F.);
#3514=ADVANCED_FACE('',(#3216,#3217),#61,.F.);
#3515=ADVANCED_FACE('',(#3218),#709,.T.);
#3516=ADVANCED_FACE('',(#3219),#710,.T.);
#3517=ADVANCED_FACE('',(#3220),#711,.T.);
#3518=ADVANCED_FACE('',(#3221),#712,.T.);
#3519=ADVANCED_FACE('',(#3222),#713,.F.);
#3520=ADVANCED_FACE('',(#3223),#714,.F.);
#3521=ADVANCED_FACE('',(#3224,#3225),#3323,.F.);
#3522=ADVANCED_FACE('',(#3226,#3227),#715,.T.);
#3523=ADVANCED_FACE('',(#3228,#3229),#3324,.F.);
#3524=ADVANCED_FACE('',(#3230,#3231),#716,.T.);
#3525=ADVANCED_FACE('',(#3232,#3233),#3325,.F.);
#3526=ADVANCED_FACE('',(#3234,#3235),#717,.T.);
#3527=ADVANCED_FACE('',(#3236,#3237),#3326,.F.);
#3528=ADVANCED_FACE('',(#3238,#3239),#718,.T.);
#3529=ADVANCED_FACE('',(#3240),#719,.F.);
#3530=ADVANCED_FACE('',(#3241),#720,.T.);
#3531=ADVANCED_FACE('',(#3242),#721,.T.);
#3532=ADVANCED_FACE('',(#3243),#722,.F.);
#3533=ADVANCED_FACE('',(#3244),#723,.F.);
#3534=ADVANCED_FACE('',(#3245),#724,.T.);
#3535=ADVANCED_FACE('',(#3246),#725,.F.);
#3536=ADVANCED_FACE('',(#3247),#726,.T.);
#3537=ADVANCED_FACE('',(#3248),#727,.F.);
#3538=ADVANCED_FACE('',(#3249),#728,.F.);
#3539=ADVANCED_FACE('',(#3250),#729,.F.);
#3540=ADVANCED_FACE('',(#3251),#730,.F.);
#3541=CLOSED_SHELL('',(#3327,#3328,#3329,#3330,#3331,#3332,#3333,#3334,
#3335,#3336,#3337,#3338,#3339,#3340,#3341,#3342,#3343,#3344,#3345,#3346,
#3347,#3348,#3349,#3350,#3351,#3352,#3353,#3354,#3355,#3356,#3357,#3358,
#3359,#3360,#3361,#3362,#3363,#3364,#3365,#3366,#3367,#3368,#3369,#3370,
#3371,#3372,#3373,#3374,#3375,#3376,#3377,#3378,#3379,#3380,#3381,#3382,
#3383,#3384,#3385,#3386,#3387,#3388,#3389,#3390,#3391,#3392,#3393,#3394,
#3395,#3396,#3397,#3398,#3399,#3400,#3401,#3402,#3403,#3404,#3405,#3406,
#3407,#3408,#3409,#3410,#3411,#3412,#3413,#3414,#3415,#3416,#3417,#3418,
#3419,#3420,#3421,#3422,#3423,#3424,#3425,#3426,#3427,#3428,#3429,#3430,
#3431,#3432,#3433,#3434,#3435,#3436,#3437,#3438,#3439,#3440,#3441,#3442,
#3443,#3444,#3445,#3446,#3447,#3448,#3449,#3450,#3451,#3452,#3453,#3454,
#3455,#3456,#3457,#3458,#3459,#3460,#3461,#3462,#3463,#3464,#3465,#3466,
#3467,#3468,#3469,#3470,#3471,#3472,#3473,#3474,#3475,#3476,#3477,#3478,
#3479,#3480,#3481,#3482,#3483,#3484,#3485,#3486,#3487,#3488,#3489,#3490,
#3491,#3492,#3493,#3494,#3495,#3496,#3497,#3498,#3499,#3500,#3501,#3502,
#3503,#3504,#3505,#3506,#3507,#3508,#3509,#3510,#3511,#3512,#3513,#3514,
#3515,#3516,#3517,#3518,#3519,#3520,#3521,#3522,#3523,#3524,#3525,#3526,
#3527,#3528,#3529,#3530,#3531,#3532,#3533,#3534,#3535,#3536,#3537,#3538,
#3539,#3540));
#3542=STYLED_ITEM('',(#3543),#3550);
#3543=PRESENTATION_STYLE_ASSIGNMENT((#3544));
#3544=SURFACE_STYLE_USAGE(.BOTH.,#3545);
#3545=SURFACE_SIDE_STYLE('',(#3546));
#3546=SURFACE_STYLE_FILL_AREA(#3547);
#3547=FILL_AREA_STYLE('',(#3548));
#3548=FILL_AREA_STYLE_COLOUR('',#3549);
#3549=COLOUR_RGB('',0.792156862745098,0.819607843137255,0.933333333333333);
#3550=MANIFOLD_SOLID_BREP('Front-Display2-Included-Mount',#3541);
#3551=SHAPE_DEFINITION_REPRESENTATION(#6139,#3552);
#3552=SHAPE_REPRESENTATION('Front-Display2-Included-Mount',(#3553),#6134);
#3553=AXIS2_PLACEMENT_3D('',#5071,#3964,#3965);
#3554=AXIS2_PLACEMENT_3D('',#5072,#3966,#3967);
#3555=AXIS2_PLACEMENT_3D('',#5073,#3968,#3969);
#3556=AXIS2_PLACEMENT_3D('',#5075,#3970,#3971);
#3557=AXIS2_PLACEMENT_3D('',#5077,#3972,#3973);
#3558=AXIS2_PLACEMENT_3D('',#5078,#3974,#3975);
#3559=AXIS2_PLACEMENT_3D('',#5080,#3976,#3977);
#3560=AXIS2_PLACEMENT_3D('',#5082,#3978,#3979);
#3561=AXIS2_PLACEMENT_3D('',#5083,#3980,#3981);
#3562=AXIS2_PLACEMENT_3D('',#5085,#3982,#3983);
#3563=AXIS2_PLACEMENT_3D('',#5087,#3984,#3985);
#3564=AXIS2_PLACEMENT_3D('',#5088,#3986,#3987);
#3565=AXIS2_PLACEMENT_3D('',#5090,#3988,#3989);
#3566=AXIS2_PLACEMENT_3D('',#5092,#3990,#3991);
#3567=AXIS2_PLACEMENT_3D('',#5101,#3996,#3997);
#3568=AXIS2_PLACEMENT_3D('',#5102,#3998,#3999);
#3569=AXIS2_PLACEMENT_3D('',#5106,#4001,#4002);
#3570=AXIS2_PLACEMENT_3D('',#5107,#4003,#4004);
#3571=AXIS2_PLACEMENT_3D('',#5116,#4009,#4010);
#3572=AXIS2_PLACEMENT_3D('',#5117,#4011,#4012);
#3573=AXIS2_PLACEMENT_3D('',#5121,#4014,#4015);
#3574=AXIS2_PLACEMENT_3D('',#5122,#4016,#4017);
#3575=AXIS2_PLACEMENT_3D('',#5131,#4022,#4023);
#3576=AXIS2_PLACEMENT_3D('',#5140,#4027,#4028);
#3577=AXIS2_PLACEMENT_3D('',#5144,#4030,#4031);
#3578=AXIS2_PLACEMENT_3D('',#5148,#4033,#4034);
#3579=AXIS2_PLACEMENT_3D('',#5152,#4036,#4037);
#3580=AXIS2_PLACEMENT_3D('',#5156,#4039,#4040);
#3581=AXIS2_PLACEMENT_3D('',#5160,#4042,#4043);
#3582=AXIS2_PLACEMENT_3D('',#5164,#4045,#4046);
#3583=AXIS2_PLACEMENT_3D('',#5168,#4048,#4049);
#3584=AXIS2_PLACEMENT_3D('',#5176,#4053,#4054);
#3585=AXIS2_PLACEMENT_3D('',#5180,#4056,#4057);
#3586=AXIS2_PLACEMENT_3D('',#5184,#4059,#4060);
#3587=AXIS2_PLACEMENT_3D('',#5188,#4062,#4063);
#3588=AXIS2_PLACEMENT_3D('',#5192,#4065,#4066);
#3589=AXIS2_PLACEMENT_3D('',#5196,#4068,#4069);
#3590=AXIS2_PLACEMENT_3D('',#5200,#4071,#4072);
#3591=AXIS2_PLACEMENT_3D('',#5204,#4074,#4075);
#3592=AXIS2_PLACEMENT_3D('',#5208,#4077,#4078);
#3593=AXIS2_PLACEMENT_3D('',#5214,#4081,#4082);
#3594=AXIS2_PLACEMENT_3D('',#5218,#4084,#4085);
#3595=AXIS2_PLACEMENT_3D('',#5226,#4089,#4090);
#3596=AXIS2_PLACEMENT_3D('',#5230,#4092,#4093);
#3597=AXIS2_PLACEMENT_3D('',#5236,#4096,#4097);
#3598=AXIS2_PLACEMENT_3D('',#5253,#4106,#4107);
#3599=AXIS2_PLACEMENT_3D('',#5256,#4108,#4109);
#3600=AXIS2_PLACEMENT_3D('',#5257,#4110,#4111);
#3601=AXIS2_PLACEMENT_3D('',#5266,#4116,#4117);
#3602=AXIS2_PLACEMENT_3D('',#5271,#4119,#4120);
#3603=AXIS2_PLACEMENT_3D('',#5275,#4122,#4123);
#3604=AXIS2_PLACEMENT_3D('',#5279,#4125,#4126);
#3605=AXIS2_PLACEMENT_3D('',#5283,#4128,#4129);
#3606=AXIS2_PLACEMENT_3D('',#5289,#4132,#4133);
#3607=AXIS2_PLACEMENT_3D('',#5293,#4135,#4136);
#3608=AXIS2_PLACEMENT_3D('',#5300,#4140,#4141);
#3609=AXIS2_PLACEMENT_3D('',#5307,#4143,#4144);
#3610=AXIS2_PLACEMENT_3D('',#5311,#4147,#4148);
#3611=AXIS2_PLACEMENT_3D('',#5316,#4149,#4150);
#3612=AXIS2_PLACEMENT_3D('',#5322,#4154,#4155);
#3613=AXIS2_PLACEMENT_3D('',#5325,#4157,#4158);
#3614=AXIS2_PLACEMENT_3D('',#5326,#4159,#4160);
#3615=AXIS2_PLACEMENT_3D('',#5329,#4162,#4163);
#3616=AXIS2_PLACEMENT_3D('',#5330,#4164,#4165);
#3617=AXIS2_PLACEMENT_3D('',#5336,#4169,#4170);
#3618=AXIS2_PLACEMENT_3D('',#5345,#4175,#4176);
#3619=AXIS2_PLACEMENT_3D('',#5354,#4181,#4182);
#3620=AXIS2_PLACEMENT_3D('',#5358,#4184,#4185);
#3621=AXIS2_PLACEMENT_3D('',#5359,#4186,#4187);
#3622=AXIS2_PLACEMENT_3D('',#5360,#4188,#4189);
#3623=AXIS2_PLACEMENT_3D('',#5361,#4190,#4191);
#3624=AXIS2_PLACEMENT_3D('',#5362,#4192,#4193);
#3625=AXIS2_PLACEMENT_3D('',#5363,#4194,#4195);
#3626=AXIS2_PLACEMENT_3D('',#5369,#4199,#4200);
#3627=AXIS2_PLACEMENT_3D('',#5370,#4201,#4202);
#3628=AXIS2_PLACEMENT_3D('',#5374,#4204,#4205);
#3629=AXIS2_PLACEMENT_3D('',#5378,#4207,#4208);
#3630=AXIS2_PLACEMENT_3D('',#5382,#4210,#4211);
#3631=AXIS2_PLACEMENT_3D('',#5386,#4213,#4214);
#3632=AXIS2_PLACEMENT_3D('',#5390,#4216,#4217);
#3633=AXIS2_PLACEMENT_3D('',#5391,#4218,#4219);
#3634=AXIS2_PLACEMENT_3D('',#5397,#4223,#4224);
#3635=AXIS2_PLACEMENT_3D('',#5398,#4225,#4226);
#3636=AXIS2_PLACEMENT_3D('',#5400,#4227,#4228);
#3637=AXIS2_PLACEMENT_3D('',#5402,#4229,#4230);
#3638=AXIS2_PLACEMENT_3D('',#5404,#4231,#4232);
#3639=AXIS2_PLACEMENT_3D('',#5409,#4234,#4235);
#3640=AXIS2_PLACEMENT_3D('',#5413,#4237,#4238);
#3641=AXIS2_PLACEMENT_3D('',#5417,#4240,#4241);
#3642=AXIS2_PLACEMENT_3D('',#5421,#4243,#4244);
#3643=AXIS2_PLACEMENT_3D('',#5422,#4245,#4246);
#3644=AXIS2_PLACEMENT_3D('',#5426,#4248,#4249);
#3645=AXIS2_PLACEMENT_3D('',#5434,#4253,#4254);
#3646=AXIS2_PLACEMENT_3D('',#5438,#4256,#4257);
#3647=AXIS2_PLACEMENT_3D('',#5441,#4259,#4260);
#3648=AXIS2_PLACEMENT_3D('',#5446,#4263,#4264);
#3649=AXIS2_PLACEMENT_3D('',#5451,#4267,#4268);
#3650=AXIS2_PLACEMENT_3D('',#5454,#4270,#4271);
#3651=AXIS2_PLACEMENT_3D('',#5455,#4272,#4273);
#3652=AXIS2_PLACEMENT_3D('',#5458,#4276,#4277);
#3653=AXIS2_PLACEMENT_3D('',#5460,#4279,#4280);
#3654=AXIS2_PLACEMENT_3D('',#5462,#4282,#4283);
#3655=AXIS2_PLACEMENT_3D('',#5464,#4285,#4286);
#3656=AXIS2_PLACEMENT_3D('',#5466,#4288,#4289);
#3657=AXIS2_PLACEMENT_3D('',#5468,#4291,#4292);
#3658=AXIS2_PLACEMENT_3D('',#5470,#4294,#4295);
#3659=AXIS2_PLACEMENT_3D('',#5472,#4297,#4298);
#3660=AXIS2_PLACEMENT_3D('',#5474,#4300,#4301);
#3661=AXIS2_PLACEMENT_3D('',#5476,#4303,#4304);
#3662=AXIS2_PLACEMENT_3D('',#5478,#4306,#4307);
#3663=AXIS2_PLACEMENT_3D('',#5481,#4310,#4311);
#3664=AXIS2_PLACEMENT_3D('',#5483,#4313,#4314);
#3665=AXIS2_PLACEMENT_3D('',#5485,#4316,#4317);
#3666=AXIS2_PLACEMENT_3D('',#5487,#4319,#4320);
#3667=AXIS2_PLACEMENT_3D('',#5489,#4322,#4323);
#3668=AXIS2_PLACEMENT_3D('',#5495,#4327,#4328);
#3669=AXIS2_PLACEMENT_3D('',#5499,#4331,#4332);
#3670=AXIS2_PLACEMENT_3D('',#5503,#4335,#4336);
#3671=AXIS2_PLACEMENT_3D('',#5507,#4339,#4340);
#3672=AXIS2_PLACEMENT_3D('',#5511,#4343,#4344);
#3673=AXIS2_PLACEMENT_3D('',#5513,#4346,#4347);
#3674=AXIS2_PLACEMENT_3D('',#5514,#4348,#4349);
#3675=AXIS2_PLACEMENT_3D('',#5520,#4353,#4354);
#3676=AXIS2_PLACEMENT_3D('',#5522,#4356,#4357);
#3677=AXIS2_PLACEMENT_3D('',#5523,#4358,#4359);
#3678=AXIS2_PLACEMENT_3D('',#5525,#4361,#4362);
#3679=AXIS2_PLACEMENT_3D('',#5526,#4363,#4364);
#3680=AXIS2_PLACEMENT_3D('',#5527,#4365,#4366);
#3681=AXIS2_PLACEMENT_3D('',#5530,#4369,#4370);
#3682=AXIS2_PLACEMENT_3D('',#5532,#4372,#4373);
#3683=AXIS2_PLACEMENT_3D('',#5534,#4375,#4376);
#3684=AXIS2_PLACEMENT_3D('',#5537,#4379,#4380);
#3685=AXIS2_PLACEMENT_3D('',#5539,#4382,#4383);
#3686=AXIS2_PLACEMENT_3D('',#5541,#4385,#4386);
#3687=AXIS2_PLACEMENT_3D('',#5544,#4389,#4390);
#3688=AXIS2_PLACEMENT_3D('',#5545,#4391,#4392);
#3689=AXIS2_PLACEMENT_3D('',#5546,#4393,#4394);
#3690=AXIS2_PLACEMENT_3D('',#5547,#4395,#4396);
#3691=AXIS2_PLACEMENT_3D('',#5548,#4397,#4398);
#3692=AXIS2_PLACEMENT_3D('',#5549,#4399,#4400);
#3693=AXIS2_PLACEMENT_3D('',#5554,#4405,#4406);
#3694=AXIS2_PLACEMENT_3D('',#5559,#4411,#4412);
#3695=AXIS2_PLACEMENT_3D('',#5573,#4419,#4420);
#3696=AXIS2_PLACEMENT_3D('',#5574,#4421,#4422);
#3697=AXIS2_PLACEMENT_3D('',#5583,#4427,#4428);
#3698=AXIS2_PLACEMENT_3D('',#5591,#4432,#4433);
#3699=AXIS2_PLACEMENT_3D('',#5598,#4437,#4438);
#3700=AXIS2_PLACEMENT_3D('',#5607,#4443,#4444);
#3701=AXIS2_PLACEMENT_3D('',#5616,#4449,#4450);
#3702=AXIS2_PLACEMENT_3D('',#5624,#4454,#4455);
#3703=AXIS2_PLACEMENT_3D('',#5631,#4459,#4460);
#3704=AXIS2_PLACEMENT_3D('',#5640,#4465,#4466);
#3705=AXIS2_PLACEMENT_3D('',#5654,#4473,#4474);
#3706=AXIS2_PLACEMENT_3D('',#5655,#4475,#4476);
#3707=AXIS2_PLACEMENT_3D('',#5664,#4481,#4482);
#3708=AXIS2_PLACEMENT_3D('',#5672,#4486,#4487);
#3709=AXIS2_PLACEMENT_3D('',#5679,#4491,#4492);
#3710=AXIS2_PLACEMENT_3D('',#5688,#4497,#4498);
#3711=AXIS2_PLACEMENT_3D('',#5702,#4505,#4506);
#3712=AXIS2_PLACEMENT_3D('',#5703,#4507,#4508);
#3713=AXIS2_PLACEMENT_3D('',#5712,#4513,#4514);
#3714=AXIS2_PLACEMENT_3D('',#5720,#4518,#4519);
#3715=AXIS2_PLACEMENT_3D('',#5727,#4523,#4524);
#3716=AXIS2_PLACEMENT_3D('',#5736,#4529,#4530);
#3717=AXIS2_PLACEMENT_3D('',#5750,#4537,#4538);
#3718=AXIS2_PLACEMENT_3D('',#5751,#4539,#4540);
#3719=AXIS2_PLACEMENT_3D('',#5760,#4542,#4543);
#3720=AXIS2_PLACEMENT_3D('',#5764,#4545,#4546);
#3721=AXIS2_PLACEMENT_3D('',#5770,#4547,#4548);
#3722=AXIS2_PLACEMENT_3D('',#5776,#4552,#4553);
#3723=AXIS2_PLACEMENT_3D('',#5777,#4554,#4555);
#3724=AXIS2_PLACEMENT_3D('',#5779,#4556,#4557);
#3725=AXIS2_PLACEMENT_3D('',#5780,#4558,#4559);
#3726=AXIS2_PLACEMENT_3D('',#5781,#4560,#4561);
#3727=AXIS2_PLACEMENT_3D('',#5782,#4562,#4563);
#3728=AXIS2_PLACEMENT_3D('',#5783,#4564,#4565);
#3729=AXIS2_PLACEMENT_3D('',#5792,#4567,#4568);
#3730=AXIS2_PLACEMENT_3D('',#5796,#4570,#4571);
#3731=AXIS2_PLACEMENT_3D('',#5802,#4572,#4573);
#3732=AXIS2_PLACEMENT_3D('',#5808,#4577,#4578);
#3733=AXIS2_PLACEMENT_3D('',#5809,#4579,#4580);
#3734=AXIS2_PLACEMENT_3D('',#5811,#4581,#4582);
#3735=AXIS2_PLACEMENT_3D('',#5812,#4583,#4584);
#3736=AXIS2_PLACEMENT_3D('',#5813,#4585,#4586);
#3737=AXIS2_PLACEMENT_3D('',#5814,#4587,#4588);
#3738=AXIS2_PLACEMENT_3D('',#5815,#4589,#4590);
#3739=AXIS2_PLACEMENT_3D('',#5824,#4595,#4596);
#3740=AXIS2_PLACEMENT_3D('',#5825,#4597,#4598);
#3741=AXIS2_PLACEMENT_3D('',#5827,#4599,#4600);
#3742=AXIS2_PLACEMENT_3D('',#5828,#4601,#4602);
#3743=AXIS2_PLACEMENT_3D('',#5829,#4603,#4604);
#3744=AXIS2_PLACEMENT_3D('',#5830,#4605,#4606);
#3745=AXIS2_PLACEMENT_3D('',#5831,#4607,#4608);
#3746=AXIS2_PLACEMENT_3D('',#5845,#4610,#4611);
#3747=AXIS2_PLACEMENT_3D('',#5846,#4612,#4613);
#3748=AXIS2_PLACEMENT_3D('',#5847,#4614,#4615);
#3749=AXIS2_PLACEMENT_3D('',#5856,#4620,#4621);
#3750=AXIS2_PLACEMENT_3D('',#5857,#4622,#4623);
#3751=AXIS2_PLACEMENT_3D('',#5859,#4624,#4625);
#3752=AXIS2_PLACEMENT_3D('',#5860,#4626,#4627);
#3753=AXIS2_PLACEMENT_3D('',#5861,#4628,#4629);
#3754=AXIS2_PLACEMENT_3D('',#5862,#4630,#4631);
#3755=AXIS2_PLACEMENT_3D('',#5863,#4632,#4633);
#3756=AXIS2_PLACEMENT_3D('',#5877,#4635,#4636);
#3757=AXIS2_PLACEMENT_3D('',#5878,#4637,#4638);
#3758=AXIS2_PLACEMENT_3D('',#5879,#4639,#4640);
#3759=AXIS2_PLACEMENT_3D('',#5880,#4641,#4642);
#3760=AXIS2_PLACEMENT_3D('',#5881,#4643,#4644);
#3761=AXIS2_PLACEMENT_3D('',#5882,#4645,#4646);
#3762=AXIS2_PLACEMENT_3D('',#5883,#4647,#4648);
#3763=AXIS2_PLACEMENT_3D('',#5884,#4649,#4650);
#3764=AXIS2_PLACEMENT_3D('',#5885,#4651,#4652);
#3765=AXIS2_PLACEMENT_3D('',#5886,#4653,#4654);
#3766=AXIS2_PLACEMENT_3D('',#5887,#4655,#4656);
#3767=AXIS2_PLACEMENT_3D('',#5888,#4657,#4658);
#3768=AXIS2_PLACEMENT_3D('',#5889,#4659,#4660);
#3769=AXIS2_PLACEMENT_3D('',#5890,#4661,#4662);
#3770=AXIS2_PLACEMENT_3D('',#5891,#4663,#4664);
#3771=AXIS2_PLACEMENT_3D('',#5892,#4665,#4666);
#3772=AXIS2_PLACEMENT_3D('',#5893,#4667,#4668);
#3773=AXIS2_PLACEMENT_3D('',#5894,#4669,#4670);
#3774=AXIS2_PLACEMENT_3D('',#5895,#4671,#4672);
#3775=AXIS2_PLACEMENT_3D('',#5896,#4673,#4674);
#3776=AXIS2_PLACEMENT_3D('',#5897,#4675,#4676);
#3777=AXIS2_PLACEMENT_3D('',#5898,#4677,#4678);
#3778=AXIS2_PLACEMENT_3D('',#5899,#4679,#4680);
#3779=AXIS2_PLACEMENT_3D('',#5900,#4681,#4682);
#3780=AXIS2_PLACEMENT_3D('',#5901,#4683,#4684);
#3781=AXIS2_PLACEMENT_3D('',#5902,#4685,#4686);
#3782=AXIS2_PLACEMENT_3D('',#5903,#4687,#4688);
#3783=AXIS2_PLACEMENT_3D('',#5904,#4689,#4690);
#3784=AXIS2_PLACEMENT_3D('',#5905,#4691,#4692);
#3785=AXIS2_PLACEMENT_3D('',#5906,#4693,#4694);
#3786=AXIS2_PLACEMENT_3D('',#5907,#4695,#4696);
#3787=AXIS2_PLACEMENT_3D('',#5908,#4697,#4698);
#3788=AXIS2_PLACEMENT_3D('',#5909,#4699,#4700);
#3789=AXIS2_PLACEMENT_3D('',#5910,#4701,#4702);
#3790=AXIS2_PLACEMENT_3D('',#5911,#4703,#4704);
#3791=AXIS2_PLACEMENT_3D('',#5912,#4705,#4706);
#3792=AXIS2_PLACEMENT_3D('',#5913,#4707,#4708);
#3793=AXIS2_PLACEMENT_3D('',#5914,#4709,#4710);
#3794=AXIS2_PLACEMENT_3D('',#5915,#4711,#4712);
#3795=AXIS2_PLACEMENT_3D('',#5916,#4713,#4714);
#3796=AXIS2_PLACEMENT_3D('',#5917,#4715,#4716);
#3797=AXIS2_PLACEMENT_3D('',#5918,#4717,#4718);
#3798=AXIS2_PLACEMENT_3D('',#5919,#4719,#4720);
#3799=AXIS2_PLACEMENT_3D('',#5920,#4721,#4722);
#3800=AXIS2_PLACEMENT_3D('',#5921,#4723,#4724);
#3801=AXIS2_PLACEMENT_3D('',#5922,#4725,#4726);
#3802=AXIS2_PLACEMENT_3D('',#5923,#4727,#4728);
#3803=AXIS2_PLACEMENT_3D('',#5924,#4729,#4730);
#3804=AXIS2_PLACEMENT_3D('',#5925,#4731,#4732);
#3805=AXIS2_PLACEMENT_3D('',#5926,#4733,#4734);
#3806=AXIS2_PLACEMENT_3D('',#5927,#4735,#4736);
#3807=AXIS2_PLACEMENT_3D('',#5928,#4737,#4738);
#3808=AXIS2_PLACEMENT_3D('',#5929,#4739,#4740);
#3809=AXIS2_PLACEMENT_3D('',#5930,#4741,#4742);
#3810=AXIS2_PLACEMENT_3D('',#5931,#4743,#4744);
#3811=AXIS2_PLACEMENT_3D('',#5932,#4745,#4746);
#3812=AXIS2_PLACEMENT_3D('',#5933,#4747,#4748);
#3813=AXIS2_PLACEMENT_3D('',#5934,#4749,#4750);
#3814=AXIS2_PLACEMENT_3D('',#5935,#4751,#4752);
#3815=AXIS2_PLACEMENT_3D('',#5936,#4753,#4754);
#3816=AXIS2_PLACEMENT_3D('',#5937,#4755,#4756);
#3817=AXIS2_PLACEMENT_3D('',#5938,#4757,#4758);
#3818=AXIS2_PLACEMENT_3D('',#5939,#4759,#4760);
#3819=AXIS2_PLACEMENT_3D('',#5940,#4761,#4762);
#3820=AXIS2_PLACEMENT_3D('',#5941,#4763,#4764);
#3821=AXIS2_PLACEMENT_3D('',#5942,#4765,#4766);
#3822=AXIS2_PLACEMENT_3D('',#5943,#4767,#4768);
#3823=AXIS2_PLACEMENT_3D('',#5944,#4769,#4770);
#3824=AXIS2_PLACEMENT_3D('',#5945,#4771,#4772);
#3825=AXIS2_PLACEMENT_3D('',#5946,#4773,#4774);
#3826=AXIS2_PLACEMENT_3D('',#5947,#4775,#4776);
#3827=AXIS2_PLACEMENT_3D('',#5948,#4777,#4778);
#3828=AXIS2_PLACEMENT_3D('',#5949,#4779,#4780);
#3829=AXIS2_PLACEMENT_3D('',#5950,#4781,#4782);
#3830=AXIS2_PLACEMENT_3D('',#5951,#4783,#4784);
#3831=AXIS2_PLACEMENT_3D('',#5952,#4785,#4786);
#3832=AXIS2_PLACEMENT_3D('',#5953,#4787,#4788);
#3833=AXIS2_PLACEMENT_3D('',#5954,#4789,#4790);
#3834=AXIS2_PLACEMENT_3D('',#5955,#4791,#4792);
#3835=AXIS2_PLACEMENT_3D('',#5956,#4793,#4794);
#3836=AXIS2_PLACEMENT_3D('',#5957,#4795,#4796);
#3837=AXIS2_PLACEMENT_3D('',#5958,#4797,#4798);
#3838=AXIS2_PLACEMENT_3D('',#5959,#4799,#4800);
#3839=AXIS2_PLACEMENT_3D('',#5960,#4801,#4802);
#3840=AXIS2_PLACEMENT_3D('',#5961,#4803,#4804);
#3841=AXIS2_PLACEMENT_3D('',#5962,#4805,#4806);
#3842=AXIS2_PLACEMENT_3D('',#5963,#4807,#4808);
#3843=AXIS2_PLACEMENT_3D('',#5964,#4809,#4810);
#3844=AXIS2_PLACEMENT_3D('',#5965,#4811,#4812);
#3845=AXIS2_PLACEMENT_3D('',#5966,#4813,#4814);
#3846=AXIS2_PLACEMENT_3D('',#5967,#4815,#4816);
#3847=AXIS2_PLACEMENT_3D('',#5968,#4817,#4818);
#3848=AXIS2_PLACEMENT_3D('',#5969,#4819,#4820);
#3849=AXIS2_PLACEMENT_3D('',#5970,#4821,#4822);
#3850=AXIS2_PLACEMENT_3D('',#5971,#4823,#4824);
#3851=AXIS2_PLACEMENT_3D('',#5972,#4825,#4826);
#3852=AXIS2_PLACEMENT_3D('',#5973,#4827,#4828);
#3853=AXIS2_PLACEMENT_3D('',#5974,#4829,#4830);
#3854=AXIS2_PLACEMENT_3D('',#5975,#4831,#4832);
#3855=AXIS2_PLACEMENT_3D('',#5976,#4833,#4834);
#3856=AXIS2_PLACEMENT_3D('',#5977,#4835,#4836);
#3857=AXIS2_PLACEMENT_3D('',#5978,#4837,#4838);
#3858=AXIS2_PLACEMENT_3D('',#5979,#4839,#4840);
#3859=AXIS2_PLACEMENT_3D('',#5980,#4841,#4842);
#3860=AXIS2_PLACEMENT_3D('',#5981,#4843,#4844);
#3861=AXIS2_PLACEMENT_3D('',#5982,#4845,#4846);
#3862=AXIS2_PLACEMENT_3D('',#5983,#4847,#4848);
#3863=AXIS2_PLACEMENT_3D('',#5984,#4849,#4850);
#3864=AXIS2_PLACEMENT_3D('',#5985,#4851,#4852);
#3865=AXIS2_PLACEMENT_3D('',#5986,#4853,#4854);
#3866=AXIS2_PLACEMENT_3D('',#5987,#4855,#4856);
#3867=AXIS2_PLACEMENT_3D('',#5988,#4857,#4858);
#3868=AXIS2_PLACEMENT_3D('',#5989,#4859,#4860);
#3869=AXIS2_PLACEMENT_3D('',#5990,#4861,#4862);
#3870=AXIS2_PLACEMENT_3D('',#5991,#4863,#4864);
#3871=AXIS2_PLACEMENT_3D('',#5992,#4865,#4866);
#3872=AXIS2_PLACEMENT_3D('',#5993,#4867,#4868);
#3873=AXIS2_PLACEMENT_3D('',#5994,#4869,#4870);
#3874=AXIS2_PLACEMENT_3D('',#5995,#4871,#4872);
#3875=AXIS2_PLACEMENT_3D('',#5996,#4873,#4874);
#3876=AXIS2_PLACEMENT_3D('',#5997,#4875,#4876);
#3877=AXIS2_PLACEMENT_3D('',#5998,#4877,#4878);
#3878=AXIS2_PLACEMENT_3D('',#5999,#4879,#4880);
#3879=AXIS2_PLACEMENT_3D('',#6000,#4881,#4882);
#3880=AXIS2_PLACEMENT_3D('',#6001,#4883,#4884);
#3881=AXIS2_PLACEMENT_3D('',#6002,#4885,#4886);
#3882=AXIS2_PLACEMENT_3D('',#6003,#4887,#4888);
#3883=AXIS2_PLACEMENT_3D('',#6004,#4889,#4890);
#3884=AXIS2_PLACEMENT_3D('',#6005,#4891,#4892);
#3885=AXIS2_PLACEMENT_3D('',#6006,#4893,#4894);
#3886=AXIS2_PLACEMENT_3D('',#6007,#4895,#4896);
#3887=AXIS2_PLACEMENT_3D('',#6008,#4897,#4898);
#3888=AXIS2_PLACEMENT_3D('',#6009,#4899,#4900);
#3889=AXIS2_PLACEMENT_3D('',#6010,#4901,#4902);
#3890=AXIS2_PLACEMENT_3D('',#6011,#4903,#4904);
#3891=AXIS2_PLACEMENT_3D('',#6012,#4905,#4906);
#3892=AXIS2_PLACEMENT_3D('',#6013,#4907,#4908);
#3893=AXIS2_PLACEMENT_3D('',#6014,#4909,#4910);
#3894=AXIS2_PLACEMENT_3D('',#6016,#4911,#4912);
#3895=AXIS2_PLACEMENT_3D('',#6017,#4913,#4914);
#3896=AXIS2_PLACEMENT_3D('',#6018,#4915,#4916);
#3897=AXIS2_PLACEMENT_3D('',#6020,#4917,#4918);
#3898=AXIS2_PLACEMENT_3D('',#6022,#4919,#4920);
#3899=AXIS2_PLACEMENT_3D('',#6023,#4921,#4922);
#3900=AXIS2_PLACEMENT_3D('',#6025,#4923,#4924);
#3901=AXIS2_PLACEMENT_3D('',#6026,#4925,#4926);
#3902=AXIS2_PLACEMENT_3D('',#6028,#4927,#4928);
#3903=AXIS2_PLACEMENT_3D('',#6030,#4929,#4930);
#3904=AXIS2_PLACEMENT_3D('',#6031,#4931,#4932);
#3905=AXIS2_PLACEMENT_3D('',#6032,#4933,#4934);
#3906=AXIS2_PLACEMENT_3D('',#6034,#4935,#4936);
#3907=AXIS2_PLACEMENT_3D('',#6036,#4937,#4938);
#3908=AXIS2_PLACEMENT_3D('',#6037,#4939,#4940);
#3909=AXIS2_PLACEMENT_3D('',#6038,#4941,#4942);
#3910=AXIS2_PLACEMENT_3D('',#6039,#4943,#4944);
#3911=AXIS2_PLACEMENT_3D('',#6040,#4945,#4946);
#3912=AXIS2_PLACEMENT_3D('',#6042,#4947,#4948);
#3913=AXIS2_PLACEMENT_3D('',#6044,#4949,#4950);
#3914=AXIS2_PLACEMENT_3D('',#6045,#4951,#4952);
#3915=AXIS2_PLACEMENT_3D('',#6046,#4953,#4954);
#3916=AXIS2_PLACEMENT_3D('',#6047,#4955,#4956);
#3917=AXIS2_PLACEMENT_3D('',#6048,#4957,#4958);
#3918=AXIS2_PLACEMENT_3D('',#6050,#4959,#4960);
#3919=AXIS2_PLACEMENT_3D('',#6052,#4961,#4962);
#3920=AXIS2_PLACEMENT_3D('',#6053,#4963,#4964);
#3921=AXIS2_PLACEMENT_3D('',#6054,#4965,#4966);
#3922=AXIS2_PLACEMENT_3D('',#6056,#4967,#4968);
#3923=AXIS2_PLACEMENT_3D('',#6058,#4969,#4970);
#3924=AXIS2_PLACEMENT_3D('',#6059,#4971,#4972);
#3925=AXIS2_PLACEMENT_3D('',#6060,#4973,#4974);
#3926=AXIS2_PLACEMENT_3D('',#6061,#4975,#4976);
#3927=AXIS2_PLACEMENT_3D('',#6063,#4977,#4978);
#3928=AXIS2_PLACEMENT_3D('',#6065,#4979,#4980);
#3929=AXIS2_PLACEMENT_3D('',#6066,#4981,#4982);
#3930=AXIS2_PLACEMENT_3D('',#6067,#4983,#4984);
#3931=AXIS2_PLACEMENT_3D('',#6068,#4985,#4986);
#3932=AXIS2_PLACEMENT_3D('',#6069,#4987,#4988);
#3933=AXIS2_PLACEMENT_3D('',#6070,#4989,#4990);
#3934=AXIS2_PLACEMENT_3D('',#6071,#4991,#4992);
#3935=AXIS2_PLACEMENT_3D('',#6072,#4993,#4994);
#3936=AXIS2_PLACEMENT_3D('',#6073,#4995,#4996);
#3937=AXIS2_PLACEMENT_3D('',#6074,#4997,#4998);
#3938=AXIS2_PLACEMENT_3D('',#6075,#4999,#5000);
#3939=AXIS2_PLACEMENT_3D('',#6076,#5001,#5002);
#3940=AXIS2_PLACEMENT_3D('',#6077,#5003,#5004);
#3941=AXIS2_PLACEMENT_3D('',#6078,#5005,#5006);
#3942=AXIS2_PLACEMENT_3D('',#6080,#5007,#5008);
#3943=AXIS2_PLACEMENT_3D('',#6081,#5009,#5010);
#3944=AXIS2_PLACEMENT_3D('',#6082,#5011,#5012);
#3945=AXIS2_PLACEMENT_3D('',#6084,#5013,#5014);
#3946=AXIS2_PLACEMENT_3D('',#6085,#5015,#5016);
#3947=AXIS2_PLACEMENT_3D('',#6086,#5017,#5018);
#3948=AXIS2_PLACEMENT_3D('',#6088,#5019,#5020);
#3949=AXIS2_PLACEMENT_3D('',#6089,#5021,#5022);
#3950=AXIS2_PLACEMENT_3D('',#6090,#5023,#5024);
#3951=AXIS2_PLACEMENT_3D('',#6092,#5025,#5026);
#3952=AXIS2_PLACEMENT_3D('',#6093,#5027,#5028);
#3953=AXIS2_PLACEMENT_3D('',#6099,#5032,#5033);
#3954=AXIS2_PLACEMENT_3D('',#6103,#5036,#5037);
#3955=AXIS2_PLACEMENT_3D('',#6107,#5040,#5041);
#3956=AXIS2_PLACEMENT_3D('',#6109,#5043,#5044);
#3957=AXIS2_PLACEMENT_3D('',#6115,#5048,#5049);
#3958=AXIS2_PLACEMENT_3D('',#6119,#5052,#5053);
#3959=AXIS2_PLACEMENT_3D('',#6123,#5056,#5057);
#3960=AXIS2_PLACEMENT_3D('',#6125,#5059,#5060);
#3961=AXIS2_PLACEMENT_3D('',#6128,#5063,#5064);
#3962=AXIS2_PLACEMENT_3D('',#6130,#5066,#5067);
#3963=AXIS2_PLACEMENT_3D('',#6132,#5069,#5070);
#3964=DIRECTION('',(0.,0.,1.));
#3965=DIRECTION('',(1.,0.,0.));
#3966=DIRECTION('',(0.,0.,1.));
#3967=DIRECTION('',(1.,0.,0.));
#3968=DIRECTION('',(0.,0.,-1.));
#3969=DIRECTION('',(-1.,0.,0.));
#3970=DIRECTION('',(0.,0.,-1.));
#3971=DIRECTION('',(-1.,0.,0.));
#3972=DIRECTION('',(0.,0.,1.));
#3973=DIRECTION('',(1.,0.,0.));
#3974=DIRECTION('',(0.,0.,-1.));
#3975=DIRECTION('',(-1.,0.,0.));
#3976=DIRECTION('',(0.,0.,-1.));
#3977=DIRECTION('',(-1.,0.,0.));
#3978=DIRECTION('',(0.,0.,1.));
#3979=DIRECTION('',(1.,0.,0.));
#3980=DIRECTION('',(0.,0.,-1.));
#3981=DIRECTION('',(-1.,0.,0.));
#3982=DIRECTION('',(0.,0.,-1.));
#3983=DIRECTION('',(-1.,0.,0.));
#3984=DIRECTION('',(0.,0.,1.));
#3985=DIRECTION('',(1.,0.,0.));
#3986=DIRECTION('',(0.,0.,-1.));
#3987=DIRECTION('',(-1.,0.,0.));
#3988=DIRECTION('',(0.,0.,-1.));
#3989=DIRECTION('',(-1.,0.,0.));
#3990=DIRECTION('',(0.,1.,0.));
#3991=DIRECTION('',(0.,0.,1.));
#3992=DIRECTION('',(0.,0.,-1.));
#3993=DIRECTION('',(1.,0.,0.));
#3994=DIRECTION('',(0.,0.,-1.));
#3995=DIRECTION('',(-1.,0.,0.));
#3996=DIRECTION('',(0.,0.,1.));
#3997=DIRECTION('',(1.,0.,0.));
#3998=DIRECTION('',(0.,0.,1.));
#3999=DIRECTION('',(1.,0.,0.));
#4000=DIRECTION('',(0.,1.,0.));
#4001=DIRECTION('',(0.,0.,-1.));
#4002=DIRECTION('',(-1.,0.,0.));
#4003=DIRECTION('',(-1.,0.,0.));
#4004=DIRECTION('',(0.,0.,1.));
#4005=DIRECTION('',(0.,0.,-1.));
#4006=DIRECTION('',(0.,1.,0.));
#4007=DIRECTION('',(0.,0.,-1.));
#4008=DIRECTION('',(0.,1.,0.));
#4009=DIRECTION('',(0.,0.,1.));
#4010=DIRECTION('',(1.,0.,0.));
#4011=DIRECTION('',(0.,0.,1.));
#4012=DIRECTION('',(1.,0.,0.));
#4013=DIRECTION('',(1.,0.,0.));
#4014=DIRECTION('',(0.,0.,-1.));
#4015=DIRECTION('',(-1.,0.,0.));
#4016=DIRECTION('',(0.,0.,1.));
#4017=DIRECTION('',(1.,0.,0.));
#4018=DIRECTION('',(0.,1.,0.));
#4019=DIRECTION('',(-1.,0.,0.));
#4020=DIRECTION('',(0.,-1.,0.));
#4021=DIRECTION('',(1.,0.,0.));
#4022=DIRECTION('',(0.,0.,1.));
#4023=DIRECTION('',(1.,0.,0.));
#4024=DIRECTION('',(1.,-2.45552128713909E-16,0.));
#4025=DIRECTION('',(-2.75599003233333E-16,-1.,0.));
#4026=DIRECTION('',(1.,-2.45552128713909E-16,0.));
#4027=DIRECTION('',(0.,0.,1.));
#4028=DIRECTION('',(1.,0.,0.));
#4029=DIRECTION('',(0.,-1.,0.));
#4030=DIRECTION('',(0.,0.,1.));
#4031=DIRECTION('',(1.,0.,0.));
#4032=DIRECTION('',(-1.,0.,0.));
#4033=DIRECTION('',(0.,0.,1.));
#4034=DIRECTION('',(1.,0.,0.));
#4035=DIRECTION('',(0.,-1.,0.));
#4036=DIRECTION('',(0.,0.,1.));
#4037=DIRECTION('',(1.,0.,0.));
#4038=DIRECTION('',(1.,-2.45552128713909E-16,0.));
#4039=DIRECTION('',(0.,0.,1.));
#4040=DIRECTION('',(1.,0.,0.));
#4041=DIRECTION('',(0.,-1.,0.));
#4042=DIRECTION('',(0.,0.,1.));
#4043=DIRECTION('',(1.,0.,0.));
#4044=DIRECTION('',(-1.,0.,0.));
#4045=DIRECTION('',(0.,0.,1.));
#4046=DIRECTION('',(1.,0.,0.));
#4047=DIRECTION('',(0.,-1.,0.));
#4048=DIRECTION('',(0.,0.,1.));
#4049=DIRECTION('',(1.,0.,0.));
#4050=DIRECTION('',(1.,-2.45552128713909E-16,0.));
#4051=DIRECTION('',(-5.51198006466665E-16,-1.,0.));
#4052=DIRECTION('',(1.,-2.45552128713909E-16,0.));
#4053=DIRECTION('',(0.,0.,1.));
#4054=DIRECTION('',(1.,0.,0.));
#4055=DIRECTION('',(0.,-1.,0.));
#4056=DIRECTION('',(0.,0.,1.));
#4057=DIRECTION('',(1.,0.,0.));
#4058=DIRECTION('',(-1.,0.,0.));
#4059=DIRECTION('',(0.,0.,1.));
#4060=DIRECTION('',(1.,0.,0.));
#4061=DIRECTION('',(0.,-1.,0.));
#4062=DIRECTION('',(0.,0.,1.));
#4063=DIRECTION('',(1.,0.,0.));
#4064=DIRECTION('',(1.,-2.45552128713909E-16,0.));
#4065=DIRECTION('',(0.,0.,1.));
#4066=DIRECTION('',(1.,0.,0.));
#4067=DIRECTION('',(0.,-1.,0.));
#4068=DIRECTION('',(0.,0.,1.));
#4069=DIRECTION('',(1.,0.,0.));
#4070=DIRECTION('',(-1.,0.,0.));
#4071=DIRECTION('',(0.,0.,1.));
#4072=DIRECTION('',(1.,0.,0.));
#4073=DIRECTION('',(0.,-1.,0.));
#4074=DIRECTION('',(0.,0.,1.));
#4075=DIRECTION('',(1.,0.,0.));
#4076=DIRECTION('',(0.,1.,0.));
#4077=DIRECTION('',(0.,0.,1.));
#4078=DIRECTION('',(1.,0.,0.));
#4079=DIRECTION('',(1.,0.,0.));
#4080=DIRECTION('',(-7.01426215071668E-17,1.,0.));
#4081=DIRECTION('',(0.,0.,-1.));
#4082=DIRECTION('',(-1.,0.,0.));
#4083=DIRECTION('',(1.61916723668181E-15,1.,0.));
#4084=DIRECTION('',(0.,0.,1.));
#4085=DIRECTION('',(1.,0.,0.));
#4086=DIRECTION('',(1.61916723668181E-15,-1.,0.));
#4087=DIRECTION('',(1.,0.,0.));
#4088=DIRECTION('',(1.61916723668181E-15,1.,0.));
#4089=DIRECTION('',(0.,0.,1.));
#4090=DIRECTION('',(1.,0.,0.));
#4091=DIRECTION('',(1.61916723668181E-15,-1.,0.));
#4092=DIRECTION('',(0.,0.,-1.));
#4093=DIRECTION('',(-1.,0.,0.));
#4094=DIRECTION('',(-7.01426215071668E-17,-1.,0.));
#4095=DIRECTION('',(1.,0.,0.));
#4096=DIRECTION('',(0.,0.,1.));
#4097=DIRECTION('',(1.,0.,0.));
#4098=DIRECTION('',(0.,1.,0.));
#4099=DIRECTION('',(1.,0.,0.));
#4100=DIRECTION('',(0.,-1.,0.));
#4101=DIRECTION('',(1.,0.,0.));
#4102=DIRECTION('',(0.,-1.,0.));
#4103=DIRECTION('',(1.,0.,0.));
#4104=DIRECTION('',(0.,-1.,0.));
#4105=DIRECTION('',(1.,-1.38899264618433E-16,0.));
#4106=DIRECTION('',(0.,0.,1.));
#4107=DIRECTION('',(1.,0.,0.));
#4108=DIRECTION('',(0.,0.,1.));
#4109=DIRECTION('',(1.,0.,0.));
#4110=DIRECTION('',(0.,0.,1.));
#4111=DIRECTION('',(1.,0.,0.));
#4112=DIRECTION('',(-1.,0.,0.));
#4113=DIRECTION('',(0.,1.,0.));
#4114=DIRECTION('',(-1.,0.,0.));
#4115=DIRECTION('',(0.,1.,0.));
#4116=DIRECTION('',(0.,0.,1.));
#4117=DIRECTION('',(1.,0.,0.));
#4118=DIRECTION('',(0.,1.,0.));
#4119=DIRECTION('',(0.,0.,-1.));
#4120=DIRECTION('',(-1.,0.,0.));
#4121=DIRECTION('',(1.,0.,0.));
#4122=DIRECTION('',(0.,0.,-1.));
#4123=DIRECTION('',(-1.,0.,0.));
#4124=DIRECTION('',(0.,1.,0.));
#4125=DIRECTION('',(0.,0.,-1.));
#4126=DIRECTION('',(-1.,0.,0.));
#4127=DIRECTION('',(1.,0.,0.));
#4128=DIRECTION('',(0.,0.,-1.));
#4129=DIRECTION('',(-1.,0.,0.));
#4130=DIRECTION('',(5.51198006466665E-16,1.,0.));
#4131=DIRECTION('',(-1.,2.45552128713909E-16,0.));
#4132=DIRECTION('',(0.,0.,1.));
#4133=DIRECTION('',(1.,0.,0.));
#4134=DIRECTION('',(1.,0.,0.));
#4135=DIRECTION('',(0.,0.,1.));
#4136=DIRECTION('',(1.,0.,0.));
#4137=DIRECTION('',(-1.,2.45552128713909E-16,0.));
#4138=DIRECTION('',(2.75599003233333E-16,1.,0.));
#4139=DIRECTION('',(-1.,2.45552128713909E-16,0.));
#4140=DIRECTION('',(0.,0.,1.));
#4141=DIRECTION('',(1.,0.,0.));
#4142=DIRECTION('',(6.41965057357946E-17,-0.707106781186545,0.707106781186551));
#4143=DIRECTION('',(-6.41965057357951E-17,0.707106781186551,0.707106781186545));
#4144=DIRECTION('',(-1.,-9.07875690685232E-17,-6.16297582203916E-33));
#4145=DIRECTION('',(-1.29893408435324E-16,-0.707106781186549,0.707106781186546));
#4146=DIRECTION('',(-1.,2.45552128713909E-16,-3.36339697782435E-16));
#4147=DIRECTION('',(0.,0.,1.));
#4148=DIRECTION('',(1.,0.,0.));
#4149=DIRECTION('',(0.,1.,0.));
#4150=DIRECTION('',(0.,0.,1.));
#4151=DIRECTION('',(1.,0.,0.));
#4152=DIRECTION('',(0.,0.,1.));
#4153=DIRECTION('',(0.,0.,-1.));
#4154=DIRECTION('',(0.,0.,-1.));
#4155=DIRECTION('',(-1.,0.,0.));
#4156=DIRECTION('',(0.,0.,-1.));
#4157=DIRECTION('',(0.,0.,-1.));
#4158=DIRECTION('',(-1.,0.,0.));
#4159=DIRECTION('',(0.,0.,-1.));
#4160=DIRECTION('',(-1.,0.,0.));
#4161=DIRECTION('',(0.,0.,-1.));
#4162=DIRECTION('',(0.,0.,-1.));
#4163=DIRECTION('',(-1.,0.,0.));
#4164=DIRECTION('',(-1.,7.01426215071668E-17,0.));
#4165=DIRECTION('',(-7.01426215071668E-17,-1.,0.));
#4166=DIRECTION('',(0.,0.,1.));
#4167=DIRECTION('',(-7.01426215071668E-17,-1.,0.));
#4168=DIRECTION('',(0.,0.,1.));
#4169=DIRECTION('',(1.,7.01426215071668E-17,0.));
#4170=DIRECTION('',(-7.01426215071668E-17,1.,0.));
#4171=DIRECTION('',(-7.01426215071668E-17,1.,0.));
#4172=DIRECTION('',(0.,0.,1.));
#4173=DIRECTION('',(0.,1.,0.));
#4174=DIRECTION('',(0.,0.,-1.));
#4175=DIRECTION('',(0.,1.,0.));
#4176=DIRECTION('',(0.,0.,1.));
#4177=DIRECTION('',(0.,0.,-1.));
#4178=DIRECTION('',(1.,0.,0.));
#4179=DIRECTION('',(0.,0.,1.));
#4180=DIRECTION('',(-1.,0.,0.));
#4181=DIRECTION('',(0.,0.,-1.));
#4182=DIRECTION('',(-1.,0.,0.));
#4183=DIRECTION('',(0.,0.,1.));
#4184=DIRECTION('',(0.,0.,-1.));
#4185=DIRECTION('',(-1.,0.,0.));
#4186=DIRECTION('',(0.,0.,-1.));
#4187=DIRECTION('',(-1.,0.,0.));
#4188=DIRECTION('',(0.,0.,-1.));
#4189=DIRECTION('',(-1.,0.,0.));
#4190=DIRECTION('',(0.,0.,-1.));
#4191=DIRECTION('',(-1.,0.,0.));
#4192=DIRECTION('',(0.,0.,-1.));
#4193=DIRECTION('',(-1.,0.,0.));
#4194=DIRECTION('',(-1.,7.01426215071668E-17,0.));
#4195=DIRECTION('',(-7.01426215071668E-17,-1.,0.));
#4196=DIRECTION('',(0.,1.,0.));
#4197=DIRECTION('',(0.,0.,-1.));
#4198=DIRECTION('',(-7.01426215071668E-17,-1.,0.));
#4199=DIRECTION('',(0.,0.,-1.));
#4200=DIRECTION('',(-1.,0.,0.));
#4201=DIRECTION('',(0.,0.,-1.));
#4202=DIRECTION('',(-1.,0.,0.));
#4203=DIRECTION('',(-1.,0.,0.));
#4204=DIRECTION('',(0.,0.,-1.));
#4205=DIRECTION('',(-1.,0.,0.));
#4206=DIRECTION('',(1.40285243014334E-16,1.,3.85185988877447E-34));
#4207=DIRECTION('',(0.,0.,1.));
#4208=DIRECTION('',(1.,0.,0.));
#4209=DIRECTION('',(-1.,2.52958109580666E-16,-1.54074395550979E-33));
#4210=DIRECTION('',(0.,0.,1.));
#4211=DIRECTION('',(1.,0.,0.));
#4212=DIRECTION('',(0.,-1.,0.));
#4213=DIRECTION('',(0.,0.,1.));
#4214=DIRECTION('',(1.,0.,0.));
#4215=DIRECTION('',(1.,0.,0.));
#4216=DIRECTION('',(0.,0.,1.));
#4217=DIRECTION('',(1.,0.,0.));
#4218=DIRECTION('',(1.,7.01426215071668E-17,0.));
#4219=DIRECTION('',(-7.01426215071668E-17,1.,0.));
#4220=DIRECTION('',(-7.01426215071668E-17,1.,0.));
#4221=DIRECTION('',(0.,0.,-1.));
#4222=DIRECTION('',(0.,0.,-1.));
#4223=DIRECTION('',(0.,0.,-1.));
#4224=DIRECTION('',(-1.,0.,0.));
#4225=DIRECTION('',(0.,0.,-1.));
#4226=DIRECTION('',(-1.,0.,0.));
#4227=DIRECTION('',(0.,0.,-1.));
#4228=DIRECTION('',(-1.,0.,0.));
#4229=DIRECTION('',(0.,0.,-1.));
#4230=DIRECTION('',(-1.,0.,0.));
#4231=DIRECTION('',(0.,0.,-1.));
#4232=DIRECTION('',(-1.,0.,0.));
#4233=DIRECTION('',(0.,1.,0.));
#4234=DIRECTION('',(0.,0.,1.));
#4235=DIRECTION('',(1.,0.,0.));
#4236=DIRECTION('',(-1.,0.,0.));
#4237=DIRECTION('',(0.,0.,1.));
#4238=DIRECTION('',(1.,0.,0.));
#4239=DIRECTION('',(0.,1.,0.));
#4240=DIRECTION('',(0.,0.,1.));
#4241=DIRECTION('',(1.,0.,0.));
#4242=DIRECTION('',(-1.,0.,0.));
#4243=DIRECTION('',(0.,0.,1.));
#4244=DIRECTION('',(1.,0.,0.));
#4245=DIRECTION('',(0.,0.,-1.));
#4246=DIRECTION('',(-1.,0.,0.));
#4247=DIRECTION('',(0.,1.,0.));
#4248=DIRECTION('',(0.,0.,-1.));
#4249=DIRECTION('',(-1.,0.,0.));
#4250=DIRECTION('',(0.,1.,0.));
#4251=DIRECTION('',(1.,0.,0.));
#4252=DIRECTION('',(0.,1.,0.));
#4253=DIRECTION('',(0.,0.,-1.));
#4254=DIRECTION('',(-1.,0.,0.));
#4255=DIRECTION('',(0.,1.,0.));
#4256=DIRECTION('',(0.,0.,-1.));
#4257=DIRECTION('',(-1.,0.,0.));
#4258=DIRECTION('',(-1.,0.,0.));
#4259=DIRECTION('',(0.,0.,-1.));
#4260=DIRECTION('',(-1.,0.,0.));
#4261=DIRECTION('',(0.,1.,0.));
#4262=DIRECTION('',(0.,1.,0.));
#4263=DIRECTION('',(0.,0.,-1.));
#4264=DIRECTION('',(-1.,0.,0.));
#4265=DIRECTION('',(-1.,0.,0.));
#4266=DIRECTION('',(0.,1.,0.));
#4267=DIRECTION('',(0.,0.,-1.));
#4268=DIRECTION('',(-1.,0.,0.));
#4269=DIRECTION('',(-1.,0.,0.));
#4270=DIRECTION('',(0.,0.,-1.));
#4271=DIRECTION('',(-1.,0.,0.));
#4272=DIRECTION('',(0.999847695156391,-1.40263876892336E-16,-0.0174524064372835));
#4273=DIRECTION('',(-0.0174524064372835,2.44831507823924E-18,-0.999847695156391));
#4274=DIRECTION('',(-0.0174524064372835,2.44831507823924E-18,-0.999847695156391));
#4275=DIRECTION('',(0.0174524064372835,-2.13730336808379E-18,0.999847695156391));
#4276=DIRECTION('',(0.,0.,1.));
#4277=DIRECTION('',(-1.,0.,0.));
#4278=DIRECTION('',(0.,0.0174524064372835,-0.999847695156391));
#4279=DIRECTION('',(0.,-0.999847695156391,-0.0174524064372835));
#4280=DIRECTION('',(0.,0.0174524064372835,-0.999847695156391));
#4281=DIRECTION('',(6.6817737006735E-18,-0.0174524064372835,0.999847695156391));
#4282=DIRECTION('',(0.,0.,1.));
#4283=DIRECTION('',(-1.,0.,0.));
#4284=DIRECTION('',(0.0174524064372835,0.,-0.999847695156391));
#4285=DIRECTION('',(-0.999847695156391,0.,-0.0174524064372835));
#4286=DIRECTION('',(0.0174524064372835,0.,-0.999847695156391));
#4287=DIRECTION('',(-0.0174524064372835,0.,0.999847695156391));
#4288=DIRECTION('',(0.,-1.,0.));
#4289=DIRECTION('',(0.,0.,-1.));
#4290=DIRECTION('',(0.,0.,-1.));
#4291=DIRECTION('',(0.,1.,0.));
#4292=DIRECTION('',(0.,0.,1.));
#4293=DIRECTION('',(0.,0.,-1.));
#4294=DIRECTION('',(1.,0.,0.));
#4295=DIRECTION('',(0.,0.,-1.));
#4296=DIRECTION('',(0.,0.,-1.));
#4297=DIRECTION('',(-1.,0.,0.));
#4298=DIRECTION('',(0.,0.,1.));
#4299=DIRECTION('',(0.,0.,-1.));
#4300=DIRECTION('',(1.,0.,0.));
#4301=DIRECTION('',(0.,0.,-1.));
#4302=DIRECTION('',(0.,0.,-1.));
#4303=DIRECTION('',(0.,-1.,0.));
#4304=DIRECTION('',(0.,0.,-1.));
#4305=DIRECTION('',(0.,0.,-1.));
#4306=DIRECTION('',(0.707106781186538,-4.95983233179184E-17,0.707106781186557));
#4307=DIRECTION('',(-7.01426215071668E-17,-1.,1.23259516440783E-32));
#4308=DIRECTION('',(0.707106781186557,8.65956056235505E-17,-0.707106781186538));
#4309=DIRECTION('',(0.707106781186555,8.65956056235502E-17,-0.70710678118654));
#4310=DIRECTION('',(0.,0.,-1.));
#4311=DIRECTION('',(-1.,0.,0.));
#4312=DIRECTION('',(0.,-0.707106781186557,-0.707106781186538));
#4313=DIRECTION('',(0.,-0.707106781186538,0.707106781186557));
#4314=DIRECTION('',(-1.,0.,0.));
#4315=DIRECTION('',(1.29893408435326E-16,-0.70710678118656,-0.707106781186535));
#4316=DIRECTION('',(0.,0.,-1.));
#4317=DIRECTION('',(-1.,0.,0.));
#4318=DIRECTION('',(-0.707106781186557,-4.95983233179197E-17,-0.707106781186538));
#4319=DIRECTION('',(-0.707106781186538,-4.95983233179184E-17,0.707106781186557));
#4320=DIRECTION('',(-7.01426215071668E-17,1.,-1.23259516440783E-32));
#4321=DIRECTION('',(-0.707106781186557,-4.95983233179197E-17,-0.707106781186538));
#4322=DIRECTION('',(1.,0.,0.));
#4323=DIRECTION('',(0.,0.,-1.));
#4324=DIRECTION('',(0.,0.,-1.));
#4325=DIRECTION('',(0.,-1.,0.));
#4326=DIRECTION('',(0.,0.,-1.));
#4327=DIRECTION('',(1.38899264618433E-16,1.,0.));
#4328=DIRECTION('',(-1.,1.38899264618433E-16,0.));
#4329=DIRECTION('',(0.,0.,-1.));
#4330=DIRECTION('',(1.,-1.38899264618433E-16,0.));
#4331=DIRECTION('',(1.,0.,0.));
#4332=DIRECTION('',(0.,0.,-1.));
#4333=DIRECTION('',(0.,0.,-1.));
#4334=DIRECTION('',(0.,-1.,0.));
#4335=DIRECTION('',(0.,1.,0.));
#4336=DIRECTION('',(0.,0.,1.));
#4337=DIRECTION('',(0.,0.,-1.));
#4338=DIRECTION('',(1.,0.,0.));
#4339=DIRECTION('',(1.,0.,0.));
#4340=DIRECTION('',(0.,0.,-1.));
#4341=DIRECTION('',(0.,0.,-1.));
#4342=DIRECTION('',(0.,-1.,0.));
#4343=DIRECTION('',(0.,1.,0.));
#4344=DIRECTION('',(0.,0.,1.));
#4345=DIRECTION('',(1.,0.,0.));
#4346=DIRECTION('',(0.,0.,-1.));
#4347=DIRECTION('',(1.,0.,0.));
#4348=DIRECTION('',(0.,0.707106781186543,0.707106781186553));
#4349=DIRECTION('',(1.,0.,0.));
#4350=DIRECTION('',(0.,0.707106781186553,-0.707106781186543));
#4351=DIRECTION('',(1.,0.,0.));
#4352=DIRECTION('',(2.70720688924984E-16,0.707106781186557,-0.707106781186538));
#4353=DIRECTION('',(0.,0.,-1.));
#4354=DIRECTION('',(-1.,0.,0.));
#4355=DIRECTION('',(0.,0.,-1.));
#4356=DIRECTION('',(0.,0.,-1.));
#4357=DIRECTION('',(-1.,0.,0.));
#4358=DIRECTION('',(0.,-1.,0.));
#4359=DIRECTION('',(0.,0.,-1.));
#4360=DIRECTION('',(0.,0.,-1.));
#4361=DIRECTION('',(0.,0.,-1.));
#4362=DIRECTION('',(-1.,0.,0.));
#4363=DIRECTION('',(0.,0.,-1.));
#4364=DIRECTION('',(-1.,0.,0.));
#4365=DIRECTION('',(2.52919582835346E-16,0.999847695156391,-0.0174524064372835));
#4366=DIRECTION('',(-4.41472774000868E-18,-0.0174524064372835,-0.999847695156391));
#4367=DIRECTION('',(3.2059550521257E-18,0.0174524064372835,0.999847695156391));
#4368=DIRECTION('',(-4.41472774000868E-18,-0.0174524064372835,-0.999847695156391));
#4369=DIRECTION('',(0.,0.,-1.));
#4370=DIRECTION('',(-1.,0.,0.));
#4371=DIRECTION('',(0.,0.,-1.));
#4372=DIRECTION('',(1.,-1.61916723668181E-15,0.));
#4373=DIRECTION('',(1.61916723668181E-15,1.,0.));
#4374=DIRECTION('',(0.,0.,-1.));
#4375=DIRECTION('',(-1.,-1.61916723668181E-15,0.));
#4376=DIRECTION('',(1.61916723668181E-15,-1.,0.));
#4377=DIRECTION('',(0.,0.,-1.));
#4378=DIRECTION('',(0.,0.,1.));
#4379=DIRECTION('',(0.,-1.,0.));
#4380=DIRECTION('',(0.,0.,-1.));
#4381=DIRECTION('',(0.,0.,-1.));
#4382=DIRECTION('',(1.,-1.61916723668181E-15,0.));
#4383=DIRECTION('',(1.61916723668181E-15,1.,0.));
#4384=DIRECTION('',(0.,0.,-1.));
#4385=DIRECTION('',(-1.,-1.61916723668181E-15,0.));
#4386=DIRECTION('',(1.61916723668181E-15,-1.,0.));
#4387=DIRECTION('',(0.,0.,-1.));
#4388=DIRECTION('',(0.,0.,-1.));
#4389=DIRECTION('',(0.,0.,-1.));
#4390=DIRECTION('',(-1.,0.,0.));
#4391=DIRECTION('',(0.,0.,1.));
#4392=DIRECTION('',(-1.,0.,0.));
#4393=DIRECTION('',(0.,0.,1.));
#4394=DIRECTION('',(-1.,0.,0.));
#4395=DIRECTION('',(0.,0.,-1.));
#4396=DIRECTION('',(-1.,0.,0.));
#4397=DIRECTION('',(0.,0.,-1.));
#4398=DIRECTION('',(-1.,0.,0.));
#4399=DIRECTION('',(2.45552128713909E-16,1.,0.));
#4400=DIRECTION('',(-1.,2.45552128713909E-16,0.));
#4401=DIRECTION('',(0.,0.,-1.));
#4402=DIRECTION('',(1.,-2.45552128713909E-16,0.));
#4403=DIRECTION('',(1.,-2.45552128713909E-16,0.));
#4404=DIRECTION('',(0.,0.,-1.));
#4405=DIRECTION('',(2.45552128713909E-16,1.,0.));
#4406=DIRECTION('',(-1.,2.45552128713909E-16,0.));
#4407=DIRECTION('',(0.,0.,-1.));
#4408=DIRECTION('',(0.,0.,-1.));
#4409=DIRECTION('',(1.,-2.45552128713909E-16,0.));
#4410=DIRECTION('',(1.,-2.45552128713909E-16,0.));
#4411=DIRECTION('',(-1.,0.,0.));
#4412=DIRECTION('',(0.,0.,1.));
#4413=DIRECTION('',(0.,1.,0.));
#4414=DIRECTION('',(0.,0.,1.));
#4415=DIRECTION('',(0.,1.,0.));
#4416=DIRECTION('',(0.,0.,1.));
#4417=DIRECTION('',(0.,-1.,0.));
#4418=DIRECTION('',(0.,0.,1.));
#4419=DIRECTION('',(-1.,0.,0.));
#4420=DIRECTION('',(0.,0.,1.));
#4421=DIRECTION('',(0.,1.,0.));
#4422=DIRECTION('',(0.,0.,1.));
#4423=DIRECTION('',(-1.,0.,0.));
#4424=DIRECTION('',(0.,0.,1.));
#4425=DIRECTION('',(-1.,0.,0.));
#4426=DIRECTION('',(0.,0.,1.));
#4427=DIRECTION('',(-1.,0.,0.));
#4428=DIRECTION('',(0.,0.,1.));
#4429=DIRECTION('',(0.,1.,0.));
#4430=DIRECTION('',(0.,0.,1.));
#4431=DIRECTION('',(0.,1.,0.));
#4432=DIRECTION('',(-1.,0.,0.));
#4433=DIRECTION('',(0.,0.,1.));
#4434=DIRECTION('',(0.,0.,1.));
#4435=DIRECTION('',(0.,-1.,0.));
#4436=DIRECTION('',(0.,0.,1.));
#4437=DIRECTION('',(0.,1.,0.));
#4438=DIRECTION('',(0.,0.,1.));
#4439=DIRECTION('',(-1.,0.,0.));
#4440=DIRECTION('',(0.,0.,1.));
#4441=DIRECTION('',(-1.,0.,0.));
#4442=DIRECTION('',(0.,0.,1.));
#4443=DIRECTION('',(0.,1.,0.));
#4444=DIRECTION('',(0.,0.,1.));
#4445=DIRECTION('',(-1.,0.,0.));
#4446=DIRECTION('',(0.,0.,1.));
#4447=DIRECTION('',(-1.,0.,0.));
#4448=DIRECTION('',(0.,0.,1.));
#4449=DIRECTION('',(-1.,0.,0.));
#4450=DIRECTION('',(0.,0.,1.));
#4451=DIRECTION('',(0.,1.,0.));
#4452=DIRECTION('',(0.,0.,1.));
#4453=DIRECTION('',(0.,1.,0.));
#4454=DIRECTION('',(-1.,0.,0.));
#4455=DIRECTION('',(0.,0.,1.));
#4456=DIRECTION('',(0.,0.,1.));
#4457=DIRECTION('',(0.,-1.,0.));
#4458=DIRECTION('',(0.,0.,1.));
#4459=DIRECTION('',(0.,1.,0.));
#4460=DIRECTION('',(0.,0.,1.));
#4461=DIRECTION('',(-1.,0.,0.));
#4462=DIRECTION('',(0.,0.,1.));
#4463=DIRECTION('',(-1.,0.,0.));
#4464=DIRECTION('',(0.,0.,1.));
#4465=DIRECTION('',(-1.,0.,0.));
#4466=DIRECTION('',(0.,0.,1.));
#4467=DIRECTION('',(0.,1.,0.));
#4468=DIRECTION('',(0.,0.,1.));
#4469=DIRECTION('',(0.,1.,0.));
#4470=DIRECTION('',(0.,0.,1.));
#4471=DIRECTION('',(0.,-1.,0.));
#4472=DIRECTION('',(0.,0.,1.));
#4473=DIRECTION('',(-1.,0.,0.));
#4474=DIRECTION('',(0.,0.,1.));
#4475=DIRECTION('',(0.,1.,0.));
#4476=DIRECTION('',(0.,0.,1.));
#4477=DIRECTION('',(-1.,0.,0.));
#4478=DIRECTION('',(0.,0.,1.));
#4479=DIRECTION('',(-1.,0.,0.));
#4480=DIRECTION('',(0.,0.,1.));
#4481=DIRECTION('',(-1.,0.,0.));
#4482=DIRECTION('',(0.,0.,1.));
#4483=DIRECTION('',(0.,-1.,0.));
#4484=DIRECTION('',(0.,0.,1.));
#4485=DIRECTION('',(0.,-1.,0.));
#4486=DIRECTION('',(-1.,0.,0.));
#4487=DIRECTION('',(0.,0.,1.));
#4488=DIRECTION('',(0.,0.,1.));
#4489=DIRECTION('',(0.,-1.,0.));
#4490=DIRECTION('',(0.,0.,1.));
#4491=DIRECTION('',(0.,1.,0.));
#4492=DIRECTION('',(0.,0.,1.));
#4493=DIRECTION('',(1.,0.,0.));
#4494=DIRECTION('',(0.,0.,1.));
#4495=DIRECTION('',(-1.,0.,0.));
#4496=DIRECTION('',(0.,0.,1.));
#4497=DIRECTION('',(-1.,0.,0.));
#4498=DIRECTION('',(0.,0.,1.));
#4499=DIRECTION('',(0.,-1.,0.));
#4500=DIRECTION('',(0.,0.,1.));
#4501=DIRECTION('',(0.,-1.,0.));
#4502=DIRECTION('',(0.,0.,1.));
#4503=DIRECTION('',(0.,-1.,0.));
#4504=DIRECTION('',(0.,0.,1.));
#4505=DIRECTION('',(-1.,0.,0.));
#4506=DIRECTION('',(0.,0.,1.));
#4507=DIRECTION('',(0.,1.,0.));
#4508=DIRECTION('',(0.,0.,1.));
#4509=DIRECTION('',(-1.,0.,0.));
#4510=DIRECTION('',(0.,0.,1.));
#4511=DIRECTION('',(-1.,0.,0.));
#4512=DIRECTION('',(0.,0.,1.));
#4513=DIRECTION('',(-1.,0.,0.));
#4514=DIRECTION('',(0.,0.,1.));
#4515=DIRECTION('',(0.,-1.,0.));
#4516=DIRECTION('',(0.,0.,1.));
#4517=DIRECTION('',(0.,-1.,0.));
#4518=DIRECTION('',(-1.,0.,0.));
#4519=DIRECTION('',(0.,0.,1.));
#4520=DIRECTION('',(0.,0.,1.));
#4521=DIRECTION('',(0.,-1.,0.));
#4522=DIRECTION('',(0.,0.,1.));
#4523=DIRECTION('',(0.,1.,0.));
#4524=DIRECTION('',(0.,0.,1.));
#4525=DIRECTION('',(-1.,0.,0.));
#4526=DIRECTION('',(0.,0.,1.));
#4527=DIRECTION('',(-1.,0.,0.));
#4528=DIRECTION('',(0.,0.,1.));
#4529=DIRECTION('',(-1.,0.,0.));
#4530=DIRECTION('',(0.,0.,1.));
#4531=DIRECTION('',(0.,-1.,0.));
#4532=DIRECTION('',(0.,0.,1.));
#4533=DIRECTION('',(0.,-1.,0.));
#4534=DIRECTION('',(0.,0.,1.));
#4535=DIRECTION('',(0.,-1.,0.));
#4536=DIRECTION('',(0.,0.,1.));
#4537=DIRECTION('',(-1.,0.,0.));
#4538=DIRECTION('',(0.,0.,1.));
#4539=DIRECTION('',(0.,0.,-1.));
#4540=DIRECTION('',(1.,0.,0.));
#4541=DIRECTION('',(-1.,0.,0.));
#4542=DIRECTION('',(0.,0.,-1.));
#4543=DIRECTION('',(-1.,0.,0.));
#4544=DIRECTION('',(1.,0.,0.));
#4545=DIRECTION('',(0.,0.,-1.));
#4546=DIRECTION('',(-1.,0.,0.));
#4547=DIRECTION('',(0.,-1.,0.));
#4548=DIRECTION('',(0.,0.,-1.));
#4549=DIRECTION('',(0.,0.,1.));
#4550=DIRECTION('',(1.,0.,0.));
#4551=DIRECTION('',(0.,0.,1.));
#4552=DIRECTION('',(0.,0.,-1.));
#4553=DIRECTION('',(1.,0.,0.));
#4554=DIRECTION('',(0.,0.,-1.));
#4555=DIRECTION('',(-1.,0.,0.));
#4556=DIRECTION('',(0.,0.,-1.));
#4557=DIRECTION('',(-1.,0.,0.));
#4558=DIRECTION('',(0.,0.,-1.));
#4559=DIRECTION('',(-1.,0.,0.));
#4560=DIRECTION('',(0.,0.,-1.));
#4561=DIRECTION('',(-1.,0.,0.));
#4562=DIRECTION('',(0.,0.,-1.));
#4563=DIRECTION('',(-1.,0.,0.));
#4564=DIRECTION('',(0.,0.,-1.));
#4565=DIRECTION('',(1.,0.,0.));
#4566=DIRECTION('',(-1.,0.,0.));
#4567=DIRECTION('',(0.,0.,-1.));
#4568=DIRECTION('',(-1.,0.,0.));
#4569=DIRECTION('',(1.,0.,0.));
#4570=DIRECTION('',(0.,0.,-1.));
#4571=DIRECTION('',(-1.,0.,0.));
#4572=DIRECTION('',(0.,-1.,0.));
#4573=DIRECTION('',(0.,0.,-1.));
#4574=DIRECTION('',(1.,0.,0.));
#4575=DIRECTION('',(0.,0.,1.));
#4576=DIRECTION('',(0.,0.,1.));
#4577=DIRECTION('',(0.,0.,-1.));
#4578=DIRECTION('',(1.,0.,0.));
#4579=DIRECTION('',(0.,0.,-1.));
#4580=DIRECTION('',(-1.,0.,0.));
#4581=DIRECTION('',(0.,0.,-1.));
#4582=DIRECTION('',(-1.,0.,0.));
#4583=DIRECTION('',(0.,0.,-1.));
#4584=DIRECTION('',(-1.,0.,0.));
#4585=DIRECTION('',(0.,0.,-1.));
#4586=DIRECTION('',(-1.,0.,0.));
#4587=DIRECTION('',(0.,0.,-1.));
#4588=DIRECTION('',(-1.,0.,0.));
#4589=DIRECTION('',(0.,1.,0.));
#4590=DIRECTION('',(0.,0.,1.));
#4591=DIRECTION('',(-1.,0.,0.));
#4592=DIRECTION('',(0.,0.,1.));
#4593=DIRECTION('',(-1.,0.,0.));
#4594=DIRECTION('',(0.,0.,1.));
#4595=DIRECTION('',(0.,0.,-1.));
#4596=DIRECTION('',(1.,0.,0.));
#4597=DIRECTION('',(0.,0.,-1.));
#4598=DIRECTION('',(-1.,0.,0.));
#4599=DIRECTION('',(0.,0.,-1.));
#4600=DIRECTION('',(-1.,0.,0.));
#4601=DIRECTION('',(0.,0.,-1.));
#4602=DIRECTION('',(-1.,0.,0.));
#4603=DIRECTION('',(0.,0.,-1.));
#4604=DIRECTION('',(-1.,0.,0.));
#4605=DIRECTION('',(0.,0.,-1.));
#4606=DIRECTION('',(-1.,0.,0.));
#4607=DIRECTION('',(0.,0.,-1.));
#4608=DIRECTION('',(1.,0.,0.));
#4609=DIRECTION('',(-1.,0.,0.));
#4610=DIRECTION('',(0.,0.,-1.));
#4611=DIRECTION('',(-1.,0.,0.));
#4612=DIRECTION('',(0.,0.,-1.));
#4613=DIRECTION('',(-1.,0.,0.));
#4614=DIRECTION('',(3.46944695195361E-16,1.,0.));
#4615=DIRECTION('',(-1.,3.46944695195361E-16,0.));
#4616=DIRECTION('',(-1.,3.46944695195361E-16,0.));
#4617=DIRECTION('',(0.,0.,1.));
#4618=DIRECTION('',(-1.,3.46944695195361E-16,0.));
#4619=DIRECTION('',(0.,0.,1.));
#4620=DIRECTION('',(0.,0.,-1.));
#4621=DIRECTION('',(1.,0.,0.));
#4622=DIRECTION('',(0.,0.,-1.));
#4623=DIRECTION('',(-1.,0.,0.));
#4624=DIRECTION('',(0.,0.,-1.));
#4625=DIRECTION('',(-1.,0.,0.));
#4626=DIRECTION('',(0.,0.,-1.));
#4627=DIRECTION('',(-1.,0.,0.));
#4628=DIRECTION('',(0.,0.,-1.));
#4629=DIRECTION('',(-1.,0.,0.));
#4630=DIRECTION('',(0.,0.,-1.));
#4631=DIRECTION('',(-1.,0.,0.));
#4632=DIRECTION('',(0.,0.,-1.));
#4633=DIRECTION('',(1.,0.,0.));
#4634=DIRECTION('',(-1.,0.,0.));
#4635=DIRECTION('',(0.,0.,-1.));
#4636=DIRECTION('',(-1.,0.,0.));
#4637=DIRECTION('',(0.,0.,-1.));
#4638=DIRECTION('',(-1.,0.,0.));
#4639=DIRECTION('',(-1.,0.,0.));
#4640=DIRECTION('',(0.,0.,1.));
#4641=DIRECTION('',(-1.,0.,0.));
#4642=DIRECTION('',(0.,0.,1.));
#4643=DIRECTION('',(-1.,0.,0.));
#4644=DIRECTION('',(0.,0.,1.));
#4645=DIRECTION('',(-1.,0.,0.));
#4646=DIRECTION('',(0.,0.,1.));
#4647=DIRECTION('',(0.,0.,1.));
#4648=DIRECTION('',(1.,0.,0.));
#4649=DIRECTION('',(-1.,0.,0.));
#4650=DIRECTION('',(0.,0.,1.));
#4651=DIRECTION('',(0.,0.,1.));
#4652=DIRECTION('',(1.,0.,0.));
#4653=DIRECTION('',(0.,0.,-1.));
#4654=DIRECTION('',(-1.,0.,0.));
#4655=DIRECTION('',(0.,0.,1.));
#4656=DIRECTION('',(1.,0.,0.));
#4657=DIRECTION('',(0.,0.,1.));
#4658=DIRECTION('',(1.,0.,0.));
#4659=DIRECTION('',(0.,0.,1.));
#4660=DIRECTION('',(1.,0.,0.));
#4661=DIRECTION('',(-1.,0.,0.));
#4662=DIRECTION('',(0.,0.,1.));
#4663=DIRECTION('',(1.,0.,0.));
#4664=DIRECTION('',(0.,0.,-1.));
#4665=DIRECTION('',(-1.,0.,0.));
#4666=DIRECTION('',(0.,0.,1.));
#4667=DIRECTION('',(0.,0.,1.));
#4668=DIRECTION('',(1.,0.,0.));
#4669=DIRECTION('',(0.,-1.,0.));
#4670=DIRECTION('',(0.,0.,-1.));
#4671=DIRECTION('',(0.,0.,1.));
#4672=DIRECTION('',(1.,0.,0.));
#4673=DIRECTION('',(0.,-1.,0.));
#4674=DIRECTION('',(0.,0.,-1.));
#4675=DIRECTION('',(0.,1.,0.));
#4676=DIRECTION('',(0.,0.,1.));
#4677=DIRECTION('',(0.,1.,0.));
#4678=DIRECTION('',(0.,0.,1.));
#4679=DIRECTION('',(0.,0.,1.));
#4680=DIRECTION('',(1.,0.,0.));
#4681=DIRECTION('',(0.,0.,1.));
#4682=DIRECTION('',(1.,0.,0.));
#4683=DIRECTION('',(0.,0.,-1.));
#4684=DIRECTION('',(-1.,0.,0.));
#4685=DIRECTION('',(0.,0.,1.));
#4686=DIRECTION('',(1.,0.,0.));
#4687=DIRECTION('',(0.,-1.,0.));
#4688=DIRECTION('',(0.,0.,-1.));
#4689=DIRECTION('',(0.,1.,0.));
#4690=DIRECTION('',(0.,0.,1.));
#4691=DIRECTION('',(0.,0.,1.));
#4692=DIRECTION('',(1.,0.,0.));
#4693=DIRECTION('',(-1.,0.,0.));
#4694=DIRECTION('',(0.,0.,1.));
#4695=DIRECTION('',(0.,0.,1.));
#4696=DIRECTION('',(1.,0.,0.));
#4697=DIRECTION('',(1.,0.,0.));
#4698=DIRECTION('',(0.,0.,-1.));
#4699=DIRECTION('',(1.,0.,0.));
#4700=DIRECTION('',(0.,0.,-1.));
#4701=DIRECTION('',(-1.,0.,0.));
#4702=DIRECTION('',(0.,0.,1.));
#4703=DIRECTION('',(-1.,0.,0.));
#4704=DIRECTION('',(0.,0.,1.));
#4705=DIRECTION('',(0.,0.,1.));
#4706=DIRECTION('',(1.,0.,0.));
#4707=DIRECTION('',(0.,0.,1.));
#4708=DIRECTION('',(1.,0.,0.));
#4709=DIRECTION('',(0.,0.,1.));
#4710=DIRECTION('',(1.,0.,0.));
#4711=DIRECTION('',(1.,0.,0.));
#4712=DIRECTION('',(0.,0.,-1.));
#4713=DIRECTION('',(-1.,0.,0.));
#4714=DIRECTION('',(0.,0.,1.));
#4715=DIRECTION('',(0.,0.,-1.));
#4716=DIRECTION('',(-1.,0.,0.));
#4717=DIRECTION('',(0.,0.,1.));
#4718=DIRECTION('',(1.,0.,0.));
#4719=DIRECTION('',(0.,-1.,0.));
#4720=DIRECTION('',(0.,0.,-1.));
#4721=DIRECTION('',(0.,1.,0.));
#4722=DIRECTION('',(0.,0.,1.));
#4723=DIRECTION('',(0.,-1.,0.));
#4724=DIRECTION('',(0.,0.,-1.));
#4725=DIRECTION('',(0.,0.,1.));
#4726=DIRECTION('',(1.,0.,0.));
#4727=DIRECTION('',(1.,0.,0.));
#4728=DIRECTION('',(0.,0.,-1.));
#4729=DIRECTION('',(-1.,0.,0.));
#4730=DIRECTION('',(0.,0.,1.));
#4731=DIRECTION('',(0.,0.,1.));
#4732=DIRECTION('',(1.,0.,0.));
#4733=DIRECTION('',(0.,0.,1.));
#4734=DIRECTION('',(1.,0.,0.));
#4735=DIRECTION('',(1.,0.,0.));
#4736=DIRECTION('',(0.,0.,-1.));
#4737=DIRECTION('',(-1.,0.,0.));
#4738=DIRECTION('',(0.,0.,1.));
#4739=DIRECTION('',(-1.,0.,0.));
#4740=DIRECTION('',(0.,0.,1.));
#4741=DIRECTION('',(0.,0.,-1.));
#4742=DIRECTION('',(-1.,0.,0.));
#4743=DIRECTION('',(0.,0.,1.));
#4744=DIRECTION('',(1.,0.,0.));
#4745=DIRECTION('',(0.,0.,1.));
#4746=DIRECTION('',(1.,0.,0.));
#4747=DIRECTION('',(0.,0.,1.));
#4748=DIRECTION('',(1.,0.,0.));
#4749=DIRECTION('',(1.,0.,0.));
#4750=DIRECTION('',(0.,0.,-1.));
#4751=DIRECTION('',(-1.,0.,0.));
#4752=DIRECTION('',(0.,0.,1.));
#4753=DIRECTION('',(0.,0.,1.));
#4754=DIRECTION('',(1.,0.,0.));
#4755=DIRECTION('',(0.,-1.,0.));
#4756=DIRECTION('',(0.,0.,-1.));
#4757=DIRECTION('',(0.,0.,1.));
#4758=DIRECTION('',(1.,0.,0.));
#4759=DIRECTION('',(0.,1.,0.));
#4760=DIRECTION('',(0.,0.,1.));
#4761=DIRECTION('',(0.,1.,0.));
#4762=DIRECTION('',(0.,0.,1.));
#4763=DIRECTION('',(-1.,0.,0.));
#4764=DIRECTION('',(0.,0.,1.));
#4765=DIRECTION('',(0.,0.,1.));
#4766=DIRECTION('',(1.,0.,0.));
#4767=DIRECTION('',(-1.,0.,0.));
#4768=DIRECTION('',(0.,0.,1.));
#4769=DIRECTION('',(0.,0.,-1.));
#4770=DIRECTION('',(-1.,0.,0.));
#4771=DIRECTION('',(0.,0.,1.));
#4772=DIRECTION('',(1.,0.,0.));
#4773=DIRECTION('',(0.,1.,0.));
#4774=DIRECTION('',(0.,0.,1.));
#4775=DIRECTION('',(0.,1.,0.));
#4776=DIRECTION('',(0.,0.,1.));
#4777=DIRECTION('',(0.,-1.,0.));
#4778=DIRECTION('',(0.,0.,-1.));
#4779=DIRECTION('',(0.,0.,1.));
#4780=DIRECTION('',(1.,0.,0.));
#4781=DIRECTION('',(0.,0.,1.));
#4782=DIRECTION('',(1.,0.,0.));
#4783=DIRECTION('',(1.,0.,0.));
#4784=DIRECTION('',(0.,0.,-1.));
#4785=DIRECTION('',(-1.,0.,0.));
#4786=DIRECTION('',(0.,0.,1.));
#4787=DIRECTION('',(0.,0.,1.));
#4788=DIRECTION('',(1.,0.,0.));
#4789=DIRECTION('',(-1.,0.,0.));
#4790=DIRECTION('',(0.,0.,1.));
#4791=DIRECTION('',(0.,0.,1.));
#4792=DIRECTION('',(1.,0.,0.));
#4793=DIRECTION('',(-1.,0.,0.));
#4794=DIRECTION('',(0.,0.,1.));
#4795=DIRECTION('',(-1.,0.,0.));
#4796=DIRECTION('',(0.,0.,1.));
#4797=DIRECTION('',(0.,0.,1.));
#4798=DIRECTION('',(1.,0.,0.));
#4799=DIRECTION('',(0.,0.,1.));
#4800=DIRECTION('',(1.,0.,0.));
#4801=DIRECTION('',(0.,0.,1.));
#4802=DIRECTION('',(1.,0.,0.));
#4803=DIRECTION('',(-1.,0.,0.));
#4804=DIRECTION('',(0.,0.,1.));
#4805=DIRECTION('',(1.,0.,0.));
#4806=DIRECTION('',(0.,0.,-1.));
#4807=DIRECTION('',(1.,0.,0.));
#4808=DIRECTION('',(0.,0.,-1.));
#4809=DIRECTION('',(1.,0.,0.));
#4810=DIRECTION('',(0.,0.,-1.));
#4811=DIRECTION('',(0.,0.,-1.));
#4812=DIRECTION('',(-1.,0.,0.));
#4813=DIRECTION('',(0.,0.,1.));
#4814=DIRECTION('',(1.,0.,0.));
#4815=DIRECTION('',(0.,0.,1.));
#4816=DIRECTION('',(1.,0.,0.));
#4817=DIRECTION('',(0.,-1.,0.));
#4818=DIRECTION('',(0.,0.,-1.));
#4819=DIRECTION('',(0.,0.,1.));
#4820=DIRECTION('',(1.,0.,0.));
#4821=DIRECTION('',(0.,1.,0.));
#4822=DIRECTION('',(0.,0.,1.));
#4823=DIRECTION('',(0.,-1.,0.));
#4824=DIRECTION('',(0.,0.,-1.));
#4825=DIRECTION('',(-1.,0.,0.));
#4826=DIRECTION('',(0.,0.,1.));
#4827=DIRECTION('',(0.,0.,1.));
#4828=DIRECTION('',(1.,0.,0.));
#4829=DIRECTION('',(-1.,0.,0.));
#4830=DIRECTION('',(0.,0.,1.));
#4831=DIRECTION('',(0.,0.,1.));
#4832=DIRECTION('',(1.,0.,0.));
#4833=DIRECTION('',(0.,0.,1.));
#4834=DIRECTION('',(1.,0.,0.));
#4835=DIRECTION('',(-1.,0.,0.));
#4836=DIRECTION('',(0.,0.,1.));
#4837=DIRECTION('',(-1.,0.,0.));
#4838=DIRECTION('',(0.,0.,1.));
#4839=DIRECTION('',(0.,0.,-1.));
#4840=DIRECTION('',(-1.,0.,0.));
#4841=DIRECTION('',(0.,0.,1.));
#4842=DIRECTION('',(1.,0.,0.));
#4843=DIRECTION('',(0.,-1.,0.));
#4844=DIRECTION('',(0.,0.,-1.));
#4845=DIRECTION('',(0.,1.,0.));
#4846=DIRECTION('',(0.,0.,1.));
#4847=DIRECTION('',(0.,-1.,0.));
#4848=DIRECTION('',(0.,0.,-1.));
#4849=DIRECTION('',(0.,0.,1.));
#4850=DIRECTION('',(1.,0.,0.));
#4851=DIRECTION('',(1.,0.,0.));
#4852=DIRECTION('',(0.,0.,-1.));
#4853=DIRECTION('',(-1.,0.,0.));
#4854=DIRECTION('',(0.,0.,1.));
#4855=DIRECTION('',(0.,0.,1.));
#4856=DIRECTION('',(1.,0.,0.));
#4857=DIRECTION('',(0.,0.,1.));
#4858=DIRECTION('',(1.,0.,0.));
#4859=DIRECTION('',(1.,0.,0.));
#4860=DIRECTION('',(0.,0.,-1.));
#4861=DIRECTION('',(-1.,0.,0.));
#4862=DIRECTION('',(0.,0.,1.));
#4863=DIRECTION('',(-1.,0.,0.));
#4864=DIRECTION('',(0.,0.,1.));
#4865=DIRECTION('',(0.,0.,-1.));
#4866=DIRECTION('',(-1.,0.,0.));
#4867=DIRECTION('',(0.,0.,1.));
#4868=DIRECTION('',(1.,0.,0.));
#4869=DIRECTION('',(0.,0.,1.));
#4870=DIRECTION('',(1.,0.,0.));
#4871=DIRECTION('',(0.,0.,1.));
#4872=DIRECTION('',(1.,0.,0.));
#4873=DIRECTION('',(1.,0.,0.));
#4874=DIRECTION('',(0.,0.,-1.));
#4875=DIRECTION('',(-1.,0.,0.));
#4876=DIRECTION('',(0.,0.,1.));
#4877=DIRECTION('',(0.,0.,1.));
#4878=DIRECTION('',(1.,0.,0.));
#4879=DIRECTION('',(0.,-1.,0.));
#4880=DIRECTION('',(0.,0.,-1.));
#4881=DIRECTION('',(0.,0.,1.));
#4882=DIRECTION('',(1.,0.,0.));
#4883=DIRECTION('',(0.,1.,0.));
#4884=DIRECTION('',(0.,0.,1.));
#4885=DIRECTION('',(0.,1.,0.));
#4886=DIRECTION('',(0.,0.,1.));
#4887=DIRECTION('',(0.,0.,1.));
#4888=DIRECTION('',(1.,0.,0.));
#4889=DIRECTION('',(0.,0.,-1.));
#4890=DIRECTION('',(-1.,0.,0.));
#4891=DIRECTION('',(0.,0.,1.));
#4892=DIRECTION('',(1.,0.,0.));
#4893=DIRECTION('',(0.,0.,-1.));
#4894=DIRECTION('',(-1.,0.,0.));
#4895=DIRECTION('',(0.,0.,1.));
#4896=DIRECTION('',(1.,0.,0.));
#4897=DIRECTION('',(0.,0.,-1.));
#4898=DIRECTION('',(-1.,0.,0.));
#4899=DIRECTION('',(0.,0.,-1.));
#4900=DIRECTION('',(-1.,0.,0.));
#4901=DIRECTION('',(0.,0.,1.));
#4902=DIRECTION('',(1.,0.,0.));
#4903=DIRECTION('',(1.,-5.51198006466665E-16,0.));
#4904=DIRECTION('',(5.51198006466665E-16,1.,0.));
#4905=DIRECTION('',(1.,-2.75599003233333E-16,0.));
#4906=DIRECTION('',(2.75599003233333E-16,1.,0.));
#4907=DIRECTION('',(0.,0.,-1.));
#4908=DIRECTION('',(-1.,0.,0.));
#4909=DIRECTION('',(0.,0.,-1.));
#4910=DIRECTION('',(-1.,0.,0.));
#4911=DIRECTION('',(0.,0.,1.));
#4912=DIRECTION('',(1.,0.,0.));
#4913=DIRECTION('',(0.,0.,-1.));
#4914=DIRECTION('',(-1.,0.,0.));
#4915=DIRECTION('',(0.,0.,-1.));
#4916=DIRECTION('',(-1.,0.,0.));
#4917=DIRECTION('',(0.,0.,1.));
#4918=DIRECTION('',(1.,0.,0.));
#4919=DIRECTION('',(0.,0.,-1.));
#4920=DIRECTION('',(1.,0.,0.));
#4921=DIRECTION('',(0.,0.,-1.));
#4922=DIRECTION('',(-1.,0.,0.));
#4923=DIRECTION('',(0.,0.,-1.));
#4924=DIRECTION('',(1.,0.,0.));
#4925=DIRECTION('',(0.,0.,-1.));
#4926=DIRECTION('',(-1.,0.,0.));
#4927=DIRECTION('',(0.,0.,-1.));
#4928=DIRECTION('',(-1.,0.,0.));
#4929=DIRECTION('',(0.,0.,-1.));
#4930=DIRECTION('',(-1.,0.,0.));
#4931=DIRECTION('',(0.,0.,-1.));
#4932=DIRECTION('',(-1.,0.,0.));
#4933=DIRECTION('',(0.,0.,-1.));
#4934=DIRECTION('',(-1.,0.,0.));
#4935=DIRECTION('',(0.,0.,1.));
#4936=DIRECTION('',(1.,0.,0.));
#4937=DIRECTION('',(0.,0.,-1.));
#4938=DIRECTION('',(-1.,0.,0.));
#4939=DIRECTION('',(0.,0.,1.));
#4940=DIRECTION('',(1.,0.,0.));
#4941=DIRECTION('',(0.,0.,1.));
#4942=DIRECTION('',(1.,0.,0.));
#4943=DIRECTION('',(0.,0.,-1.));
#4944=DIRECTION('',(-1.,0.,0.));
#4945=DIRECTION('',(0.,0.,-1.));
#4946=DIRECTION('',(-1.,0.,0.));
#4947=DIRECTION('',(0.,0.,-1.));
#4948=DIRECTION('',(-1.,0.,0.));
#4949=DIRECTION('',(0.,0.,-1.));
#4950=DIRECTION('',(-1.,0.,0.));
#4951=DIRECTION('',(0.,0.,-1.));
#4952=DIRECTION('',(-1.,0.,0.));
#4953=DIRECTION('',(0.,0.,-1.));
#4954=DIRECTION('',(-1.,0.,0.));
#4955=DIRECTION('',(0.,0.,-1.));
#4956=DIRECTION('',(-1.,0.,0.));
#4957=DIRECTION('',(0.,0.,-1.));
#4958=DIRECTION('',(-1.,0.,0.));
#4959=DIRECTION('',(0.,0.,-1.));
#4960=DIRECTION('',(-1.,0.,0.));
#4961=DIRECTION('',(0.,0.,-1.));
#4962=DIRECTION('',(-1.,0.,0.));
#4963=DIRECTION('',(0.,0.,-1.));
#4964=DIRECTION('',(-1.,0.,0.));
#4965=DIRECTION('',(0.,0.,-1.));
#4966=DIRECTION('',(-1.,0.,0.));
#4967=DIRECTION('',(0.,0.,-1.));
#4968=DIRECTION('',(-1.,0.,0.));
#4969=DIRECTION('',(0.,0.,-1.));
#4970=DIRECTION('',(-1.,0.,0.));
#4971=DIRECTION('',(0.,0.,-1.));
#4972=DIRECTION('',(-1.,0.,0.));
#4973=DIRECTION('',(0.,0.,-1.));
#4974=DIRECTION('',(-1.,0.,0.));
#4975=DIRECTION('',(0.,0.,-1.));
#4976=DIRECTION('',(-1.,0.,0.));
#4977=DIRECTION('',(0.,0.,-1.));
#4978=DIRECTION('',(-1.,0.,0.));
#4979=DIRECTION('',(0.,0.,-1.));
#4980=DIRECTION('',(-1.,0.,0.));
#4981=DIRECTION('',(0.,0.,-1.));
#4982=DIRECTION('',(-1.,0.,0.));
#4983=DIRECTION('',(0.,0.,-1.));
#4984=DIRECTION('',(-1.,0.,0.));
#4985=DIRECTION('',(0.,0.,-1.));
#4986=DIRECTION('',(-1.,0.,0.));
#4987=DIRECTION('',(0.,0.,-1.));
#4988=DIRECTION('',(-1.,0.,0.));
#4989=DIRECTION('',(0.,0.,-1.));
#4990=DIRECTION('',(-1.,0.,0.));
#4991=DIRECTION('',(0.,0.,-1.));
#4992=DIRECTION('',(-1.,0.,0.));
#4993=DIRECTION('',(0.,0.,-1.));
#4994=DIRECTION('',(-1.,0.,0.));
#4995=DIRECTION('',(0.,0.,-1.));
#4996=DIRECTION('',(-1.,0.,0.));
#4997=DIRECTION('',(0.,0.,-1.));
#4998=DIRECTION('',(-1.,0.,0.));
#4999=DIRECTION('',(0.,0.,1.));
#5000=DIRECTION('',(1.,0.,0.));
#5001=DIRECTION('',(0.,0.,1.));
#5002=DIRECTION('',(1.,0.,0.));
#5003=DIRECTION('',(0.,0.,-1.));
#5004=DIRECTION('',(-1.,0.,0.));
#5005=DIRECTION('',(0.,0.,-1.));
#5006=DIRECTION('',(-1.,0.,0.));
#5007=DIRECTION('',(0.,0.,-1.));
#5008=DIRECTION('',(1.,0.,0.));
#5009=DIRECTION('',(0.,0.,-1.));
#5010=DIRECTION('',(-1.,0.,0.));
#5011=DIRECTION('',(0.,0.,-1.));
#5012=DIRECTION('',(-1.,0.,0.));
#5013=DIRECTION('',(0.,0.,-1.));
#5014=DIRECTION('',(1.,0.,0.));
#5015=DIRECTION('',(0.,0.,-1.));
#5016=DIRECTION('',(-1.,0.,0.));
#5017=DIRECTION('',(0.,0.,-1.));
#5018=DIRECTION('',(-1.,0.,0.));
#5019=DIRECTION('',(0.,0.,-1.));
#5020=DIRECTION('',(1.,0.,0.));
#5021=DIRECTION('',(0.,0.,-1.));
#5022=DIRECTION('',(-1.,0.,0.));
#5023=DIRECTION('',(0.,0.,-1.));
#5024=DIRECTION('',(-1.,0.,0.));
#5025=DIRECTION('',(0.,0.,-1.));
#5026=DIRECTION('',(1.,0.,0.));
#5027=DIRECTION('',(0.,1.,0.));
#5028=DIRECTION('',(0.,0.,1.));
#5029=DIRECTION('',(0.,0.,1.));
#5030=DIRECTION('',(1.,0.,0.));
#5031=DIRECTION('',(0.,0.,1.));
#5032=DIRECTION('',(1.,0.,0.));
#5033=DIRECTION('',(0.,0.,-1.));
#5034=DIRECTION('',(0.,0.,1.));
#5035=DIRECTION('',(0.,1.,0.));
#5036=DIRECTION('',(0.,1.,0.));
#5037=DIRECTION('',(0.,0.,1.));
#5038=DIRECTION('',(0.,0.,1.));
#5039=DIRECTION('',(-1.,0.,0.));
#5040=DIRECTION('',(1.,0.,0.));
#5041=DIRECTION('',(0.,0.,-1.));
#5042=DIRECTION('',(0.,-1.,0.));
#5043=DIRECTION('',(0.707106781186547,0.,-0.707106781186548));
#5044=DIRECTION('',(0.,1.,0.));
#5045=DIRECTION('',(0.577350269189629,0.577350269189621,0.577350269189628));
#5046=DIRECTION('',(0.,1.,0.));
#5047=DIRECTION('',(-0.577350269189626,0.577350269189626,-0.577350269189626));
#5048=DIRECTION('',(0.,0.707106781186547,0.707106781186548));
#5049=DIRECTION('',(1.,0.,0.));
#5050=DIRECTION('',(1.,0.,0.));
#5051=DIRECTION('',(-0.577350269189626,-0.577350269189626,0.577350269189626));
#5052=DIRECTION('',(0.,0.707106781186552,-0.707106781186543));
#5053=DIRECTION('',(-1.,0.,0.));
#5054=DIRECTION('',(-0.577350269189629,0.577350269189621,0.577350269189628));
#5055=DIRECTION('',(-1.,0.,0.));
#5056=DIRECTION('',(0.707106781186547,0.,0.707106781186548));
#5057=DIRECTION('',(0.,-1.,0.));
#5058=DIRECTION('',(0.,-1.,0.));
#5059=DIRECTION('',(0.,1.,0.));
#5060=DIRECTION('',(0.,0.,1.));
#5061=DIRECTION('',(0.,0.,1.));
#5062=DIRECTION('',(0.,0.,1.));
#5063=DIRECTION('',(-1.,0.,0.));
#5064=DIRECTION('',(0.,0.,1.));
#5065=DIRECTION('',(0.,0.,1.));
#5066=DIRECTION('',(0.,-1.,0.));
#5067=DIRECTION('',(0.,0.,-1.));
#5068=DIRECTION('',(0.,0.,1.));
#5069=DIRECTION('',(1.,0.,0.));
#5070=DIRECTION('',(0.,0.,-1.));
#5071=CARTESIAN_POINT('',(0.,0.,0.));
#5072=CARTESIAN_POINT('',(0.161,0.0427,-0.0097));
#5073=CARTESIAN_POINT('',(0.161,0.0427,-0.0067));
#5074=CARTESIAN_POINT('',(0.1595,0.0427,-0.0067));
#5075=CARTESIAN_POINT('',(0.161,0.0427,-0.0082));
#5076=CARTESIAN_POINT('',(0.1595,0.0427,-0.0082));
#5077=CARTESIAN_POINT('',(0.301,0.0427,-0.0097));
#5078=CARTESIAN_POINT('',(0.301,0.0427,-0.0067));
#5079=CARTESIAN_POINT('',(0.2995,0.0427,-0.0067));
#5080=CARTESIAN_POINT('',(0.301,0.0427,-0.0082));
#5081=CARTESIAN_POINT('',(0.2995,0.0427,-0.0082));
#5082=CARTESIAN_POINT('',(0.301,-0.02801,-0.0097));
#5083=CARTESIAN_POINT('',(0.301,-0.02801,-0.0067));
#5084=CARTESIAN_POINT('',(0.29965,-0.02801,-0.0067));
#5085=CARTESIAN_POINT('',(0.301,-0.02801,-0.0082));
#5086=CARTESIAN_POINT('',(0.29965,-0.02801,-0.0082));
#5087=CARTESIAN_POINT('',(0.161,-0.02801,-0.0097));
#5088=CARTESIAN_POINT('',(0.161,-0.02801,-0.0067));
#5089=CARTESIAN_POINT('',(0.15965,-0.02801,-0.0067));
#5090=CARTESIAN_POINT('',(0.161,-0.02801,-0.0082));
#5091=CARTESIAN_POINT('',(0.15965,-0.02801,-0.0082));
#5092=CARTESIAN_POINT('',(0.136207,-0.125311,-0.0363245237791561));
#5093=CARTESIAN_POINT('',(0.143763570016679,-0.125311,0.000302000000000005));
#5094=CARTESIAN_POINT('',(0.143763570016679,-0.125311,0.000300000000000005));
#5095=CARTESIAN_POINT('',(0.143763570016679,-0.125311,-0.01299));
#5096=CARTESIAN_POINT('',(0.136207,-0.125311,0.0003));
#5097=CARTESIAN_POINT('',(0.136229520286532,-0.125311,0.000300000000000004));
#5098=CARTESIAN_POINT('',(0.136229520286532,-0.125311,0.0028));
#5099=CARTESIAN_POINT('',(0.136229520286532,-0.125311,-0.01299));
#5100=CARTESIAN_POINT('',(0.313293,-0.125311,-0.01299));
#5101=CARTESIAN_POINT('',(0.313293,-0.124561,0.000300000000000005));
#5102=CARTESIAN_POINT('',(0.148707,-0.124561,0.000300000000000005));
#5103=CARTESIAN_POINT('',(0.147957,-0.129504429983321,0.000300000000000005));
#5104=CARTESIAN_POINT('',(0.147957,-0.128490058411375,0.0003));
#5105=CARTESIAN_POINT('',(0.147957,-0.137038479713468,0.000300000000000004));
#5106=CARTESIAN_POINT('',(0.148707,-0.124561,0.000300000000000006));
#5107=CARTESIAN_POINT('',(0.314043,-0.128490058411375,-0.0363245237791561));
#5108=CARTESIAN_POINT('',(0.314043,-0.129504429983321,0.000302000000000005));
#5109=CARTESIAN_POINT('',(0.314043,-0.129504429983321,0.000300000000000005));
#5110=CARTESIAN_POINT('',(0.314043,-0.129504429983321,-0.01299));
#5111=CARTESIAN_POINT('',(0.314043,-0.128490058411375,0.0003));
#5112=CARTESIAN_POINT('',(0.314043,-0.137038479713468,0.000300000000000004));
#5113=CARTESIAN_POINT('',(0.314043,-0.137038479713468,0.0028));
#5114=CARTESIAN_POINT('',(0.314043,-0.137038479713468,-0.01299));
#5115=CARTESIAN_POINT('',(0.314043,0.07329,-0.01299));
#5116=CARTESIAN_POINT('',(0.313293,-0.124561,0.000300000000000005));
#5117=CARTESIAN_POINT('',(0.313293,-0.124561,0.000300000000000005));
#5118=CARTESIAN_POINT('',(0.318236429983321,-0.125311,0.000300000000000005));
#5119=CARTESIAN_POINT('',(0.325793,-0.125311,0.0003));
#5120=CARTESIAN_POINT('',(0.325770479713468,-0.125311,0.000300000000000004));
#5121=CARTESIAN_POINT('',(0.313293,-0.124561,0.000300000000000006));
#5122=CARTESIAN_POINT('',(0.313293,-0.124561,0.000300000000000005));
#5123=CARTESIAN_POINT('',(0.2425,-0.124561,0.000300000000000005));
#5124=CARTESIAN_POINT('',(0.2425,0.07109,0.000300000000000005));
#5125=CARTESIAN_POINT('',(0.2425,0.09409,0.000300000000000005));
#5126=CARTESIAN_POINT('',(0.313293,0.09409,0.000300000000000005));
#5127=CARTESIAN_POINT('',(0.2195,0.09409,0.000300000000000005));
#5128=CARTESIAN_POINT('',(0.2195,-0.124561,0.000300000000000005));
#5129=CARTESIAN_POINT('',(0.2195,0.07109,0.000300000000000005));
#5130=CARTESIAN_POINT('',(0.313293,0.07109,0.000300000000000005));
#5131=CARTESIAN_POINT('',(0.301329564888403,0.0919760698072612,0.000300000000000005));
#5132=CARTESIAN_POINT('',(0.305329564888403,0.0919760698072612,0.000300000000000005));
#5133=CARTESIAN_POINT('',(0.231,0.0577,0.000300000000000005));
#5134=CARTESIAN_POINT('',(0.150225,0.0577,0.000300000000000005));
#5135=CARTESIAN_POINT('',(0.157,0.0577,0.000300000000000005));
#5136=CARTESIAN_POINT('',(0.150225,0.007345,0.000300000000000005));
#5137=CARTESIAN_POINT('',(0.150225,-0.04301,0.000300000000000005));
#5138=CARTESIAN_POINT('',(0.231,-0.04301,0.000300000000000005));
#5139=CARTESIAN_POINT('',(0.157,-0.04301,0.000300000000000005));
#5140=CARTESIAN_POINT('',(0.157,-0.04501,0.000300000000000005));
#5141=CARTESIAN_POINT('',(0.155,-0.04501,0.000300000000000005));
#5142=CARTESIAN_POINT('',(0.155,-0.124561,0.000300000000000005));
#5143=CARTESIAN_POINT('',(0.155,-0.05001,0.000300000000000005));
#5144=CARTESIAN_POINT('',(0.157,-0.05001,0.000300000000000005));
#5145=CARTESIAN_POINT('',(0.157,-0.05201,0.000300000000000005));
#5146=CARTESIAN_POINT('',(0.166,-0.05201,0.000300000000000005));
#5147=CARTESIAN_POINT('',(0.165,-0.05201,0.000300000000000005));
#5148=CARTESIAN_POINT('',(0.165,-0.05001,0.000300000000000005));
#5149=CARTESIAN_POINT('',(0.167,-0.05001,0.000300000000000005));
#5150=CARTESIAN_POINT('',(0.167,-0.04401,0.000300000000000005));
#5151=CARTESIAN_POINT('',(0.167,-0.04501,0.000300000000000005));
#5152=CARTESIAN_POINT('',(0.165,-0.04501,0.000300000000000005));
#5153=CARTESIAN_POINT('',(0.165,-0.04301,0.000300000000000005));
#5154=CARTESIAN_POINT('',(0.231,-0.04301,0.000300000000000005));
#5155=CARTESIAN_POINT('',(0.297,-0.04301,0.000300000000000005));
#5156=CARTESIAN_POINT('',(0.297,-0.04501,0.000300000000000005));
#5157=CARTESIAN_POINT('',(0.295,-0.04501,0.000300000000000005));
#5158=CARTESIAN_POINT('',(0.295,-0.124561,0.000300000000000005));
#5159=CARTESIAN_POINT('',(0.295,-0.05001,0.000300000000000005));
#5160=CARTESIAN_POINT('',(0.297,-0.05001,0.000300000000000005));
#5161=CARTESIAN_POINT('',(0.297,-0.05201,0.000300000000000005));
#5162=CARTESIAN_POINT('',(0.306,-0.05201,0.000300000000000005));
#5163=CARTESIAN_POINT('',(0.305,-0.05201,0.000300000000000005));
#5164=CARTESIAN_POINT('',(0.305,-0.05001,0.000300000000000005));
#5165=CARTESIAN_POINT('',(0.307,-0.05001,0.000300000000000005));
#5166=CARTESIAN_POINT('',(0.307,-0.04401,0.000300000000000005));
#5167=CARTESIAN_POINT('',(0.307,-0.04501,0.000300000000000005));
#5168=CARTESIAN_POINT('',(0.305,-0.04501,0.000300000000000005));
#5169=CARTESIAN_POINT('',(0.305,-0.04301,0.000300000000000005));
#5170=CARTESIAN_POINT('',(0.231,-0.04301,0.000300000000000005));
#5171=CARTESIAN_POINT('',(0.319775,-0.04301,0.000300000000000005));
#5172=CARTESIAN_POINT('',(0.319775,0.007345,0.000300000000000005));
#5173=CARTESIAN_POINT('',(0.319775,0.0577,0.000300000000000005));
#5174=CARTESIAN_POINT('',(0.231,0.0577,0.000300000000000005));
#5175=CARTESIAN_POINT('',(0.305,0.0577,0.000300000000000005));
#5176=CARTESIAN_POINT('',(0.305,0.0597,0.000300000000000005));
#5177=CARTESIAN_POINT('',(0.307,0.0597,0.000300000000000005));
#5178=CARTESIAN_POINT('',(0.307,0.0657,0.000300000000000005));
#5179=CARTESIAN_POINT('',(0.307,0.0647,0.000300000000000005));
#5180=CARTESIAN_POINT('',(0.305,0.0647,0.000300000000000005));
#5181=CARTESIAN_POINT('',(0.305,0.0667,0.000300000000000005));
#5182=CARTESIAN_POINT('',(0.313293,0.0667,0.000300000000000005));
#5183=CARTESIAN_POINT('',(0.297,0.0667,0.000300000000000005));
#5184=CARTESIAN_POINT('',(0.297,0.0647,0.000300000000000005));
#5185=CARTESIAN_POINT('',(0.295,0.0647,0.000300000000000005));
#5186=CARTESIAN_POINT('',(0.295,-0.124561,0.000300000000000005));
#5187=CARTESIAN_POINT('',(0.295,0.0597,0.000300000000000005));
#5188=CARTESIAN_POINT('',(0.297,0.0597,0.000300000000000005));
#5189=CARTESIAN_POINT('',(0.297,0.0577,0.000300000000000005));
#5190=CARTESIAN_POINT('',(0.231,0.0577,0.000300000000000005));
#5191=CARTESIAN_POINT('',(0.165,0.0577,0.000300000000000005));
#5192=CARTESIAN_POINT('',(0.165,0.0597,0.000300000000000005));
#5193=CARTESIAN_POINT('',(0.167,0.0597,0.000300000000000005));
#5194=CARTESIAN_POINT('',(0.167,0.0657,0.000300000000000005));
#5195=CARTESIAN_POINT('',(0.167,0.0647,0.000300000000000005));
#5196=CARTESIAN_POINT('',(0.165,0.0647,0.000300000000000005));
#5197=CARTESIAN_POINT('',(0.165,0.0667,0.000300000000000005));
#5198=CARTESIAN_POINT('',(0.313293,0.0667,0.000300000000000005));
#5199=CARTESIAN_POINT('',(0.157,0.0667,0.000300000000000005));
#5200=CARTESIAN_POINT('',(0.157,0.0647,0.000300000000000005));
#5201=CARTESIAN_POINT('',(0.155,0.0647,0.000300000000000005));
#5202=CARTESIAN_POINT('',(0.155,-0.124561,0.000300000000000005));
#5203=CARTESIAN_POINT('',(0.155,0.0597,0.000300000000000005));
#5204=CARTESIAN_POINT('',(0.157,0.0597,0.000300000000000005));
#5205=CARTESIAN_POINT('',(0.149457,-0.128490058411375,0.000300000000000015));
#5206=CARTESIAN_POINT('',(0.149457,-0.129504429983321,0.000300000000000005));
#5207=CARTESIAN_POINT('',(0.149457,-0.137061,0.000300000000000011));
#5208=CARTESIAN_POINT('',(0.148707,-0.124561,0.000300000000000005));
#5209=CARTESIAN_POINT('',(0.143763570016679,-0.123811,0.000300000000000005));
#5210=CARTESIAN_POINT('',(0.136207,-0.123811,0.0003));
#5211=CARTESIAN_POINT('',(0.136207,-0.123811,0.000300000000000004));
#5212=CARTESIAN_POINT('',(0.136207,0.07329,0.000300000000000006));
#5213=CARTESIAN_POINT('',(0.136207,0.09329,0.000300000000000006));
#5214=CARTESIAN_POINT('',(0.148707,0.09329,0.000300000000000006));
#5215=CARTESIAN_POINT('',(0.147957,0.105767479713468,0.000300000000000004));
#5216=CARTESIAN_POINT('',(0.147957,0.10579,0.0003));
#5217=CARTESIAN_POINT('',(0.147957,0.0982334299833213,0.000300000000000005));
#5218=CARTESIAN_POINT('',(0.148707,0.09329,0.000300000000000005));
#5219=CARTESIAN_POINT('',(0.149457,0.0982334299833213,0.000300000000000005));
#5220=CARTESIAN_POINT('',(0.149457,0.10579,0.0003));
#5221=CARTESIAN_POINT('',(0.149457,0.10579,0.000300000000000004));
#5222=CARTESIAN_POINT('',(0.148707,0.10579,0.000300000000000006));
#5223=CARTESIAN_POINT('',(0.312543,0.10579,0.000300000000000005));
#5224=CARTESIAN_POINT('',(0.312543,0.10579,0.0003));
#5225=CARTESIAN_POINT('',(0.312543,0.0982334299833213,0.000300000000000005));
#5226=CARTESIAN_POINT('',(0.313293,0.09329,0.000300000000000005));
#5227=CARTESIAN_POINT('',(0.314043,0.0982334299833213,0.000300000000000005));
#5228=CARTESIAN_POINT('',(0.314043,0.10579,0.0003));
#5229=CARTESIAN_POINT('',(0.314043,0.105767479713468,0.000300000000000004));
#5230=CARTESIAN_POINT('',(0.313293,0.09329,0.000300000000000006));
#5231=CARTESIAN_POINT('',(0.325793,0.09329,0.000300000000000006));
#5232=CARTESIAN_POINT('',(0.325793,0.07329,0.000300000000000006));
#5233=CARTESIAN_POINT('',(0.325793,-0.123811,0.000300000000000011));
#5234=CARTESIAN_POINT('',(0.325793,-0.123811,0.000300000000000015));
#5235=CARTESIAN_POINT('',(0.318236429983321,-0.123811,0.000300000000000005));
#5236=CARTESIAN_POINT('',(0.313293,-0.124561,0.000300000000000005));
#5237=CARTESIAN_POINT('',(0.312543,-0.129504429983321,0.000300000000000005));
#5238=CARTESIAN_POINT('',(0.312543,-0.128490058411375,0.0003));
#5239=CARTESIAN_POINT('',(0.312543,-0.137061,0.000300000000000004));
#5240=CARTESIAN_POINT('',(0.148707,-0.137061,0.000300000000000006));
#5241=CARTESIAN_POINT('',(0.138341054562309,-0.109952545190849,0.000300000000000005));
#5242=CARTESIAN_POINT('',(0.138341054562309,-0.0522533584751217,0.000300000000000005));
#5243=CARTESIAN_POINT('',(0.138341054562309,-0.119402505603817,0.000300000000000005));
#5244=CARTESIAN_POINT('',(0.146086715987091,-0.119402505603817,0.000300000000000005));
#5245=CARTESIAN_POINT('',(0.153832377411872,-0.119402505603817,0.000300000000000005));
#5246=CARTESIAN_POINT('',(0.153832377411872,-0.12410174539711,0.000300000000000005));
#5247=CARTESIAN_POINT('',(0.153832377411872,-0.128800985190403,0.000300000000000005));
#5248=CARTESIAN_POINT('',(0.180519688705936,-0.128800985190403,0.000300000000000005));
#5249=CARTESIAN_POINT('',(0.307119608219617,-0.128800985190403,0.000300000000000005));
#5250=CARTESIAN_POINT('',(0.307119608219617,-0.0631666198804499,0.000300000000000005));
#5251=CARTESIAN_POINT('',(0.307119608219617,-0.0522533584751218,0.000300000000000005));
#5252=CARTESIAN_POINT('',(0.257163304109809,-0.0522533584751217,0.000300000000000005));
#5253=CARTESIAN_POINT('',(0.263029564888403,0.0919760698072612,0.000300000000000005));
#5254=CARTESIAN_POINT('',(0.263210168021067,0.0879801490737541,0.000300000000000005));
#5255=CARTESIAN_POINT('',(0.264815919147789,0.0883971120735107,0.000300000000000005));
#5256=CARTESIAN_POINT('',(0.265379564888403,0.0829260698072612,0.000300000000000005));
#5257=CARTESIAN_POINT('',(0.313293,-0.124561,0.0028));
#5258=CARTESIAN_POINT('',(0.231,0.09509,0.0028));
#5259=CARTESIAN_POINT('',(0.2435,0.09509,0.0028));
#5260=CARTESIAN_POINT('',(0.2185,0.09509,0.0028));
#5261=CARTESIAN_POINT('',(0.2435,0.08259,0.0028));
#5262=CARTESIAN_POINT('',(0.2435,0.07009,0.0028));
#5263=CARTESIAN_POINT('',(0.231,0.07009,0.0028));
#5264=CARTESIAN_POINT('',(0.2185,0.07009,0.0028));
#5265=CARTESIAN_POINT('',(0.2185,0.08259,0.0028));
#5266=CARTESIAN_POINT('',(0.265379564888403,0.0829260698072612,0.0028));
#5267=CARTESIAN_POINT('',(0.270879564888403,0.0829260698072612,0.0028));
#5268=CARTESIAN_POINT('',(0.327293,-0.124561,0.0028));
#5269=CARTESIAN_POINT('',(0.327293,-0.124561,0.0028));
#5270=CARTESIAN_POINT('',(0.327293,0.09329,0.0028));
#5271=CARTESIAN_POINT('',(0.313293,0.09329,0.0028));
#5272=CARTESIAN_POINT('',(0.313293,0.10729,0.0028));
#5273=CARTESIAN_POINT('',(0.313293,0.10729,0.0028));
#5274=CARTESIAN_POINT('',(0.148707,0.10729,0.0028));
#5275=CARTESIAN_POINT('',(0.148707,0.09329,0.0028));
#5276=CARTESIAN_POINT('',(0.134707,0.09329,0.0028));
#5277=CARTESIAN_POINT('',(0.134707,-0.124561,0.0028));
#5278=CARTESIAN_POINT('',(0.134707,-0.124561,0.0028));
#5279=CARTESIAN_POINT('',(0.148707,-0.124561,0.0028));
#5280=CARTESIAN_POINT('',(0.148707,-0.138561,0.0028));
#5281=CARTESIAN_POINT('',(0.313293,-0.138561,0.0028));
#5282=CARTESIAN_POINT('',(0.313293,-0.138561,0.0028));
#5283=CARTESIAN_POINT('',(0.313293,-0.124561,0.0028));
#5284=CARTESIAN_POINT('',(0.319775,-0.124561,0.0028));
#5285=CARTESIAN_POINT('',(0.319775,-0.04301,0.0028));
#5286=CARTESIAN_POINT('',(0.319775,0.0577,0.0028));
#5287=CARTESIAN_POINT('',(0.313293,-0.04301,0.0028));
#5288=CARTESIAN_POINT('',(0.30560944947177,-0.04301,0.0028));
#5289=CARTESIAN_POINT('',(0.30343,-0.03851,0.0028));
#5290=CARTESIAN_POINT('',(0.30343,-0.04351,0.0028));
#5291=CARTESIAN_POINT('',(0.313293,-0.04351,0.0028));
#5292=CARTESIAN_POINT('',(0.15857,-0.04351,0.0028));
#5293=CARTESIAN_POINT('',(0.15857,-0.03851,0.0028));
#5294=CARTESIAN_POINT('',(0.15639055052823,-0.04301,0.0028));
#5295=CARTESIAN_POINT('',(0.313293,-0.04301,0.0028));
#5296=CARTESIAN_POINT('',(0.150225,-0.04301,0.0028));
#5297=CARTESIAN_POINT('',(0.150225,-0.124561,0.0028));
#5298=CARTESIAN_POINT('',(0.150225,0.0577,0.0028));
#5299=CARTESIAN_POINT('',(0.313293,0.0577,0.0028));
#5300=CARTESIAN_POINT('',(0.15857,-0.03851,0.0028));
#5301=CARTESIAN_POINT('',(0.15639055052823,-0.04301,0.00280000000000002));
#5302=CARTESIAN_POINT('',(0.157080607774181,-0.04301,0.00249921101996403));
#5303=CARTESIAN_POINT('',(0.157825179123982,-0.04301,0.00229999999999998));
#5304=CARTESIAN_POINT('',(0.15857,-0.04301,0.00229999999999998));
#5305=CARTESIAN_POINT('',(0.15857,-0.04301,0.00229999999999997));
#5306=CARTESIAN_POINT('',(0.15857,-0.04251,0.00179999999999998));
#5307=CARTESIAN_POINT('',(0.15457,-0.04251,0.00179999999999998));
#5308=CARTESIAN_POINT('',(0.30343,-0.04351,0.0028));
#5309=CARTESIAN_POINT('',(0.30343,-0.04301,0.00230000000000004));
#5310=CARTESIAN_POINT('',(0.15457,-0.04301,0.00229999999999997));
#5311=CARTESIAN_POINT('',(0.30343,-0.03851,0.0028));
#5312=CARTESIAN_POINT('',(0.30343,-0.04301,0.00230000000000002));
#5313=CARTESIAN_POINT('',(0.304181739356014,-0.04301,0.00230000000000002));
#5314=CARTESIAN_POINT('',(0.30491780556425,-0.04301,0.00249851941022017));
#5315=CARTESIAN_POINT('',(0.30560944947177,-0.04301,0.00280000000000008));
#5316=CARTESIAN_POINT('',(0.148707,-0.137061,0.0028));
#5317=CARTESIAN_POINT('',(0.148707,-0.137061,-0.01299));
#5318=CARTESIAN_POINT('',(0.312543,-0.137061,-0.01299));
#5319=CARTESIAN_POINT('',(0.149457,-0.137061,-0.01299));
#5320=CARTESIAN_POINT('',(0.149457,-0.137061,0.0028));
#5321=CARTESIAN_POINT('',(0.312543,-0.137061,-0.0363245237791561));
#5322=CARTESIAN_POINT('',(0.313293,-0.124561,0.0028));
#5323=CARTESIAN_POINT('',(0.325770479713468,-0.125311,0.0028));
#5324=CARTESIAN_POINT('',(0.325770479713468,-0.125311,-0.01299));
#5325=CARTESIAN_POINT('',(0.313293,-0.124561,-0.01299));
#5326=CARTESIAN_POINT('',(0.148707,-0.124561,0.0028));
#5327=CARTESIAN_POINT('',(0.147957,-0.137038479713468,0.0028));
#5328=CARTESIAN_POINT('',(0.147957,-0.137038479713468,-0.01299));
#5329=CARTESIAN_POINT('',(0.148707,-0.124561,-0.01299));
#5330=CARTESIAN_POINT('',(0.325793,0.07329,0.0028));
#5331=CARTESIAN_POINT('',(0.325793,0.09329,0.0028));
#5332=CARTESIAN_POINT('',(0.325793,0.09329,-0.01299));
#5333=CARTESIAN_POINT('',(0.325793,0.07329,-0.01299));
#5334=CARTESIAN_POINT('',(0.325793,-0.123811,-0.01299));
#5335=CARTESIAN_POINT('',(0.325793,-0.123811,0.0028));
#5336=CARTESIAN_POINT('',(0.133707,0.07329,0.0028));
#5337=CARTESIAN_POINT('',(0.133707,0.07329,0.00180000000000003));
#5338=CARTESIAN_POINT('',(0.133707,-0.124561,0.00180000000000003));
#5339=CARTESIAN_POINT('',(0.133707,0.09329,0.00180000000000003));
#5340=CARTESIAN_POINT('',(0.133707,0.09329,0.0028));
#5341=CARTESIAN_POINT('',(0.133707,0.09329,-0.01144));
#5342=CARTESIAN_POINT('',(0.133707,0.,-0.01144));
#5343=CARTESIAN_POINT('',(0.133707,-0.124561,-0.01144));
#5344=CARTESIAN_POINT('',(0.133707,-0.124561,0.0028));
#5345=CARTESIAN_POINT('',(0.148707,-0.139561,0.0028));
#5346=CARTESIAN_POINT('',(0.313293,-0.139561,0.0028));
#5347=CARTESIAN_POINT('',(0.313293,-0.139561,0.00180000000000003));
#5348=CARTESIAN_POINT('',(0.313293,-0.139561,-0.01144));
#5349=CARTESIAN_POINT('',(0.148707,-0.139561,0.00180000000000003));
#5350=CARTESIAN_POINT('',(0.148707,-0.139561,0.00180000000000005));
#5351=CARTESIAN_POINT('',(0.148707,-0.139561,0.0028));
#5352=CARTESIAN_POINT('',(0.148707,-0.139561,-0.01144));
#5353=CARTESIAN_POINT('',(0.231,-0.139561,-0.01144));
#5354=CARTESIAN_POINT('',(0.313293,-0.124561,0.0028));
#5355=CARTESIAN_POINT('',(0.328293,-0.124561,0.0028));
#5356=CARTESIAN_POINT('',(0.328293,-0.124561,0.00180000000000002));
#5357=CARTESIAN_POINT('',(0.328293,-0.124561,-0.01144));
#5358=CARTESIAN_POINT('',(0.313293,-0.124561,0.00180000000000003));
#5359=CARTESIAN_POINT('',(0.313293,-0.124561,-0.01144));
#5360=CARTESIAN_POINT('',(0.148707,-0.124561,0.0028));
#5361=CARTESIAN_POINT('',(0.148707,-0.124561,0.00180000000000003));
#5362=CARTESIAN_POINT('',(0.148707,-0.124561,-0.01144));
#5363=CARTESIAN_POINT('',(0.328293,0.07329,0.0028));
#5364=CARTESIAN_POINT('',(0.328293,0.,-0.01144));
#5365=CARTESIAN_POINT('',(0.328293,0.09329,-0.01144));
#5366=CARTESIAN_POINT('',(0.328293,0.09329,0.0028));
#5367=CARTESIAN_POINT('',(0.328293,0.09329,0.00180000000000003));
#5368=CARTESIAN_POINT('',(0.328293,0.07329,0.00180000000000003));
#5369=CARTESIAN_POINT('',(0.231,0.,-0.01144));
#5370=CARTESIAN_POINT('',(0.148707,0.09329,-0.01144));
#5371=CARTESIAN_POINT('',(0.148707,0.10829,-0.01144));
#5372=CARTESIAN_POINT('',(0.231,0.10829,-0.01144));
#5373=CARTESIAN_POINT('',(0.313293,0.10829,-0.01144));
#5374=CARTESIAN_POINT('',(0.313293,0.09329,-0.01144));
#5375=CARTESIAN_POINT('',(0.327048236519479,0.07329,-0.01144));
#5376=CARTESIAN_POINT('',(0.327048236519479,0.09329,-0.01144));
#5377=CARTESIAN_POINT('',(0.327048236519479,-0.124561,-0.01144));
#5378=CARTESIAN_POINT('',(0.313293,0.09329,-0.01144));
#5379=CARTESIAN_POINT('',(0.313293,0.107045236519478,-0.01144));
#5380=CARTESIAN_POINT('',(0.148707,0.107045236519478,-0.01144));
#5381=CARTESIAN_POINT('',(0.148707,0.107045236519478,-0.01144));
#5382=CARTESIAN_POINT('',(0.148707,0.09329,-0.01144));
#5383=CARTESIAN_POINT('',(0.134951763480521,0.09329,-0.01144));
#5384=CARTESIAN_POINT('',(0.134951763480521,-0.124561,-0.01144));
#5385=CARTESIAN_POINT('',(0.134951763480521,-0.124561,-0.01144));
#5386=CARTESIAN_POINT('',(0.148707,-0.124561,-0.01144));
#5387=CARTESIAN_POINT('',(0.148707,-0.138316236519478,-0.01144));
#5388=CARTESIAN_POINT('',(0.313293,-0.138316236519478,-0.01144));
#5389=CARTESIAN_POINT('',(0.313293,-0.138316236519478,-0.01144));
#5390=CARTESIAN_POINT('',(0.313293,-0.124561,-0.01144));
#5391=CARTESIAN_POINT('',(0.136207,0.07329,0.0028));
#5392=CARTESIAN_POINT('',(0.136207,0.07329,-0.01299));
#5393=CARTESIAN_POINT('',(0.136207,-0.123811,-0.01299));
#5394=CARTESIAN_POINT('',(0.136207,0.09329,-0.01299));
#5395=CARTESIAN_POINT('',(0.136207,0.09329,0.0028));
#5396=CARTESIAN_POINT('',(0.136207,-0.123811,-0.0363245237791561));
#5397=CARTESIAN_POINT('',(0.313293,0.07329,-0.01299));
#5398=CARTESIAN_POINT('',(0.148707,-0.124561,-0.01299));
#5399=CARTESIAN_POINT('',(0.146257,-0.124561,-0.01299));
#5400=CARTESIAN_POINT('',(0.148707,0.09329,-0.01299));
#5401=CARTESIAN_POINT('',(0.146257,0.09329,-0.01299));
#5402=CARTESIAN_POINT('',(0.313293,-0.124561,-0.01299));
#5403=CARTESIAN_POINT('',(0.310843,-0.124561,-0.01299));
#5404=CARTESIAN_POINT('',(0.313293,0.09329,-0.01299));
#5405=CARTESIAN_POINT('',(0.311318,0.09329,-0.01299));
#5406=CARTESIAN_POINT('',(0.13497881883116,0.07329,-0.01299));
#5407=CARTESIAN_POINT('',(0.13497881883116,-0.124561,-0.01299));
#5408=CARTESIAN_POINT('',(0.13497881883116,0.09329,-0.01299));
#5409=CARTESIAN_POINT('',(0.148707,0.09329,-0.01299));
#5410=CARTESIAN_POINT('',(0.148707,0.10701818116884,-0.01299));
#5411=CARTESIAN_POINT('',(0.313293,0.10701818116884,-0.01299));
#5412=CARTESIAN_POINT('',(0.313293,0.10701818116884,-0.01299));
#5413=CARTESIAN_POINT('',(0.313293,0.09329,-0.01299));
#5414=CARTESIAN_POINT('',(0.327021181168839,0.09329,-0.01299));
#5415=CARTESIAN_POINT('',(0.327021181168839,0.07329,-0.01299));
#5416=CARTESIAN_POINT('',(0.327021181168839,-0.124561,-0.01299));
#5417=CARTESIAN_POINT('',(0.313293,-0.124561,-0.01299));
#5418=CARTESIAN_POINT('',(0.313293,-0.13828918116884,-0.01299));
#5419=CARTESIAN_POINT('',(0.313293,-0.13828918116884,-0.01299));
#5420=CARTESIAN_POINT('',(0.148707,-0.13828918116884,-0.01299));
#5421=CARTESIAN_POINT('',(0.148707,-0.124561,-0.01299));
#5422=CARTESIAN_POINT('',(0.313293,0.09329,-0.01299));
#5423=CARTESIAN_POINT('',(0.314043,0.105767479713468,-0.01299));
#5424=CARTESIAN_POINT('',(0.314043,0.09329,-0.01299));
#5425=CARTESIAN_POINT('',(0.314043,0.0982334299833213,-0.01299));
#5426=CARTESIAN_POINT('',(0.313293,0.09329,-0.01299));
#5427=CARTESIAN_POINT('',(0.312543,0.0982334299833213,-0.01299));
#5428=CARTESIAN_POINT('',(0.312543,0.09329,-0.01299));
#5429=CARTESIAN_POINT('',(0.312543,0.10579,-0.01299));
#5430=CARTESIAN_POINT('',(0.148707,0.10579,-0.01299));
#5431=CARTESIAN_POINT('',(0.149457,0.10579,-0.01299));
#5432=CARTESIAN_POINT('',(0.149457,0.09329,-0.01299));
#5433=CARTESIAN_POINT('',(0.149457,0.0982334299833213,-0.01299));
#5434=CARTESIAN_POINT('',(0.148707,0.09329,-0.01299));
#5435=CARTESIAN_POINT('',(0.147957,0.0982334299833213,-0.01299));
#5436=CARTESIAN_POINT('',(0.147957,0.09329,-0.01299));
#5437=CARTESIAN_POINT('',(0.147957,0.105767479713468,-0.01299));
#5438=CARTESIAN_POINT('',(0.148707,0.09329,-0.01299));
#5439=CARTESIAN_POINT('',(0.313293,-0.123811,-0.01299));
#5440=CARTESIAN_POINT('',(0.143763570016679,-0.123811,-0.01299));
#5441=CARTESIAN_POINT('',(0.148707,-0.124561,-0.01299));
#5442=CARTESIAN_POINT('',(0.149457,-0.129504429983321,-0.01299));
#5443=CARTESIAN_POINT('',(0.149457,0.07329,-0.01299));
#5444=CARTESIAN_POINT('',(0.312543,0.07329,-0.01299));
#5445=CARTESIAN_POINT('',(0.312543,-0.129504429983321,-0.01299));
#5446=CARTESIAN_POINT('',(0.313293,-0.124561,-0.01299));
#5447=CARTESIAN_POINT('',(0.318236429983321,-0.123811,-0.01299));
#5448=CARTESIAN_POINT('',(0.313293,-0.123811,-0.01299));
#5449=CARTESIAN_POINT('',(0.147957,0.07329,-0.01299));
#5450=CARTESIAN_POINT('',(0.147957,-0.129504429983321,-0.01299));
#5451=CARTESIAN_POINT('',(0.148707,-0.124561,-0.01299));
#5452=CARTESIAN_POINT('',(0.313293,-0.125311,-0.01299));
#5453=CARTESIAN_POINT('',(0.318236429983321,-0.125311,-0.01299));
#5454=CARTESIAN_POINT('',(0.313293,-0.124561,-0.01299));
#5455=CARTESIAN_POINT('',(0.327043,0.07329,-0.01174));
#5456=CARTESIAN_POINT('',(0.327043,0.09329,-0.01174));
#5457=CARTESIAN_POINT('',(0.327043,-0.124561,-0.01174));
#5458=CARTESIAN_POINT('',(0.313293,-0.124561,-0.01174));
#5459=CARTESIAN_POINT('',(0.313293,-0.138311,-0.01174));
#5460=CARTESIAN_POINT('',(0.313293,-0.138311,-0.01174));
#5461=CARTESIAN_POINT('',(0.148707,-0.138311,-0.01174));
#5462=CARTESIAN_POINT('',(0.148707,-0.124561,-0.01174));
#5463=CARTESIAN_POINT('',(0.134957,-0.124561,-0.01174));
#5464=CARTESIAN_POINT('',(0.134957,-0.124561,-0.01174));
#5465=CARTESIAN_POINT('',(0.134957,0.09329,-0.01174));
#5466=CARTESIAN_POINT('',(0.325793,-0.123811,-0.0363245237791561));
#5467=CARTESIAN_POINT('',(0.318236429983321,-0.123811,0.000302000000000005));
#5468=CARTESIAN_POINT('',(0.325793,-0.125311,-0.0363245237791561));
#5469=CARTESIAN_POINT('',(0.318236429983321,-0.125311,0.000302000000000005));
#5470=CARTESIAN_POINT('',(0.312543,-0.128490058411375,-0.0363245237791561));
#5471=CARTESIAN_POINT('',(0.312543,-0.129504429983321,0.000302000000000005));
#5472=CARTESIAN_POINT('',(0.149457,-0.128490058411375,-0.0363245237791561));
#5473=CARTESIAN_POINT('',(0.149457,-0.129504429983321,0.000302000000000005));
#5474=CARTESIAN_POINT('',(0.147957,-0.128490058411375,-0.0363245237791561));
#5475=CARTESIAN_POINT('',(0.147957,-0.129504429983321,0.000302000000000005));
#5476=CARTESIAN_POINT('',(0.136207,-0.123811,-0.0363245237791561));
#5477=CARTESIAN_POINT('',(0.143763570016679,-0.123811,0.000302000000000005));
#5478=CARTESIAN_POINT('',(0.327293,-0.124561,0.0028));
#5479=CARTESIAN_POINT('',(0.327293,0.09329,0.0028));
#5480=CARTESIAN_POINT('',(0.327293,-0.124561,0.0028));
#5481=CARTESIAN_POINT('',(0.313293,-0.124561,0.0028));
#5482=CARTESIAN_POINT('',(0.313293,-0.138561,0.0028));
#5483=CARTESIAN_POINT('',(0.313293,-0.138561,0.0028));
#5484=CARTESIAN_POINT('',(0.148707,-0.138561,0.0028));
#5485=CARTESIAN_POINT('',(0.148707,-0.124561,0.0028));
#5486=CARTESIAN_POINT('',(0.134707,-0.124561,0.0028));
#5487=CARTESIAN_POINT('',(0.134707,-0.124561,0.0028));
#5488=CARTESIAN_POINT('',(0.134707,0.09329,0.0028));
#5489=CARTESIAN_POINT('',(0.138341054562309,-0.109952545190849,0.0013));
#5490=CARTESIAN_POINT('',(0.138341054562309,-0.0522533584751217,0.0013));
#5491=CARTESIAN_POINT('',(0.138341054562309,-0.0522533584751217,0.0013));
#5492=CARTESIAN_POINT('',(0.138341054562309,-0.109952545190849,0.0013));
#5493=CARTESIAN_POINT('',(0.138341054562309,-0.119402505603817,0.0013));
#5494=CARTESIAN_POINT('',(0.138341054562309,-0.119402505603817,0.0013));
#5495=CARTESIAN_POINT('',(0.257163304109809,-0.0522533584751217,0.0013));
#5496=CARTESIAN_POINT('',(0.307119608219617,-0.0522533584751218,0.0013));
#5497=CARTESIAN_POINT('',(0.307119608219617,-0.0522533584751218,0.0013));
#5498=CARTESIAN_POINT('',(0.257163304109809,-0.0522533584751217,0.0013));
#5499=CARTESIAN_POINT('',(0.307119608219617,-0.0631666198804499,0.0013));
#5500=CARTESIAN_POINT('',(0.307119608219617,-0.128800985190403,0.0013));
#5501=CARTESIAN_POINT('',(0.307119608219617,-0.128800985190403,0.0013));
#5502=CARTESIAN_POINT('',(0.307119608219617,-0.0631666198804499,0.0013));
#5503=CARTESIAN_POINT('',(0.180519688705936,-0.128800985190403,0.0013));
#5504=CARTESIAN_POINT('',(0.153832377411872,-0.128800985190403,0.0013));
#5505=CARTESIAN_POINT('',(0.153832377411872,-0.128800985190403,0.0013));
#5506=CARTESIAN_POINT('',(0.180519688705936,-0.128800985190403,0.0013));
#5507=CARTESIAN_POINT('',(0.153832377411872,-0.12410174539711,0.0013));
#5508=CARTESIAN_POINT('',(0.153832377411872,-0.119402505603817,0.0013));
#5509=CARTESIAN_POINT('',(0.153832377411872,-0.119402505603817,0.0013));
#5510=CARTESIAN_POINT('',(0.153832377411872,-0.12410174539711,0.0013));
#5511=CARTESIAN_POINT('',(0.146086715987091,-0.119402505603817,0.0013));
#5512=CARTESIAN_POINT('',(0.146086715987091,-0.119402505603817,0.0013));
#5513=CARTESIAN_POINT('',(0.231,-0.0256355,0.0013));
#5514=CARTESIAN_POINT('',(0.313293,0.10729,0.0028));
#5515=CARTESIAN_POINT('',(0.313293,0.10729,0.0028));
#5516=CARTESIAN_POINT('',(0.313293,0.10829,0.00180000000000004));
#5517=CARTESIAN_POINT('',(0.148707,0.10829,0.00180000000000003));
#5518=CARTESIAN_POINT('',(0.148707,0.10829,0.00180000000000003));
#5519=CARTESIAN_POINT('',(0.148707,0.10729,0.0028));
#5520=CARTESIAN_POINT('',(0.313293,0.09329,0.0028));
#5521=CARTESIAN_POINT('',(0.313293,0.10829,0.0028));
#5522=CARTESIAN_POINT('',(0.313293,0.09329,0.00180000000000003));
#5523=CARTESIAN_POINT('',(0.148707,0.10829,0.0028));
#5524=CARTESIAN_POINT('',(0.148707,0.10829,0.0028));
#5525=CARTESIAN_POINT('',(0.148707,0.09329,0.0028));
#5526=CARTESIAN_POINT('',(0.148707,0.09329,0.00180000000000003));
#5527=CARTESIAN_POINT('',(0.148707,0.10704,-0.01174));
#5528=CARTESIAN_POINT('',(0.313293,0.10704,-0.01174));
#5529=CARTESIAN_POINT('',(0.148707,0.10704,-0.01174));
#5530=CARTESIAN_POINT('',(0.148707,0.09329,0.0028));
#5531=CARTESIAN_POINT('',(0.147957,0.105767479713468,0.0028));
#5532=CARTESIAN_POINT('',(0.147957,0.10579,-0.0363245237791561));
#5533=CARTESIAN_POINT('',(0.147957,0.0982334299833213,0.000302000000000005));
#5534=CARTESIAN_POINT('',(0.149457,0.10579,-0.0363245237791561));
#5535=CARTESIAN_POINT('',(0.149457,0.0982334299833213,0.000302000000000005));
#5536=CARTESIAN_POINT('',(0.149457,0.10579,-0.0363245237791561));
#5537=CARTESIAN_POINT('',(0.148707,0.10579,0.0028));
#5538=CARTESIAN_POINT('',(0.312543,0.10579,0.0028));
#5539=CARTESIAN_POINT('',(0.312543,0.10579,-0.0363245237791561));
#5540=CARTESIAN_POINT('',(0.312543,0.0982334299833213,0.000302000000000005));
#5541=CARTESIAN_POINT('',(0.314043,0.10579,-0.0363245237791561));
#5542=CARTESIAN_POINT('',(0.314043,0.0982334299833213,0.000302000000000005));
#5543=CARTESIAN_POINT('',(0.314043,0.105767479713468,0.0028));
#5544=CARTESIAN_POINT('',(0.313293,0.09329,0.0028));
#5545=CARTESIAN_POINT('',(0.313293,0.09329,-0.01174));
#5546=CARTESIAN_POINT('',(0.148707,0.09329,-0.01174));
#5547=CARTESIAN_POINT('',(0.313293,0.09329,0.0028));
#5548=CARTESIAN_POINT('',(0.148707,0.09329,0.0028));
#5549=CARTESIAN_POINT('',(0.231,0.0577,0.0253));
#5550=CARTESIAN_POINT('',(0.150225,0.0577,0.0253));
#5551=CARTESIAN_POINT('',(0.231,0.0577,0.000300000000000005));
#5552=CARTESIAN_POINT('',(0.231,0.0577,0.000300000000000005));
#5553=CARTESIAN_POINT('',(0.319775,0.0577,0.0253));
#5554=CARTESIAN_POINT('',(0.231,-0.04301,0.0253));
#5555=CARTESIAN_POINT('',(0.150225,-0.04301,0.0253));
#5556=CARTESIAN_POINT('',(0.319775,-0.04301,0.0253));
#5557=CARTESIAN_POINT('',(0.231,-0.04301,0.000300000000000005));
#5558=CARTESIAN_POINT('',(0.231,-0.04301,0.000300000000000005));
#5559=CARTESIAN_POINT('',(0.156,-0.04751,-0.0067));
#5560=CARTESIAN_POINT('',(0.156,-0.037335,-0.0067));
#5561=CARTESIAN_POINT('',(0.156,-0.0412779491924311,-0.0067));
#5562=CARTESIAN_POINT('',(0.156,-0.02466,-0.0067));
#5563=CARTESIAN_POINT('',(0.156,-0.02466,-0.0067));
#5564=CARTESIAN_POINT('',(0.156,-0.02466,-0.0097));
#5565=CARTESIAN_POINT('',(0.156,-0.037335,-0.0097));
#5566=CARTESIAN_POINT('',(0.156,-0.05001,-0.0097));
#5567=CARTESIAN_POINT('',(0.156,-0.05001,0.000300000000000005));
#5568=CARTESIAN_POINT('',(0.156,-0.05001,-0.0007));
#5569=CARTESIAN_POINT('',(0.156,-0.04751,-0.0007));
#5570=CARTESIAN_POINT('',(0.156,-0.04501,-0.0007));
#5571=CARTESIAN_POINT('',(0.156,-0.04501,-0.0067));
#5572=CARTESIAN_POINT('',(0.156,-0.04501,-0.0057));
#5573=CARTESIAN_POINT('',(0.156,-0.04301,-0.0057));
#5574=CARTESIAN_POINT('',(0.1635,-0.04401,-0.0067));
#5575=CARTESIAN_POINT('',(0.1635,-0.04401,-0.0057));
#5576=CARTESIAN_POINT('',(0.165,-0.04401,-0.0057));
#5577=CARTESIAN_POINT('',(0.157,-0.04401,-0.0057));
#5578=CARTESIAN_POINT('',(0.157,-0.04401,-0.0067));
#5579=CARTESIAN_POINT('',(0.157,-0.04401,-0.0007));
#5580=CARTESIAN_POINT('',(0.1635,-0.04401,-0.0007));
#5581=CARTESIAN_POINT('',(0.165,-0.04401,-0.0007));
#5582=CARTESIAN_POINT('',(0.165,-0.04401,-0.0067));
#5583=CARTESIAN_POINT('',(0.166,-0.04751,-0.0067));
#5584=CARTESIAN_POINT('',(0.166,-0.037335,-0.0097));
#5585=CARTESIAN_POINT('',(0.166,-0.05001,-0.0097));
#5586=CARTESIAN_POINT('',(0.166,-0.02466,-0.0097));
#5587=CARTESIAN_POINT('',(0.166,-0.02466,-0.0067));
#5588=CARTESIAN_POINT('',(0.166,-0.02466,-0.0067));
#5589=CARTESIAN_POINT('',(0.166,-0.037335,-0.0067));
#5590=CARTESIAN_POINT('',(0.166,-0.0412779491924311,-0.0067));
#5591=CARTESIAN_POINT('',(0.166,-0.04301,-0.0057));
#5592=CARTESIAN_POINT('',(0.166,-0.04501,-0.0057));
#5593=CARTESIAN_POINT('',(0.166,-0.04501,0.000300000000000005));
#5594=CARTESIAN_POINT('',(0.166,-0.04501,-0.0007));
#5595=CARTESIAN_POINT('',(0.166,-0.05101,-0.0007));
#5596=CARTESIAN_POINT('',(0.166,-0.05001,-0.0007));
#5597=CARTESIAN_POINT('',(0.166,-0.05001,-0.0067));
#5598=CARTESIAN_POINT('',(0.1635,-0.05101,-0.0067));
#5599=CARTESIAN_POINT('',(0.156,-0.05101,-0.0007));
#5600=CARTESIAN_POINT('',(0.165,-0.05101,-0.0007));
#5601=CARTESIAN_POINT('',(0.157,-0.05101,-0.0007));
#5602=CARTESIAN_POINT('',(0.157,-0.05101,-0.0097));
#5603=CARTESIAN_POINT('',(0.157,-0.05101,-0.0097));
#5604=CARTESIAN_POINT('',(0.161,-0.05101,-0.0097));
#5605=CARTESIAN_POINT('',(0.165,-0.05101,-0.0097));
#5606=CARTESIAN_POINT('',(0.165,-0.05101,-0.0067));
#5607=CARTESIAN_POINT('',(0.2985,-0.04401,-0.0067));
#5608=CARTESIAN_POINT('',(0.2985,-0.04401,-0.0057));
#5609=CARTESIAN_POINT('',(0.305,-0.04401,-0.0057));
#5610=CARTESIAN_POINT('',(0.297,-0.04401,-0.0057));
#5611=CARTESIAN_POINT('',(0.297,-0.04401,-0.0067));
#5612=CARTESIAN_POINT('',(0.297,-0.04401,-0.0007));
#5613=CARTESIAN_POINT('',(0.2985,-0.04401,-0.0007));
#5614=CARTESIAN_POINT('',(0.305,-0.04401,-0.0007));
#5615=CARTESIAN_POINT('',(0.305,-0.04401,-0.0067));
#5616=CARTESIAN_POINT('',(0.306,-0.04751,-0.0067));
#5617=CARTESIAN_POINT('',(0.306,-0.037335,-0.0097));
#5618=CARTESIAN_POINT('',(0.306,-0.05001,-0.0097));
#5619=CARTESIAN_POINT('',(0.306,-0.02466,-0.0097));
#5620=CARTESIAN_POINT('',(0.306,-0.02466,-0.0067));
#5621=CARTESIAN_POINT('',(0.306,-0.02466,-0.0067));
#5622=CARTESIAN_POINT('',(0.306,-0.037335,-0.0067));
#5623=CARTESIAN_POINT('',(0.306,-0.0412779491924312,-0.0067));
#5624=CARTESIAN_POINT('',(0.306,-0.04301,-0.0057));
#5625=CARTESIAN_POINT('',(0.306,-0.04501,-0.0057));
#5626=CARTESIAN_POINT('',(0.306,-0.04501,0.000300000000000005));
#5627=CARTESIAN_POINT('',(0.306,-0.04501,-0.0007));
#5628=CARTESIAN_POINT('',(0.306,-0.05101,-0.0007));
#5629=CARTESIAN_POINT('',(0.306,-0.05001,-0.0007));
#5630=CARTESIAN_POINT('',(0.306,-0.05001,-0.0067));
#5631=CARTESIAN_POINT('',(0.2985,-0.05101,-0.0067));
#5632=CARTESIAN_POINT('',(0.301,-0.05101,-0.0097));
#5633=CARTESIAN_POINT('',(0.305,-0.05101,-0.0097));
#5634=CARTESIAN_POINT('',(0.297,-0.05101,-0.0097));
#5635=CARTESIAN_POINT('',(0.305,-0.05101,-0.0067));
#5636=CARTESIAN_POINT('',(0.305,-0.05101,-0.0007));
#5637=CARTESIAN_POINT('',(0.296,-0.05101,-0.0007));
#5638=CARTESIAN_POINT('',(0.297,-0.05101,-0.0007));
#5639=CARTESIAN_POINT('',(0.297,-0.05101,-0.0097));
#5640=CARTESIAN_POINT('',(0.296,-0.04751,-0.0067));
#5641=CARTESIAN_POINT('',(0.296,-0.037335,-0.0067));
#5642=CARTESIAN_POINT('',(0.296,-0.0412779491924312,-0.0067));
#5643=CARTESIAN_POINT('',(0.296,-0.02466,-0.0067));
#5644=CARTESIAN_POINT('',(0.296,-0.02466,-0.0067));
#5645=CARTESIAN_POINT('',(0.296,-0.02466,-0.0097));
#5646=CARTESIAN_POINT('',(0.296,-0.037335,-0.0097));
#5647=CARTESIAN_POINT('',(0.296,-0.05001,-0.0097));
#5648=CARTESIAN_POINT('',(0.296,-0.05001,0.000300000000000005));
#5649=CARTESIAN_POINT('',(0.296,-0.05001,-0.0007));
#5650=CARTESIAN_POINT('',(0.296,-0.04751,-0.0007));
#5651=CARTESIAN_POINT('',(0.296,-0.04501,-0.0007));
#5652=CARTESIAN_POINT('',(0.296,-0.04501,-0.0067));
#5653=CARTESIAN_POINT('',(0.296,-0.04501,-0.0057));
#5654=CARTESIAN_POINT('',(0.296,-0.04301,-0.0057));
#5655=CARTESIAN_POINT('',(0.3035,0.0587,-0.0067));
#5656=CARTESIAN_POINT('',(0.296,0.0587,-0.0007));
#5657=CARTESIAN_POINT('',(0.305,0.0587,-0.0007));
#5658=CARTESIAN_POINT('',(0.297,0.0587,-0.0007));
#5659=CARTESIAN_POINT('',(0.297,0.0587,-0.0067));
#5660=CARTESIAN_POINT('',(0.297,0.0587,-0.0057));
#5661=CARTESIAN_POINT('',(0.306,0.0587,-0.0057));
#5662=CARTESIAN_POINT('',(0.305,0.0587,-0.0057));
#5663=CARTESIAN_POINT('',(0.305,0.0587,-0.0067));
#5664=CARTESIAN_POINT('',(0.296,0.0622,-0.0067));
#5665=CARTESIAN_POINT('',(0.296,0.05195,-0.0097));
#5666=CARTESIAN_POINT('',(0.296,0.0647,-0.0097));
#5667=CARTESIAN_POINT('',(0.296,0.0392,-0.0097));
#5668=CARTESIAN_POINT('',(0.296,0.0392,-0.0067));
#5669=CARTESIAN_POINT('',(0.296,0.0392,-0.0067));
#5670=CARTESIAN_POINT('',(0.296,0.05195,-0.0067));
#5671=CARTESIAN_POINT('',(0.296,0.0559679491924311,-0.0067));
#5672=CARTESIAN_POINT('',(0.296,0.0577,-0.0057));
#5673=CARTESIAN_POINT('',(0.296,0.0597,-0.0057));
#5674=CARTESIAN_POINT('',(0.296,0.0597,0.000300000000000005));
#5675=CARTESIAN_POINT('',(0.296,0.0597,-0.0007));
#5676=CARTESIAN_POINT('',(0.296,0.0622,-0.0007));
#5677=CARTESIAN_POINT('',(0.296,0.0647,-0.0007));
#5678=CARTESIAN_POINT('',(0.296,0.0647,-0.0067));
#5679=CARTESIAN_POINT('',(0.3035,0.0657,-0.0067));
#5680=CARTESIAN_POINT('',(0.301,0.0657,-0.0097));
#5681=CARTESIAN_POINT('',(0.297,0.0657,-0.0097));
#5682=CARTESIAN_POINT('',(0.305,0.0657,-0.0097));
#5683=CARTESIAN_POINT('',(0.297,0.0657,-0.0067));
#5684=CARTESIAN_POINT('',(0.297,0.0657,-0.0007));
#5685=CARTESIAN_POINT('',(0.3035,0.0657,-0.0007));
#5686=CARTESIAN_POINT('',(0.305,0.0657,-0.0007));
#5687=CARTESIAN_POINT('',(0.305,0.0657,-0.0097));
#5688=CARTESIAN_POINT('',(0.306,0.0622,-0.0067));
#5689=CARTESIAN_POINT('',(0.306,0.05195,-0.0067));
#5690=CARTESIAN_POINT('',(0.306,0.0559679491924311,-0.0067));
#5691=CARTESIAN_POINT('',(0.306,0.0392,-0.0067));
#5692=CARTESIAN_POINT('',(0.306,0.0392,-0.0097));
#5693=CARTESIAN_POINT('',(0.306,0.0392,-0.0097));
#5694=CARTESIAN_POINT('',(0.306,0.05195,-0.0097));
#5695=CARTESIAN_POINT('',(0.306,0.0647,-0.0097));
#5696=CARTESIAN_POINT('',(0.306,0.0647,0.000300000000000005));
#5697=CARTESIAN_POINT('',(0.306,0.0647,-0.0007));
#5698=CARTESIAN_POINT('',(0.306,0.0587,-0.0007));
#5699=CARTESIAN_POINT('',(0.306,0.0597,-0.0007));
#5700=CARTESIAN_POINT('',(0.306,0.0597,-0.0067));
#5701=CARTESIAN_POINT('',(0.306,0.0597,-0.0057));
#5702=CARTESIAN_POINT('',(0.306,0.0577,-0.0057));
#5703=CARTESIAN_POINT('',(0.1635,0.0587,-0.0067));
#5704=CARTESIAN_POINT('',(0.156,0.0587,-0.0007));
#5705=CARTESIAN_POINT('',(0.165,0.0587,-0.0007));
#5706=CARTESIAN_POINT('',(0.157,0.0587,-0.0007));
#5707=CARTESIAN_POINT('',(0.157,0.0587,-0.0067));
#5708=CARTESIAN_POINT('',(0.157,0.0587,-0.0057));
#5709=CARTESIAN_POINT('',(0.166,0.0587,-0.0057));
#5710=CARTESIAN_POINT('',(0.165,0.0587,-0.0057));
#5711=CARTESIAN_POINT('',(0.165,0.0587,-0.0067));
#5712=CARTESIAN_POINT('',(0.156,0.0622,-0.0067));
#5713=CARTESIAN_POINT('',(0.156,0.05195,-0.0097));
#5714=CARTESIAN_POINT('',(0.156,0.0647,-0.0097));
#5715=CARTESIAN_POINT('',(0.156,0.0392,-0.0097));
#5716=CARTESIAN_POINT('',(0.156,0.0392,-0.0067));
#5717=CARTESIAN_POINT('',(0.156,0.0392,-0.0067));
#5718=CARTESIAN_POINT('',(0.156,0.05195,-0.0067));
#5719=CARTESIAN_POINT('',(0.156,0.0559679491924311,-0.0067));
#5720=CARTESIAN_POINT('',(0.156,0.0577,-0.0057));
#5721=CARTESIAN_POINT('',(0.156,0.0597,-0.0057));
#5722=CARTESIAN_POINT('',(0.156,0.0597,0.000300000000000005));
#5723=CARTESIAN_POINT('',(0.156,0.0597,-0.0007));
#5724=CARTESIAN_POINT('',(0.156,0.0622,-0.0007));
#5725=CARTESIAN_POINT('',(0.156,0.0647,-0.0007));
#5726=CARTESIAN_POINT('',(0.156,0.0647,-0.0067));
#5727=CARTESIAN_POINT('',(0.1635,0.0657,-0.0067));
#5728=CARTESIAN_POINT('',(0.1635,0.0657,-0.0097));
#5729=CARTESIAN_POINT('',(0.165,0.0657,-0.0097));
#5730=CARTESIAN_POINT('',(0.157,0.0657,-0.0097));
#5731=CARTESIAN_POINT('',(0.157,0.0657,-0.0067));
#5732=CARTESIAN_POINT('',(0.157,0.0657,-0.0007));
#5733=CARTESIAN_POINT('',(0.1635,0.0657,-0.0007));
#5734=CARTESIAN_POINT('',(0.165,0.0657,-0.0007));
#5735=CARTESIAN_POINT('',(0.165,0.0657,-0.0097));
#5736=CARTESIAN_POINT('',(0.166,0.0622,-0.0067));
#5737=CARTESIAN_POINT('',(0.166,0.05195,-0.0067));
#5738=CARTESIAN_POINT('',(0.166,0.0559679491924311,-0.0067));
#5739=CARTESIAN_POINT('',(0.166,0.0392,-0.0067));
#5740=CARTESIAN_POINT('',(0.166,0.0392,-0.0097));
#5741=CARTESIAN_POINT('',(0.166,0.0392,-0.0097));
#5742=CARTESIAN_POINT('',(0.166,0.05195,-0.0097));
#5743=CARTESIAN_POINT('',(0.166,0.0647,-0.0097));
#5744=CARTESIAN_POINT('',(0.166,0.0647,0.000300000000000005));
#5745=CARTESIAN_POINT('',(0.166,0.0647,-0.0007));
#5746=CARTESIAN_POINT('',(0.166,0.0587,-0.0007));
#5747=CARTESIAN_POINT('',(0.166,0.0597,-0.0007));
#5748=CARTESIAN_POINT('',(0.166,0.0597,-0.0067));
#5749=CARTESIAN_POINT('',(0.166,0.0597,-0.0057));
#5750=CARTESIAN_POINT('',(0.166,0.0577,-0.0057));
#5751=CARTESIAN_POINT('',(0.231,0.007345,-0.0067));
#5752=CARTESIAN_POINT('',(0.156,0.0577,-0.0067));
#5753=CARTESIAN_POINT('',(0.165,0.0577,-0.0067));
#5754=CARTESIAN_POINT('',(0.157,0.0577,-0.0067));
#5755=CARTESIAN_POINT('',(0.156,0.0559679491924311,-0.0067));
#5756=CARTESIAN_POINT('',(0.156,0.0563146032983812,-0.0067));
#5757=CARTESIAN_POINT('',(0.156267154570762,0.0569678366421821,-0.0067));
#5758=CARTESIAN_POINT('',(0.156758702272301,0.0574587010657973,-0.0067));
#5759=CARTESIAN_POINT('',(0.157,0.0577,-0.0067));
#5760=CARTESIAN_POINT('',(0.157,0.0392,-0.0067));
#5761=CARTESIAN_POINT('',(0.157,0.0382,-0.0067));
#5762=CARTESIAN_POINT('',(0.161,0.0382,-0.0067));
#5763=CARTESIAN_POINT('',(0.165,0.0382,-0.0067));
#5764=CARTESIAN_POINT('',(0.165,0.0392,-0.0067));
#5765=CARTESIAN_POINT('',(0.166,0.0559679491924311,-0.0067));
#5766=CARTESIAN_POINT('',(0.166,0.0563146032983812,-0.0067));
#5767=CARTESIAN_POINT('',(0.165732845429239,0.0569678366421824,-0.0067));
#5768=CARTESIAN_POINT('',(0.165241297727699,0.0574587010657965,-0.0067));
#5769=CARTESIAN_POINT('',(0.165,0.0577,-0.0067));
#5770=CARTESIAN_POINT('',(0.161,0.0382,-0.0097));
#5771=CARTESIAN_POINT('',(0.157,0.0382,-0.0097));
#5772=CARTESIAN_POINT('',(0.157,0.0382,-0.0097));
#5773=CARTESIAN_POINT('',(0.161,0.0382,-0.0097));
#5774=CARTESIAN_POINT('',(0.165,0.0382,-0.0097));
#5775=CARTESIAN_POINT('',(0.165,0.0382,-0.0067));
#5776=CARTESIAN_POINT('',(0.231,0.007345,-0.0097));
#5777=CARTESIAN_POINT('',(0.161,0.0427,-0.0097));
#5778=CARTESIAN_POINT('',(0.15875,0.0427,-0.0097));
#5779=CARTESIAN_POINT('',(0.157,0.0392,-0.0097));
#5780=CARTESIAN_POINT('',(0.157,0.0647,-0.0097));
#5781=CARTESIAN_POINT('',(0.165,0.0647,-0.0097));
#5782=CARTESIAN_POINT('',(0.165,0.0392,-0.0097));
#5783=CARTESIAN_POINT('',(0.231,0.007345,-0.0067));
#5784=CARTESIAN_POINT('',(0.296,0.0577,-0.0067));
#5785=CARTESIAN_POINT('',(0.305,0.0577,-0.0067));
#5786=CARTESIAN_POINT('',(0.297,0.0577,-0.0067));
#5787=CARTESIAN_POINT('',(0.296,0.0559679491924311,-0.0067));
#5788=CARTESIAN_POINT('',(0.296,0.0563146032983812,-0.0067));
#5789=CARTESIAN_POINT('',(0.296267154570762,0.0569678366421821,-0.0067));
#5790=CARTESIAN_POINT('',(0.296758702272301,0.0574587010657973,-0.0067));
#5791=CARTESIAN_POINT('',(0.297,0.0577,-0.0067));
#5792=CARTESIAN_POINT('',(0.297,0.0392,-0.0067));
#5793=CARTESIAN_POINT('',(0.297,0.0382,-0.0067));
#5794=CARTESIAN_POINT('',(0.301,0.0382,-0.0067));
#5795=CARTESIAN_POINT('',(0.305,0.0382,-0.0067));
#5796=CARTESIAN_POINT('',(0.305,0.0392,-0.0067));
#5797=CARTESIAN_POINT('',(0.306,0.0559679491924311,-0.0067));
#5798=CARTESIAN_POINT('',(0.306,0.0563146032983812,-0.0067));
#5799=CARTESIAN_POINT('',(0.305732845429238,0.0569678366421813,-0.0067));
#5800=CARTESIAN_POINT('',(0.305241297727701,0.0574587010657988,-0.0067));
#5801=CARTESIAN_POINT('',(0.305,0.0577,-0.0067));
#5802=CARTESIAN_POINT('',(0.301,0.0382,-0.0097));
#5803=CARTESIAN_POINT('',(0.301,0.0382,-0.0097));
#5804=CARTESIAN_POINT('',(0.297,0.0382,-0.0097));
#5805=CARTESIAN_POINT('',(0.305,0.0382,-0.0097));
#5806=CARTESIAN_POINT('',(0.305,0.0382,-0.0067));
#5807=CARTESIAN_POINT('',(0.297,0.0382,-0.0097));
#5808=CARTESIAN_POINT('',(0.231,0.007345,-0.0097));
#5809=CARTESIAN_POINT('',(0.301,0.0427,-0.0097));
#5810=CARTESIAN_POINT('',(0.29875,0.0427,-0.0097));
#5811=CARTESIAN_POINT('',(0.297,0.0647,-0.0097));
#5812=CARTESIAN_POINT('',(0.305,0.0647,-0.0097));
#5813=CARTESIAN_POINT('',(0.305,0.0392,-0.0097));
#5814=CARTESIAN_POINT('',(0.297,0.0392,-0.0097));
#5815=CARTESIAN_POINT('',(0.301,-0.02366,-0.0097));
#5816=CARTESIAN_POINT('',(0.301,-0.02366,-0.0097));
#5817=CARTESIAN_POINT('',(0.305,-0.02366,-0.0097));
#5818=CARTESIAN_POINT('',(0.297,-0.02366,-0.0097));
#5819=CARTESIAN_POINT('',(0.297,-0.02366,-0.0097));
#5820=CARTESIAN_POINT('',(0.297,-0.02366,-0.0067));
#5821=CARTESIAN_POINT('',(0.301,-0.02366,-0.0067));
#5822=CARTESIAN_POINT('',(0.305,-0.02366,-0.0067));
#5823=CARTESIAN_POINT('',(0.305,-0.02366,-0.0097));
#5824=CARTESIAN_POINT('',(0.231,0.007345,-0.0097));
#5825=CARTESIAN_POINT('',(0.301,-0.02801,-0.0097));
#5826=CARTESIAN_POINT('',(0.29875,-0.02801,-0.0097));
#5827=CARTESIAN_POINT('',(0.305,-0.05001,-0.0097));
#5828=CARTESIAN_POINT('',(0.297,-0.05001,-0.0097));
#5829=CARTESIAN_POINT('',(0.297,-0.02466,-0.0097));
#5830=CARTESIAN_POINT('',(0.305,-0.02466,-0.0097));
#5831=CARTESIAN_POINT('',(0.231,0.007345,-0.0067));
#5832=CARTESIAN_POINT('',(0.296,-0.0412779491924312,-0.0067));
#5833=CARTESIAN_POINT('',(0.296,-0.0416246032983813,-0.0067));
#5834=CARTESIAN_POINT('',(0.296267154570762,-0.0422778366421814,-0.0067));
#5835=CARTESIAN_POINT('',(0.296758702272299,-0.0427687010657986,-0.0067));
#5836=CARTESIAN_POINT('',(0.297,-0.04301,-0.0067));
#5837=CARTESIAN_POINT('',(0.297,-0.04301,-0.0067));
#5838=CARTESIAN_POINT('',(0.231,-0.04301,-0.0067));
#5839=CARTESIAN_POINT('',(0.305,-0.04301,-0.0067));
#5840=CARTESIAN_POINT('',(0.306,-0.0412779491924312,-0.0067));
#5841=CARTESIAN_POINT('',(0.306,-0.0416246032983813,-0.0067));
#5842=CARTESIAN_POINT('',(0.305732845429237,-0.0422778366421807,-0.0067));
#5843=CARTESIAN_POINT('',(0.305241297727702,-0.0427687010658001,-0.0067));
#5844=CARTESIAN_POINT('',(0.305,-0.04301,-0.0067));
#5845=CARTESIAN_POINT('',(0.305,-0.02466,-0.0067));
#5846=CARTESIAN_POINT('',(0.297,-0.02466,-0.0067));
#5847=CARTESIAN_POINT('',(0.161,-0.02366,-0.0097));
#5848=CARTESIAN_POINT('',(0.161,-0.02366,-0.0097));
#5849=CARTESIAN_POINT('',(0.165,-0.02366,-0.0097));
#5850=CARTESIAN_POINT('',(0.157,-0.02366,-0.0097));
#5851=CARTESIAN_POINT('',(0.157,-0.02366,-0.0097));
#5852=CARTESIAN_POINT('',(0.157,-0.02366,-0.0067));
#5853=CARTESIAN_POINT('',(0.161,-0.02366,-0.0067));
#5854=CARTESIAN_POINT('',(0.165,-0.02366,-0.0067));
#5855=CARTESIAN_POINT('',(0.165,-0.02366,-0.0097));
#5856=CARTESIAN_POINT('',(0.231,0.007345,-0.0097));
#5857=CARTESIAN_POINT('',(0.161,-0.02801,-0.0097));
#5858=CARTESIAN_POINT('',(0.15875,-0.02801,-0.0097));
#5859=CARTESIAN_POINT('',(0.157,-0.05001,-0.0097));
#5860=CARTESIAN_POINT('',(0.157,-0.02466,-0.0097));
#5861=CARTESIAN_POINT('',(0.165,-0.02466,-0.0097));
#5862=CARTESIAN_POINT('',(0.165,-0.05001,-0.0097));
#5863=CARTESIAN_POINT('',(0.231,0.007345,-0.0067));
#5864=CARTESIAN_POINT('',(0.156,-0.0412779491924311,-0.0067));
#5865=CARTESIAN_POINT('',(0.156,-0.0416246032983812,-0.0067));
#5866=CARTESIAN_POINT('',(0.156267154570762,-0.0422778366421821,-0.0067));
#5867=CARTESIAN_POINT('',(0.156758702272301,-0.0427687010657973,-0.0067));
#5868=CARTESIAN_POINT('',(0.157,-0.04301,-0.0067));
#5869=CARTESIAN_POINT('',(0.157,-0.04301,-0.0067));
#5870=CARTESIAN_POINT('',(0.231,-0.04301,-0.0067));
#5871=CARTESIAN_POINT('',(0.165,-0.04301,-0.0067));
#5872=CARTESIAN_POINT('',(0.166,-0.0412779491924311,-0.0067));
#5873=CARTESIAN_POINT('',(0.166,-0.0416246032983812,-0.0067));
#5874=CARTESIAN_POINT('',(0.165732845429239,-0.0422778366421824,-0.0067));
#5875=CARTESIAN_POINT('',(0.165241297727699,-0.0427687010657965,-0.0067));
#5876=CARTESIAN_POINT('',(0.165,-0.04301,-0.0067));
#5877=CARTESIAN_POINT('',(0.165,-0.02466,-0.0067));
#5878=CARTESIAN_POINT('',(0.157,-0.02466,-0.0067));
#5879=CARTESIAN_POINT('',(0.1635,-0.04301,-0.0057));
#5880=CARTESIAN_POINT('',(0.165,-0.04301,-0.0057));
#5881=CARTESIAN_POINT('',(0.157,-0.04301,-0.0057));
#5882=CARTESIAN_POINT('',(0.165,-0.04301,-0.0057));
#5883=CARTESIAN_POINT('',(0.165,-0.04501,-0.0057));
#5884=CARTESIAN_POINT('',(0.157,-0.04301,-0.0057));
#5885=CARTESIAN_POINT('',(0.157,-0.04501,-0.0057));
#5886=CARTESIAN_POINT('',(0.165,-0.04501,-0.0067));
#5887=CARTESIAN_POINT('',(0.165,-0.04501,-0.0007));
#5888=CARTESIAN_POINT('',(0.157,-0.04501,-0.0067));
#5889=CARTESIAN_POINT('',(0.157,-0.04501,-0.0007));
#5890=CARTESIAN_POINT('',(0.313293,-0.04301,-0.0007));
#5891=CARTESIAN_POINT('',(0.157,-0.04301,-0.0007));
#5892=CARTESIAN_POINT('',(0.165,-0.04301,-0.0007));
#5893=CARTESIAN_POINT('',(0.165,-0.04501,-0.0007));
#5894=CARTESIAN_POINT('',(0.167,-0.04501,-0.0007));
#5895=CARTESIAN_POINT('',(0.157,-0.04501,-0.0007));
#5896=CARTESIAN_POINT('',(0.155,-0.04501,-0.0007));
#5897=CARTESIAN_POINT('',(0.167,-0.04751,-0.0007));
#5898=CARTESIAN_POINT('',(0.167,-0.05001,-0.0007));
#5899=CARTESIAN_POINT('',(0.165,-0.05001,-0.0067));
#5900=CARTESIAN_POINT('',(0.165,-0.05001,-0.0007));
#5901=CARTESIAN_POINT('',(0.157,-0.05001,-0.0067));
#5902=CARTESIAN_POINT('',(0.157,-0.05001,-0.0007));
#5903=CARTESIAN_POINT('',(0.155,-0.124561,-0.0007));
#5904=CARTESIAN_POINT('',(0.155,-0.05001,-0.0007));
#5905=CARTESIAN_POINT('',(0.165,-0.05001,-0.0007));
#5906=CARTESIAN_POINT('',(0.165,-0.05201,-0.0007));
#5907=CARTESIAN_POINT('',(0.157,-0.05001,-0.0007));
#5908=CARTESIAN_POINT('',(0.157,-0.05201,-0.0007));
#5909=CARTESIAN_POINT('',(0.1635,-0.05201,-0.0007));
#5910=CARTESIAN_POINT('',(0.157,0.0577,-0.0057));
#5911=CARTESIAN_POINT('',(0.157,0.0577,-0.0057));
#5912=CARTESIAN_POINT('',(0.157,0.0597,-0.0057));
#5913=CARTESIAN_POINT('',(0.157,0.0647,-0.0067));
#5914=CARTESIAN_POINT('',(0.157,0.0647,-0.0007));
#5915=CARTESIAN_POINT('',(0.231,0.0577,-0.0057));
#5916=CARTESIAN_POINT('',(0.165,0.0577,-0.0057));
#5917=CARTESIAN_POINT('',(0.157,0.0597,-0.0067));
#5918=CARTESIAN_POINT('',(0.157,0.0597,-0.0007));
#5919=CARTESIAN_POINT('',(0.155,-0.124561,-0.0007));
#5920=CARTESIAN_POINT('',(0.155,0.0597,-0.0007));
#5921=CARTESIAN_POINT('',(0.155,0.0647,-0.0007));
#5922=CARTESIAN_POINT('',(0.157,0.0647,-0.0007));
#5923=CARTESIAN_POINT('',(0.157,0.0667,-0.0007));
#5924=CARTESIAN_POINT('',(0.165,0.0577,-0.0057));
#5925=CARTESIAN_POINT('',(0.165,0.0597,-0.0057));
#5926=CARTESIAN_POINT('',(0.157,0.0597,-0.0007));
#5927=CARTESIAN_POINT('',(0.157,0.0577,-0.0007));
#5928=CARTESIAN_POINT('',(0.313293,0.0667,-0.0007));
#5929=CARTESIAN_POINT('',(0.165,0.0667,-0.0007));
#5930=CARTESIAN_POINT('',(0.165,0.0647,-0.0067));
#5931=CARTESIAN_POINT('',(0.165,0.0647,-0.0007));
#5932=CARTESIAN_POINT('',(0.165,0.0597,-0.0067));
#5933=CARTESIAN_POINT('',(0.165,0.0597,-0.0007));
#5934=CARTESIAN_POINT('',(0.1635,0.0577,-0.0007));
#5935=CARTESIAN_POINT('',(0.165,0.0577,-0.0007));
#5936=CARTESIAN_POINT('',(0.165,0.0647,-0.0007));
#5937=CARTESIAN_POINT('',(0.167,0.0647,-0.0007));
#5938=CARTESIAN_POINT('',(0.165,0.0597,-0.0007));
#5939=CARTESIAN_POINT('',(0.167,0.0597,-0.0007));
#5940=CARTESIAN_POINT('',(0.167,0.0622,-0.0007));
#5941=CARTESIAN_POINT('',(0.305,0.0577,-0.0057));
#5942=CARTESIAN_POINT('',(0.305,0.0597,-0.0057));
#5943=CARTESIAN_POINT('',(0.305,0.0577,-0.0057));
#5944=CARTESIAN_POINT('',(0.305,0.0647,-0.0067));
#5945=CARTESIAN_POINT('',(0.305,0.0647,-0.0007));
#5946=CARTESIAN_POINT('',(0.307,0.0622,-0.0007));
#5947=CARTESIAN_POINT('',(0.307,0.0597,-0.0007));
#5948=CARTESIAN_POINT('',(0.307,0.0647,-0.0007));
#5949=CARTESIAN_POINT('',(0.305,0.0597,-0.0067));
#5950=CARTESIAN_POINT('',(0.305,0.0597,-0.0007));
#5951=CARTESIAN_POINT('',(0.231,0.0577,-0.0057));
#5952=CARTESIAN_POINT('',(0.297,0.0577,-0.0057));
#5953=CARTESIAN_POINT('',(0.305,0.0647,-0.0007));
#5954=CARTESIAN_POINT('',(0.305,0.0667,-0.0007));
#5955=CARTESIAN_POINT('',(0.305,0.0597,-0.0007));
#5956=CARTESIAN_POINT('',(0.305,0.0577,-0.0007));
#5957=CARTESIAN_POINT('',(0.297,0.0577,-0.0057));
#5958=CARTESIAN_POINT('',(0.297,0.0597,-0.0057));
#5959=CARTESIAN_POINT('',(0.297,0.0647,-0.0067));
#5960=CARTESIAN_POINT('',(0.297,0.0647,-0.0007));
#5961=CARTESIAN_POINT('',(0.313293,0.0667,-0.0007));
#5962=CARTESIAN_POINT('',(0.297,0.0667,-0.0007));
#5963=CARTESIAN_POINT('',(0.3035,0.0577,-0.0007));
#5964=CARTESIAN_POINT('',(0.297,0.0577,-0.0007));
#5965=CARTESIAN_POINT('',(0.297,0.0597,-0.0067));
#5966=CARTESIAN_POINT('',(0.297,0.0597,-0.0007));
#5967=CARTESIAN_POINT('',(0.297,0.0647,-0.0007));
#5968=CARTESIAN_POINT('',(0.295,0.0647,-0.0007));
#5969=CARTESIAN_POINT('',(0.297,0.0597,-0.0007));
#5970=CARTESIAN_POINT('',(0.295,0.0597,-0.0007));
#5971=CARTESIAN_POINT('',(0.295,-0.124561,-0.0007));
#5972=CARTESIAN_POINT('',(0.297,-0.04301,-0.0057));
#5973=CARTESIAN_POINT('',(0.297,-0.04501,-0.0057));
#5974=CARTESIAN_POINT('',(0.297,-0.04301,-0.0057));
#5975=CARTESIAN_POINT('',(0.297,-0.04501,-0.0067));
#5976=CARTESIAN_POINT('',(0.297,-0.04501,-0.0007));
#5977=CARTESIAN_POINT('',(0.2985,-0.04301,-0.0057));
#5978=CARTESIAN_POINT('',(0.305,-0.04301,-0.0057));
#5979=CARTESIAN_POINT('',(0.297,-0.05001,-0.0067));
#5980=CARTESIAN_POINT('',(0.297,-0.05001,-0.0007));
#5981=CARTESIAN_POINT('',(0.295,-0.124561,-0.0007));
#5982=CARTESIAN_POINT('',(0.295,-0.05001,-0.0007));
#5983=CARTESIAN_POINT('',(0.295,-0.04501,-0.0007));
#5984=CARTESIAN_POINT('',(0.297,-0.04501,-0.0007));
#5985=CARTESIAN_POINT('',(0.297,-0.04301,-0.0007));
#5986=CARTESIAN_POINT('',(0.305,-0.04301,-0.0057));
#5987=CARTESIAN_POINT('',(0.305,-0.04501,-0.0057));
#5988=CARTESIAN_POINT('',(0.297,-0.05001,-0.0007));
#5989=CARTESIAN_POINT('',(0.297,-0.05201,-0.0007));
#5990=CARTESIAN_POINT('',(0.313293,-0.04301,-0.0007));
#5991=CARTESIAN_POINT('',(0.305,-0.04301,-0.0007));
#5992=CARTESIAN_POINT('',(0.305,-0.04501,-0.0067));
#5993=CARTESIAN_POINT('',(0.305,-0.04501,-0.0007));
#5994=CARTESIAN_POINT('',(0.305,-0.05001,-0.0067));
#5995=CARTESIAN_POINT('',(0.305,-0.05001,-0.0007));
#5996=CARTESIAN_POINT('',(0.2985,-0.05201,-0.0007));
#5997=CARTESIAN_POINT('',(0.305,-0.05201,-0.0007));
#5998=CARTESIAN_POINT('',(0.305,-0.04501,-0.0007));
#5999=CARTESIAN_POINT('',(0.307,-0.04501,-0.0007));
#6000=CARTESIAN_POINT('',(0.305,-0.05001,-0.0007));
#6001=CARTESIAN_POINT('',(0.307,-0.05001,-0.0007));
#6002=CARTESIAN_POINT('',(0.307,-0.04751,-0.0007));
#6003=CARTESIAN_POINT('',(0.157,0.0392,-0.0067));
#6004=CARTESIAN_POINT('',(0.165,0.0392,-0.0097));
#6005=CARTESIAN_POINT('',(0.157,-0.02466,-0.0097));
#6006=CARTESIAN_POINT('',(0.165,-0.02466,-0.0067));
#6007=CARTESIAN_POINT('',(0.297,-0.02466,-0.0097));
#6008=CARTESIAN_POINT('',(0.305,-0.02466,-0.0067));
#6009=CARTESIAN_POINT('',(0.305,0.0392,-0.0097));
#6010=CARTESIAN_POINT('',(0.297,0.0392,-0.0067));
#6011=CARTESIAN_POINT('',(0.319775,0.007345,0.0253));
#6012=CARTESIAN_POINT('',(0.150225,0.007345,0.0253));
#6013=CARTESIAN_POINT('',(0.263029564888403,0.0919760698072612,0.000302000000000005));
#6014=CARTESIAN_POINT('',(0.263029564888403,0.0919760698072612,-0.0031));
#6015=CARTESIAN_POINT('',(0.259029564888403,0.0919760698072612,-0.0031));
#6016=CARTESIAN_POINT('',(0.263029564888403,0.0919760698072612,0.000300000000000005));
#6017=CARTESIAN_POINT('',(0.263029564888403,0.0919760698072612,0.000302000000000005));
#6018=CARTESIAN_POINT('',(0.263029564888403,0.0919760698072612,-0.0027));
#6019=CARTESIAN_POINT('',(0.261004564888403,0.0919760698072612,-0.0027));
#6020=CARTESIAN_POINT('',(0.263029564888403,0.0919760698072612,0.0013));
#6021=CARTESIAN_POINT('',(0.265054564888403,0.0919760698072612,0.0013));
#6022=CARTESIAN_POINT('',(0.282179564888403,0.0836010698072612,-0.0031));
#6023=CARTESIAN_POINT('',(0.263029564888403,0.0919760698072612,-0.0031));
#6024=CARTESIAN_POINT('',(0.260604564888403,0.0919760698072612,-0.0031));
#6025=CARTESIAN_POINT('',(0.282179564888403,0.0836010698072612,-0.0031));
#6026=CARTESIAN_POINT('',(0.301329564888403,0.0919760698072612,-0.0031));
#6027=CARTESIAN_POINT('',(0.298904564888403,0.0919760698072612,-0.0031));
#6028=CARTESIAN_POINT('',(0.301329564888403,0.0919760698072612,-0.0031));
#6029=CARTESIAN_POINT('',(0.297329564888403,0.0919760698072612,-0.0031));
#6030=CARTESIAN_POINT('',(0.301329564888403,0.0919760698072612,0.000302000000000005));
#6031=CARTESIAN_POINT('',(0.301329564888403,0.0919760698072612,0.000302000000000005));
#6032=CARTESIAN_POINT('',(0.301329564888403,0.0919760698072612,-0.0027));
#6033=CARTESIAN_POINT('',(0.299304564888403,0.0919760698072612,-0.0027));
#6034=CARTESIAN_POINT('',(0.301329564888403,0.0919760698072612,0.0013));
#6035=CARTESIAN_POINT('',(0.303354564888403,0.0919760698072612,0.0013));
#6036=CARTESIAN_POINT('',(0.265379564888403,0.0829260698072612,0.002802));
#6037=CARTESIAN_POINT('',(0.265379564888403,0.0829260698072612,0.000300000000000005));
#6038=CARTESIAN_POINT('',(0.265379564888403,0.0829260698072612,0.000300000000000005));
#6039=CARTESIAN_POINT('',(0.313293,0.09329,0.000302000000000005));
#6040=CARTESIAN_POINT('',(0.313293,0.09329,-0.01259));
#6041=CARTESIAN_POINT('',(0.311718,0.09329,-0.01259));
#6042=CARTESIAN_POINT('',(0.313293,0.09329,-0.00599));
#6043=CARTESIAN_POINT('',(0.311718,0.09329,-0.00599));
#6044=CARTESIAN_POINT('',(0.313293,0.09329,0.000302000000000005));
#6045=CARTESIAN_POINT('',(0.313293,-0.124561,0.000302000000000005));
#6046=CARTESIAN_POINT('',(0.313293,-0.124561,0.000302000000000005));
#6047=CARTESIAN_POINT('',(0.313293,-0.124561,0.000302000000000005));
#6048=CARTESIAN_POINT('',(0.313293,-0.124561,-0.01259));
#6049=CARTESIAN_POINT('',(0.311243,-0.124561,-0.01259));
#6050=CARTESIAN_POINT('',(0.313293,-0.124561,-0.00599));
#6051=CARTESIAN_POINT('',(0.311243,-0.124561,-0.00599));
#6052=CARTESIAN_POINT('',(0.148707,0.09329,0.000302000000000005));
#6053=CARTESIAN_POINT('',(0.148707,0.09329,0.000302000000000005));
#6054=CARTESIAN_POINT('',(0.148707,0.09329,-0.01259));
#6055=CARTESIAN_POINT('',(0.146657,0.09329,-0.01259));
#6056=CARTESIAN_POINT('',(0.148707,0.09329,-0.00599));
#6057=CARTESIAN_POINT('',(0.146657,0.09329,-0.00599));
#6058=CARTESIAN_POINT('',(0.148707,-0.124561,0.000302000000000005));
#6059=CARTESIAN_POINT('',(0.148707,-0.124561,0.000302000000000005));
#6060=CARTESIAN_POINT('',(0.148707,-0.124561,0.000302000000000005));
#6061=CARTESIAN_POINT('',(0.148707,-0.124561,-0.01259));
#6062=CARTESIAN_POINT('',(0.146657,-0.124561,-0.01259));
#6063=CARTESIAN_POINT('',(0.148707,-0.124561,-0.00599));
#6064=CARTESIAN_POINT('',(0.146657,-0.124561,-0.00599));
#6065=CARTESIAN_POINT('',(0.148707,-0.124561,-0.01259));
#6066=CARTESIAN_POINT('',(0.148707,0.09329,-0.01259));
#6067=CARTESIAN_POINT('',(0.313293,-0.124561,-0.01259));
#6068=CARTESIAN_POINT('',(0.313293,0.09329,-0.01259));
#6069=CARTESIAN_POINT('',(0.263029564888403,0.0919760698072612,-0.0027));
#6070=CARTESIAN_POINT('',(0.301329564888403,0.0919760698072612,-0.0027));
#6071=CARTESIAN_POINT('',(0.148707,-0.124561,-0.00599));
#6072=CARTESIAN_POINT('',(0.148707,0.09329,-0.00599));
#6073=CARTESIAN_POINT('',(0.313293,-0.124561,-0.00599));
#6074=CARTESIAN_POINT('',(0.313293,0.09329,-0.00599));
#6075=CARTESIAN_POINT('',(0.313293,-0.124561,0.0013));
#6076=CARTESIAN_POINT('',(0.313293,-0.124561,0.0013));
#6077=CARTESIAN_POINT('',(0.161,-0.02801,-0.0082));
#6078=CARTESIAN_POINT('',(0.161,-0.02801,-0.0082));
#6079=CARTESIAN_POINT('',(0.15875,-0.02801,-0.0082));
#6080=CARTESIAN_POINT('',(0.229625,0.01772,-0.0082));
#6081=CARTESIAN_POINT('',(0.301,-0.02801,-0.0082));
#6082=CARTESIAN_POINT('',(0.301,-0.02801,-0.0082));
#6083=CARTESIAN_POINT('',(0.29875,-0.02801,-0.0082));
#6084=CARTESIAN_POINT('',(0.229625,0.01772,-0.0082));
#6085=CARTESIAN_POINT('',(0.301,0.0427,-0.0082));
#6086=CARTESIAN_POINT('',(0.301,0.0427,-0.0082));
#6087=CARTESIAN_POINT('',(0.29875,0.0427,-0.0082));
#6088=CARTESIAN_POINT('',(0.229625,0.01772,-0.0082));
#6089=CARTESIAN_POINT('',(0.161,0.0427,-0.0082));
#6090=CARTESIAN_POINT('',(0.161,0.0427,-0.0082));
#6091=CARTESIAN_POINT('',(0.15875,0.0427,-0.0082));
#6092=CARTESIAN_POINT('',(0.229625,0.01772,-0.0082));
#6093=CARTESIAN_POINT('',(0.231,0.09509,0.0008));
#6094=CARTESIAN_POINT('',(0.2185,0.09509,0.0008));
#6095=CARTESIAN_POINT('',(0.2185,0.09509,0.0018));
#6096=CARTESIAN_POINT('',(0.231,0.09509,0.0018));
#6097=CARTESIAN_POINT('',(0.2435,0.09509,0.0018));
#6098=CARTESIAN_POINT('',(0.2435,0.09509,0.0008));
#6099=CARTESIAN_POINT('',(0.2185,0.08259,0.0008));
#6100=CARTESIAN_POINT('',(0.2185,0.07009,0.0008));
#6101=CARTESIAN_POINT('',(0.2185,0.07009,0.0018));
#6102=CARTESIAN_POINT('',(0.2185,0.09509,0.0018));
#6103=CARTESIAN_POINT('',(0.231,0.07009,0.0008));
#6104=CARTESIAN_POINT('',(0.2435,0.07009,0.0008));
#6105=CARTESIAN_POINT('',(0.2435,0.07009,0.0018));
#6106=CARTESIAN_POINT('',(0.2185,0.07009,0.0018));
#6107=CARTESIAN_POINT('',(0.2435,0.08259,0.0008));
#6108=CARTESIAN_POINT('',(0.2435,0.08259,0.0018));
#6109=CARTESIAN_POINT('',(0.2425,-0.0156355,0.0008));
#6110=CARTESIAN_POINT('',(0.205924833333334,0.057514833333334,-0.0357751666666665));
#6111=CARTESIAN_POINT('',(0.2425,0.09409,0.0008));
#6112=CARTESIAN_POINT('',(0.2425,-0.0156355,0.0008));
#6113=CARTESIAN_POINT('',(0.2425,0.07109,0.0008));
#6114=CARTESIAN_POINT('',(0.239333333333334,0.0742566666666667,-0.00236666666666667));
#6115=CARTESIAN_POINT('',(0.231,0.07009,0.0018));
#6116=CARTESIAN_POINT('',(0.2435,0.07109,0.0008));
#6117=CARTESIAN_POINT('',(0.2195,0.07109,0.0008));
#6118=CARTESIAN_POINT('',(0.222666666666667,0.0742566666666667,-0.00236666666666667));
#6119=CARTESIAN_POINT('',(0.231,0.09409,0.0008));
#6120=CARTESIAN_POINT('',(0.222666666666667,0.0909233333333334,-0.00236666666666664));
#6121=CARTESIAN_POINT('',(0.2195,0.09409,0.0008));
#6122=CARTESIAN_POINT('',(0.231,0.09409,0.0008));
#6123=CARTESIAN_POINT('',(0.2185,0.08259,0.0018));
#6124=CARTESIAN_POINT('',(0.2195,0.07009,0.0008));
#6125=CARTESIAN_POINT('',(0.231,0.09409,-0.0242));
#6126=CARTESIAN_POINT('',(0.2425,0.09409,-0.0242));
#6127=CARTESIAN_POINT('',(0.2195,0.09409,-0.0242));
#6128=CARTESIAN_POINT('',(0.2195,0.07009,-0.0242));
#6129=CARTESIAN_POINT('',(0.2195,0.07109,-0.0242));
#6130=CARTESIAN_POINT('',(0.2435,0.07109,-0.0242));
#6131=CARTESIAN_POINT('',(0.2425,0.07109,-0.0242));
#6132=CARTESIAN_POINT('',(0.2425,-0.0156355,-0.0242));
#6133=MECHANICAL_DESIGN_GEOMETRIC_PRESENTATION_REPRESENTATION('',(#3542),
#6134);
#6134=(
GEOMETRIC_REPRESENTATION_CONTEXT(3)
GLOBAL_UNCERTAINTY_ASSIGNED_CONTEXT((#6135))
GLOBAL_UNIT_ASSIGNED_CONTEXT((#6138,#6137,#6136))
REPRESENTATION_CONTEXT('Front-Display2-Included-Mount',
'TOP_LEVEL_ASSEMBLY_PART')
);
#6135=UNCERTAINTY_MEASURE_WITH_UNIT(LENGTH_MEASURE(2.E-5),#6138,
'DISTANCE_ACCURACY_VALUE','Maximum Tolerance applied to model');
#6136=(
NAMED_UNIT(*)
SI_UNIT($,.STERADIAN.)
SOLID_ANGLE_UNIT()
);
#6137=(
NAMED_UNIT(*)
PLANE_ANGLE_UNIT()
SI_UNIT($,.RADIAN.)
);
#6138=(
LENGTH_UNIT()
NAMED_UNIT(*)
SI_UNIT($,.METRE.)
);
#6139=PRODUCT_DEFINITION_SHAPE('','',#6140);
#6140=PRODUCT_DEFINITION('','',#6142,#6141);
#6141=PRODUCT_DEFINITION_CONTEXT('',#6148,'design');
#6142=PRODUCT_DEFINITION_FORMATION_WITH_SPECIFIED_SOURCE('','',#6144,
 .NOT_KNOWN.);
#6143=PRODUCT_RELATED_PRODUCT_CATEGORY('','',(#6144));
#6144=PRODUCT('Front-Display2-Included-Mount',
'Front-Display2-Included-Mount','Front-Display2-Included-Mount',(#6146));
#6145=PRODUCT_CATEGORY('','');
#6146=PRODUCT_CONTEXT('',#6148,'mechanical');
#6147=APPLICATION_PROTOCOL_DEFINITION('international standard',
'ap242_managed_model_based_3d_engineering',2020,#6148);
#6148=APPLICATION_CONTEXT('managed model based 3d engineering');
ENDSEC;
END-ISO-10303-21;
