ISO-10303-21;
HEADER;
/* Generated by software containing ST-Developer
 * from STEP Tools, Inc. (www.steptools.com) 
 */
/* OPTION: using custom renumber hook */

FILE_DESCRIPTION(
/* description */ ('STEP AP242 Edition 2',
'CAx-IF Rec.Pracs.---Representation and Presentation of Product Manufa
cturing Information (PMI)---4.0---2014-10-13',
'CAx-IF Rec.Pracs.---3D Tessellated Geometry---0.4---2014-09-14','2;1',
'CAx-IF Rec.Pracs.---User Defined Attributes---1.5---2016-08-15'),
/* implementation_level */ '2;1');

FILE_NAME(
/* name */ 'Open-Flight-Monitor-2 - Front-Display2-Included-Mount',
/* time_stamp */ '2026-09-14T06:14:40Z',
/* author */ (''),
/* organization */ (''),
/* preprocessor_version */ 'ST-DEVELOPER v20',
/* originating_system */ 'ONSHAPE BY PTC INC, 1.220',
/* authorisation */ '  ');

FILE_SCHEMA (('AP242_MANAGED_MODEL_BASED_3D_ENGINEERING_MIM_LF { 1 0 10303 442 3 1 4 }'));
ENDSEC;

DATA;
#10=SHAPE_REPRESENTATION_RELATIONSHIP('','',#4194,#11);
#11=ADVANCED_BREP_SHAPE_REPRESENTATION('',(#4192),#7184);
#12=TOROIDAL_SURFACE('',#4433,0.002,0.001);
#13=TOROIDAL_SURFACE('',#4439,0.002,0.001);
#14=TOROIDAL_SURFACE('',#4449,0.002,0.001);
#15=TOROIDAL_SURFACE('',#4455,0.002,0.001);
#16=TOROIDAL_SURFACE('',#4466,0.002,0.001);
#17=TOROIDAL_SURFACE('',#4472,0.002,0.001);
#18=TOROIDAL_SURFACE('',#4482,0.002,0.001);
#19=TOROIDAL_SURFACE('',#4488,0.002,0.001);
#20=TOROIDAL_SURFACE('',#4493,0.002,0.001);
#21=TOROIDAL_SURFACE('',#4502,0.002,0.001);
#22=TOROIDAL_SURFACE('',#4504,0.002,0.001);
#23=TOROIDAL_SURFACE('',#4510,0.002,0.001);
#24=TOROIDAL_SURFACE('',#4514,0.002,0.001);
#25=TOROIDAL_SURFACE('',#4521,0.002,0.001);
#26=TOROIDAL_SURFACE('',#4523,0.002,0.001);
#27=TOROIDAL_SURFACE('',#4530,0.002,0.001);
#28=TOROIDAL_SURFACE('',#4531,0.002,0.001);
#29=TOROIDAL_SURFACE('',#4538,0.002,0.001);
#30=TOROIDAL_SURFACE('',#4540,0.002,0.001);
#31=TOROIDAL_SURFACE('',#4546,0.002,0.001);
#32=TOROIDAL_SURFACE('',#4547,0.002,0.001);
#33=TOROIDAL_SURFACE('',#4556,0.002,0.001);
#34=TOROIDAL_SURFACE('',#4558,0.002,0.001);
#35=TOROIDAL_SURFACE('',#4564,0.002,0.001);
#36=TOROIDAL_SURFACE('',#4655,0.007,0.0015);
#37=ELLIPSE('',#4428,0.00141421356237309,0.001);
#38=ELLIPSE('',#4442,0.00141421356237309,0.001);
#39=ELLIPSE('',#4444,0.00141421356237309,0.001);
#40=ELLIPSE('',#4458,0.00141421356237309,0.001);
#41=ELLIPSE('',#4461,0.00141421356237309,0.001);
#42=ELLIPSE('',#4475,0.00141421356237309,0.001);
#43=ELLIPSE('',#4477,0.00141421356237309,0.001);
#44=ELLIPSE('',#4491,0.00141421356237309,0.001);
#45=B_SPLINE_CURVE_WITH_KNOTS('',3,(#6716,#6717,#6718,#6719,#6720),
 .UNSPECIFIED.,.F.,.F.,(4,1,4),(0.,0.00102374211662988,0.00204748423325975),
 .UNSPECIFIED.);
#46=B_SPLINE_CURVE_WITH_KNOTS('',3,(#6726,#6727,#6728,#6729,#6730),
 .UNSPECIFIED.,.F.,.F.,(4,1,4),(0.,0.00102374211662987,0.00204748423325974),
 .UNSPECIFIED.);
#47=B_SPLINE_CURVE_WITH_KNOTS('',3,(#6748,#6749,#6750,#6751,#6752),
 .UNSPECIFIED.,.F.,.F.,(4,1,4),(0.,0.00102374211662987,0.00204748423325974),
 .UNSPECIFIED.);
#48=B_SPLINE_CURVE_WITH_KNOTS('',3,(#6758,#6759,#6760,#6761,#6762),
 .UNSPECIFIED.,.F.,.F.,(4,1,4),(0.,0.00102374211662988,0.00204748423325976),
 .UNSPECIFIED.);
#49=B_SPLINE_CURVE_WITH_KNOTS('',3,(#6793,#6794,#6795,#6796,#6797),
 .UNSPECIFIED.,.F.,.F.,(4,1,4),(0.,0.00102374211662992,0.00204748423325984),
 .UNSPECIFIED.);
#50=B_SPLINE_CURVE_WITH_KNOTS('',3,(#6801,#6802,#6803,#6804,#6805),
 .UNSPECIFIED.,.F.,.F.,(4,1,4),(0.,0.00102374211662993,0.00204748423325986),
 .UNSPECIFIED.);
#51=B_SPLINE_CURVE_WITH_KNOTS('',3,(#6825,#6826,#6827,#6828,#6829),
 .UNSPECIFIED.,.F.,.F.,(4,1,4),(0.,0.00102374211662992,0.00204748423325985),
 .UNSPECIFIED.);
#52=B_SPLINE_CURVE_WITH_KNOTS('',3,(#6833,#6834,#6835,#6836,#6837),
 .UNSPECIFIED.,.F.,.F.,(4,1,4),(0.,0.00102374211662992,0.00204748423325984),
 .UNSPECIFIED.);
#53=CONICAL_SURFACE('',#4303,0.01375,0.0174532925199433);
#54=CONICAL_SURFACE('',#4305,0.01375,0.0174532925199433);
#55=CONICAL_SURFACE('',#4314,0.014,0.785398163397459);
#56=CONICAL_SURFACE('',#4316,0.014,0.785398163397466);
#57=CONICAL_SURFACE('',#4339,0.01375,0.0174532925199433);
#58=CONICAL_SURFACE('',#4340,0.01375,0.0174532925199433);
#59=CONICAL_SURFACE('',#4341,0.014,0.785398163397462);
#60=CONICAL_SURFACE('',#4342,0.014,0.785398163397462);
#61=CONICAL_SURFACE('',#4616,0.00205,0.785398163397463);
#62=CONICAL_SURFACE('',#4617,0.00205,0.785398163397463);
#63=CONICAL_SURFACE('',#4618,0.00205,0.785398163397463);
#64=CONICAL_SURFACE('',#4619,0.00205,0.785398163397463);
#65=CONICAL_SURFACE('',#4620,0.002025,0.785398163397462);
#66=CONICAL_SURFACE('',#4621,0.002025,0.785398163397462);
#67=LINE('',#5963,#430);
#68=LINE('',#5966,#431);
#69=LINE('',#5968,#432);
#70=LINE('',#5970,#433);
#71=LINE('',#5974,#434);
#72=LINE('',#5978,#435);
#73=LINE('',#5981,#436);
#74=LINE('',#5983,#437);
#75=LINE('',#5985,#438);
#76=LINE('',#5989,#439);
#77=LINE('',#5993,#440);
#78=LINE('',#5996,#441);
#79=LINE('',#5998,#442);
#80=LINE('',#6000,#443);
#81=LINE('',#6003,#444);
#82=LINE('',#6008,#445);
#83=LINE('',#6010,#446);
#84=LINE('',#6012,#447);
#85=LINE('',#6016,#448);
#86=LINE('',#6020,#449);
#87=LINE('',#6022,#450);
#88=LINE('',#6024,#451);
#89=LINE('',#6028,#452);
#90=LINE('',#6032,#453);
#91=LINE('',#6034,#454);
#92=LINE('',#6036,#455);
#93=LINE('',#6040,#456);
#94=LINE('',#6044,#457);
#95=LINE('',#6046,#458);
#96=LINE('',#6048,#459);
#97=LINE('',#6058,#460);
#98=LINE('',#6061,#461);
#99=LINE('',#6063,#462);
#100=LINE('',#6065,#463);
#101=LINE('',#6066,#464);
#102=LINE('',#6071,#465);
#103=LINE('',#6075,#466);
#104=LINE('',#6079,#467);
#105=LINE('',#6082,#468);
#106=LINE('',#6085,#469);
#107=LINE('',#6087,#470);
#108=LINE('',#6089,#471);
#109=LINE('',#6094,#472);
#110=LINE('',#6098,#473);
#111=LINE('',#6100,#474);
#112=LINE('',#6103,#475);
#113=LINE('',#6107,#476);
#114=LINE('',#6109,#477);
#115=LINE('',#6111,#478);
#116=LINE('',#6113,#479);
#117=LINE('',#6117,#480);
#118=LINE('',#6119,#481);
#119=LINE('',#6122,#482);
#120=LINE('',#6126,#483);
#121=LINE('',#6130,#484);
#122=LINE('',#6132,#485);
#123=LINE('',#6137,#486);
#124=LINE('',#6139,#487);
#125=LINE('',#6141,#488);
#126=LINE('',#6143,#489);
#127=LINE('',#6147,#490);
#128=LINE('',#6151,#491);
#129=LINE('',#6153,#492);
#130=LINE('',#6155,#493);
#131=LINE('',#6159,#494);
#132=LINE('',#6163,#495);
#133=LINE('',#6165,#496);
#134=LINE('',#6167,#497);
#135=LINE('',#6169,#498);
#136=LINE('',#6173,#499);
#137=LINE('',#6175,#500);
#138=LINE('',#6176,#501);
#139=LINE('',#6179,#502);
#140=LINE('',#6181,#503);
#141=LINE('',#6183,#504);
#142=LINE('',#6185,#505);
#143=LINE('',#6187,#506);
#144=LINE('',#6189,#507);
#145=LINE('',#6192,#508);
#146=LINE('',#6194,#509);
#147=LINE('',#6196,#510);
#148=LINE('',#6198,#511);
#149=LINE('',#6200,#512);
#150=LINE('',#6204,#513);
#151=LINE('',#6206,#514);
#152=LINE('',#6208,#515);
#153=LINE('',#6211,#516);
#154=LINE('',#6213,#517);
#155=LINE('',#6215,#518);
#156=LINE('',#6217,#519);
#157=LINE('',#6221,#520);
#158=LINE('',#6223,#521);
#159=LINE('',#6225,#522);
#160=LINE('',#6227,#523);
#161=LINE('',#6230,#524);
#162=LINE('',#6232,#525);
#163=LINE('',#6236,#526);
#164=LINE('',#6238,#527);
#165=LINE('',#6240,#528);
#166=LINE('',#6242,#529);
#167=LINE('',#6244,#530);
#168=LINE('',#6246,#531);
#169=LINE('',#6249,#532);
#170=LINE('',#6251,#533);
#171=LINE('',#6253,#534);
#172=LINE('',#6255,#535);
#173=LINE('',#6257,#536);
#174=LINE('',#6259,#537);
#175=LINE('',#6261,#538);
#176=LINE('',#6265,#539);
#177=LINE('',#6268,#540);
#178=LINE('',#6269,#541);
#179=LINE('',#6271,#542);
#180=LINE('',#6275,#543);
#181=LINE('',#6279,#544);
#182=LINE('',#6283,#545);
#183=LINE('',#6285,#546);
#184=LINE('',#6287,#547);
#185=LINE('',#6290,#548);
#186=LINE('',#6292,#549);
#187=LINE('',#6294,#550);
#188=LINE('',#6295,#551);
#189=LINE('',#6297,#552);
#190=LINE('',#6299,#553);
#191=LINE('',#6302,#554);
#192=LINE('',#6304,#555);
#193=LINE('',#6306,#556);
#194=LINE('',#6308,#557);
#195=LINE('',#6311,#558);
#196=LINE('',#6313,#559);
#197=LINE('',#6315,#560);
#198=LINE('',#6317,#561);
#199=LINE('',#6326,#562);
#200=LINE('',#6328,#563);
#201=LINE('',#6330,#564);
#202=LINE('',#6334,#565);
#203=LINE('',#6337,#566);
#204=LINE('',#6342,#567);
#205=LINE('',#6346,#568);
#206=LINE('',#6350,#569);
#207=LINE('',#6356,#570);
#208=LINE('',#6358,#571);
#209=LINE('',#6360,#572);
#210=LINE('',#6362,#573);
#211=LINE('',#6364,#574);
#212=LINE('',#6366,#575);
#213=LINE('',#6368,#576);
#214=LINE('',#6371,#577);
#215=LINE('',#6373,#578);
#216=LINE('',#6375,#579);
#217=LINE('',#6385,#580);
#218=LINE('',#6390,#581);
#219=LINE('',#6394,#582);
#220=LINE('',#6398,#583);
#221=LINE('',#6403,#584);
#222=LINE('',#6407,#585);
#223=LINE('',#6409,#586);
#224=LINE('',#6411,#587);
#225=LINE('',#6415,#588);
#226=LINE('',#6418,#589);
#227=LINE('',#6422,#590);
#228=LINE('',#6423,#591);
#229=LINE('',#6427,#592);
#230=LINE('',#6428,#593);
#231=LINE('',#6431,#594);
#232=LINE('',#6435,#595);
#233=LINE('',#6436,#596);
#234=LINE('',#6438,#597);
#235=LINE('',#6440,#598);
#236=LINE('',#6442,#599);
#237=LINE('',#6444,#600);
#238=LINE('',#6446,#601);
#239=LINE('',#6448,#602);
#240=LINE('',#6450,#603);
#241=LINE('',#6452,#604);
#242=LINE('',#6454,#605);
#243=LINE('',#6456,#606);
#244=LINE('',#6458,#607);
#245=LINE('',#6459,#608);
#246=LINE('',#6461,#609);
#247=LINE('',#6463,#610);
#248=LINE('',#6465,#611);
#249=LINE('',#6467,#612);
#250=LINE('',#6469,#613);
#251=LINE('',#6471,#614);
#252=LINE('',#6473,#615);
#253=LINE('',#6475,#616);
#254=LINE('',#6477,#617);
#255=LINE('',#6479,#618);
#256=LINE('',#6481,#619);
#257=LINE('',#6483,#620);
#258=LINE('',#6485,#621);
#259=LINE('',#6487,#622);
#260=LINE('',#6489,#623);
#261=LINE('',#6491,#624);
#262=LINE('',#6494,#625);
#263=LINE('',#6496,#626);
#264=LINE('',#6498,#627);
#265=LINE('',#6500,#628);
#266=LINE('',#6503,#629);
#267=LINE('',#6507,#630);
#268=LINE('',#6508,#631);
#269=LINE('',#6510,#632);
#270=LINE('',#6512,#633);
#271=LINE('',#6514,#634);
#272=LINE('',#6515,#635);
#273=LINE('',#6517,#636);
#274=LINE('',#6519,#637);
#275=LINE('',#6521,#638);
#276=LINE('',#6522,#639);
#277=LINE('',#6529,#640);
#278=LINE('',#6532,#641);
#279=LINE('',#6534,#642);
#280=LINE('',#6535,#643);
#281=LINE('',#6536,#644);
#282=LINE('',#6537,#645);
#283=LINE('',#6539,#646);
#284=LINE('',#6542,#647);
#285=LINE('',#6544,#648);
#286=LINE('',#6545,#649);
#287=LINE('',#6546,#650);
#288=LINE('',#6547,#651);
#289=LINE('',#6549,#652);
#290=LINE('',#6552,#653);
#291=LINE('',#6554,#654);
#292=LINE('',#6556,#655);
#293=LINE('',#6558,#656);
#294=LINE('',#6563,#657);
#295=LINE('',#6565,#658);
#296=LINE('',#6567,#659);
#297=LINE('',#6569,#660);
#298=LINE('',#6571,#661);
#299=LINE('',#6573,#662);
#300=LINE('',#6575,#663);
#301=LINE('',#6577,#664);
#302=LINE('',#6579,#665);
#303=LINE('',#6581,#666);
#304=LINE('',#6584,#667);
#305=LINE('',#6586,#668);
#306=LINE('',#6588,#669);
#307=LINE('',#6590,#670);
#308=LINE('',#6593,#671);
#309=LINE('',#6595,#672);
#310=LINE('',#6597,#673);
#311=LINE('',#6599,#674);
#312=LINE('',#6601,#675);
#313=LINE('',#6603,#676);
#314=LINE('',#6607,#677);
#315=LINE('',#6609,#678);
#316=LINE('',#6611,#679);
#317=LINE('',#6613,#680);
#318=LINE('',#6618,#681);
#319=LINE('',#6620,#682);
#320=LINE('',#6622,#683);
#321=LINE('',#6624,#684);
#322=LINE('',#6626,#685);
#323=LINE('',#6628,#686);
#324=LINE('',#6630,#687);
#325=LINE('',#6632,#688);
#326=LINE('',#6634,#689);
#327=LINE('',#6636,#690);
#328=LINE('',#6639,#691);
#329=LINE('',#6641,#692);
#330=LINE('',#6643,#693);
#331=LINE('',#6645,#694);
#332=LINE('',#6648,#695);
#333=LINE('',#6650,#696);
#334=LINE('',#6652,#697);
#335=LINE('',#6654,#698);
#336=LINE('',#6656,#699);
#337=LINE('',#6658,#700);
#338=LINE('',#6662,#701);
#339=LINE('',#6664,#702);
#340=LINE('',#6666,#703);
#341=LINE('',#6668,#704);
#342=LINE('',#6671,#705);
#343=LINE('',#6673,#706);
#344=LINE('',#6675,#707);
#345=LINE('',#6677,#708);
#346=LINE('',#6680,#709);
#347=LINE('',#6682,#710);
#348=LINE('',#6684,#711);
#349=LINE('',#6686,#712);
#350=LINE('',#6689,#713);
#351=LINE('',#6691,#714);
#352=LINE('',#6693,#715);
#353=LINE('',#6695,#716);
#354=LINE('',#6698,#717);
#355=LINE('',#6700,#718);
#356=LINE('',#6702,#719);
#357=LINE('',#6704,#720);
#358=LINE('',#6707,#721);
#359=LINE('',#6709,#722);
#360=LINE('',#6711,#723);
#361=LINE('',#6713,#724);
#362=LINE('',#6723,#725);
#363=LINE('',#6732,#726);
#364=LINE('',#6734,#727);
#365=LINE('',#6736,#728);
#366=LINE('',#6745,#729);
#367=LINE('',#6755,#730);
#368=LINE('',#6764,#731);
#369=LINE('',#6767,#732);
#370=LINE('',#6768,#733);
#371=LINE('',#6777,#734);
#372=LINE('',#6780,#735);
#373=LINE('',#6782,#736);
#374=LINE('',#6784,#737);
#375=LINE('',#6799,#738);
#376=LINE('',#6809,#739);
#377=LINE('',#6812,#740);
#378=LINE('',#6814,#741);
#379=LINE('',#6816,#742);
#380=LINE('',#6831,#743);
#381=LINE('',#6841,#744);
#382=LINE('',#6842,#745);
#383=LINE('',#6844,#746);
#384=LINE('',#6848,#747);
#385=LINE('',#6849,#748);
#386=LINE('',#6853,#749);
#387=LINE('',#6854,#750);
#388=LINE('',#6856,#751);
#389=LINE('',#6858,#752);
#390=LINE('',#6862,#753);
#391=LINE('',#6864,#754);
#392=LINE('',#6868,#755);
#393=LINE('',#6869,#756);
#394=LINE('',#6871,#757);
#395=LINE('',#6872,#758);
#396=LINE('',#6875,#759);
#397=LINE('',#6876,#760);
#398=LINE('',#6878,#761);
#399=LINE('',#6883,#762);
#400=LINE('',#6884,#763);
#401=LINE('',#6886,#764);
#402=LINE('',#6890,#765);
#403=LINE('',#6892,#766);
#404=LINE('',#6895,#767);
#405=LINE('',#6897,#768);
#406=LINE('',#6898,#769);
#407=LINE('',#6988,#770);
#408=LINE('',#7052,#771);
#409=LINE('',#7120,#772);
#410=LINE('',#7124,#773);
#411=LINE('',#7145,#774);
#412=LINE('',#7147,#775);
#413=LINE('',#7149,#776);
#414=LINE('',#7151,#777);
#415=LINE('',#7154,#778);
#416=LINE('',#7155,#779);
#417=LINE('',#7157,#780);
#418=LINE('',#7158,#781);
#419=LINE('',#7160,#782);
#420=LINE('',#7162,#783);
#421=LINE('',#7163,#784);
#422=LINE('',#7165,#785);
#423=LINE('',#7167,#786);
#424=LINE('',#7169,#787);
#425=LINE('',#7171,#788);
#426=LINE('',#7173,#789);
#427=LINE('',#7175,#790);
#428=LINE('',#7178,#791);
#429=LINE('',#7179,#792);
#430=VECTOR('',#4684,1.);
#431=VECTOR('',#4685,1.);
#432=VECTOR('',#4686,1.);
#433=VECTOR('',#4687,1.);
#434=VECTOR('',#4692,1.);
#435=VECTOR('',#4697,1.);
#436=VECTOR('',#4698,1.);
#437=VECTOR('',#4699,1.);
#438=VECTOR('',#4700,1.);
#439=VECTOR('',#4705,1.);
#440=VECTOR('',#4710,1.);
#441=VECTOR('',#4711,1.);
#442=VECTOR('',#4712,1.);
#443=VECTOR('',#4713,1.);
#444=VECTOR('',#4716,1.);
#445=VECTOR('',#4719,1.);
#446=VECTOR('',#4720,1.);
#447=VECTOR('',#4721,1.);
#448=VECTOR('',#4724,1.);
#449=VECTOR('',#4727,1.);
#450=VECTOR('',#4728,1.);
#451=VECTOR('',#4729,1.);
#452=VECTOR('',#4732,1.);
#453=VECTOR('',#4735,1.);
#454=VECTOR('',#4736,1.);
#455=VECTOR('',#4737,1.);
#456=VECTOR('',#4740,1.);
#457=VECTOR('',#4743,1.);
#458=VECTOR('',#4744,1.);
#459=VECTOR('',#4745,1.);
#460=VECTOR('',#4756,1.);
#461=VECTOR('',#4757,1.);
#462=VECTOR('',#4758,1.);
#463=VECTOR('',#4759,1.);
#464=VECTOR('',#4760,1.);
#465=VECTOR('',#4763,1.);
#466=VECTOR('',#4766,1.);
#467=VECTOR('',#4769,1.);
#468=VECTOR('',#4772,1.);
#469=VECTOR('',#4773,1.);
#470=VECTOR('',#4774,1.);
#471=VECTOR('',#4775,1.);
#472=VECTOR('',#4780,1.);
#473=VECTOR('',#4783,1.);
#474=VECTOR('',#4786,1.);
#475=VECTOR('',#4787,1.);
#476=VECTOR('',#4790,1.);
#477=VECTOR('',#4791,1.);
#478=VECTOR('',#4792,1.);
#479=VECTOR('',#4793,1.);
#480=VECTOR('',#4796,1.);
#481=VECTOR('',#4799,1.);
#482=VECTOR('',#4800,1.);
#483=VECTOR('',#4803,1.);
#484=VECTOR('',#4806,1.);
#485=VECTOR('',#4809,1.);
#486=VECTOR('',#4812,1.);
#487=VECTOR('',#4813,1.);
#488=VECTOR('',#4814,1.);
#489=VECTOR('',#4815,1.);
#490=VECTOR('',#4818,1.);
#491=VECTOR('',#4821,1.);
#492=VECTOR('',#4822,1.);
#493=VECTOR('',#4823,1.);
#494=VECTOR('',#4826,1.);
#495=VECTOR('',#4829,1.);
#496=VECTOR('',#4830,1.);
#497=VECTOR('',#4831,1.);
#498=VECTOR('',#4832,1.);
#499=VECTOR('',#4835,1.);
#500=VECTOR('',#4836,1.);
#501=VECTOR('',#4837,1.);
#502=VECTOR('',#4838,1.);
#503=VECTOR('',#4839,1.);
#504=VECTOR('',#4840,1.);
#505=VECTOR('',#4841,1.);
#506=VECTOR('',#4842,1.);
#507=VECTOR('',#4845,1.);
#508=VECTOR('',#4846,1.);
#509=VECTOR('',#4847,1.);
#510=VECTOR('',#4848,1.);
#511=VECTOR('',#4849,1.);
#512=VECTOR('',#4850,1.);
#513=VECTOR('',#4853,1.);
#514=VECTOR('',#4854,1.);
#515=VECTOR('',#4857,1.);
#516=VECTOR('',#4858,1.);
#517=VECTOR('',#4859,1.);
#518=VECTOR('',#4860,1.);
#519=VECTOR('',#4861,1.);
#520=VECTOR('',#4864,1.);
#521=VECTOR('',#4865,1.);
#522=VECTOR('',#4866,1.);
#523=VECTOR('',#4869,1.);
#524=VECTOR('',#4870,1.);
#525=VECTOR('',#4871,1.);
#526=VECTOR('',#4874,1.);
#527=VECTOR('',#4875,1.);
#528=VECTOR('',#4876,1.);
#529=VECTOR('',#4877,1.);
#530=VECTOR('',#4878,1.);
#531=VECTOR('',#4881,1.);
#532=VECTOR('',#4882,1.);
#533=VECTOR('',#4883,1.);
#534=VECTOR('',#4884,1.);
#535=VECTOR('',#4885,1.);
#536=VECTOR('',#4886,1.);
#537=VECTOR('',#4887,1.);
#538=VECTOR('',#4888,1.);
#539=VECTOR('',#4893,1.);
#540=VECTOR('',#4894,1.);
#541=VECTOR('',#4895,1.);
#542=VECTOR('',#4898,1.);
#543=VECTOR('',#4903,1.);
#544=VECTOR('',#4908,1.);
#545=VECTOR('',#4911,1.);
#546=VECTOR('',#4912,1.);
#547=VECTOR('',#4913,1.);
#548=VECTOR('',#4916,1.);
#549=VECTOR('',#4917,1.);
#550=VECTOR('',#4918,1.);
#551=VECTOR('',#4919,1.);
#552=VECTOR('',#4920,1.);
#553=VECTOR('',#4923,1.);
#554=VECTOR('',#4924,1.);
#555=VECTOR('',#4925,1.);
#556=VECTOR('',#4926,1.);
#557=VECTOR('',#4929,1.);
#558=VECTOR('',#4930,1.);
#559=VECTOR('',#4931,1.);
#560=VECTOR('',#4932,1.);
#561=VECTOR('',#4935,1.);
#562=VECTOR('',#4948,1.);
#563=VECTOR('',#4949,1.);
#564=VECTOR('',#4950,1.);
#565=VECTOR('',#4955,1.);
#566=VECTOR('',#4958,1.);
#567=VECTOR('',#4961,1.);
#568=VECTOR('',#4964,1.);
#569=VECTOR('',#4967,1.);
#570=VECTOR('',#4974,1.);
#571=VECTOR('',#4975,1.);
#572=VECTOR('',#4976,1.);
#573=VECTOR('',#4977,1.);
#574=VECTOR('',#4978,1.);
#575=VECTOR('',#4979,1.);
#576=VECTOR('',#4980,1.);
#577=VECTOR('',#4983,1.);
#578=VECTOR('',#4984,1.);
#579=VECTOR('',#4985,1.);
#580=VECTOR('',#4996,1.);
#581=VECTOR('',#4999,1.);
#582=VECTOR('',#5002,1.);
#583=VECTOR('',#5005,1.);
#584=VECTOR('',#5010,1.);
#585=VECTOR('',#5013,1.);
#586=VECTOR('',#5014,1.);
#587=VECTOR('',#5015,1.);
#588=VECTOR('',#5018,1.);
#589=VECTOR('',#5021,1.);
#590=VECTOR('',#5024,1.);
#591=VECTOR('',#5025,1.);
#592=VECTOR('',#5028,1.);
#593=VECTOR('',#5029,1.);
#594=VECTOR('',#5032,1.);
#595=VECTOR('',#5037,1.);
#596=VECTOR('',#5038,1.);
#597=VECTOR('',#5041,1.);
#598=VECTOR('',#5044,1.);
#599=VECTOR('',#5047,1.);
#600=VECTOR('',#5050,1.);
#601=VECTOR('',#5053,1.);
#602=VECTOR('',#5056,1.);
#603=VECTOR('',#5059,1.);
#604=VECTOR('',#5062,1.);
#605=VECTOR('',#5065,1.);
#606=VECTOR('',#5068,1.);
#607=VECTOR('',#5071,1.);
#608=VECTOR('',#5072,1.);
#609=VECTOR('',#5075,1.);
#610=VECTOR('',#5078,1.);
#611=VECTOR('',#5081,1.);
#612=VECTOR('',#5084,1.);
#613=VECTOR('',#5087,1.);
#614=VECTOR('',#5088,1.);
#615=VECTOR('',#5089,1.);
#616=VECTOR('',#5092,1.);
#617=VECTOR('',#5093,1.);
#618=VECTOR('',#5096,1.);
#619=VECTOR('',#5097,1.);
#620=VECTOR('',#5100,1.);
#621=VECTOR('',#5101,1.);
#622=VECTOR('',#5104,1.);
#623=VECTOR('',#5105,1.);
#624=VECTOR('',#5108,1.);
#625=VECTOR('',#5113,1.);
#626=VECTOR('',#5114,1.);
#627=VECTOR('',#5115,1.);
#628=VECTOR('',#5118,1.);
#629=VECTOR('',#5123,1.);
#630=VECTOR('',#5130,1.);
#631=VECTOR('',#5131,1.);
#632=VECTOR('',#5134,1.);
#633=VECTOR('',#5137,1.);
#634=VECTOR('',#5140,1.);
#635=VECTOR('',#5141,1.);
#636=VECTOR('',#5144,1.);
#637=VECTOR('',#5147,1.);
#638=VECTOR('',#5150,1.);
#639=VECTOR('',#5151,1.);
#640=VECTOR('',#5164,1.);
#641=VECTOR('',#5165,1.);
#642=VECTOR('',#5166,1.);
#643=VECTOR('',#5167,1.);
#644=VECTOR('',#5168,1.);
#645=VECTOR('',#5169,1.);
#646=VECTOR('',#5172,1.);
#647=VECTOR('',#5173,1.);
#648=VECTOR('',#5174,1.);
#649=VECTOR('',#5175,1.);
#650=VECTOR('',#5176,1.);
#651=VECTOR('',#5177,1.);
#652=VECTOR('',#5180,1.);
#653=VECTOR('',#5181,1.);
#654=VECTOR('',#5182,1.);
#655=VECTOR('',#5183,1.);
#656=VECTOR('',#5186,1.);
#657=VECTOR('',#5189,1.);
#658=VECTOR('',#5190,1.);
#659=VECTOR('',#5191,1.);
#660=VECTOR('',#5192,1.);
#661=VECTOR('',#5193,1.);
#662=VECTOR('',#5194,1.);
#663=VECTOR('',#5195,1.);
#664=VECTOR('',#5196,1.);
#665=VECTOR('',#5197,1.);
#666=VECTOR('',#5200,1.);
#667=VECTOR('',#5201,1.);
#668=VECTOR('',#5202,1.);
#669=VECTOR('',#5203,1.);
#670=VECTOR('',#5206,1.);
#671=VECTOR('',#5207,1.);
#672=VECTOR('',#5208,1.);
#673=VECTOR('',#5209,1.);
#674=VECTOR('',#5210,1.);
#675=VECTOR('',#5211,1.);
#676=VECTOR('',#5212,1.);
#677=VECTOR('',#5215,1.);
#678=VECTOR('',#5216,1.);
#679=VECTOR('',#5217,1.);
#680=VECTOR('',#5220,1.);
#681=VECTOR('',#5223,1.);
#682=VECTOR('',#5224,1.);
#683=VECTOR('',#5225,1.);
#684=VECTOR('',#5226,1.);
#685=VECTOR('',#5227,1.);
#686=VECTOR('',#5228,1.);
#687=VECTOR('',#5229,1.);
#688=VECTOR('',#5230,1.);
#689=VECTOR('',#5231,1.);
#690=VECTOR('',#5234,1.);
#691=VECTOR('',#5235,1.);
#692=VECTOR('',#5236,1.);
#693=VECTOR('',#5237,1.);
#694=VECTOR('',#5240,1.);
#695=VECTOR('',#5241,1.);
#696=VECTOR('',#5242,1.);
#697=VECTOR('',#5243,1.);
#698=VECTOR('',#5244,1.);
#699=VECTOR('',#5245,1.);
#700=VECTOR('',#5246,1.);
#701=VECTOR('',#5249,1.);
#702=VECTOR('',#5250,1.);
#703=VECTOR('',#5251,1.);
#704=VECTOR('',#5254,1.);
#705=VECTOR('',#5255,1.);
#706=VECTOR('',#5256,1.);
#707=VECTOR('',#5257,1.);
#708=VECTOR('',#5260,1.);
#709=VECTOR('',#5261,1.);
#710=VECTOR('',#5262,1.);
#711=VECTOR('',#5263,1.);
#712=VECTOR('',#5266,1.);
#713=VECTOR('',#5267,1.);
#714=VECTOR('',#5268,1.);
#715=VECTOR('',#5269,1.);
#716=VECTOR('',#5272,1.);
#717=VECTOR('',#5273,1.);
#718=VECTOR('',#5274,1.);
#719=VECTOR('',#5275,1.);
#720=VECTOR('',#5278,1.);
#721=VECTOR('',#5279,1.);
#722=VECTOR('',#5280,1.);
#723=VECTOR('',#5281,1.);
#724=VECTOR('',#5284,1.);
#725=VECTOR('',#5287,1.);
#726=VECTOR('',#5292,1.);
#727=VECTOR('',#5293,1.);
#728=VECTOR('',#5294,1.);
#729=VECTOR('',#5309,1.);
#730=VECTOR('',#5312,1.);
#731=VECTOR('',#5317,1.);
#732=VECTOR('',#5318,1.);
#733=VECTOR('',#5319,1.);
#734=VECTOR('',#5334,1.);
#735=VECTOR('',#5335,1.);
#736=VECTOR('',#5336,1.);
#737=VECTOR('',#5337,1.);
#738=VECTOR('',#5352,1.);
#739=VECTOR('',#5359,1.);
#740=VECTOR('',#5360,1.);
#741=VECTOR('',#5361,1.);
#742=VECTOR('',#5362,1.);
#743=VECTOR('',#5377,1.);
#744=VECTOR('',#5384,1.);
#745=VECTOR('',#5385,1.);
#746=VECTOR('',#5388,1.);
#747=VECTOR('',#5393,1.);
#748=VECTOR('',#5394,1.);
#749=VECTOR('',#5399,1.);
#750=VECTOR('',#5400,1.);
#751=VECTOR('',#5403,1.);
#752=VECTOR('',#5406,1.);
#753=VECTOR('',#5409,1.);
#754=VECTOR('',#5410,1.);
#755=VECTOR('',#5415,1.);
#756=VECTOR('',#5416,1.);
#757=VECTOR('',#5419,1.);
#758=VECTOR('',#5420,1.);
#759=VECTOR('',#5425,1.);
#760=VECTOR('',#5426,1.);
#761=VECTOR('',#5429,1.);
#762=VECTOR('',#5438,1.);
#763=VECTOR('',#5439,1.);
#764=VECTOR('',#5442,1.);
#765=VECTOR('',#5449,1.);
#766=VECTOR('',#5450,1.);
#767=VECTOR('',#5453,1.);
#768=VECTOR('',#5456,1.);
#769=VECTOR('',#5457,1.);
#770=VECTOR('',#5634,1.);
#771=VECTOR('',#5761,1.);
#772=VECTOR('',#5862,1.);
#773=VECTOR('',#5867,1.);
#774=VECTOR('',#5900,1.);
#775=VECTOR('',#5901,1.);
#776=VECTOR('',#5902,1.);
#777=VECTOR('',#5905,1.);
#778=VECTOR('',#5906,1.);
#779=VECTOR('',#5907,1.);
#780=VECTOR('',#5908,1.);
#781=VECTOR('',#5909,1.);
#782=VECTOR('',#5912,1.);
#783=VECTOR('',#5913,1.);
#784=VECTOR('',#5914,1.);
#785=VECTOR('',#5917,1.);
#786=VECTOR('',#5920,1.);
#787=VECTOR('',#5921,1.);
#788=VECTOR('',#5924,1.);
#789=VECTOR('',#5925,1.);
#790=VECTOR('',#5928,1.);
#791=VECTOR('',#5933,1.);
#792=VECTOR('',#5934,1.);
#793=PLANE('',#4208);
#794=PLANE('',#4209);
#795=PLANE('',#4212);
#796=PLANE('',#4213);
#797=PLANE('',#4216);
#798=PLANE('',#4228);
#799=PLANE('',#4234);
#800=PLANE('',#4237);
#801=PLANE('',#4240);
#802=PLANE('',#4243);
#803=PLANE('',#4250);
#804=PLANE('',#4252);
#805=PLANE('',#4254);
#806=PLANE('',#4256);
#807=PLANE('',#4258);
#808=PLANE('',#4263);
#809=PLANE('',#4266);
#810=PLANE('',#4267);
#811=PLANE('',#4274);
#812=PLANE('',#4275);
#813=PLANE('',#4282);
#814=PLANE('',#4285);
#815=PLANE('',#4302);
#816=PLANE('',#4304);
#817=PLANE('',#4306);
#818=PLANE('',#4307);
#819=PLANE('',#4308);
#820=PLANE('',#4309);
#821=PLANE('',#4310);
#822=PLANE('',#4311);
#823=PLANE('',#4312);
#824=PLANE('',#4313);
#825=PLANE('',#4315);
#826=PLANE('',#4317);
#827=PLANE('',#4318);
#828=PLANE('',#4319);
#829=PLANE('',#4320);
#830=PLANE('',#4321);
#831=PLANE('',#4322);
#832=PLANE('',#4323);
#833=PLANE('',#4324);
#834=PLANE('',#4325);
#835=PLANE('',#4328);
#836=PLANE('',#4331);
#837=PLANE('',#4333);
#838=PLANE('',#4334);
#839=PLANE('',#4335);
#840=PLANE('',#4336);
#841=PLANE('',#4337);
#842=PLANE('',#4343);
#843=PLANE('',#4344);
#844=PLANE('',#4345);
#845=PLANE('',#4346);
#846=PLANE('',#4348);
#847=PLANE('',#4349);
#848=PLANE('',#4351);
#849=PLANE('',#4353);
#850=PLANE('',#4354);
#851=PLANE('',#4356);
#852=PLANE('',#4357);
#853=PLANE('',#4358);
#854=PLANE('',#4359);
#855=PLANE('',#4360);
#856=PLANE('',#4361);
#857=PLANE('',#4364);
#858=PLANE('',#4365);
#859=PLANE('',#4371);
#860=PLANE('',#4374);
#861=PLANE('',#4375);
#862=PLANE('',#4381);
#863=PLANE('',#4382);
#864=PLANE('',#4388);
#865=PLANE('',#4391);
#866=PLANE('',#4392);
#867=PLANE('',#4398);
#868=PLANE('',#4401);
#869=PLANE('',#4402);
#870=PLANE('',#4403);
#871=PLANE('',#4406);
#872=PLANE('',#4407);
#873=PLANE('',#4408);
#874=PLANE('',#4410);
#875=PLANE('',#4412);
#876=PLANE('',#4413);
#877=PLANE('',#4414);
#878=PLANE('',#4415);
#879=PLANE('',#4416);
#880=PLANE('',#4419);
#881=PLANE('',#4420);
#882=PLANE('',#4421);
#883=PLANE('',#4423);
#884=PLANE('',#4425);
#885=PLANE('',#4426);
#886=PLANE('',#4575);
#887=PLANE('',#4576);
#888=PLANE('',#4583);
#889=PLANE('',#4585);
#890=PLANE('',#4586);
#891=PLANE('',#4593);
#892=PLANE('',#4597);
#893=PLANE('',#4622);
#894=PLANE('',#4623);
#895=PLANE('',#4624);
#896=PLANE('',#4625);
#897=PLANE('',#4628);
#898=PLANE('',#4631);
#899=PLANE('',#4634);
#900=PLANE('',#4637);
#901=PLANE('',#4640);
#902=PLANE('',#4643);
#903=PLANE('',#4644);
#904=PLANE('',#4645);
#905=PLANE('',#4646);
#906=PLANE('',#4647);
#907=PLANE('',#4648);
#908=PLANE('',#4649);
#909=PLANE('',#4650);
#910=PLANE('',#4651);
#911=PLANE('',#4652);
#912=PLANE('',#4653);
#913=PLANE('',#4654);
#914=ORIENTED_EDGE('',*,*,#2082,.F.);
#915=ORIENTED_EDGE('',*,*,#2083,.T.);
#916=ORIENTED_EDGE('',*,*,#2084,.F.);
#917=ORIENTED_EDGE('',*,*,#2085,.T.);
#918=ORIENTED_EDGE('',*,*,#2086,.F.);
#919=ORIENTED_EDGE('',*,*,#2087,.T.);
#920=ORIENTED_EDGE('',*,*,#2088,.F.);
#921=ORIENTED_EDGE('',*,*,#2089,.T.);
#922=ORIENTED_EDGE('',*,*,#2090,.F.);
#923=ORIENTED_EDGE('',*,*,#2091,.T.);
#924=ORIENTED_EDGE('',*,*,#2092,.F.);
#925=ORIENTED_EDGE('',*,*,#2093,.F.);
#926=ORIENTED_EDGE('',*,*,#2094,.F.);
#927=ORIENTED_EDGE('',*,*,#2095,.F.);
#928=ORIENTED_EDGE('',*,*,#2096,.F.);
#929=ORIENTED_EDGE('',*,*,#2091,.F.);
#930=ORIENTED_EDGE('',*,*,#2097,.F.);
#931=ORIENTED_EDGE('',*,*,#2098,.T.);
#932=ORIENTED_EDGE('',*,*,#2099,.F.);
#933=ORIENTED_EDGE('',*,*,#2100,.F.);
#934=ORIENTED_EDGE('',*,*,#2101,.F.);
#935=ORIENTED_EDGE('',*,*,#2102,.F.);
#936=ORIENTED_EDGE('',*,*,#2103,.F.);
#937=ORIENTED_EDGE('',*,*,#2098,.F.);
#938=ORIENTED_EDGE('',*,*,#2104,.T.);
#939=ORIENTED_EDGE('',*,*,#2105,.T.);
#940=ORIENTED_EDGE('',*,*,#2106,.T.);
#941=ORIENTED_EDGE('',*,*,#2107,.T.);
#942=ORIENTED_EDGE('',*,*,#2108,.F.);
#943=ORIENTED_EDGE('',*,*,#2109,.F.);
#944=ORIENTED_EDGE('',*,*,#2110,.F.);
#945=ORIENTED_EDGE('',*,*,#2111,.F.);
#946=ORIENTED_EDGE('',*,*,#2112,.F.);
#947=ORIENTED_EDGE('',*,*,#2113,.F.);
#948=ORIENTED_EDGE('',*,*,#2114,.F.);
#949=ORIENTED_EDGE('',*,*,#2115,.F.);
#950=ORIENTED_EDGE('',*,*,#2116,.F.);
#951=ORIENTED_EDGE('',*,*,#2117,.F.);
#952=ORIENTED_EDGE('',*,*,#2118,.T.);
#953=ORIENTED_EDGE('',*,*,#2119,.T.);
#954=ORIENTED_EDGE('',*,*,#2120,.F.);
#955=ORIENTED_EDGE('',*,*,#2121,.T.);
#956=ORIENTED_EDGE('',*,*,#2122,.F.);
#957=ORIENTED_EDGE('',*,*,#2123,.T.);
#958=ORIENTED_EDGE('',*,*,#2124,.T.);
#959=ORIENTED_EDGE('',*,*,#2125,.T.);
#960=ORIENTED_EDGE('',*,*,#2126,.F.);
#961=ORIENTED_EDGE('',*,*,#2127,.T.);
#962=ORIENTED_EDGE('',*,*,#2128,.F.);
#963=ORIENTED_EDGE('',*,*,#2129,.T.);
#964=ORIENTED_EDGE('',*,*,#2130,.T.);
#965=ORIENTED_EDGE('',*,*,#2131,.F.);
#966=ORIENTED_EDGE('',*,*,#2132,.F.);
#967=ORIENTED_EDGE('',*,*,#2133,.F.);
#968=ORIENTED_EDGE('',*,*,#2134,.T.);
#969=ORIENTED_EDGE('',*,*,#2135,.T.);
#970=ORIENTED_EDGE('',*,*,#2136,.T.);
#971=ORIENTED_EDGE('',*,*,#2137,.T.);
#972=ORIENTED_EDGE('',*,*,#2138,.F.);
#973=ORIENTED_EDGE('',*,*,#2139,.T.);
#974=ORIENTED_EDGE('',*,*,#2140,.T.);
#975=ORIENTED_EDGE('',*,*,#2141,.T.);
#976=ORIENTED_EDGE('',*,*,#2142,.T.);
#977=ORIENTED_EDGE('',*,*,#2143,.T.);
#978=ORIENTED_EDGE('',*,*,#2144,.T.);
#979=ORIENTED_EDGE('',*,*,#2145,.T.);
#980=ORIENTED_EDGE('',*,*,#2146,.T.);
#981=ORIENTED_EDGE('',*,*,#2147,.T.);
#982=ORIENTED_EDGE('',*,*,#2148,.F.);
#983=ORIENTED_EDGE('',*,*,#2149,.T.);
#984=ORIENTED_EDGE('',*,*,#2150,.T.);
#985=ORIENTED_EDGE('',*,*,#2151,.F.);
#986=ORIENTED_EDGE('',*,*,#2152,.F.);
#987=ORIENTED_EDGE('',*,*,#2153,.F.);
#988=ORIENTED_EDGE('',*,*,#2154,.F.);
#989=ORIENTED_EDGE('',*,*,#2155,.F.);
#990=ORIENTED_EDGE('',*,*,#2156,.F.);
#991=ORIENTED_EDGE('',*,*,#2157,.F.);
#992=ORIENTED_EDGE('',*,*,#2158,.F.);
#993=ORIENTED_EDGE('',*,*,#2159,.F.);
#994=ORIENTED_EDGE('',*,*,#2160,.F.);
#995=ORIENTED_EDGE('',*,*,#2161,.T.);
#996=ORIENTED_EDGE('',*,*,#2162,.T.);
#997=ORIENTED_EDGE('',*,*,#2163,.F.);
#998=ORIENTED_EDGE('',*,*,#2164,.T.);
#999=ORIENTED_EDGE('',*,*,#2165,.T.);
#1000=ORIENTED_EDGE('',*,*,#2166,.T.);
#1001=ORIENTED_EDGE('',*,*,#2167,.F.);
#1002=ORIENTED_EDGE('',*,*,#2168,.T.);
#1003=ORIENTED_EDGE('',*,*,#2169,.F.);
#1004=ORIENTED_EDGE('',*,*,#2170,.T.);
#1005=ORIENTED_EDGE('',*,*,#2171,.F.);
#1006=ORIENTED_EDGE('',*,*,#2172,.F.);
#1007=ORIENTED_EDGE('',*,*,#2173,.F.);
#1008=ORIENTED_EDGE('',*,*,#2174,.F.);
#1009=ORIENTED_EDGE('',*,*,#2175,.T.);
#1010=ORIENTED_EDGE('',*,*,#2176,.T.);
#1011=ORIENTED_EDGE('',*,*,#2177,.F.);
#1012=ORIENTED_EDGE('',*,*,#2178,.T.);
#1013=ORIENTED_EDGE('',*,*,#2179,.F.);
#1014=ORIENTED_EDGE('',*,*,#2180,.T.);
#1015=ORIENTED_EDGE('',*,*,#2181,.T.);
#1016=ORIENTED_EDGE('',*,*,#2182,.T.);
#1017=ORIENTED_EDGE('',*,*,#2183,.F.);
#1018=ORIENTED_EDGE('',*,*,#2184,.T.);
#1019=ORIENTED_EDGE('',*,*,#2185,.F.);
#1020=ORIENTED_EDGE('',*,*,#2186,.T.);
#1021=ORIENTED_EDGE('',*,*,#2187,.T.);
#1022=ORIENTED_EDGE('',*,*,#2188,.F.);
#1023=ORIENTED_EDGE('',*,*,#2189,.F.);
#1024=ORIENTED_EDGE('',*,*,#2190,.F.);
#1025=ORIENTED_EDGE('',*,*,#2191,.F.);
#1026=ORIENTED_EDGE('',*,*,#2192,.F.);
#1027=ORIENTED_EDGE('',*,*,#2193,.T.);
#1028=ORIENTED_EDGE('',*,*,#2194,.T.);
#1029=ORIENTED_EDGE('',*,*,#2195,.T.);
#1030=ORIENTED_EDGE('',*,*,#2196,.T.);
#1031=ORIENTED_EDGE('',*,*,#2197,.F.);
#1032=ORIENTED_EDGE('',*,*,#2198,.F.);
#1033=ORIENTED_EDGE('',*,*,#2199,.F.);
#1034=ORIENTED_EDGE('',*,*,#2200,.T.);
#1035=ORIENTED_EDGE('',*,*,#2201,.T.);
#1036=ORIENTED_EDGE('',*,*,#2202,.T.);
#1037=ORIENTED_EDGE('',*,*,#2203,.T.);
#1038=ORIENTED_EDGE('',*,*,#2204,.F.);
#1039=ORIENTED_EDGE('',*,*,#2205,.T.);
#1040=ORIENTED_EDGE('',*,*,#2206,.T.);
#1041=ORIENTED_EDGE('',*,*,#2207,.F.);
#1042=ORIENTED_EDGE('',*,*,#2208,.T.);
#1043=ORIENTED_EDGE('',*,*,#2209,.T.);
#1044=ORIENTED_EDGE('',*,*,#2210,.T.);
#1045=ORIENTED_EDGE('',*,*,#2211,.T.);
#1046=ORIENTED_EDGE('',*,*,#2212,.T.);
#1047=ORIENTED_EDGE('',*,*,#2213,.T.);
#1048=ORIENTED_EDGE('',*,*,#2214,.T.);
#1049=ORIENTED_EDGE('',*,*,#2215,.T.);
#1050=ORIENTED_EDGE('',*,*,#2216,.F.);
#1051=ORIENTED_EDGE('',*,*,#2217,.T.);
#1052=ORIENTED_EDGE('',*,*,#2218,.T.);
#1053=ORIENTED_EDGE('',*,*,#2219,.F.);
#1054=ORIENTED_EDGE('',*,*,#2220,.T.);
#1055=ORIENTED_EDGE('',*,*,#2221,.T.);
#1056=ORIENTED_EDGE('',*,*,#2222,.F.);
#1057=ORIENTED_EDGE('',*,*,#2223,.F.);
#1058=ORIENTED_EDGE('',*,*,#2224,.T.);
#1059=ORIENTED_EDGE('',*,*,#2225,.T.);
#1060=ORIENTED_EDGE('',*,*,#2226,.T.);
#1061=ORIENTED_EDGE('',*,*,#2227,.T.);
#1062=ORIENTED_EDGE('',*,*,#2228,.F.);
#1063=ORIENTED_EDGE('',*,*,#2229,.T.);
#1064=ORIENTED_EDGE('',*,*,#2230,.T.);
#1065=ORIENTED_EDGE('',*,*,#2231,.T.);
#1066=ORIENTED_EDGE('',*,*,#2232,.T.);
#1067=ORIENTED_EDGE('',*,*,#2233,.T.);
#1068=ORIENTED_EDGE('',*,*,#2234,.T.);
#1069=ORIENTED_EDGE('',*,*,#2235,.T.);
#1070=ORIENTED_EDGE('',*,*,#2236,.T.);
#1071=ORIENTED_EDGE('',*,*,#2192,.T.);
#1072=ORIENTED_EDGE('',*,*,#2237,.F.);
#1073=ORIENTED_EDGE('',*,*,#2103,.T.);
#1074=ORIENTED_EDGE('',*,*,#2238,.T.);
#1075=ORIENTED_EDGE('',*,*,#2239,.T.);
#1076=ORIENTED_EDGE('',*,*,#2099,.T.);
#1077=ORIENTED_EDGE('',*,*,#2096,.T.);
#1078=ORIENTED_EDGE('',*,*,#2240,.T.);
#1079=ORIENTED_EDGE('',*,*,#2241,.T.);
#1080=ORIENTED_EDGE('',*,*,#2092,.T.);
#1081=ORIENTED_EDGE('',*,*,#2242,.T.);
#1082=ORIENTED_EDGE('',*,*,#2243,.T.);
#1083=ORIENTED_EDGE('',*,*,#2117,.T.);
#1084=ORIENTED_EDGE('',*,*,#2244,.T.);
#1085=ORIENTED_EDGE('',*,*,#2245,.T.);
#1086=ORIENTED_EDGE('',*,*,#2246,.T.);
#1087=ORIENTED_EDGE('',*,*,#2188,.T.);
#1088=ORIENTED_EDGE('',*,*,#2247,.T.);
#1089=ORIENTED_EDGE('',*,*,#2248,.F.);
#1090=ORIENTED_EDGE('',*,*,#2249,.T.);
#1091=ORIENTED_EDGE('',*,*,#2250,.T.);
#1092=ORIENTED_EDGE('',*,*,#2160,.T.);
#1093=ORIENTED_EDGE('',*,*,#2251,.F.);
#1094=ORIENTED_EDGE('',*,*,#2252,.T.);
#1095=ORIENTED_EDGE('',*,*,#2253,.T.);
#1096=ORIENTED_EDGE('',*,*,#2254,.T.);
#1097=ORIENTED_EDGE('',*,*,#2255,.F.);
#1098=ORIENTED_EDGE('',*,*,#2256,.F.);
#1099=ORIENTED_EDGE('',*,*,#2257,.F.);
#1100=ORIENTED_EDGE('',*,*,#2258,.T.);
#1101=ORIENTED_EDGE('',*,*,#2259,.T.);
#1102=ORIENTED_EDGE('',*,*,#2260,.F.);
#1103=ORIENTED_EDGE('',*,*,#2261,.F.);
#1104=ORIENTED_EDGE('',*,*,#2262,.T.);
#1105=ORIENTED_EDGE('',*,*,#2257,.T.);
#1106=ORIENTED_EDGE('',*,*,#2263,.F.);
#1107=ORIENTED_EDGE('',*,*,#2259,.F.);
#1108=ORIENTED_EDGE('',*,*,#2264,.T.);
#1109=ORIENTED_EDGE('',*,*,#2256,.T.);
#1110=ORIENTED_EDGE('',*,*,#2265,.F.);
#1111=ORIENTED_EDGE('',*,*,#2266,.F.);
#1112=ORIENTED_EDGE('',*,*,#2267,.F.);
#1113=ORIENTED_EDGE('',*,*,#2268,.T.);
#1114=ORIENTED_EDGE('',*,*,#2261,.T.);
#1115=ORIENTED_EDGE('',*,*,#2255,.T.);
#1116=ORIENTED_EDGE('',*,*,#2269,.T.);
#1117=ORIENTED_EDGE('',*,*,#2270,.T.);
#1118=ORIENTED_EDGE('',*,*,#2271,.T.);
#1119=ORIENTED_EDGE('',*,*,#2266,.T.);
#1120=ORIENTED_EDGE('',*,*,#2263,.T.);
#1121=ORIENTED_EDGE('',*,*,#2260,.T.);
#1122=ORIENTED_EDGE('',*,*,#2265,.T.);
#1123=ORIENTED_EDGE('',*,*,#2272,.F.);
#1124=ORIENTED_EDGE('',*,*,#2273,.F.);
#1125=ORIENTED_EDGE('',*,*,#2274,.F.);
#1126=ORIENTED_EDGE('',*,*,#2275,.F.);
#1127=ORIENTED_EDGE('',*,*,#2276,.F.);
#1128=ORIENTED_EDGE('',*,*,#2277,.F.);
#1129=ORIENTED_EDGE('',*,*,#2278,.F.);
#1130=ORIENTED_EDGE('',*,*,#2279,.F.);
#1131=ORIENTED_EDGE('',*,*,#2131,.T.);
#1132=ORIENTED_EDGE('',*,*,#2280,.T.);
#1133=ORIENTED_EDGE('',*,*,#2281,.F.);
#1134=ORIENTED_EDGE('',*,*,#2282,.T.);
#1135=ORIENTED_EDGE('',*,*,#2283,.T.);
#1136=ORIENTED_EDGE('',*,*,#2284,.T.);
#1137=ORIENTED_EDGE('',*,*,#2285,.F.);
#1138=ORIENTED_EDGE('',*,*,#2286,.T.);
#1139=ORIENTED_EDGE('',*,*,#2287,.T.);
#1140=ORIENTED_EDGE('',*,*,#2288,.T.);
#1141=ORIENTED_EDGE('',*,*,#2174,.T.);
#1142=ORIENTED_EDGE('',*,*,#2289,.F.);
#1143=ORIENTED_EDGE('',*,*,#2290,.T.);
#1144=ORIENTED_EDGE('',*,*,#2291,.F.);
#1145=ORIENTED_EDGE('',*,*,#2292,.T.);
#1146=ORIENTED_EDGE('',*,*,#2293,.T.);
#1147=ORIENTED_EDGE('',*,*,#2294,.T.);
#1148=ORIENTED_EDGE('',*,*,#2295,.T.);
#1149=ORIENTED_EDGE('',*,*,#2296,.T.);
#1150=ORIENTED_EDGE('',*,*,#2297,.T.);
#1151=ORIENTED_EDGE('',*,*,#2298,.T.);
#1152=ORIENTED_EDGE('',*,*,#2299,.T.);
#1153=ORIENTED_EDGE('',*,*,#2300,.T.);
#1154=ORIENTED_EDGE('',*,*,#2301,.T.);
#1155=ORIENTED_EDGE('',*,*,#2302,.T.);
#1156=ORIENTED_EDGE('',*,*,#2303,.T.);
#1157=ORIENTED_EDGE('',*,*,#2245,.F.);
#1158=ORIENTED_EDGE('',*,*,#2304,.F.);
#1159=ORIENTED_EDGE('',*,*,#2305,.T.);
#1160=ORIENTED_EDGE('',*,*,#2306,.T.);
#1161=ORIENTED_EDGE('',*,*,#2307,.T.);
#1162=ORIENTED_EDGE('',*,*,#2308,.F.);
#1163=ORIENTED_EDGE('',*,*,#2309,.T.);
#1164=ORIENTED_EDGE('',*,*,#2310,.T.);
#1165=ORIENTED_EDGE('',*,*,#2311,.T.);
#1166=ORIENTED_EDGE('',*,*,#2312,.F.);
#1167=ORIENTED_EDGE('',*,*,#2290,.F.);
#1168=ORIENTED_EDGE('',*,*,#2313,.T.);
#1169=ORIENTED_EDGE('',*,*,#2314,.T.);
#1170=ORIENTED_EDGE('',*,*,#2315,.T.);
#1171=ORIENTED_EDGE('',*,*,#2235,.F.);
#1172=ORIENTED_EDGE('',*,*,#2316,.T.);
#1173=ORIENTED_EDGE('',*,*,#2317,.T.);
#1174=ORIENTED_EDGE('',*,*,#2318,.T.);
#1175=ORIENTED_EDGE('',*,*,#2241,.F.);
#1176=ORIENTED_EDGE('',*,*,#2319,.T.);
#1177=ORIENTED_EDGE('',*,*,#2320,.T.);
#1178=ORIENTED_EDGE('',*,*,#2093,.T.);
#1179=ORIENTED_EDGE('',*,*,#2239,.F.);
#1180=ORIENTED_EDGE('',*,*,#2321,.T.);
#1181=ORIENTED_EDGE('',*,*,#2322,.T.);
#1182=ORIENTED_EDGE('',*,*,#2100,.T.);
#1183=ORIENTED_EDGE('',*,*,#2300,.F.);
#1184=ORIENTED_EDGE('',*,*,#2323,.T.);
#1185=ORIENTED_EDGE('',*,*,#2272,.T.);
#1186=ORIENTED_EDGE('',*,*,#2324,.F.);
#1187=ORIENTED_EDGE('',*,*,#2279,.T.);
#1188=ORIENTED_EDGE('',*,*,#2325,.F.);
#1189=ORIENTED_EDGE('',*,*,#2301,.F.);
#1190=ORIENTED_EDGE('',*,*,#2324,.T.);
#1191=ORIENTED_EDGE('',*,*,#2278,.T.);
#1192=ORIENTED_EDGE('',*,*,#2326,.F.);
#1193=ORIENTED_EDGE('',*,*,#2302,.F.);
#1194=ORIENTED_EDGE('',*,*,#2325,.T.);
#1195=ORIENTED_EDGE('',*,*,#2277,.T.);
#1196=ORIENTED_EDGE('',*,*,#2327,.F.);
#1197=ORIENTED_EDGE('',*,*,#2303,.F.);
#1198=ORIENTED_EDGE('',*,*,#2326,.T.);
#1199=ORIENTED_EDGE('',*,*,#2276,.T.);
#1200=ORIENTED_EDGE('',*,*,#2328,.F.);
#1201=ORIENTED_EDGE('',*,*,#2296,.F.);
#1202=ORIENTED_EDGE('',*,*,#2327,.T.);
#1203=ORIENTED_EDGE('',*,*,#2318,.F.);
#1204=ORIENTED_EDGE('',*,*,#2329,.F.);
#1205=ORIENTED_EDGE('',*,*,#2189,.T.);
#1206=ORIENTED_EDGE('',*,*,#2246,.F.);
#1207=ORIENTED_EDGE('',*,*,#2102,.T.);
#1208=ORIENTED_EDGE('',*,*,#2330,.T.);
#1209=ORIENTED_EDGE('',*,*,#2321,.F.);
#1210=ORIENTED_EDGE('',*,*,#2238,.F.);
#1211=ORIENTED_EDGE('',*,*,#2191,.T.);
#1212=ORIENTED_EDGE('',*,*,#2331,.T.);
#1213=ORIENTED_EDGE('',*,*,#2316,.F.);
#1214=ORIENTED_EDGE('',*,*,#2237,.T.);
#1215=ORIENTED_EDGE('',*,*,#2315,.F.);
#1216=ORIENTED_EDGE('',*,*,#2332,.F.);
#1217=ORIENTED_EDGE('',*,*,#2171,.T.);
#1218=ORIENTED_EDGE('',*,*,#2236,.F.);
#1219=ORIENTED_EDGE('',*,*,#2095,.T.);
#1220=ORIENTED_EDGE('',*,*,#2333,.T.);
#1221=ORIENTED_EDGE('',*,*,#2319,.F.);
#1222=ORIENTED_EDGE('',*,*,#2240,.F.);
#1223=ORIENTED_EDGE('',*,*,#2173,.T.);
#1224=ORIENTED_EDGE('',*,*,#2334,.T.);
#1225=ORIENTED_EDGE('',*,*,#2313,.F.);
#1226=ORIENTED_EDGE('',*,*,#2289,.T.);
#1227=ORIENTED_EDGE('',*,*,#2268,.F.);
#1228=ORIENTED_EDGE('',*,*,#2335,.F.);
#1229=ORIENTED_EDGE('',*,*,#2140,.F.);
#1230=ORIENTED_EDGE('',*,*,#2336,.F.);
#1231=ORIENTED_EDGE('',*,*,#2336,.T.);
#1232=ORIENTED_EDGE('',*,*,#2147,.F.);
#1233=ORIENTED_EDGE('',*,*,#2337,.F.);
#1234=ORIENTED_EDGE('',*,*,#2262,.F.);
#1235=ORIENTED_EDGE('',*,*,#2337,.T.);
#1236=ORIENTED_EDGE('',*,*,#2146,.F.);
#1237=ORIENTED_EDGE('',*,*,#2338,.F.);
#1238=ORIENTED_EDGE('',*,*,#2258,.F.);
#1239=ORIENTED_EDGE('',*,*,#2338,.T.);
#1240=ORIENTED_EDGE('',*,*,#2145,.F.);
#1241=ORIENTED_EDGE('',*,*,#2339,.F.);
#1242=ORIENTED_EDGE('',*,*,#2264,.F.);
#1243=ORIENTED_EDGE('',*,*,#2144,.F.);
#1244=ORIENTED_EDGE('',*,*,#2340,.T.);
#1245=ORIENTED_EDGE('',*,*,#2253,.F.);
#1246=ORIENTED_EDGE('',*,*,#2339,.T.);
#1247=ORIENTED_EDGE('',*,*,#2193,.F.);
#1248=ORIENTED_EDGE('',*,*,#2341,.F.);
#1249=ORIENTED_EDGE('',*,*,#2342,.T.);
#1250=ORIENTED_EDGE('',*,*,#2343,.T.);
#1251=ORIENTED_EDGE('',*,*,#2198,.T.);
#1252=ORIENTED_EDGE('',*,*,#2344,.F.);
#1253=ORIENTED_EDGE('',*,*,#2345,.F.);
#1254=ORIENTED_EDGE('',*,*,#2341,.T.);
#1255=ORIENTED_EDGE('',*,*,#2197,.T.);
#1256=ORIENTED_EDGE('',*,*,#2346,.F.);
#1257=ORIENTED_EDGE('',*,*,#2347,.F.);
#1258=ORIENTED_EDGE('',*,*,#2344,.T.);
#1259=ORIENTED_EDGE('',*,*,#2196,.F.);
#1260=ORIENTED_EDGE('',*,*,#2348,.F.);
#1261=ORIENTED_EDGE('',*,*,#2349,.T.);
#1262=ORIENTED_EDGE('',*,*,#2346,.T.);
#1263=ORIENTED_EDGE('',*,*,#2195,.F.);
#1264=ORIENTED_EDGE('',*,*,#2350,.F.);
#1265=ORIENTED_EDGE('',*,*,#2351,.T.);
#1266=ORIENTED_EDGE('',*,*,#2348,.T.);
#1267=ORIENTED_EDGE('',*,*,#2194,.F.);
#1268=ORIENTED_EDGE('',*,*,#2343,.F.);
#1269=ORIENTED_EDGE('',*,*,#2352,.T.);
#1270=ORIENTED_EDGE('',*,*,#2350,.T.);
#1271=ORIENTED_EDGE('',*,*,#2342,.F.);
#1272=ORIENTED_EDGE('',*,*,#2345,.T.);
#1273=ORIENTED_EDGE('',*,*,#2347,.T.);
#1274=ORIENTED_EDGE('',*,*,#2349,.F.);
#1275=ORIENTED_EDGE('',*,*,#2351,.F.);
#1276=ORIENTED_EDGE('',*,*,#2352,.F.);
#1277=ORIENTED_EDGE('',*,*,#2353,.T.);
#1278=ORIENTED_EDGE('',*,*,#2354,.F.);
#1279=ORIENTED_EDGE('',*,*,#2355,.F.);
#1280=ORIENTED_EDGE('',*,*,#2142,.F.);
#1281=ORIENTED_EDGE('',*,*,#2356,.F.);
#1282=ORIENTED_EDGE('',*,*,#2357,.T.);
#1283=ORIENTED_EDGE('',*,*,#2267,.T.);
#1284=ORIENTED_EDGE('',*,*,#2271,.F.);
#1285=ORIENTED_EDGE('',*,*,#2358,.F.);
#1286=ORIENTED_EDGE('',*,*,#2354,.T.);
#1287=ORIENTED_EDGE('',*,*,#2356,.T.);
#1288=ORIENTED_EDGE('',*,*,#2270,.F.);
#1289=ORIENTED_EDGE('',*,*,#2254,.F.);
#1290=ORIENTED_EDGE('',*,*,#2359,.T.);
#1291=ORIENTED_EDGE('',*,*,#2358,.T.);
#1292=ORIENTED_EDGE('',*,*,#2269,.F.);
#1293=ORIENTED_EDGE('',*,*,#2274,.T.);
#1294=ORIENTED_EDGE('',*,*,#2360,.F.);
#1295=ORIENTED_EDGE('',*,*,#2298,.F.);
#1296=ORIENTED_EDGE('',*,*,#2361,.T.);
#1297=ORIENTED_EDGE('',*,*,#2312,.T.);
#1298=ORIENTED_EDGE('',*,*,#2362,.T.);
#1299=ORIENTED_EDGE('',*,*,#2132,.T.);
#1300=ORIENTED_EDGE('',*,*,#2291,.T.);
#1301=ORIENTED_EDGE('',*,*,#2311,.F.);
#1302=ORIENTED_EDGE('',*,*,#2363,.F.);
#1303=ORIENTED_EDGE('',*,*,#2109,.T.);
#1304=ORIENTED_EDGE('',*,*,#2362,.F.);
#1305=ORIENTED_EDGE('',*,*,#2111,.T.);
#1306=ORIENTED_EDGE('',*,*,#2364,.T.);
#1307=ORIENTED_EDGE('',*,*,#2309,.F.);
#1308=ORIENTED_EDGE('',*,*,#2365,.T.);
#1309=ORIENTED_EDGE('',*,*,#2365,.F.);
#1310=ORIENTED_EDGE('',*,*,#2308,.T.);
#1311=ORIENTED_EDGE('',*,*,#2366,.T.);
#1312=ORIENTED_EDGE('',*,*,#2112,.T.);
#1313=ORIENTED_EDGE('',*,*,#2307,.F.);
#1314=ORIENTED_EDGE('',*,*,#2367,.F.);
#1315=ORIENTED_EDGE('',*,*,#2113,.T.);
#1316=ORIENTED_EDGE('',*,*,#2366,.F.);
#1317=ORIENTED_EDGE('',*,*,#2115,.T.);
#1318=ORIENTED_EDGE('',*,*,#2368,.T.);
#1319=ORIENTED_EDGE('',*,*,#2305,.F.);
#1320=ORIENTED_EDGE('',*,*,#2369,.F.);
#1321=ORIENTED_EDGE('',*,*,#2116,.T.);
#1322=ORIENTED_EDGE('',*,*,#2369,.T.);
#1323=ORIENTED_EDGE('',*,*,#2304,.T.);
#1324=ORIENTED_EDGE('',*,*,#2244,.F.);
#1325=ORIENTED_EDGE('',*,*,#2273,.T.);
#1326=ORIENTED_EDGE('',*,*,#2323,.F.);
#1327=ORIENTED_EDGE('',*,*,#2299,.F.);
#1328=ORIENTED_EDGE('',*,*,#2360,.T.);
#1329=ORIENTED_EDGE('',*,*,#2275,.T.);
#1330=ORIENTED_EDGE('',*,*,#2361,.F.);
#1331=ORIENTED_EDGE('',*,*,#2297,.F.);
#1332=ORIENTED_EDGE('',*,*,#2328,.T.);
#1333=ORIENTED_EDGE('',*,*,#2335,.T.);
#1334=ORIENTED_EDGE('',*,*,#2357,.F.);
#1335=ORIENTED_EDGE('',*,*,#2353,.F.);
#1336=ORIENTED_EDGE('',*,*,#2141,.F.);
#1337=ORIENTED_EDGE('',*,*,#2355,.T.);
#1338=ORIENTED_EDGE('',*,*,#2359,.F.);
#1339=ORIENTED_EDGE('',*,*,#2340,.F.);
#1340=ORIENTED_EDGE('',*,*,#2143,.F.);
#1341=ORIENTED_EDGE('',*,*,#2370,.F.);
#1342=ORIENTED_EDGE('',*,*,#2371,.F.);
#1343=ORIENTED_EDGE('',*,*,#2372,.F.);
#1344=ORIENTED_EDGE('',*,*,#2149,.F.);
#1345=ORIENTED_EDGE('',*,*,#2373,.T.);
#1346=ORIENTED_EDGE('',*,*,#2164,.F.);
#1347=ORIENTED_EDGE('',*,*,#2374,.F.);
#1348=ORIENTED_EDGE('',*,*,#2168,.F.);
#1349=ORIENTED_EDGE('',*,*,#2375,.F.);
#1350=ORIENTED_EDGE('',*,*,#2376,.T.);
#1351=ORIENTED_EDGE('',*,*,#2377,.T.);
#1352=ORIENTED_EDGE('',*,*,#2378,.T.);
#1353=ORIENTED_EDGE('',*,*,#2153,.T.);
#1354=ORIENTED_EDGE('',*,*,#2379,.T.);
#1355=ORIENTED_EDGE('',*,*,#2157,.T.);
#1356=ORIENTED_EDGE('',*,*,#2380,.F.);
#1357=ORIENTED_EDGE('',*,*,#2151,.T.);
#1358=ORIENTED_EDGE('',*,*,#2381,.T.);
#1359=ORIENTED_EDGE('',*,*,#2382,.T.);
#1360=ORIENTED_EDGE('',*,*,#2383,.T.);
#1361=ORIENTED_EDGE('',*,*,#2384,.T.);
#1362=ORIENTED_EDGE('',*,*,#2385,.T.);
#1363=ORIENTED_EDGE('',*,*,#2386,.F.);
#1364=ORIENTED_EDGE('',*,*,#2387,.T.);
#1365=ORIENTED_EDGE('',*,*,#2388,.T.);
#1366=ORIENTED_EDGE('',*,*,#2389,.T.);
#1367=ORIENTED_EDGE('',*,*,#2390,.T.);
#1368=ORIENTED_EDGE('',*,*,#2391,.T.);
#1369=ORIENTED_EDGE('',*,*,#2392,.F.);
#1370=ORIENTED_EDGE('',*,*,#2393,.T.);
#1371=ORIENTED_EDGE('',*,*,#2394,.T.);
#1372=ORIENTED_EDGE('',*,*,#2395,.T.);
#1373=ORIENTED_EDGE('',*,*,#2396,.T.);
#1374=ORIENTED_EDGE('',*,*,#2397,.T.);
#1375=ORIENTED_EDGE('',*,*,#2398,.T.);
#1376=ORIENTED_EDGE('',*,*,#2399,.F.);
#1377=ORIENTED_EDGE('',*,*,#2400,.T.);
#1378=ORIENTED_EDGE('',*,*,#2401,.T.);
#1379=ORIENTED_EDGE('',*,*,#2402,.T.);
#1380=ORIENTED_EDGE('',*,*,#2403,.T.);
#1381=ORIENTED_EDGE('',*,*,#2404,.F.);
#1382=ORIENTED_EDGE('',*,*,#2405,.F.);
#1383=ORIENTED_EDGE('',*,*,#2406,.T.);
#1384=ORIENTED_EDGE('',*,*,#2407,.T.);
#1385=ORIENTED_EDGE('',*,*,#2408,.T.);
#1386=ORIENTED_EDGE('',*,*,#2409,.T.);
#1387=ORIENTED_EDGE('',*,*,#2410,.T.);
#1388=ORIENTED_EDGE('',*,*,#2411,.F.);
#1389=ORIENTED_EDGE('',*,*,#2412,.F.);
#1390=ORIENTED_EDGE('',*,*,#2413,.T.);
#1391=ORIENTED_EDGE('',*,*,#2414,.T.);
#1392=ORIENTED_EDGE('',*,*,#2415,.T.);
#1393=ORIENTED_EDGE('',*,*,#2416,.T.);
#1394=ORIENTED_EDGE('',*,*,#2417,.T.);
#1395=ORIENTED_EDGE('',*,*,#2418,.F.);
#1396=ORIENTED_EDGE('',*,*,#2419,.T.);
#1397=ORIENTED_EDGE('',*,*,#2420,.T.);
#1398=ORIENTED_EDGE('',*,*,#2421,.T.);
#1399=ORIENTED_EDGE('',*,*,#2422,.T.);
#1400=ORIENTED_EDGE('',*,*,#2423,.F.);
#1401=ORIENTED_EDGE('',*,*,#2424,.T.);
#1402=ORIENTED_EDGE('',*,*,#2425,.T.);
#1403=ORIENTED_EDGE('',*,*,#2426,.T.);
#1404=ORIENTED_EDGE('',*,*,#2427,.T.);
#1405=ORIENTED_EDGE('',*,*,#2428,.T.);
#1406=ORIENTED_EDGE('',*,*,#2429,.T.);
#1407=ORIENTED_EDGE('',*,*,#2430,.F.);
#1408=ORIENTED_EDGE('',*,*,#2431,.F.);
#1409=ORIENTED_EDGE('',*,*,#2432,.T.);
#1410=ORIENTED_EDGE('',*,*,#2433,.T.);
#1411=ORIENTED_EDGE('',*,*,#2434,.T.);
#1412=ORIENTED_EDGE('',*,*,#2435,.T.);
#1413=ORIENTED_EDGE('',*,*,#2436,.T.);
#1414=ORIENTED_EDGE('',*,*,#2437,.F.);
#1415=ORIENTED_EDGE('',*,*,#2438,.T.);
#1416=ORIENTED_EDGE('',*,*,#2439,.T.);
#1417=ORIENTED_EDGE('',*,*,#2440,.T.);
#1418=ORIENTED_EDGE('',*,*,#2441,.T.);
#1419=ORIENTED_EDGE('',*,*,#2442,.T.);
#1420=ORIENTED_EDGE('',*,*,#2443,.T.);
#1421=ORIENTED_EDGE('',*,*,#2444,.T.);
#1422=ORIENTED_EDGE('',*,*,#2445,.T.);
#1423=ORIENTED_EDGE('',*,*,#2446,.F.);
#1424=ORIENTED_EDGE('',*,*,#2447,.T.);
#1425=ORIENTED_EDGE('',*,*,#2448,.T.);
#1426=ORIENTED_EDGE('',*,*,#2449,.T.);
#1427=ORIENTED_EDGE('',*,*,#2450,.T.);
#1428=ORIENTED_EDGE('',*,*,#2451,.T.);
#1429=ORIENTED_EDGE('',*,*,#2452,.T.);
#1430=ORIENTED_EDGE('',*,*,#2453,.T.);
#1431=ORIENTED_EDGE('',*,*,#2454,.T.);
#1432=ORIENTED_EDGE('',*,*,#2455,.T.);
#1433=ORIENTED_EDGE('',*,*,#2456,.T.);
#1434=ORIENTED_EDGE('',*,*,#2457,.T.);
#1435=ORIENTED_EDGE('',*,*,#2082,.T.);
#1436=ORIENTED_EDGE('',*,*,#2458,.T.);
#1437=ORIENTED_EDGE('',*,*,#2459,.T.);
#1438=ORIENTED_EDGE('',*,*,#2219,.T.);
#1439=ORIENTED_EDGE('',*,*,#2460,.T.);
#1440=ORIENTED_EDGE('',*,*,#2461,.T.);
#1441=ORIENTED_EDGE('',*,*,#2462,.T.);
#1442=ORIENTED_EDGE('',*,*,#2226,.F.);
#1443=ORIENTED_EDGE('',*,*,#2463,.T.);
#1444=ORIENTED_EDGE('',*,*,#2461,.F.);
#1445=ORIENTED_EDGE('',*,*,#2464,.T.);
#1446=ORIENTED_EDGE('',*,*,#2465,.T.);
#1447=ORIENTED_EDGE('',*,*,#2466,.T.);
#1448=ORIENTED_EDGE('',*,*,#2467,.F.);
#1449=ORIENTED_EDGE('',*,*,#2465,.F.);
#1450=ORIENTED_EDGE('',*,*,#2468,.T.);
#1451=ORIENTED_EDGE('',*,*,#2217,.F.);
#1452=ORIENTED_EDGE('',*,*,#2469,.T.);
#1453=ORIENTED_EDGE('',*,*,#2454,.F.);
#1454=ORIENTED_EDGE('',*,*,#2470,.T.);
#1455=ORIENTED_EDGE('',*,*,#2228,.T.);
#1456=ORIENTED_EDGE('',*,*,#2471,.T.);
#1457=ORIENTED_EDGE('',*,*,#2084,.T.);
#1458=ORIENTED_EDGE('',*,*,#2472,.T.);
#1459=ORIENTED_EDGE('',*,*,#2473,.T.);
#1460=ORIENTED_EDGE('',*,*,#2204,.T.);
#1461=ORIENTED_EDGE('',*,*,#2474,.T.);
#1462=ORIENTED_EDGE('',*,*,#2475,.T.);
#1463=ORIENTED_EDGE('',*,*,#2476,.T.);
#1464=ORIENTED_EDGE('',*,*,#2214,.F.);
#1465=ORIENTED_EDGE('',*,*,#2477,.T.);
#1466=ORIENTED_EDGE('',*,*,#2478,.T.);
#1467=ORIENTED_EDGE('',*,*,#2479,.T.);
#1468=ORIENTED_EDGE('',*,*,#2475,.F.);
#1469=ORIENTED_EDGE('',*,*,#2480,.T.);
#1470=ORIENTED_EDGE('',*,*,#2481,.F.);
#1471=ORIENTED_EDGE('',*,*,#2202,.F.);
#1472=ORIENTED_EDGE('',*,*,#2482,.T.);
#1473=ORIENTED_EDGE('',*,*,#2446,.T.);
#1474=ORIENTED_EDGE('',*,*,#2483,.T.);
#1475=ORIENTED_EDGE('',*,*,#2216,.T.);
#1476=ORIENTED_EDGE('',*,*,#2484,.T.);
#1477=ORIENTED_EDGE('',*,*,#2478,.F.);
#1478=ORIENTED_EDGE('',*,*,#2485,.T.);
#1479=ORIENTED_EDGE('',*,*,#2486,.T.);
#1480=ORIENTED_EDGE('',*,*,#2487,.T.);
#1481=ORIENTED_EDGE('',*,*,#2488,.F.);
#1482=ORIENTED_EDGE('',*,*,#2489,.T.);
#1483=ORIENTED_EDGE('',*,*,#2490,.F.);
#1484=ORIENTED_EDGE('',*,*,#2421,.F.);
#1485=ORIENTED_EDGE('',*,*,#2491,.T.);
#1486=ORIENTED_EDGE('',*,*,#2423,.T.);
#1487=ORIENTED_EDGE('',*,*,#2492,.T.);
#1488=ORIENTED_EDGE('',*,*,#2437,.T.);
#1489=ORIENTED_EDGE('',*,*,#2493,.T.);
#1490=ORIENTED_EDGE('',*,*,#2486,.F.);
#1491=ORIENTED_EDGE('',*,*,#2494,.T.);
#1492=ORIENTED_EDGE('',*,*,#2435,.F.);
#1493=ORIENTED_EDGE('',*,*,#2495,.T.);
#1494=ORIENTED_EDGE('',*,*,#2496,.T.);
#1495=ORIENTED_EDGE('',*,*,#2497,.T.);
#1496=ORIENTED_EDGE('',*,*,#2412,.T.);
#1497=ORIENTED_EDGE('',*,*,#2498,.T.);
#1498=ORIENTED_EDGE('',*,*,#2488,.T.);
#1499=ORIENTED_EDGE('',*,*,#2499,.T.);
#1500=ORIENTED_EDGE('',*,*,#2086,.T.);
#1501=ORIENTED_EDGE('',*,*,#2500,.T.);
#1502=ORIENTED_EDGE('',*,*,#2501,.T.);
#1503=ORIENTED_EDGE('',*,*,#2502,.F.);
#1504=ORIENTED_EDGE('',*,*,#2503,.T.);
#1505=ORIENTED_EDGE('',*,*,#2504,.F.);
#1506=ORIENTED_EDGE('',*,*,#2399,.T.);
#1507=ORIENTED_EDGE('',*,*,#2505,.T.);
#1508=ORIENTED_EDGE('',*,*,#2411,.T.);
#1509=ORIENTED_EDGE('',*,*,#2506,.T.);
#1510=ORIENTED_EDGE('',*,*,#2500,.F.);
#1511=ORIENTED_EDGE('',*,*,#2507,.T.);
#1512=ORIENTED_EDGE('',*,*,#2395,.F.);
#1513=ORIENTED_EDGE('',*,*,#2508,.T.);
#1514=ORIENTED_EDGE('',*,*,#2409,.F.);
#1515=ORIENTED_EDGE('',*,*,#2509,.T.);
#1516=ORIENTED_EDGE('',*,*,#2510,.T.);
#1517=ORIENTED_EDGE('',*,*,#2511,.T.);
#1518=ORIENTED_EDGE('',*,*,#2386,.T.);
#1519=ORIENTED_EDGE('',*,*,#2512,.T.);
#1520=ORIENTED_EDGE('',*,*,#2502,.T.);
#1521=ORIENTED_EDGE('',*,*,#2513,.T.);
#1522=ORIENTED_EDGE('',*,*,#2088,.T.);
#1523=ORIENTED_EDGE('',*,*,#2514,.F.);
#1524=ORIENTED_EDGE('',*,*,#2207,.T.);
#1525=ORIENTED_EDGE('',*,*,#2515,.T.);
#1526=ORIENTED_EDGE('',*,*,#2232,.F.);
#1527=ORIENTED_EDGE('',*,*,#2231,.F.);
#1528=ORIENTED_EDGE('',*,*,#2516,.T.);
#1529=ORIENTED_EDGE('',*,*,#2199,.T.);
#1530=ORIENTED_EDGE('',*,*,#2514,.T.);
#1531=ORIENTED_EDGE('',*,*,#2155,.T.);
#1532=ORIENTED_EDGE('',*,*,#2517,.T.);
#1533=ORIENTED_EDGE('',*,*,#2518,.T.);
#1534=ORIENTED_EDGE('',*,*,#2515,.F.);
#1535=ORIENTED_EDGE('',*,*,#2519,.F.);
#1536=ORIENTED_EDGE('',*,*,#2520,.T.);
#1537=ORIENTED_EDGE('',*,*,#2521,.F.);
#1538=ORIENTED_EDGE('',*,*,#2222,.T.);
#1539=ORIENTED_EDGE('',*,*,#2522,.T.);
#1540=ORIENTED_EDGE('',*,*,#2282,.F.);
#1541=ORIENTED_EDGE('',*,*,#2281,.T.);
#1542=ORIENTED_EDGE('',*,*,#2523,.T.);
#1543=ORIENTED_EDGE('',*,*,#2223,.T.);
#1544=ORIENTED_EDGE('',*,*,#2521,.T.);
#1545=ORIENTED_EDGE('',*,*,#2524,.F.);
#1546=ORIENTED_EDGE('',*,*,#2525,.T.);
#1547=ORIENTED_EDGE('',*,*,#2526,.F.);
#1548=ORIENTED_EDGE('',*,*,#2527,.T.);
#1549=ORIENTED_EDGE('',*,*,#2283,.F.);
#1550=ORIENTED_EDGE('',*,*,#2522,.F.);
#1551=ORIENTED_EDGE('',*,*,#2159,.T.);
#1552=ORIENTED_EDGE('',*,*,#2528,.T.);
#1553=ORIENTED_EDGE('',*,*,#2529,.T.);
#1554=ORIENTED_EDGE('',*,*,#2530,.F.);
#1555=ORIENTED_EDGE('',*,*,#2251,.T.);
#1556=ORIENTED_EDGE('',*,*,#2210,.F.);
#1557=ORIENTED_EDGE('',*,*,#2531,.T.);
#1558=ORIENTED_EDGE('',*,*,#2242,.F.);
#1559=ORIENTED_EDGE('',*,*,#2532,.T.);
#1560=ORIENTED_EDGE('',*,*,#2211,.F.);
#1561=ORIENTED_EDGE('',*,*,#2532,.F.);
#1562=ORIENTED_EDGE('',*,*,#2252,.F.);
#1563=ORIENTED_EDGE('',*,*,#2530,.T.);
#1564=ORIENTED_EDGE('',*,*,#2391,.F.);
#1565=ORIENTED_EDGE('',*,*,#2533,.F.);
#1566=ORIENTED_EDGE('',*,*,#2430,.T.);
#1567=ORIENTED_EDGE('',*,*,#2534,.T.);
#1568=ORIENTED_EDGE('',*,*,#2429,.F.);
#1569=ORIENTED_EDGE('',*,*,#2535,.T.);
#1570=ORIENTED_EDGE('',*,*,#2392,.T.);
#1571=ORIENTED_EDGE('',*,*,#2534,.F.);
#1572=ORIENTED_EDGE('',*,*,#2390,.F.);
#1573=ORIENTED_EDGE('',*,*,#2536,.T.);
#1574=ORIENTED_EDGE('',*,*,#2165,.F.);
#1575=ORIENTED_EDGE('',*,*,#2537,.T.);
#1576=ORIENTED_EDGE('',*,*,#2431,.T.);
#1577=ORIENTED_EDGE('',*,*,#2533,.T.);
#1578=ORIENTED_EDGE('',*,*,#2417,.F.);
#1579=ORIENTED_EDGE('',*,*,#2538,.F.);
#1580=ORIENTED_EDGE('',*,*,#2249,.F.);
#1581=ORIENTED_EDGE('',*,*,#2539,.T.);
#1582=ORIENTED_EDGE('',*,*,#2248,.T.);
#1583=ORIENTED_EDGE('',*,*,#2540,.T.);
#1584=ORIENTED_EDGE('',*,*,#2418,.T.);
#1585=ORIENTED_EDGE('',*,*,#2539,.F.);
#1586=ORIENTED_EDGE('',*,*,#2416,.F.);
#1587=ORIENTED_EDGE('',*,*,#2541,.T.);
#1588=ORIENTED_EDGE('',*,*,#2161,.F.);
#1589=ORIENTED_EDGE('',*,*,#2250,.F.);
#1590=ORIENTED_EDGE('',*,*,#2538,.T.);
#1591=ORIENTED_EDGE('',*,*,#2285,.T.);
#1592=ORIENTED_EDGE('',*,*,#2542,.F.);
#1593=ORIENTED_EDGE('',*,*,#2543,.T.);
#1594=ORIENTED_EDGE('',*,*,#2544,.T.);
#1595=ORIENTED_EDGE('',*,*,#2405,.T.);
#1596=ORIENTED_EDGE('',*,*,#2545,.T.);
#1597=ORIENTED_EDGE('',*,*,#2403,.F.);
#1598=ORIENTED_EDGE('',*,*,#2546,.T.);
#1599=ORIENTED_EDGE('',*,*,#2287,.F.);
#1600=ORIENTED_EDGE('',*,*,#2547,.F.);
#1601=ORIENTED_EDGE('',*,*,#2545,.F.);
#1602=ORIENTED_EDGE('',*,*,#2404,.T.);
#1603=ORIENTED_EDGE('',*,*,#2547,.T.);
#1604=ORIENTED_EDGE('',*,*,#2286,.F.);
#1605=ORIENTED_EDGE('',*,*,#2243,.F.);
#1606=ORIENTED_EDGE('',*,*,#2531,.F.);
#1607=ORIENTED_EDGE('',*,*,#2548,.F.);
#1608=ORIENTED_EDGE('',*,*,#2118,.F.);
#1609=ORIENTED_EDGE('',*,*,#2483,.F.);
#1610=ORIENTED_EDGE('',*,*,#2449,.F.);
#1611=ORIENTED_EDGE('',*,*,#2549,.F.);
#1612=ORIENTED_EDGE('',*,*,#2208,.F.);
#1613=ORIENTED_EDGE('',*,*,#2548,.T.);
#1614=ORIENTED_EDGE('',*,*,#2209,.F.);
#1615=ORIENTED_EDGE('',*,*,#2550,.F.);
#1616=ORIENTED_EDGE('',*,*,#2119,.F.);
#1617=ORIENTED_EDGE('',*,*,#2550,.T.);
#1618=ORIENTED_EDGE('',*,*,#2549,.T.);
#1619=ORIENTED_EDGE('',*,*,#2551,.F.);
#1620=ORIENTED_EDGE('',*,*,#2120,.T.);
#1621=ORIENTED_EDGE('',*,*,#2482,.F.);
#1622=ORIENTED_EDGE('',*,*,#2201,.F.);
#1623=ORIENTED_EDGE('',*,*,#2552,.F.);
#1624=ORIENTED_EDGE('',*,*,#2447,.F.);
#1625=ORIENTED_EDGE('',*,*,#2551,.T.);
#1626=ORIENTED_EDGE('',*,*,#2448,.F.);
#1627=ORIENTED_EDGE('',*,*,#2553,.F.);
#1628=ORIENTED_EDGE('',*,*,#2121,.F.);
#1629=ORIENTED_EDGE('',*,*,#2553,.T.);
#1630=ORIENTED_EDGE('',*,*,#2552,.T.);
#1631=ORIENTED_EDGE('',*,*,#2554,.F.);
#1632=ORIENTED_EDGE('',*,*,#2122,.T.);
#1633=ORIENTED_EDGE('',*,*,#2554,.T.);
#1634=ORIENTED_EDGE('',*,*,#2200,.F.);
#1635=ORIENTED_EDGE('',*,*,#2555,.F.);
#1636=ORIENTED_EDGE('',*,*,#2123,.F.);
#1637=ORIENTED_EDGE('',*,*,#2555,.T.);
#1638=ORIENTED_EDGE('',*,*,#2516,.F.);
#1639=ORIENTED_EDGE('',*,*,#2556,.F.);
#1640=ORIENTED_EDGE('',*,*,#2124,.F.);
#1641=ORIENTED_EDGE('',*,*,#2470,.F.);
#1642=ORIENTED_EDGE('',*,*,#2457,.F.);
#1643=ORIENTED_EDGE('',*,*,#2557,.F.);
#1644=ORIENTED_EDGE('',*,*,#2229,.F.);
#1645=ORIENTED_EDGE('',*,*,#2556,.T.);
#1646=ORIENTED_EDGE('',*,*,#2230,.F.);
#1647=ORIENTED_EDGE('',*,*,#2558,.F.);
#1648=ORIENTED_EDGE('',*,*,#2125,.F.);
#1649=ORIENTED_EDGE('',*,*,#2558,.T.);
#1650=ORIENTED_EDGE('',*,*,#2557,.T.);
#1651=ORIENTED_EDGE('',*,*,#2559,.F.);
#1652=ORIENTED_EDGE('',*,*,#2126,.T.);
#1653=ORIENTED_EDGE('',*,*,#2469,.F.);
#1654=ORIENTED_EDGE('',*,*,#2225,.F.);
#1655=ORIENTED_EDGE('',*,*,#2560,.F.);
#1656=ORIENTED_EDGE('',*,*,#2455,.F.);
#1657=ORIENTED_EDGE('',*,*,#2559,.T.);
#1658=ORIENTED_EDGE('',*,*,#2456,.F.);
#1659=ORIENTED_EDGE('',*,*,#2561,.F.);
#1660=ORIENTED_EDGE('',*,*,#2127,.F.);
#1661=ORIENTED_EDGE('',*,*,#2561,.T.);
#1662=ORIENTED_EDGE('',*,*,#2560,.T.);
#1663=ORIENTED_EDGE('',*,*,#2562,.F.);
#1664=ORIENTED_EDGE('',*,*,#2128,.T.);
#1665=ORIENTED_EDGE('',*,*,#2562,.T.);
#1666=ORIENTED_EDGE('',*,*,#2224,.F.);
#1667=ORIENTED_EDGE('',*,*,#2563,.F.);
#1668=ORIENTED_EDGE('',*,*,#2129,.F.);
#1669=ORIENTED_EDGE('',*,*,#2563,.T.);
#1670=ORIENTED_EDGE('',*,*,#2523,.F.);
#1671=ORIENTED_EDGE('',*,*,#2280,.F.);
#1672=ORIENTED_EDGE('',*,*,#2130,.F.);
#1673=ORIENTED_EDGE('',*,*,#2288,.F.);
#1674=ORIENTED_EDGE('',*,*,#2546,.F.);
#1675=ORIENTED_EDGE('',*,*,#2564,.F.);
#1676=ORIENTED_EDGE('',*,*,#2175,.F.);
#1677=ORIENTED_EDGE('',*,*,#2505,.F.);
#1678=ORIENTED_EDGE('',*,*,#2398,.F.);
#1679=ORIENTED_EDGE('',*,*,#2565,.F.);
#1680=ORIENTED_EDGE('',*,*,#2401,.F.);
#1681=ORIENTED_EDGE('',*,*,#2564,.T.);
#1682=ORIENTED_EDGE('',*,*,#2402,.F.);
#1683=ORIENTED_EDGE('',*,*,#2566,.F.);
#1684=ORIENTED_EDGE('',*,*,#2176,.F.);
#1685=ORIENTED_EDGE('',*,*,#2566,.T.);
#1686=ORIENTED_EDGE('',*,*,#2565,.T.);
#1687=ORIENTED_EDGE('',*,*,#2567,.F.);
#1688=ORIENTED_EDGE('',*,*,#2177,.T.);
#1689=ORIENTED_EDGE('',*,*,#2508,.F.);
#1690=ORIENTED_EDGE('',*,*,#2394,.F.);
#1691=ORIENTED_EDGE('',*,*,#2568,.F.);
#1692=ORIENTED_EDGE('',*,*,#2400,.F.);
#1693=ORIENTED_EDGE('',*,*,#2567,.T.);
#1694=ORIENTED_EDGE('',*,*,#2397,.F.);
#1695=ORIENTED_EDGE('',*,*,#2569,.F.);
#1696=ORIENTED_EDGE('',*,*,#2178,.F.);
#1697=ORIENTED_EDGE('',*,*,#2569,.T.);
#1698=ORIENTED_EDGE('',*,*,#2568,.T.);
#1699=ORIENTED_EDGE('',*,*,#2570,.F.);
#1700=ORIENTED_EDGE('',*,*,#2179,.T.);
#1701=ORIENTED_EDGE('',*,*,#2570,.T.);
#1702=ORIENTED_EDGE('',*,*,#2393,.F.);
#1703=ORIENTED_EDGE('',*,*,#2571,.F.);
#1704=ORIENTED_EDGE('',*,*,#2180,.F.);
#1705=ORIENTED_EDGE('',*,*,#2571,.T.);
#1706=ORIENTED_EDGE('',*,*,#2535,.F.);
#1707=ORIENTED_EDGE('',*,*,#2572,.F.);
#1708=ORIENTED_EDGE('',*,*,#2181,.F.);
#1709=ORIENTED_EDGE('',*,*,#2492,.F.);
#1710=ORIENTED_EDGE('',*,*,#2426,.F.);
#1711=ORIENTED_EDGE('',*,*,#2573,.F.);
#1712=ORIENTED_EDGE('',*,*,#2427,.F.);
#1713=ORIENTED_EDGE('',*,*,#2572,.T.);
#1714=ORIENTED_EDGE('',*,*,#2428,.F.);
#1715=ORIENTED_EDGE('',*,*,#2574,.F.);
#1716=ORIENTED_EDGE('',*,*,#2182,.F.);
#1717=ORIENTED_EDGE('',*,*,#2574,.T.);
#1718=ORIENTED_EDGE('',*,*,#2573,.T.);
#1719=ORIENTED_EDGE('',*,*,#2575,.F.);
#1720=ORIENTED_EDGE('',*,*,#2183,.T.);
#1721=ORIENTED_EDGE('',*,*,#2491,.F.);
#1722=ORIENTED_EDGE('',*,*,#2420,.F.);
#1723=ORIENTED_EDGE('',*,*,#2576,.F.);
#1724=ORIENTED_EDGE('',*,*,#2424,.F.);
#1725=ORIENTED_EDGE('',*,*,#2575,.T.);
#1726=ORIENTED_EDGE('',*,*,#2425,.F.);
#1727=ORIENTED_EDGE('',*,*,#2577,.F.);
#1728=ORIENTED_EDGE('',*,*,#2184,.F.);
#1729=ORIENTED_EDGE('',*,*,#2577,.T.);
#1730=ORIENTED_EDGE('',*,*,#2576,.T.);
#1731=ORIENTED_EDGE('',*,*,#2578,.F.);
#1732=ORIENTED_EDGE('',*,*,#2185,.T.);
#1733=ORIENTED_EDGE('',*,*,#2578,.T.);
#1734=ORIENTED_EDGE('',*,*,#2419,.F.);
#1735=ORIENTED_EDGE('',*,*,#2579,.F.);
#1736=ORIENTED_EDGE('',*,*,#2186,.F.);
#1737=ORIENTED_EDGE('',*,*,#2247,.F.);
#1738=ORIENTED_EDGE('',*,*,#2187,.F.);
#1739=ORIENTED_EDGE('',*,*,#2579,.T.);
#1740=ORIENTED_EDGE('',*,*,#2540,.F.);
#1741=ORIENTED_EDGE('',*,*,#2387,.F.);
#1742=ORIENTED_EDGE('',*,*,#2511,.F.);
#1743=ORIENTED_EDGE('',*,*,#2580,.F.);
#1744=ORIENTED_EDGE('',*,*,#2581,.F.);
#1745=ORIENTED_EDGE('',*,*,#2580,.T.);
#1746=ORIENTED_EDGE('',*,*,#2510,.F.);
#1747=ORIENTED_EDGE('',*,*,#2582,.F.);
#1748=ORIENTED_EDGE('',*,*,#2382,.F.);
#1749=ORIENTED_EDGE('',*,*,#2581,.T.);
#1750=ORIENTED_EDGE('',*,*,#2385,.F.);
#1751=ORIENTED_EDGE('',*,*,#2583,.F.);
#1752=ORIENTED_EDGE('',*,*,#2388,.F.);
#1753=ORIENTED_EDGE('',*,*,#2536,.F.);
#1754=ORIENTED_EDGE('',*,*,#2389,.F.);
#1755=ORIENTED_EDGE('',*,*,#2584,.F.);
#1756=ORIENTED_EDGE('',*,*,#2166,.F.);
#1757=ORIENTED_EDGE('',*,*,#2509,.F.);
#1758=ORIENTED_EDGE('',*,*,#2408,.F.);
#1759=ORIENTED_EDGE('',*,*,#2585,.F.);
#1760=ORIENTED_EDGE('',*,*,#2582,.T.);
#1761=ORIENTED_EDGE('',*,*,#2584,.T.);
#1762=ORIENTED_EDGE('',*,*,#2583,.T.);
#1763=ORIENTED_EDGE('',*,*,#2586,.F.);
#1764=ORIENTED_EDGE('',*,*,#2167,.T.);
#1765=ORIENTED_EDGE('',*,*,#2585,.T.);
#1766=ORIENTED_EDGE('',*,*,#2407,.F.);
#1767=ORIENTED_EDGE('',*,*,#2587,.F.);
#1768=ORIENTED_EDGE('',*,*,#2383,.F.);
#1769=ORIENTED_EDGE('',*,*,#2586,.T.);
#1770=ORIENTED_EDGE('',*,*,#2384,.F.);
#1771=ORIENTED_EDGE('',*,*,#2588,.F.);
#1772=ORIENTED_EDGE('',*,*,#2375,.T.);
#1773=ORIENTED_EDGE('',*,*,#2588,.T.);
#1774=ORIENTED_EDGE('',*,*,#2587,.T.);
#1775=ORIENTED_EDGE('',*,*,#2589,.F.);
#1776=ORIENTED_EDGE('',*,*,#2590,.T.);
#1777=ORIENTED_EDGE('',*,*,#2589,.T.);
#1778=ORIENTED_EDGE('',*,*,#2406,.F.);
#1779=ORIENTED_EDGE('',*,*,#2544,.F.);
#1780=ORIENTED_EDGE('',*,*,#2591,.F.);
#1781=ORIENTED_EDGE('',*,*,#2220,.F.);
#1782=ORIENTED_EDGE('',*,*,#2459,.F.);
#1783=ORIENTED_EDGE('',*,*,#2592,.F.);
#1784=ORIENTED_EDGE('',*,*,#2593,.F.);
#1785=ORIENTED_EDGE('',*,*,#2592,.T.);
#1786=ORIENTED_EDGE('',*,*,#2458,.F.);
#1787=ORIENTED_EDGE('',*,*,#2594,.F.);
#1788=ORIENTED_EDGE('',*,*,#2452,.F.);
#1789=ORIENTED_EDGE('',*,*,#2593,.T.);
#1790=ORIENTED_EDGE('',*,*,#2451,.F.);
#1791=ORIENTED_EDGE('',*,*,#2595,.F.);
#1792=ORIENTED_EDGE('',*,*,#2524,.T.);
#1793=ORIENTED_EDGE('',*,*,#2221,.F.);
#1794=ORIENTED_EDGE('',*,*,#2463,.F.);
#1795=ORIENTED_EDGE('',*,*,#2234,.F.);
#1796=ORIENTED_EDGE('',*,*,#2596,.F.);
#1797=ORIENTED_EDGE('',*,*,#2594,.T.);
#1798=ORIENTED_EDGE('',*,*,#2525,.F.);
#1799=ORIENTED_EDGE('',*,*,#2595,.T.);
#1800=ORIENTED_EDGE('',*,*,#2597,.F.);
#1801=ORIENTED_EDGE('',*,*,#2598,.T.);
#1802=ORIENTED_EDGE('',*,*,#2233,.F.);
#1803=ORIENTED_EDGE('',*,*,#2518,.F.);
#1804=ORIENTED_EDGE('',*,*,#2599,.F.);
#1805=ORIENTED_EDGE('',*,*,#2453,.F.);
#1806=ORIENTED_EDGE('',*,*,#2596,.T.);
#1807=ORIENTED_EDGE('',*,*,#2597,.T.);
#1808=ORIENTED_EDGE('',*,*,#2450,.F.);
#1809=ORIENTED_EDGE('',*,*,#2600,.F.);
#1810=ORIENTED_EDGE('',*,*,#2378,.F.);
#1811=ORIENTED_EDGE('',*,*,#2600,.T.);
#1812=ORIENTED_EDGE('',*,*,#2599,.T.);
#1813=ORIENTED_EDGE('',*,*,#2517,.F.);
#1814=ORIENTED_EDGE('',*,*,#2154,.T.);
#1815=ORIENTED_EDGE('',*,*,#2477,.F.);
#1816=ORIENTED_EDGE('',*,*,#2213,.F.);
#1817=ORIENTED_EDGE('',*,*,#2601,.F.);
#1818=ORIENTED_EDGE('',*,*,#2602,.F.);
#1819=ORIENTED_EDGE('',*,*,#2212,.F.);
#1820=ORIENTED_EDGE('',*,*,#2529,.F.);
#1821=ORIENTED_EDGE('',*,*,#2603,.F.);
#1822=ORIENTED_EDGE('',*,*,#2445,.F.);
#1823=ORIENTED_EDGE('',*,*,#2601,.T.);
#1824=ORIENTED_EDGE('',*,*,#2602,.T.);
#1825=ORIENTED_EDGE('',*,*,#2444,.F.);
#1826=ORIENTED_EDGE('',*,*,#2604,.F.);
#1827=ORIENTED_EDGE('',*,*,#2472,.F.);
#1828=ORIENTED_EDGE('',*,*,#2528,.F.);
#1829=ORIENTED_EDGE('',*,*,#2158,.T.);
#1830=ORIENTED_EDGE('',*,*,#2605,.F.);
#1831=ORIENTED_EDGE('',*,*,#2603,.T.);
#1832=ORIENTED_EDGE('',*,*,#2473,.F.);
#1833=ORIENTED_EDGE('',*,*,#2604,.T.);
#1834=ORIENTED_EDGE('',*,*,#2606,.F.);
#1835=ORIENTED_EDGE('',*,*,#2205,.F.);
#1836=ORIENTED_EDGE('',*,*,#2605,.T.);
#1837=ORIENTED_EDGE('',*,*,#2379,.F.);
#1838=ORIENTED_EDGE('',*,*,#2607,.F.);
#1839=ORIENTED_EDGE('',*,*,#2442,.F.);
#1840=ORIENTED_EDGE('',*,*,#2606,.T.);
#1841=ORIENTED_EDGE('',*,*,#2443,.F.);
#1842=ORIENTED_EDGE('',*,*,#2608,.F.);
#1843=ORIENTED_EDGE('',*,*,#2519,.T.);
#1844=ORIENTED_EDGE('',*,*,#2206,.F.);
#1845=ORIENTED_EDGE('',*,*,#2607,.T.);
#1846=ORIENTED_EDGE('',*,*,#2152,.T.);
#1847=ORIENTED_EDGE('',*,*,#2520,.F.);
#1848=ORIENTED_EDGE('',*,*,#2608,.T.);
#1849=ORIENTED_EDGE('',*,*,#2495,.F.);
#1850=ORIENTED_EDGE('',*,*,#2434,.F.);
#1851=ORIENTED_EDGE('',*,*,#2609,.F.);
#1852=ORIENTED_EDGE('',*,*,#2610,.F.);
#1853=ORIENTED_EDGE('',*,*,#2537,.F.);
#1854=ORIENTED_EDGE('',*,*,#2170,.F.);
#1855=ORIENTED_EDGE('',*,*,#2611,.F.);
#1856=ORIENTED_EDGE('',*,*,#2432,.F.);
#1857=ORIENTED_EDGE('',*,*,#2609,.T.);
#1858=ORIENTED_EDGE('',*,*,#2433,.F.);
#1859=ORIENTED_EDGE('',*,*,#2612,.F.);
#1860=ORIENTED_EDGE('',*,*,#2439,.F.);
#1861=ORIENTED_EDGE('',*,*,#2610,.T.);
#1862=ORIENTED_EDGE('',*,*,#2438,.F.);
#1863=ORIENTED_EDGE('',*,*,#2613,.F.);
#1864=ORIENTED_EDGE('',*,*,#2496,.F.);
#1865=ORIENTED_EDGE('',*,*,#2611,.T.);
#1866=ORIENTED_EDGE('',*,*,#2169,.T.);
#1867=ORIENTED_EDGE('',*,*,#2614,.F.);
#1868=ORIENTED_EDGE('',*,*,#2612,.T.);
#1869=ORIENTED_EDGE('',*,*,#2497,.F.);
#1870=ORIENTED_EDGE('',*,*,#2613,.T.);
#1871=ORIENTED_EDGE('',*,*,#2615,.F.);
#1872=ORIENTED_EDGE('',*,*,#2413,.F.);
#1873=ORIENTED_EDGE('',*,*,#2614,.T.);
#1874=ORIENTED_EDGE('',*,*,#2374,.T.);
#1875=ORIENTED_EDGE('',*,*,#2616,.F.);
#1876=ORIENTED_EDGE('',*,*,#2440,.F.);
#1877=ORIENTED_EDGE('',*,*,#2615,.T.);
#1878=ORIENTED_EDGE('',*,*,#2441,.F.);
#1879=ORIENTED_EDGE('',*,*,#2617,.F.);
#1880=ORIENTED_EDGE('',*,*,#2414,.F.);
#1881=ORIENTED_EDGE('',*,*,#2616,.T.);
#1882=ORIENTED_EDGE('',*,*,#2163,.T.);
#1883=ORIENTED_EDGE('',*,*,#2618,.F.);
#1884=ORIENTED_EDGE('',*,*,#2617,.T.);
#1885=ORIENTED_EDGE('',*,*,#2618,.T.);
#1886=ORIENTED_EDGE('',*,*,#2162,.F.);
#1887=ORIENTED_EDGE('',*,*,#2541,.F.);
#1888=ORIENTED_EDGE('',*,*,#2415,.F.);
#1889=ORIENTED_EDGE('',*,*,#2468,.F.);
#1890=ORIENTED_EDGE('',*,*,#2464,.F.);
#1891=ORIENTED_EDGE('',*,*,#2460,.F.);
#1892=ORIENTED_EDGE('',*,*,#2218,.F.);
#1893=ORIENTED_EDGE('',*,*,#2471,.F.);
#1894=ORIENTED_EDGE('',*,*,#2227,.F.);
#1895=ORIENTED_EDGE('',*,*,#2462,.F.);
#1896=ORIENTED_EDGE('',*,*,#2466,.F.);
#1897=ORIENTED_EDGE('',*,*,#2506,.F.);
#1898=ORIENTED_EDGE('',*,*,#2410,.F.);
#1899=ORIENTED_EDGE('',*,*,#2513,.F.);
#1900=ORIENTED_EDGE('',*,*,#2501,.F.);
#1901=ORIENTED_EDGE('',*,*,#2507,.F.);
#1902=ORIENTED_EDGE('',*,*,#2503,.F.);
#1903=ORIENTED_EDGE('',*,*,#2512,.F.);
#1904=ORIENTED_EDGE('',*,*,#2396,.F.);
#1905=ORIENTED_EDGE('',*,*,#2493,.F.);
#1906=ORIENTED_EDGE('',*,*,#2436,.F.);
#1907=ORIENTED_EDGE('',*,*,#2499,.F.);
#1908=ORIENTED_EDGE('',*,*,#2487,.F.);
#1909=ORIENTED_EDGE('',*,*,#2494,.F.);
#1910=ORIENTED_EDGE('',*,*,#2489,.F.);
#1911=ORIENTED_EDGE('',*,*,#2498,.F.);
#1912=ORIENTED_EDGE('',*,*,#2422,.F.);
#1913=ORIENTED_EDGE('',*,*,#2484,.F.);
#1914=ORIENTED_EDGE('',*,*,#2215,.F.);
#1915=ORIENTED_EDGE('',*,*,#2476,.F.);
#1916=ORIENTED_EDGE('',*,*,#2479,.F.);
#1917=ORIENTED_EDGE('',*,*,#2485,.F.);
#1918=ORIENTED_EDGE('',*,*,#2480,.F.);
#1919=ORIENTED_EDGE('',*,*,#2474,.F.);
#1920=ORIENTED_EDGE('',*,*,#2203,.F.);
#1921=ORIENTED_EDGE('',*,*,#2148,.T.);
#1922=ORIENTED_EDGE('',*,*,#2380,.T.);
#1923=ORIENTED_EDGE('',*,*,#2156,.T.);
#1924=ORIENTED_EDGE('',*,*,#2373,.F.);
#1925=ORIENTED_EDGE('',*,*,#2619,.F.);
#1926=ORIENTED_EDGE('',*,*,#2381,.F.);
#1927=ORIENTED_EDGE('',*,*,#2150,.F.);
#1928=ORIENTED_EDGE('',*,*,#2372,.T.);
#1929=ORIENTED_EDGE('',*,*,#2620,.F.);
#1930=ORIENTED_EDGE('',*,*,#2621,.T.);
#1931=ORIENTED_EDGE('',*,*,#2133,.T.);
#1932=ORIENTED_EDGE('',*,*,#2622,.T.);
#1933=ORIENTED_EDGE('',*,*,#2623,.T.);
#1934=ORIENTED_EDGE('',*,*,#2624,.T.);
#1935=ORIENTED_EDGE('',*,*,#2620,.T.);
#1936=ORIENTED_EDGE('',*,*,#2623,.F.);
#1937=ORIENTED_EDGE('',*,*,#2625,.T.);
#1938=ORIENTED_EDGE('',*,*,#2626,.T.);
#1939=ORIENTED_EDGE('',*,*,#2626,.F.);
#1940=ORIENTED_EDGE('',*,*,#2108,.T.);
#1941=ORIENTED_EDGE('',*,*,#2627,.T.);
#1942=ORIENTED_EDGE('',*,*,#2628,.T.);
#1943=ORIENTED_EDGE('',*,*,#2628,.F.);
#1944=ORIENTED_EDGE('',*,*,#2629,.T.);
#1945=ORIENTED_EDGE('',*,*,#2630,.F.);
#1946=ORIENTED_EDGE('',*,*,#2134,.F.);
#1947=ORIENTED_EDGE('',*,*,#2630,.T.);
#1948=ORIENTED_EDGE('',*,*,#2621,.F.);
#1949=ORIENTED_EDGE('',*,*,#2368,.F.);
#1950=ORIENTED_EDGE('',*,*,#2114,.T.);
#1951=ORIENTED_EDGE('',*,*,#2367,.T.);
#1952=ORIENTED_EDGE('',*,*,#2306,.F.);
#1953=ORIENTED_EDGE('',*,*,#2631,.T.);
#1954=ORIENTED_EDGE('',*,*,#2632,.F.);
#1955=ORIENTED_EDGE('',*,*,#2330,.F.);
#1956=ORIENTED_EDGE('',*,*,#2101,.T.);
#1957=ORIENTED_EDGE('',*,*,#2097,.T.);
#1958=ORIENTED_EDGE('',*,*,#2322,.F.);
#1959=ORIENTED_EDGE('',*,*,#2331,.F.);
#1960=ORIENTED_EDGE('',*,*,#2190,.T.);
#1961=ORIENTED_EDGE('',*,*,#2329,.T.);
#1962=ORIENTED_EDGE('',*,*,#2317,.F.);
#1963=ORIENTED_EDGE('',*,*,#2633,.T.);
#1964=ORIENTED_EDGE('',*,*,#2634,.F.);
#1965=ORIENTED_EDGE('',*,*,#2364,.F.);
#1966=ORIENTED_EDGE('',*,*,#2110,.T.);
#1967=ORIENTED_EDGE('',*,*,#2363,.T.);
#1968=ORIENTED_EDGE('',*,*,#2310,.F.);
#1969=ORIENTED_EDGE('',*,*,#2635,.T.);
#1970=ORIENTED_EDGE('',*,*,#2636,.F.);
#1971=ORIENTED_EDGE('',*,*,#2333,.F.);
#1972=ORIENTED_EDGE('',*,*,#2094,.T.);
#1973=ORIENTED_EDGE('',*,*,#2090,.T.);
#1974=ORIENTED_EDGE('',*,*,#2320,.F.);
#1975=ORIENTED_EDGE('',*,*,#2334,.F.);
#1976=ORIENTED_EDGE('',*,*,#2172,.T.);
#1977=ORIENTED_EDGE('',*,*,#2332,.T.);
#1978=ORIENTED_EDGE('',*,*,#2314,.F.);
#1979=ORIENTED_EDGE('',*,*,#2637,.T.);
#1980=ORIENTED_EDGE('',*,*,#2638,.F.);
#1981=ORIENTED_EDGE('',*,*,#2292,.F.);
#1982=ORIENTED_EDGE('',*,*,#2637,.F.);
#1983=ORIENTED_EDGE('',*,*,#2293,.F.);
#1984=ORIENTED_EDGE('',*,*,#2635,.F.);
#1985=ORIENTED_EDGE('',*,*,#2294,.F.);
#1986=ORIENTED_EDGE('',*,*,#2633,.F.);
#1987=ORIENTED_EDGE('',*,*,#2295,.F.);
#1988=ORIENTED_EDGE('',*,*,#2631,.F.);
#1989=ORIENTED_EDGE('',*,*,#2624,.F.);
#1990=ORIENTED_EDGE('',*,*,#2622,.F.);
#1991=ORIENTED_EDGE('',*,*,#2625,.F.);
#1992=ORIENTED_EDGE('',*,*,#2627,.F.);
#1993=ORIENTED_EDGE('',*,*,#2638,.T.);
#1994=ORIENTED_EDGE('',*,*,#2636,.T.);
#1995=ORIENTED_EDGE('',*,*,#2634,.T.);
#1996=ORIENTED_EDGE('',*,*,#2632,.T.);
#1997=ORIENTED_EDGE('',*,*,#2590,.F.);
#1998=ORIENTED_EDGE('',*,*,#2639,.F.);
#1999=ORIENTED_EDGE('',*,*,#2640,.T.);
#2000=ORIENTED_EDGE('',*,*,#2370,.T.);
#2001=ORIENTED_EDGE('',*,*,#2591,.T.);
#2002=ORIENTED_EDGE('',*,*,#2543,.F.);
#2003=ORIENTED_EDGE('',*,*,#2641,.F.);
#2004=ORIENTED_EDGE('',*,*,#2639,.T.);
#2005=ORIENTED_EDGE('',*,*,#2598,.F.);
#2006=ORIENTED_EDGE('',*,*,#2377,.F.);
#2007=ORIENTED_EDGE('',*,*,#2642,.T.);
#2008=ORIENTED_EDGE('',*,*,#2526,.T.);
#2009=ORIENTED_EDGE('',*,*,#2376,.F.);
#2010=ORIENTED_EDGE('',*,*,#2619,.T.);
#2011=ORIENTED_EDGE('',*,*,#2371,.T.);
#2012=ORIENTED_EDGE('',*,*,#2640,.F.);
#2013=ORIENTED_EDGE('',*,*,#2641,.T.);
#2014=ORIENTED_EDGE('',*,*,#2542,.T.);
#2015=ORIENTED_EDGE('',*,*,#2284,.F.);
#2016=ORIENTED_EDGE('',*,*,#2527,.F.);
#2017=ORIENTED_EDGE('',*,*,#2642,.F.);
#2018=ORIENTED_EDGE('',*,*,#2643,.F.);
#2019=ORIENTED_EDGE('',*,*,#2504,.T.);
#2020=ORIENTED_EDGE('',*,*,#2089,.F.);
#2021=ORIENTED_EDGE('',*,*,#2643,.T.);
#2022=ORIENTED_EDGE('',*,*,#2644,.F.);
#2023=ORIENTED_EDGE('',*,*,#2490,.T.);
#2024=ORIENTED_EDGE('',*,*,#2087,.F.);
#2025=ORIENTED_EDGE('',*,*,#2644,.T.);
#2026=ORIENTED_EDGE('',*,*,#2645,.F.);
#2027=ORIENTED_EDGE('',*,*,#2481,.T.);
#2028=ORIENTED_EDGE('',*,*,#2085,.F.);
#2029=ORIENTED_EDGE('',*,*,#2645,.T.);
#2030=ORIENTED_EDGE('',*,*,#2646,.F.);
#2031=ORIENTED_EDGE('',*,*,#2467,.T.);
#2032=ORIENTED_EDGE('',*,*,#2083,.F.);
#2033=ORIENTED_EDGE('',*,*,#2646,.T.);
#2034=ORIENTED_EDGE('',*,*,#2138,.T.);
#2035=ORIENTED_EDGE('',*,*,#2647,.T.);
#2036=ORIENTED_EDGE('',*,*,#2648,.T.);
#2037=ORIENTED_EDGE('',*,*,#2649,.T.);
#2038=ORIENTED_EDGE('',*,*,#2650,.T.);
#2039=ORIENTED_EDGE('',*,*,#2651,.F.);
#2040=ORIENTED_EDGE('',*,*,#2107,.F.);
#2041=ORIENTED_EDGE('',*,*,#2652,.T.);
#2042=ORIENTED_EDGE('',*,*,#2653,.T.);
#2043=ORIENTED_EDGE('',*,*,#2654,.T.);
#2044=ORIENTED_EDGE('',*,*,#2655,.F.);
#2045=ORIENTED_EDGE('',*,*,#2656,.T.);
#2046=ORIENTED_EDGE('',*,*,#2657,.T.);
#2047=ORIENTED_EDGE('',*,*,#2136,.F.);
#2048=ORIENTED_EDGE('',*,*,#2649,.F.);
#2049=ORIENTED_EDGE('',*,*,#2658,.T.);
#2050=ORIENTED_EDGE('',*,*,#2655,.T.);
#2051=ORIENTED_EDGE('',*,*,#2139,.F.);
#2052=ORIENTED_EDGE('',*,*,#2650,.F.);
#2053=ORIENTED_EDGE('',*,*,#2656,.F.);
#2054=ORIENTED_EDGE('',*,*,#2659,.F.);
#2055=ORIENTED_EDGE('',*,*,#2660,.F.);
#2056=ORIENTED_EDGE('',*,*,#2659,.T.);
#2057=ORIENTED_EDGE('',*,*,#2658,.F.);
#2058=ORIENTED_EDGE('',*,*,#2661,.F.);
#2059=ORIENTED_EDGE('',*,*,#2662,.F.);
#2060=ORIENTED_EDGE('',*,*,#2661,.T.);
#2061=ORIENTED_EDGE('',*,*,#2648,.F.);
#2062=ORIENTED_EDGE('',*,*,#2653,.F.);
#2063=ORIENTED_EDGE('',*,*,#2663,.F.);
#2064=ORIENTED_EDGE('',*,*,#2647,.F.);
#2065=ORIENTED_EDGE('',*,*,#2137,.F.);
#2066=ORIENTED_EDGE('',*,*,#2657,.F.);
#2067=ORIENTED_EDGE('',*,*,#2654,.F.);
#2068=ORIENTED_EDGE('',*,*,#2664,.T.);
#2069=ORIENTED_EDGE('',*,*,#2662,.T.);
#2070=ORIENTED_EDGE('',*,*,#2665,.F.);
#2071=ORIENTED_EDGE('',*,*,#2105,.F.);
#2072=ORIENTED_EDGE('',*,*,#2665,.T.);
#2073=ORIENTED_EDGE('',*,*,#2663,.T.);
#2074=ORIENTED_EDGE('',*,*,#2652,.F.);
#2075=ORIENTED_EDGE('',*,*,#2106,.F.);
#2076=ORIENTED_EDGE('',*,*,#2651,.T.);
#2077=ORIENTED_EDGE('',*,*,#2660,.T.);
#2078=ORIENTED_EDGE('',*,*,#2664,.F.);
#2079=ORIENTED_EDGE('',*,*,#2104,.F.);
#2080=ORIENTED_EDGE('',*,*,#2135,.F.);
#2081=ORIENTED_EDGE('',*,*,#2629,.F.);
#2082=EDGE_CURVE('',#2666,#2666,#3044,.T.);
#2083=EDGE_CURVE('',#2667,#2667,#3045,.T.);
#2084=EDGE_CURVE('',#2668,#2668,#3046,.T.);
#2085=EDGE_CURVE('',#2669,#2669,#3047,.T.);
#2086=EDGE_CURVE('',#2670,#2670,#3048,.T.);
#2087=EDGE_CURVE('',#2671,#2671,#3049,.T.);
#2088=EDGE_CURVE('',#2672,#2672,#3050,.T.);
#2089=EDGE_CURVE('',#2673,#2673,#3051,.T.);
#2090=EDGE_CURVE('',#2674,#2675,#67,.T.);
#2091=EDGE_CURVE('',#2674,#2676,#68,.F.);
#2092=EDGE_CURVE('NONE',#2677,#2676,#69,.F.);
#2093=EDGE_CURVE('',#2675,#2677,#70,.T.);
#2094=EDGE_CURVE('',#2678,#2674,#3052,.F.);
#2095=EDGE_CURVE('NONE',#2679,#2678,#71,.T.);
#2096=EDGE_CURVE('NONE',#2676,#2679,#3053,.F.);
#2097=EDGE_CURVE('',#2680,#2681,#72,.T.);
#2098=EDGE_CURVE('',#2680,#2682,#73,.F.);
#2099=EDGE_CURVE('NONE',#2683,#2682,#74,.F.);
#2100=EDGE_CURVE('',#2681,#2683,#75,.F.);
#2101=EDGE_CURVE('',#2684,#2680,#3054,.F.);
#2102=EDGE_CURVE('NONE',#2685,#2684,#76,.F.);
#2103=EDGE_CURVE('NONE',#2682,#2685,#3055,.F.);
#2104=EDGE_CURVE('',#2686,#2687,#77,.T.);
#2105=EDGE_CURVE('',#2687,#2688,#78,.T.);
#2106=EDGE_CURVE('',#2688,#2689,#79,.T.);
#2107=EDGE_CURVE('',#2689,#2686,#80,.T.);
#2108=EDGE_CURVE('',#2690,#2690,#3056,.F.);
#2109=EDGE_CURVE('',#2691,#2692,#81,.T.);
#2110=EDGE_CURVE('',#2693,#2691,#3057,.F.);
#2111=EDGE_CURVE('NONE',#2694,#2693,#82,.T.);
#2112=EDGE_CURVE('NONE',#2695,#2694,#83,.F.);
#2113=EDGE_CURVE('',#2696,#2695,#84,.T.);
#2114=EDGE_CURVE('',#2697,#2696,#3058,.F.);
#2115=EDGE_CURVE('NONE',#2698,#2697,#85,.T.);
#2116=EDGE_CURVE('NONE',#2699,#2698,#3059,.F.);
#2117=EDGE_CURVE('',#2700,#2699,#86,.F.);
#2118=EDGE_CURVE('',#2700,#2701,#87,.T.);
#2119=EDGE_CURVE('',#2701,#2702,#88,.F.);
#2120=EDGE_CURVE('',#2703,#2702,#3060,.F.);
#2121=EDGE_CURVE('',#2703,#2704,#89,.T.);
#2122=EDGE_CURVE('',#2705,#2704,#3061,.F.);
#2123=EDGE_CURVE('',#2705,#2706,#90,.T.);
#2124=EDGE_CURVE('',#2706,#2707,#91,.T.);
#2125=EDGE_CURVE('',#2707,#2708,#92,.F.);
#2126=EDGE_CURVE('',#2709,#2708,#3062,.F.);
#2127=EDGE_CURVE('',#2709,#2710,#93,.T.);
#2128=EDGE_CURVE('',#2711,#2710,#3063,.F.);
#2129=EDGE_CURVE('',#2711,#2712,#94,.T.);
#2130=EDGE_CURVE('',#2712,#2713,#95,.T.);
#2131=EDGE_CURVE('',#2714,#2713,#96,.F.);
#2132=EDGE_CURVE('NONE',#2692,#2714,#3064,.F.);
#2133=EDGE_CURVE('',#2715,#2716,#3065,.F.);
#2134=EDGE_CURVE('',#2715,#2716,#3066,.T.);
#2135=EDGE_CURVE('',#2717,#2717,#3067,.F.);
#2136=EDGE_CURVE('',#2718,#2719,#97,.T.);
#2137=EDGE_CURVE('',#2719,#2720,#98,.T.);
#2138=EDGE_CURVE('',#2721,#2720,#99,.T.);
#2139=EDGE_CURVE('',#2721,#2718,#100,.T.);
#2140=EDGE_CURVE('NONE',#2722,#2723,#101,.T.);
#2141=EDGE_CURVE('NONE',#2723,#2724,#3068,.F.);
#2142=EDGE_CURVE('NONE',#2724,#2725,#102,.F.);
#2143=EDGE_CURVE('NONE',#2725,#2726,#3069,.F.);
#2144=EDGE_CURVE('',#2726,#2727,#103,.F.);
#2145=EDGE_CURVE('NONE',#2727,#2728,#3070,.F.);
#2146=EDGE_CURVE('NONE',#2728,#2729,#104,.T.);
#2147=EDGE_CURVE('NONE',#2729,#2722,#3071,.F.);
#2148=EDGE_CURVE('',#2730,#2731,#105,.T.);
#2149=EDGE_CURVE('',#2730,#2732,#106,.T.);
#2150=EDGE_CURVE('',#2732,#2733,#107,.T.);
#2151=EDGE_CURVE('',#2731,#2733,#108,.T.);
#2152=EDGE_CURVE('',#2734,#2735,#3072,.F.);
#2153=EDGE_CURVE('',#2736,#2734,#109,.T.);
#2154=EDGE_CURVE('',#2737,#2736,#3073,.F.);
#2155=EDGE_CURVE('',#2735,#2737,#110,.T.);
#2156=EDGE_CURVE('',#2738,#2739,#111,.T.);
#2157=EDGE_CURVE('',#2740,#2738,#112,.T.);
#2158=EDGE_CURVE('',#2741,#2740,#3074,.F.);
#2159=EDGE_CURVE('',#2742,#2741,#113,.T.);
#2160=EDGE_CURVE('',#2743,#2742,#114,.F.);
#2161=EDGE_CURVE('',#2743,#2744,#115,.T.);
#2162=EDGE_CURVE('',#2744,#2745,#116,.F.);
#2163=EDGE_CURVE('',#2746,#2745,#3075,.F.);
#2164=EDGE_CURVE('',#2746,#2739,#117,.T.);
#2165=EDGE_CURVE('',#2747,#2748,#118,.T.);
#2166=EDGE_CURVE('',#2748,#2749,#119,.F.);
#2167=EDGE_CURVE('',#2750,#2749,#3076,.F.);
#2168=EDGE_CURVE('',#2750,#2751,#120,.T.);
#2169=EDGE_CURVE('',#2752,#2751,#3077,.F.);
#2170=EDGE_CURVE('',#2752,#2747,#121,.T.);
#2171=EDGE_CURVE('',#2753,#2754,#122,.F.);
#2172=EDGE_CURVE('',#2755,#2753,#3078,.F.);
#2173=EDGE_CURVE('NONE',#2756,#2755,#123,.T.);
#2174=EDGE_CURVE('',#2757,#2756,#124,.F.);
#2175=EDGE_CURVE('',#2757,#2758,#125,.F.);
#2176=EDGE_CURVE('',#2758,#2759,#126,.T.);
#2177=EDGE_CURVE('',#2760,#2759,#3079,.F.);
#2178=EDGE_CURVE('',#2760,#2761,#127,.F.);
#2179=EDGE_CURVE('',#2762,#2761,#3080,.F.);
#2180=EDGE_CURVE('',#2762,#2763,#128,.F.);
#2181=EDGE_CURVE('',#2763,#2764,#129,.F.);
#2182=EDGE_CURVE('',#2764,#2765,#130,.T.);
#2183=EDGE_CURVE('',#2766,#2765,#3081,.F.);
#2184=EDGE_CURVE('',#2766,#2767,#131,.F.);
#2185=EDGE_CURVE('',#2768,#2767,#3082,.F.);
#2186=EDGE_CURVE('',#2768,#2769,#132,.F.);
#2187=EDGE_CURVE('',#2769,#2770,#133,.F.);
#2188=EDGE_CURVE('NONE',#2771,#2770,#134,.F.);
#2189=EDGE_CURVE('',#2772,#2771,#135,.T.);
#2190=EDGE_CURVE('',#2773,#2772,#3083,.F.);
#2191=EDGE_CURVE('NONE',#2774,#2773,#136,.T.);
#2192=EDGE_CURVE('NONE',#2754,#2774,#137,.T.);
#2193=EDGE_CURVE('',#2775,#2776,#138,.T.);
#2194=EDGE_CURVE('',#2776,#2777,#139,.T.);
#2195=EDGE_CURVE('',#2777,#2778,#140,.T.);
#2196=EDGE_CURVE('',#2778,#2779,#141,.T.);
#2197=EDGE_CURVE('',#2780,#2779,#142,.T.);
#2198=EDGE_CURVE('',#2775,#2780,#143,.T.);
#2199=EDGE_CURVE('',#2781,#2782,#144,.T.);
#2200=EDGE_CURVE('',#2781,#2783,#145,.F.);
#2201=EDGE_CURVE('',#2783,#2784,#146,.F.);
#2202=EDGE_CURVE('',#2784,#2785,#147,.T.);
#2203=EDGE_CURVE('',#2785,#2786,#148,.T.);
#2204=EDGE_CURVE('',#2787,#2786,#149,.T.);
#2205=EDGE_CURVE('',#2787,#2788,#3084,.F.);
#2206=EDGE_CURVE('',#2788,#2789,#150,.T.);
#2207=EDGE_CURVE('',#2782,#2789,#151,.T.);
#2208=EDGE_CURVE('',#2790,#2791,#152,.T.);
#2209=EDGE_CURVE('',#2791,#2792,#153,.T.);
#2210=EDGE_CURVE('',#2792,#2793,#154,.T.);
#2211=EDGE_CURVE('',#2793,#2794,#155,.T.);
#2212=EDGE_CURVE('',#2794,#2795,#156,.F.);
#2213=EDGE_CURVE('',#2795,#2796,#3085,.T.);
#2214=EDGE_CURVE('',#2796,#2797,#157,.T.);
#2215=EDGE_CURVE('',#2797,#2798,#158,.F.);
#2216=EDGE_CURVE('',#2790,#2798,#159,.T.);
#2217=EDGE_CURVE('',#2799,#2800,#160,.T.);
#2218=EDGE_CURVE('',#2800,#2801,#161,.T.);
#2219=EDGE_CURVE('',#2802,#2801,#162,.T.);
#2220=EDGE_CURVE('',#2802,#2803,#3086,.F.);
#2221=EDGE_CURVE('',#2803,#2804,#163,.T.);
#2222=EDGE_CURVE('',#2805,#2804,#164,.T.);
#2223=EDGE_CURVE('',#2806,#2805,#165,.T.);
#2224=EDGE_CURVE('',#2806,#2807,#166,.F.);
#2225=EDGE_CURVE('',#2807,#2799,#167,.F.);
#2226=EDGE_CURVE('',#2808,#2809,#168,.T.);
#2227=EDGE_CURVE('',#2809,#2810,#169,.F.);
#2228=EDGE_CURVE('',#2811,#2810,#170,.T.);
#2229=EDGE_CURVE('',#2811,#2812,#171,.T.);
#2230=EDGE_CURVE('',#2812,#2813,#172,.T.);
#2231=EDGE_CURVE('',#2813,#2814,#173,.T.);
#2232=EDGE_CURVE('',#2814,#2815,#174,.T.);
#2233=EDGE_CURVE('',#2815,#2816,#175,.F.);
#2234=EDGE_CURVE('',#2816,#2808,#3087,.T.);
#2235=EDGE_CURVE('NONE',#2817,#2818,#176,.F.);
#2236=EDGE_CURVE('NONE',#2818,#2754,#177,.T.);
#2237=EDGE_CURVE('NONE',#2817,#2774,#178,.F.);
#2238=EDGE_CURVE('NONE',#2685,#2819,#179,.T.);
#2239=EDGE_CURVE('NONE',#2819,#2683,#3088,.T.);
#2240=EDGE_CURVE('NONE',#2679,#2820,#180,.T.);
#2241=EDGE_CURVE('NONE',#2820,#2677,#3089,.T.);
#2242=EDGE_CURVE('',#2821,#2822,#181,.T.);
#2243=EDGE_CURVE('',#2822,#2700,#3090,.T.);
#2244=EDGE_CURVE('NONE',#2699,#2823,#182,.F.);
#2245=EDGE_CURVE('',#2823,#2824,#183,.T.);
#2246=EDGE_CURVE('NONE',#2824,#2771,#184,.T.);
#2247=EDGE_CURVE('',#2770,#2825,#3091,.T.);
#2248=EDGE_CURVE('',#2826,#2825,#185,.T.);
#2249=EDGE_CURVE('',#2826,#2827,#186,.F.);
#2250=EDGE_CURVE('',#2827,#2743,#187,.T.);
#2251=EDGE_CURVE('',#2828,#2742,#188,.T.);
#2252=EDGE_CURVE('',#2828,#2821,#189,.F.);
#2253=EDGE_CURVE('NONE',#2829,#2830,#190,.T.);
#2254=EDGE_CURVE('NONE',#2830,#2831,#191,.F.);
#2255=EDGE_CURVE('NONE',#2832,#2831,#192,.T.);
#2256=EDGE_CURVE('NONE',#2829,#2832,#193,.T.);
#2257=EDGE_CURVE('NONE',#2833,#2834,#194,.T.);
#2258=EDGE_CURVE('NONE',#2833,#2835,#195,.F.);
#2259=EDGE_CURVE('NONE',#2835,#2836,#196,.F.);
#2260=EDGE_CURVE('NONE',#2834,#2836,#197,.T.);
#2261=EDGE_CURVE('NONE',#2837,#2838,#198,.F.);
#2262=EDGE_CURVE('NONE',#2837,#2833,#3092,.T.);
#2263=EDGE_CURVE('NONE',#2838,#2834,#3093,.T.);
#2264=EDGE_CURVE('NONE',#2835,#2829,#3094,.T.);
#2265=EDGE_CURVE('NONE',#2836,#2832,#3095,.T.);
#2266=EDGE_CURVE('',#2839,#2838,#199,.F.);
#2267=EDGE_CURVE('NONE',#2840,#2839,#200,.T.);
#2268=EDGE_CURVE('',#2840,#2837,#201,.T.);
#2269=EDGE_CURVE('NONE',#2831,#2841,#3096,.T.);
#2270=EDGE_CURVE('NONE',#2841,#2842,#202,.F.);
#2271=EDGE_CURVE('NONE',#2842,#2839,#3097,.T.);
#2272=EDGE_CURVE('',#2843,#2844,#203,.F.);
#2273=EDGE_CURVE('NONE',#2845,#2843,#3098,.F.);
#2274=EDGE_CURVE('NONE',#2846,#2845,#204,.F.);
#2275=EDGE_CURVE('NONE',#2847,#2846,#3099,.F.);
#2276=EDGE_CURVE('NONE',#2848,#2847,#205,.F.);
#2277=EDGE_CURVE('NONE',#2849,#2848,#3100,.F.);
#2278=EDGE_CURVE('NONE',#2850,#2849,#206,.F.);
#2279=EDGE_CURVE('NONE',#2844,#2850,#3101,.F.);
#2280=EDGE_CURVE('',#2713,#2851,#3102,.T.);
#2281=EDGE_CURVE('',#2852,#2851,#207,.T.);
#2282=EDGE_CURVE('',#2852,#2853,#208,.F.);
#2283=EDGE_CURVE('',#2853,#2854,#209,.T.);
#2284=EDGE_CURVE('',#2854,#2855,#210,.F.);
#2285=EDGE_CURVE('',#2856,#2855,#211,.T.);
#2286=EDGE_CURVE('',#2856,#2857,#212,.F.);
#2287=EDGE_CURVE('',#2857,#2858,#213,.T.);
#2288=EDGE_CURVE('',#2858,#2757,#3103,.T.);
#2289=EDGE_CURVE('NONE',#2859,#2756,#214,.F.);
#2290=EDGE_CURVE('NONE',#2859,#2860,#215,.T.);
#2291=EDGE_CURVE('NONE',#2714,#2860,#216,.T.);
#2292=EDGE_CURVE('',#2861,#2861,#3104,.F.);
#2293=EDGE_CURVE('',#2862,#2862,#3105,.F.);
#2294=EDGE_CURVE('',#2863,#2863,#3106,.F.);
#2295=EDGE_CURVE('',#2864,#2864,#3107,.F.);
#2296=EDGE_CURVE('NONE',#2865,#2866,#217,.T.);
#2297=EDGE_CURVE('NONE',#2866,#2867,#3108,.F.);
#2298=EDGE_CURVE('NONE',#2867,#2868,#218,.F.);
#2299=EDGE_CURVE('NONE',#2868,#2869,#3109,.F.);
#2300=EDGE_CURVE('',#2869,#2870,#219,.F.);
#2301=EDGE_CURVE('NONE',#2870,#2871,#3110,.F.);
#2302=EDGE_CURVE('NONE',#2871,#2872,#220,.T.);
#2303=EDGE_CURVE('NONE',#2872,#2865,#3111,.F.);
#2304=EDGE_CURVE('NONE',#2873,#2823,#3112,.T.);
#2305=EDGE_CURVE('NONE',#2873,#2874,#221,.F.);
#2306=EDGE_CURVE('',#2874,#2875,#3113,.T.);
#2307=EDGE_CURVE('',#2875,#2876,#222,.T.);
#2308=EDGE_CURVE('NONE',#2877,#2876,#223,.T.);
#2309=EDGE_CURVE('NONE',#2877,#2878,#224,.F.);
#2310=EDGE_CURVE('',#2878,#2879,#3114,.T.);
#2311=EDGE_CURVE('',#2879,#2880,#225,.T.);
#2312=EDGE_CURVE('NONE',#2860,#2880,#3115,.T.);
#2313=EDGE_CURVE('NONE',#2859,#2881,#226,.F.);
#2314=EDGE_CURVE('',#2881,#2882,#3116,.T.);
#2315=EDGE_CURVE('',#2882,#2818,#227,.F.);
#2316=EDGE_CURVE('NONE',#2817,#2883,#228,.T.);
#2317=EDGE_CURVE('',#2883,#2884,#3117,.T.);
#2318=EDGE_CURVE('',#2884,#2824,#229,.F.);
#2319=EDGE_CURVE('NONE',#2820,#2885,#230,.T.);
#2320=EDGE_CURVE('',#2885,#2675,#3118,.T.);
#2321=EDGE_CURVE('NONE',#2819,#2886,#231,.T.);
#2322=EDGE_CURVE('',#2886,#2681,#3119,.T.);
#2323=EDGE_CURVE('NONE',#2869,#2843,#232,.F.);
#2324=EDGE_CURVE('NONE',#2870,#2844,#233,.T.);
#2325=EDGE_CURVE('NONE',#2871,#2850,#234,.F.);
#2326=EDGE_CURVE('NONE',#2872,#2849,#235,.T.);
#2327=EDGE_CURVE('NONE',#2865,#2848,#236,.F.);
#2328=EDGE_CURVE('NONE',#2866,#2847,#237,.T.);
#2329=EDGE_CURVE('',#2772,#2884,#238,.T.);
#2330=EDGE_CURVE('',#2684,#2886,#239,.T.);
#2331=EDGE_CURVE('',#2773,#2883,#240,.T.);
#2332=EDGE_CURVE('',#2753,#2882,#241,.T.);
#2333=EDGE_CURVE('',#2678,#2885,#242,.T.);
#2334=EDGE_CURVE('',#2755,#2881,#243,.T.);
#2335=EDGE_CURVE('NONE',#2723,#2840,#244,.T.);
#2336=EDGE_CURVE('NONE',#2837,#2722,#245,.F.);
#2337=EDGE_CURVE('NONE',#2833,#2729,#246,.F.);
#2338=EDGE_CURVE('NONE',#2835,#2728,#247,.F.);
#2339=EDGE_CURVE('NONE',#2829,#2727,#248,.F.);
#2340=EDGE_CURVE('NONE',#2726,#2830,#249,.T.);
#2341=EDGE_CURVE('',#2887,#2775,#250,.T.);
#2342=EDGE_CURVE('',#2887,#2888,#251,.T.);
#2343=EDGE_CURVE('',#2888,#2776,#252,.T.);
#2344=EDGE_CURVE('',#2889,#2780,#253,.T.);
#2345=EDGE_CURVE('',#2887,#2889,#254,.T.);
#2346=EDGE_CURVE('',#2890,#2779,#255,.T.);
#2347=EDGE_CURVE('',#2889,#2890,#256,.T.);
#2348=EDGE_CURVE('',#2891,#2778,#257,.T.);
#2349=EDGE_CURVE('',#2891,#2890,#258,.T.);
#2350=EDGE_CURVE('',#2892,#2777,#259,.T.);
#2351=EDGE_CURVE('',#2892,#2891,#260,.T.);
#2352=EDGE_CURVE('',#2888,#2892,#261,.T.);
#2353=EDGE_CURVE('NONE',#2724,#2893,#262,.T.);
#2354=EDGE_CURVE('NONE',#2894,#2893,#263,.T.);
#2355=EDGE_CURVE('NONE',#2725,#2894,#264,.T.);
#2356=EDGE_CURVE('NONE',#2893,#2842,#265,.T.);
#2357=EDGE_CURVE('NONE',#2893,#2840,#3120,.T.);
#2358=EDGE_CURVE('NONE',#2894,#2841,#266,.T.);
#2359=EDGE_CURVE('NONE',#2830,#2894,#3121,.T.);
#2360=EDGE_CURVE('NONE',#2868,#2845,#267,.T.);
#2361=EDGE_CURVE('NONE',#2867,#2846,#268,.F.);
#2362=EDGE_CURVE('NONE',#2880,#2692,#269,.F.);
#2363=EDGE_CURVE('',#2691,#2879,#270,.T.);
#2364=EDGE_CURVE('',#2693,#2878,#271,.T.);
#2365=EDGE_CURVE('NONE',#2877,#2694,#272,.T.);
#2366=EDGE_CURVE('NONE',#2876,#2695,#273,.F.);
#2367=EDGE_CURVE('',#2696,#2875,#274,.T.);
#2368=EDGE_CURVE('',#2697,#2874,#275,.T.);
#2369=EDGE_CURVE('NONE',#2698,#2873,#276,.T.);
#2370=EDGE_CURVE('',#2895,#2896,#277,.T.);
#2371=EDGE_CURVE('',#2897,#2895,#278,.T.);
#2372=EDGE_CURVE('',#2732,#2897,#279,.T.);
#2373=EDGE_CURVE('',#2730,#2739,#280,.T.);
#2374=EDGE_CURVE('',#2751,#2746,#281,.T.);
#2375=EDGE_CURVE('',#2896,#2750,#282,.T.);
#2376=EDGE_CURVE('',#2898,#2899,#283,.T.);
#2377=EDGE_CURVE('',#2899,#2900,#284,.T.);
#2378=EDGE_CURVE('',#2900,#2736,#285,.T.);
#2379=EDGE_CURVE('',#2734,#2740,#286,.T.);
#2380=EDGE_CURVE('',#2731,#2738,#287,.T.);
#2381=EDGE_CURVE('',#2733,#2898,#288,.T.);
#2382=EDGE_CURVE('',#2901,#2902,#289,.T.);
#2383=EDGE_CURVE('',#2902,#2903,#290,.T.);
#2384=EDGE_CURVE('',#2903,#2904,#291,.F.);
#2385=EDGE_CURVE('',#2904,#2901,#292,.F.);
#2386=EDGE_CURVE('',#2905,#2906,#293,.T.);
#2387=EDGE_CURVE('',#2905,#2907,#3122,.T.);
#2388=EDGE_CURVE('',#2907,#2908,#294,.T.);
#2389=EDGE_CURVE('',#2908,#2909,#295,.T.);
#2390=EDGE_CURVE('',#2909,#2910,#296,.T.);
#2391=EDGE_CURVE('',#2910,#2911,#297,.T.);
#2392=EDGE_CURVE('',#2912,#2911,#298,.T.);
#2393=EDGE_CURVE('',#2912,#2913,#299,.T.);
#2394=EDGE_CURVE('',#2913,#2914,#300,.F.);
#2395=EDGE_CURVE('',#2914,#2915,#301,.T.);
#2396=EDGE_CURVE('',#2915,#2906,#302,.T.);
#2397=EDGE_CURVE('',#2916,#2917,#303,.T.);
#2398=EDGE_CURVE('',#2917,#2918,#304,.F.);
#2399=EDGE_CURVE('',#2919,#2918,#305,.T.);
#2400=EDGE_CURVE('',#2919,#2916,#306,.T.);
#2401=EDGE_CURVE('',#2920,#2921,#307,.T.);
#2402=EDGE_CURVE('',#2921,#2922,#308,.F.);
#2403=EDGE_CURVE('',#2922,#2923,#309,.T.);
#2404=EDGE_CURVE('',#2924,#2923,#310,.T.);
#2405=EDGE_CURVE('',#2925,#2924,#311,.T.);
#2406=EDGE_CURVE('',#2925,#2926,#312,.F.);
#2407=EDGE_CURVE('',#2926,#2927,#313,.F.);
#2408=EDGE_CURVE('',#2927,#2928,#3123,.F.);
#2409=EDGE_CURVE('',#2928,#2929,#314,.T.);
#2410=EDGE_CURVE('',#2929,#2930,#315,.F.);
#2411=EDGE_CURVE('',#2920,#2930,#316,.T.);
#2412=EDGE_CURVE('',#2931,#2932,#317,.T.);
#2413=EDGE_CURVE('',#2931,#2933,#3124,.T.);
#2414=EDGE_CURVE('',#2933,#2934,#318,.T.);
#2415=EDGE_CURVE('',#2934,#2935,#319,.T.);
#2416=EDGE_CURVE('',#2935,#2936,#320,.T.);
#2417=EDGE_CURVE('',#2936,#2937,#321,.T.);
#2418=EDGE_CURVE('',#2938,#2937,#322,.T.);
#2419=EDGE_CURVE('',#2938,#2939,#323,.T.);
#2420=EDGE_CURVE('',#2939,#2940,#324,.F.);
#2421=EDGE_CURVE('',#2940,#2941,#325,.T.);
#2422=EDGE_CURVE('',#2941,#2932,#326,.T.);
#2423=EDGE_CURVE('',#2942,#2943,#327,.T.);
#2424=EDGE_CURVE('',#2942,#2944,#328,.T.);
#2425=EDGE_CURVE('',#2944,#2945,#329,.T.);
#2426=EDGE_CURVE('',#2945,#2943,#330,.F.);
#2427=EDGE_CURVE('',#2946,#2947,#331,.T.);
#2428=EDGE_CURVE('',#2947,#2948,#332,.F.);
#2429=EDGE_CURVE('',#2948,#2949,#333,.T.);
#2430=EDGE_CURVE('',#2950,#2949,#334,.T.);
#2431=EDGE_CURVE('',#2951,#2950,#335,.T.);
#2432=EDGE_CURVE('',#2951,#2952,#336,.F.);
#2433=EDGE_CURVE('',#2952,#2953,#337,.F.);
#2434=EDGE_CURVE('',#2953,#2954,#3125,.F.);
#2435=EDGE_CURVE('',#2954,#2955,#338,.T.);
#2436=EDGE_CURVE('',#2955,#2956,#339,.F.);
#2437=EDGE_CURVE('',#2946,#2956,#340,.T.);
#2438=EDGE_CURVE('',#2957,#2958,#341,.T.);
#2439=EDGE_CURVE('',#2958,#2959,#342,.T.);
#2440=EDGE_CURVE('',#2959,#2960,#343,.F.);
#2441=EDGE_CURVE('',#2960,#2957,#344,.F.);
#2442=EDGE_CURVE('',#2961,#2962,#345,.T.);
#2443=EDGE_CURVE('',#2962,#2963,#346,.F.);
#2444=EDGE_CURVE('',#2963,#2964,#347,.F.);
#2445=EDGE_CURVE('',#2964,#2961,#348,.T.);
#2446=EDGE_CURVE('',#2965,#2966,#349,.T.);
#2447=EDGE_CURVE('',#2965,#2967,#350,.T.);
#2448=EDGE_CURVE('',#2967,#2968,#351,.F.);
#2449=EDGE_CURVE('',#2968,#2966,#352,.F.);
#2450=EDGE_CURVE('',#2969,#2970,#353,.T.);
#2451=EDGE_CURVE('',#2970,#2971,#354,.F.);
#2452=EDGE_CURVE('',#2971,#2972,#355,.F.);
#2453=EDGE_CURVE('',#2972,#2969,#356,.T.);
#2454=EDGE_CURVE('',#2973,#2974,#357,.T.);
#2455=EDGE_CURVE('',#2974,#2975,#358,.T.);
#2456=EDGE_CURVE('',#2975,#2976,#359,.F.);
#2457=EDGE_CURVE('',#2976,#2973,#360,.F.);
#2458=EDGE_CURVE('',#2977,#2978,#361,.T.);
#2459=EDGE_CURVE('',#2978,#2802,#45,.F.);
#2460=EDGE_CURVE('',#2801,#2979,#3126,.F.);
#2461=EDGE_CURVE('',#2979,#2980,#362,.T.);
#2462=EDGE_CURVE('',#2980,#2809,#3127,.F.);
#2463=EDGE_CURVE('',#2808,#2977,#46,.T.);
#2464=EDGE_CURVE('',#2979,#2981,#363,.F.);
#2465=EDGE_CURVE('',#2981,#2982,#364,.T.);
#2466=EDGE_CURVE('',#2982,#2980,#365,.T.);
#2467=EDGE_CURVE('',#2983,#2983,#3128,.T.);
#2468=EDGE_CURVE('',#2981,#2800,#3129,.T.);
#2469=EDGE_CURVE('',#2799,#2974,#3130,.T.);
#2470=EDGE_CURVE('',#2973,#2811,#3131,.T.);
#2471=EDGE_CURVE('',#2810,#2982,#3132,.T.);
#2472=EDGE_CURVE('',#2984,#2985,#366,.T.);
#2473=EDGE_CURVE('',#2985,#2787,#47,.F.);
#2474=EDGE_CURVE('',#2786,#2986,#3133,.F.);
#2475=EDGE_CURVE('',#2986,#2987,#367,.T.);
#2476=EDGE_CURVE('',#2987,#2797,#3134,.F.);
#2477=EDGE_CURVE('',#2796,#2984,#48,.T.);
#2478=EDGE_CURVE('',#2988,#2989,#368,.T.);
#2479=EDGE_CURVE('',#2989,#2987,#369,.T.);
#2480=EDGE_CURVE('',#2986,#2988,#370,.F.);
#2481=EDGE_CURVE('',#2990,#2990,#3135,.T.);
#2482=EDGE_CURVE('',#2784,#2965,#3136,.T.);
#2483=EDGE_CURVE('',#2966,#2790,#3137,.T.);
#2484=EDGE_CURVE('',#2798,#2989,#3138,.T.);
#2485=EDGE_CURVE('',#2988,#2785,#3139,.T.);
#2486=EDGE_CURVE('',#2991,#2992,#371,.T.);
#2487=EDGE_CURVE('',#2992,#2993,#372,.T.);
#2488=EDGE_CURVE('',#2994,#2993,#373,.T.);
#2489=EDGE_CURVE('',#2994,#2991,#374,.F.);
#2490=EDGE_CURVE('',#2995,#2995,#3140,.T.);
#2491=EDGE_CURVE('',#2940,#2942,#3141,.T.);
#2492=EDGE_CURVE('',#2943,#2946,#3142,.T.);
#2493=EDGE_CURVE('',#2956,#2992,#3143,.T.);
#2494=EDGE_CURVE('',#2991,#2941,#3144,.T.);
#2495=EDGE_CURVE('',#2954,#2996,#49,.T.);
#2496=EDGE_CURVE('',#2996,#2997,#375,.F.);
#2497=EDGE_CURVE('',#2997,#2931,#50,.F.);
#2498=EDGE_CURVE('',#2932,#2994,#3145,.F.);
#2499=EDGE_CURVE('',#2993,#2955,#3146,.F.);
#2500=EDGE_CURVE('',#2998,#2999,#376,.T.);
#2501=EDGE_CURVE('',#2999,#3000,#377,.T.);
#2502=EDGE_CURVE('',#3001,#3000,#378,.T.);
#2503=EDGE_CURVE('',#3001,#2998,#379,.F.);
#2504=EDGE_CURVE('',#3002,#3002,#3147,.T.);
#2505=EDGE_CURVE('',#2918,#2920,#3148,.T.);
#2506=EDGE_CURVE('',#2930,#2999,#3149,.T.);
#2507=EDGE_CURVE('',#2998,#2915,#3150,.T.);
#2508=EDGE_CURVE('',#2914,#2919,#3151,.T.);
#2509=EDGE_CURVE('',#2928,#3003,#51,.T.);
#2510=EDGE_CURVE('',#3003,#3004,#380,.F.);
#2511=EDGE_CURVE('',#3004,#2905,#52,.F.);
#2512=EDGE_CURVE('',#2906,#3001,#3152,.F.);
#2513=EDGE_CURVE('',#3000,#2929,#3153,.F.);
#2514=EDGE_CURVE('',#2782,#2814,#381,.T.);
#2515=EDGE_CURVE('',#2789,#2815,#382,.T.);
#2516=EDGE_CURVE('',#2813,#2781,#383,.F.);
#2517=EDGE_CURVE('',#2737,#3005,#3154,.F.);
#2518=EDGE_CURVE('',#3005,#2815,#384,.T.);
#2519=EDGE_CURVE('',#3006,#2789,#385,.T.);
#2520=EDGE_CURVE('',#3006,#2735,#3155,.F.);
#2521=EDGE_CURVE('',#2805,#2852,#386,.T.);
#2522=EDGE_CURVE('',#2804,#2853,#387,.T.);
#2523=EDGE_CURVE('',#2851,#2806,#388,.F.);
#2524=EDGE_CURVE('',#3007,#2804,#389,.T.);
#2525=EDGE_CURVE('',#3007,#3008,#3156,.F.);
#2526=EDGE_CURVE('',#3009,#3008,#390,.T.);
#2527=EDGE_CURVE('',#3009,#2854,#391,.T.);
#2528=EDGE_CURVE('',#2741,#3010,#3157,.F.);
#2529=EDGE_CURVE('',#3010,#2794,#392,.T.);
#2530=EDGE_CURVE('',#2828,#2794,#393,.T.);
#2531=EDGE_CURVE('',#2792,#2822,#394,.F.);
#2532=EDGE_CURVE('',#2821,#2793,#395,.T.);
#2533=EDGE_CURVE('',#2950,#2910,#396,.T.);
#2534=EDGE_CURVE('',#2949,#2911,#397,.T.);
#2535=EDGE_CURVE('',#2948,#2912,#398,.T.);
#2536=EDGE_CURVE('',#2909,#2748,#3158,.T.);
#2537=EDGE_CURVE('',#2747,#2951,#3159,.T.);
#2538=EDGE_CURVE('',#2827,#2936,#399,.T.);
#2539=EDGE_CURVE('',#2826,#2937,#400,.T.);
#2540=EDGE_CURVE('',#2825,#2938,#401,.T.);
#2541=EDGE_CURVE('',#2935,#2744,#3160,.T.);
#2542=EDGE_CURVE('',#3011,#2855,#402,.T.);
#2543=EDGE_CURVE('',#3011,#3012,#403,.T.);
#2544=EDGE_CURVE('',#3012,#2925,#3161,.T.);
#2545=EDGE_CURVE('',#2924,#2856,#404,.T.);
#2546=EDGE_CURVE('',#2922,#2858,#405,.T.);
#2547=EDGE_CURVE('',#2923,#2857,#406,.T.);
#2548=EDGE_CURVE('',#2701,#2792,#37,.F.);
#2549=EDGE_CURVE('',#2791,#2968,#3162,.T.);
#2550=EDGE_CURVE('',#2702,#2791,#3163,.T.);
#2551=EDGE_CURVE('',#2703,#2968,#3164,.F.);
#2552=EDGE_CURVE('',#2967,#2783,#3165,.T.);
#2553=EDGE_CURVE('',#2704,#2967,#3166,.T.);
#2554=EDGE_CURVE('',#2705,#2783,#3167,.F.);
#2555=EDGE_CURVE('',#2706,#2781,#38,.F.);
#2556=EDGE_CURVE('',#2707,#2813,#39,.F.);
#2557=EDGE_CURVE('',#2812,#2976,#3168,.T.);
#2558=EDGE_CURVE('',#2708,#2812,#3169,.T.);
#2559=EDGE_CURVE('',#2709,#2976,#3170,.F.);
#2560=EDGE_CURVE('',#2975,#2807,#3171,.T.);
#2561=EDGE_CURVE('',#2710,#2975,#3172,.T.);
#2562=EDGE_CURVE('',#2711,#2807,#3173,.F.);
#2563=EDGE_CURVE('',#2712,#2806,#40,.F.);
#2564=EDGE_CURVE('',#2758,#2922,#41,.F.);
#2565=EDGE_CURVE('',#2921,#2917,#3174,.T.);
#2566=EDGE_CURVE('',#2759,#2921,#3175,.T.);
#2567=EDGE_CURVE('',#2760,#2917,#3176,.F.);
#2568=EDGE_CURVE('',#2916,#2913,#3177,.T.);
#2569=EDGE_CURVE('',#2761,#2916,#3178,.T.);
#2570=EDGE_CURVE('',#2762,#2913,#3179,.F.);
#2571=EDGE_CURVE('',#2763,#2912,#42,.F.);
#2572=EDGE_CURVE('',#2764,#2948,#43,.F.);
#2573=EDGE_CURVE('',#2947,#2945,#3180,.T.);
#2574=EDGE_CURVE('',#2765,#2947,#3181,.T.);
#2575=EDGE_CURVE('',#2766,#2945,#3182,.F.);
#2576=EDGE_CURVE('',#2944,#2939,#3183,.T.);
#2577=EDGE_CURVE('',#2767,#2944,#3184,.T.);
#2578=EDGE_CURVE('',#2768,#2939,#3185,.F.);
#2579=EDGE_CURVE('',#2769,#2938,#44,.F.);
#2580=EDGE_CURVE('',#2901,#3004,#3186,.F.);
#2581=EDGE_CURVE('',#2907,#2901,#3187,.T.);
#2582=EDGE_CURVE('',#2902,#3003,#3188,.F.);
#2583=EDGE_CURVE('',#2908,#2904,#3189,.T.);
#2584=EDGE_CURVE('',#2749,#2908,#3190,.T.);
#2585=EDGE_CURVE('',#2902,#2927,#3191,.T.);
#2586=EDGE_CURVE('',#2750,#2904,#3192,.F.);
#2587=EDGE_CURVE('',#2903,#2926,#3193,.T.);
#2588=EDGE_CURVE('',#2896,#2903,#3194,.T.);
#2589=EDGE_CURVE('',#3013,#2926,#3195,.F.);
#2590=EDGE_CURVE('',#3013,#2896,#3196,.F.);
#2591=EDGE_CURVE('',#3013,#3012,#407,.T.);
#2592=EDGE_CURVE('',#2971,#2978,#3197,.T.);
#2593=EDGE_CURVE('',#2803,#2971,#3198,.T.);
#2594=EDGE_CURVE('',#2972,#2977,#3199,.T.);
#2595=EDGE_CURVE('',#3007,#2970,#3200,.T.);
#2596=EDGE_CURVE('',#2972,#2816,#3201,.T.);
#2597=EDGE_CURVE('',#2900,#2970,#3202,.F.);
#2598=EDGE_CURVE('',#2900,#3008,#3203,.F.);
#2599=EDGE_CURVE('',#2969,#3005,#3204,.T.);
#2600=EDGE_CURVE('',#2736,#2969,#3205,.T.);
#2601=EDGE_CURVE('',#2964,#2795,#3206,.T.);
#2602=EDGE_CURVE('',#2984,#2964,#3207,.F.);
#2603=EDGE_CURVE('',#2961,#3010,#3208,.T.);
#2604=EDGE_CURVE('',#2985,#2963,#3209,.F.);
#2605=EDGE_CURVE('',#2961,#2740,#3210,.F.);
#2606=EDGE_CURVE('',#2788,#2963,#3211,.T.);
#2607=EDGE_CURVE('',#2962,#2734,#3212,.T.);
#2608=EDGE_CURVE('',#3006,#2962,#3213,.T.);
#2609=EDGE_CURVE('',#2958,#2953,#3214,.T.);
#2610=EDGE_CURVE('',#2996,#2958,#3215,.T.);
#2611=EDGE_CURVE('',#2952,#2752,#3216,.T.);
#2612=EDGE_CURVE('',#2959,#2952,#3217,.T.);
#2613=EDGE_CURVE('',#2997,#2957,#3218,.T.);
#2614=EDGE_CURVE('',#2959,#2751,#3219,.F.);
#2615=EDGE_CURVE('',#2933,#2957,#3220,.T.);
#2616=EDGE_CURVE('',#2960,#2746,#3221,.T.);
#2617=EDGE_CURVE('',#2934,#2960,#3222,.T.);
#2618=EDGE_CURVE('',#2934,#2745,#3223,.F.);
#2619=EDGE_CURVE('',#2898,#2897,#408,.T.);
#2620=EDGE_CURVE('',#3014,#3014,#3224,.T.);
#2621=EDGE_CURVE('',#2716,#2715,#3225,.F.);
#2622=EDGE_CURVE('',#3015,#3015,#3226,.T.);
#2623=EDGE_CURVE('',#3016,#3016,#3227,.T.);
#2624=EDGE_CURVE('',#3017,#3017,#3228,.F.);
#2625=EDGE_CURVE('',#3018,#3018,#3229,.F.);
#2626=EDGE_CURVE('',#3019,#3019,#3230,.T.);
#2627=EDGE_CURVE('',#3020,#3020,#3231,.T.);
#2628=EDGE_CURVE('',#3021,#3021,#3232,.T.);
#2629=EDGE_CURVE('',#3022,#3022,#3233,.T.);
#2630=EDGE_CURVE('',#2716,#2715,#3234,.T.);
#2631=EDGE_CURVE('',#3023,#3023,#3235,.T.);
#2632=EDGE_CURVE('',#3024,#3024,#3236,.T.);
#2633=EDGE_CURVE('',#3025,#3025,#3237,.T.);
#2634=EDGE_CURVE('',#3026,#3026,#3238,.T.);
#2635=EDGE_CURVE('',#3027,#3027,#3239,.T.);
#2636=EDGE_CURVE('',#3028,#3028,#3240,.T.);
#2637=EDGE_CURVE('',#3029,#3029,#3241,.T.);
#2638=EDGE_CURVE('',#3030,#3030,#3242,.T.);
#2639=EDGE_CURVE('',#3031,#3013,#409,.T.);
#2640=EDGE_CURVE('',#3031,#2895,#3243,.F.);
#2641=EDGE_CURVE('',#3031,#3011,#410,.T.);
#2642=EDGE_CURVE('',#2899,#3009,#3244,.F.);
#2643=EDGE_CURVE('',#3032,#3032,#3245,.T.);
#2644=EDGE_CURVE('',#3033,#3033,#3246,.T.);
#2645=EDGE_CURVE('',#3034,#3034,#3247,.T.);
#2646=EDGE_CURVE('',#3035,#3035,#3248,.T.);
#2647=EDGE_CURVE('',#2720,#3036,#411,.T.);
#2648=EDGE_CURVE('',#3036,#3037,#412,.T.);
#2649=EDGE_CURVE('',#3037,#2721,#413,.T.);
#2650=EDGE_CURVE('',#3038,#3039,#414,.F.);
#2651=EDGE_CURVE('',#2686,#3039,#415,.T.);
#2652=EDGE_CURVE('',#2689,#3040,#416,.T.);
#2653=EDGE_CURVE('',#3040,#3036,#417,.T.);
#2654=EDGE_CURVE('',#3036,#3038,#418,.T.);
#2655=EDGE_CURVE('',#3041,#2718,#419,.T.);
#2656=EDGE_CURVE('',#3041,#3038,#420,.T.);
#2657=EDGE_CURVE('',#3038,#2719,#421,.T.);
#2658=EDGE_CURVE('',#3037,#3041,#422,.T.);
#2659=EDGE_CURVE('',#3042,#3041,#423,.F.);
#2660=EDGE_CURVE('',#3039,#3042,#424,.T.);
#2661=EDGE_CURVE('',#3043,#3037,#425,.T.);
#2662=EDGE_CURVE('',#3042,#3043,#426,.T.);
#2663=EDGE_CURVE('',#3043,#3040,#427,.T.);
#2664=EDGE_CURVE('',#2687,#3042,#428,.T.);
#2665=EDGE_CURVE('',#2688,#3043,#429,.T.);
#2666=VERTEX_POINT('',#5944);
#2667=VERTEX_POINT('',#5946);
#2668=VERTEX_POINT('',#5949);
#2669=VERTEX_POINT('',#5951);
#2670=VERTEX_POINT('',#5954);
#2671=VERTEX_POINT('',#5956);
#2672=VERTEX_POINT('',#5959);
#2673=VERTEX_POINT('',#5961);
#2674=VERTEX_POINT('',#5964);
#2675=VERTEX_POINT('',#5965);
#2676=VERTEX_POINT('',#5967);
#2677=VERTEX_POINT('',#5969);
#2678=VERTEX_POINT('',#5973);
#2679=VERTEX_POINT('',#5975);
#2680=VERTEX_POINT('',#5979);
#2681=VERTEX_POINT('',#5980);
#2682=VERTEX_POINT('',#5982);
#2683=VERTEX_POINT('',#5984);
#2684=VERTEX_POINT('',#5988);
#2685=VERTEX_POINT('',#5990);
#2686=VERTEX_POINT('',#5994);
#2687=VERTEX_POINT('',#5995);
#2688=VERTEX_POINT('',#5997);
#2689=VERTEX_POINT('',#5999);
#2690=VERTEX_POINT('',#6002);
#2691=VERTEX_POINT('',#6004);
#2692=VERTEX_POINT('',#6005);
#2693=VERTEX_POINT('',#6007);
#2694=VERTEX_POINT('',#6009);
#2695=VERTEX_POINT('',#6011);
#2696=VERTEX_POINT('',#6013);
#2697=VERTEX_POINT('',#6015);
#2698=VERTEX_POINT('',#6017);
#2699=VERTEX_POINT('',#6019);
#2700=VERTEX_POINT('',#6021);
#2701=VERTEX_POINT('',#6023);
#2702=VERTEX_POINT('',#6025);
#2703=VERTEX_POINT('',#6027);
#2704=VERTEX_POINT('',#6029);
#2705=VERTEX_POINT('',#6031);
#2706=VERTEX_POINT('',#6033);
#2707=VERTEX_POINT('',#6035);
#2708=VERTEX_POINT('',#6037);
#2709=VERTEX_POINT('',#6039);
#2710=VERTEX_POINT('',#6041);
#2711=VERTEX_POINT('',#6043);
#2712=VERTEX_POINT('',#6045);
#2713=VERTEX_POINT('',#6047);
#2714=VERTEX_POINT('',#6049);
#2715=VERTEX_POINT('',#6052);
#2716=VERTEX_POINT('',#6053);
#2717=VERTEX_POINT('',#6057);
#2718=VERTEX_POINT('',#6059);
#2719=VERTEX_POINT('',#6060);
#2720=VERTEX_POINT('',#6062);
#2721=VERTEX_POINT('',#6064);
#2722=VERTEX_POINT('',#6067);
#2723=VERTEX_POINT('',#6068);
#2724=VERTEX_POINT('',#6070);
#2725=VERTEX_POINT('',#6072);
#2726=VERTEX_POINT('',#6074);
#2727=VERTEX_POINT('',#6076);
#2728=VERTEX_POINT('',#6078);
#2729=VERTEX_POINT('',#6080);
#2730=VERTEX_POINT('',#6083);
#2731=VERTEX_POINT('',#6084);
#2732=VERTEX_POINT('',#6086);
#2733=VERTEX_POINT('',#6088);
#2734=VERTEX_POINT('',#6092);
#2735=VERTEX_POINT('',#6093);
#2736=VERTEX_POINT('',#6095);
#2737=VERTEX_POINT('',#6097);
#2738=VERTEX_POINT('',#6101);
#2739=VERTEX_POINT('',#6102);
#2740=VERTEX_POINT('',#6104);
#2741=VERTEX_POINT('',#6106);
#2742=VERTEX_POINT('',#6108);
#2743=VERTEX_POINT('',#6110);
#2744=VERTEX_POINT('',#6112);
#2745=VERTEX_POINT('',#6114);
#2746=VERTEX_POINT('',#6116);
#2747=VERTEX_POINT('',#6120);
#2748=VERTEX_POINT('',#6121);
#2749=VERTEX_POINT('',#6123);
#2750=VERTEX_POINT('',#6125);
#2751=VERTEX_POINT('',#6127);
#2752=VERTEX_POINT('',#6129);
#2753=VERTEX_POINT('',#6133);
#2754=VERTEX_POINT('',#6134);
#2755=VERTEX_POINT('',#6136);
#2756=VERTEX_POINT('',#6138);
#2757=VERTEX_POINT('',#6140);
#2758=VERTEX_POINT('',#6142);
#2759=VERTEX_POINT('',#6144);
#2760=VERTEX_POINT('',#6146);
#2761=VERTEX_POINT('',#6148);
#2762=VERTEX_POINT('',#6150);
#2763=VERTEX_POINT('',#6152);
#2764=VERTEX_POINT('',#6154);
#2765=VERTEX_POINT('',#6156);
#2766=VERTEX_POINT('',#6158);
#2767=VERTEX_POINT('',#6160);
#2768=VERTEX_POINT('',#6162);
#2769=VERTEX_POINT('',#6164);
#2770=VERTEX_POINT('',#6166);
#2771=VERTEX_POINT('',#6168);
#2772=VERTEX_POINT('',#6170);
#2773=VERTEX_POINT('',#6172);
#2774=VERTEX_POINT('',#6174);
#2775=VERTEX_POINT('',#6177);
#2776=VERTEX_POINT('',#6178);
#2777=VERTEX_POINT('',#6180);
#2778=VERTEX_POINT('',#6182);
#2779=VERTEX_POINT('',#6184);
#2780=VERTEX_POINT('',#6186);
#2781=VERTEX_POINT('',#6190);
#2782=VERTEX_POINT('',#6191);
#2783=VERTEX_POINT('',#6193);
#2784=VERTEX_POINT('',#6195);
#2785=VERTEX_POINT('',#6197);
#2786=VERTEX_POINT('',#6199);
#2787=VERTEX_POINT('',#6201);
#2788=VERTEX_POINT('',#6203);
#2789=VERTEX_POINT('',#6205);
#2790=VERTEX_POINT('',#6209);
#2791=VERTEX_POINT('',#6210);
#2792=VERTEX_POINT('',#6212);
#2793=VERTEX_POINT('',#6214);
#2794=VERTEX_POINT('',#6216);
#2795=VERTEX_POINT('',#6218);
#2796=VERTEX_POINT('',#6220);
#2797=VERTEX_POINT('',#6222);
#2798=VERTEX_POINT('',#6224);
#2799=VERTEX_POINT('',#6228);
#2800=VERTEX_POINT('',#6229);
#2801=VERTEX_POINT('',#6231);
#2802=VERTEX_POINT('',#6233);
#2803=VERTEX_POINT('',#6235);
#2804=VERTEX_POINT('',#6237);
#2805=VERTEX_POINT('',#6239);
#2806=VERTEX_POINT('',#6241);
#2807=VERTEX_POINT('',#6243);
#2808=VERTEX_POINT('',#6247);
#2809=VERTEX_POINT('',#6248);
#2810=VERTEX_POINT('',#6250);
#2811=VERTEX_POINT('',#6252);
#2812=VERTEX_POINT('',#6254);
#2813=VERTEX_POINT('',#6256);
#2814=VERTEX_POINT('',#6258);
#2815=VERTEX_POINT('',#6260);
#2816=VERTEX_POINT('',#6262);
#2817=VERTEX_POINT('',#6266);
#2818=VERTEX_POINT('',#6267);
#2819=VERTEX_POINT('',#6272);
#2820=VERTEX_POINT('',#6276);
#2821=VERTEX_POINT('',#6280);
#2822=VERTEX_POINT('',#6281);
#2823=VERTEX_POINT('',#6284);
#2824=VERTEX_POINT('',#6286);
#2825=VERTEX_POINT('',#6289);
#2826=VERTEX_POINT('',#6291);
#2827=VERTEX_POINT('',#6293);
#2828=VERTEX_POINT('',#6296);
#2829=VERTEX_POINT('',#6300);
#2830=VERTEX_POINT('',#6301);
#2831=VERTEX_POINT('',#6303);
#2832=VERTEX_POINT('',#6305);
#2833=VERTEX_POINT('',#6309);
#2834=VERTEX_POINT('',#6310);
#2835=VERTEX_POINT('',#6312);
#2836=VERTEX_POINT('',#6314);
#2837=VERTEX_POINT('',#6318);
#2838=VERTEX_POINT('',#6319);
#2839=VERTEX_POINT('',#6327);
#2840=VERTEX_POINT('',#6329);
#2841=VERTEX_POINT('',#6333);
#2842=VERTEX_POINT('',#6335);
#2843=VERTEX_POINT('',#6338);
#2844=VERTEX_POINT('',#6339);
#2845=VERTEX_POINT('',#6341);
#2846=VERTEX_POINT('',#6343);
#2847=VERTEX_POINT('',#6345);
#2848=VERTEX_POINT('',#6347);
#2849=VERTEX_POINT('',#6349);
#2850=VERTEX_POINT('',#6351);
#2851=VERTEX_POINT('',#6355);
#2852=VERTEX_POINT('',#6357);
#2853=VERTEX_POINT('',#6359);
#2854=VERTEX_POINT('',#6361);
#2855=VERTEX_POINT('',#6363);
#2856=VERTEX_POINT('',#6365);
#2857=VERTEX_POINT('',#6367);
#2858=VERTEX_POINT('',#6369);
#2859=VERTEX_POINT('',#6372);
#2860=VERTEX_POINT('',#6374);
#2861=VERTEX_POINT('',#6378);
#2862=VERTEX_POINT('',#6380);
#2863=VERTEX_POINT('',#6382);
#2864=VERTEX_POINT('',#6384);
#2865=VERTEX_POINT('',#6386);
#2866=VERTEX_POINT('',#6387);
#2867=VERTEX_POINT('',#6389);
#2868=VERTEX_POINT('',#6391);
#2869=VERTEX_POINT('',#6393);
#2870=VERTEX_POINT('',#6395);
#2871=VERTEX_POINT('',#6397);
#2872=VERTEX_POINT('',#6399);
#2873=VERTEX_POINT('',#6402);
#2874=VERTEX_POINT('',#6404);
#2875=VERTEX_POINT('',#6406);
#2876=VERTEX_POINT('',#6408);
#2877=VERTEX_POINT('',#6410);
#2878=VERTEX_POINT('',#6412);
#2879=VERTEX_POINT('',#6414);
#2880=VERTEX_POINT('',#6416);
#2881=VERTEX_POINT('',#6419);
#2882=VERTEX_POINT('',#6421);
#2883=VERTEX_POINT('',#6424);
#2884=VERTEX_POINT('',#6426);
#2885=VERTEX_POINT('',#6429);
#2886=VERTEX_POINT('',#6432);
#2887=VERTEX_POINT('',#6470);
#2888=VERTEX_POINT('',#6472);
#2889=VERTEX_POINT('',#6476);
#2890=VERTEX_POINT('',#6480);
#2891=VERTEX_POINT('',#6484);
#2892=VERTEX_POINT('',#6488);
#2893=VERTEX_POINT('',#6495);
#2894=VERTEX_POINT('',#6497);
#2895=VERTEX_POINT('',#6530);
#2896=VERTEX_POINT('',#6531);
#2897=VERTEX_POINT('',#6533);
#2898=VERTEX_POINT('',#6540);
#2899=VERTEX_POINT('',#6541);
#2900=VERTEX_POINT('',#6543);
#2901=VERTEX_POINT('',#6550);
#2902=VERTEX_POINT('',#6551);
#2903=VERTEX_POINT('',#6553);
#2904=VERTEX_POINT('',#6555);
#2905=VERTEX_POINT('',#6559);
#2906=VERTEX_POINT('',#6560);
#2907=VERTEX_POINT('',#6562);
#2908=VERTEX_POINT('',#6564);
#2909=VERTEX_POINT('',#6566);
#2910=VERTEX_POINT('',#6568);
#2911=VERTEX_POINT('',#6570);
#2912=VERTEX_POINT('',#6572);
#2913=VERTEX_POINT('',#6574);
#2914=VERTEX_POINT('',#6576);
#2915=VERTEX_POINT('',#6578);
#2916=VERTEX_POINT('',#6582);
#2917=VERTEX_POINT('',#6583);
#2918=VERTEX_POINT('',#6585);
#2919=VERTEX_POINT('',#6587);
#2920=VERTEX_POINT('',#6591);
#2921=VERTEX_POINT('',#6592);
#2922=VERTEX_POINT('',#6594);
#2923=VERTEX_POINT('',#6596);
#2924=VERTEX_POINT('',#6598);
#2925=VERTEX_POINT('',#6600);
#2926=VERTEX_POINT('',#6602);
#2927=VERTEX_POINT('',#6604);
#2928=VERTEX_POINT('',#6606);
#2929=VERTEX_POINT('',#6608);
#2930=VERTEX_POINT('',#6610);
#2931=VERTEX_POINT('',#6614);
#2932=VERTEX_POINT('',#6615);
#2933=VERTEX_POINT('',#6617);
#2934=VERTEX_POINT('',#6619);
#2935=VERTEX_POINT('',#6621);
#2936=VERTEX_POINT('',#6623);
#2937=VERTEX_POINT('',#6625);
#2938=VERTEX_POINT('',#6627);
#2939=VERTEX_POINT('',#6629);
#2940=VERTEX_POINT('',#6631);
#2941=VERTEX_POINT('',#6633);
#2942=VERTEX_POINT('',#6637);
#2943=VERTEX_POINT('',#6638);
#2944=VERTEX_POINT('',#6640);
#2945=VERTEX_POINT('',#6642);
#2946=VERTEX_POINT('',#6646);
#2947=VERTEX_POINT('',#6647);
#2948=VERTEX_POINT('',#6649);
#2949=VERTEX_POINT('',#6651);
#2950=VERTEX_POINT('',#6653);
#2951=VERTEX_POINT('',#6655);
#2952=VERTEX_POINT('',#6657);
#2953=VERTEX_POINT('',#6659);
#2954=VERTEX_POINT('',#6661);
#2955=VERTEX_POINT('',#6663);
#2956=VERTEX_POINT('',#6665);
#2957=VERTEX_POINT('',#6669);
#2958=VERTEX_POINT('',#6670);
#2959=VERTEX_POINT('',#6672);
#2960=VERTEX_POINT('',#6674);
#2961=VERTEX_POINT('',#6678);
#2962=VERTEX_POINT('',#6679);
#2963=VERTEX_POINT('',#6681);
#2964=VERTEX_POINT('',#6683);
#2965=VERTEX_POINT('',#6687);
#2966=VERTEX_POINT('',#6688);
#2967=VERTEX_POINT('',#6690);
#2968=VERTEX_POINT('',#6692);
#2969=VERTEX_POINT('',#6696);
#2970=VERTEX_POINT('',#6697);
#2971=VERTEX_POINT('',#6699);
#2972=VERTEX_POINT('',#6701);
#2973=VERTEX_POINT('',#6705);
#2974=VERTEX_POINT('',#6706);
#2975=VERTEX_POINT('',#6708);
#2976=VERTEX_POINT('',#6710);
#2977=VERTEX_POINT('',#6714);
#2978=VERTEX_POINT('',#6715);
#2979=VERTEX_POINT('',#6722);
#2980=VERTEX_POINT('',#6724);
#2981=VERTEX_POINT('',#6733);
#2982=VERTEX_POINT('',#6735);
#2983=VERTEX_POINT('',#6739);
#2984=VERTEX_POINT('',#6746);
#2985=VERTEX_POINT('',#6747);
#2986=VERTEX_POINT('',#6754);
#2987=VERTEX_POINT('',#6756);
#2988=VERTEX_POINT('',#6765);
#2989=VERTEX_POINT('',#6766);
#2990=VERTEX_POINT('',#6771);
#2991=VERTEX_POINT('',#6778);
#2992=VERTEX_POINT('',#6779);
#2993=VERTEX_POINT('',#6781);
#2994=VERTEX_POINT('',#6783);
#2995=VERTEX_POINT('',#6787);
#2996=VERTEX_POINT('',#6798);
#2997=VERTEX_POINT('',#6800);
#2998=VERTEX_POINT('',#6810);
#2999=VERTEX_POINT('',#6811);
#3000=VERTEX_POINT('',#6813);
#3001=VERTEX_POINT('',#6815);
#3002=VERTEX_POINT('',#6819);
#3003=VERTEX_POINT('',#6830);
#3004=VERTEX_POINT('',#6832);
#3005=VERTEX_POINT('',#6847);
#3006=VERTEX_POINT('',#6850);
#3007=VERTEX_POINT('',#6859);
#3008=VERTEX_POINT('',#6861);
#3009=VERTEX_POINT('',#6863);
#3010=VERTEX_POINT('',#6867);
#3011=VERTEX_POINT('',#6891);
#3012=VERTEX_POINT('',#6893);
#3013=VERTEX_POINT('',#6985);
#3014=VERTEX_POINT('',#7055);
#3015=VERTEX_POINT('',#7059);
#3016=VERTEX_POINT('',#7061);
#3017=VERTEX_POINT('',#7064);
#3018=VERTEX_POINT('',#7068);
#3019=VERTEX_POINT('',#7070);
#3020=VERTEX_POINT('',#7074);
#3021=VERTEX_POINT('',#7076);
#3022=VERTEX_POINT('',#7080);
#3023=VERTEX_POINT('',#7086);
#3024=VERTEX_POINT('',#7088);
#3025=VERTEX_POINT('',#7093);
#3026=VERTEX_POINT('',#7095);
#3027=VERTEX_POINT('',#7099);
#3028=VERTEX_POINT('',#7101);
#3029=VERTEX_POINT('',#7106);
#3030=VERTEX_POINT('',#7108);
#3031=VERTEX_POINT('',#7121);
#3032=VERTEX_POINT('',#7130);
#3033=VERTEX_POINT('',#7134);
#3034=VERTEX_POINT('',#7138);
#3035=VERTEX_POINT('',#7142);
#3036=VERTEX_POINT('',#7146);
#3037=VERTEX_POINT('',#7148);
#3038=VERTEX_POINT('',#7152);
#3039=VERTEX_POINT('',#7153);
#3040=VERTEX_POINT('',#7156);
#3041=VERTEX_POINT('',#7161);
#3042=VERTEX_POINT('',#7168);
#3043=VERTEX_POINT('',#7172);
#3044=CIRCLE('',#4197,0.0015);
#3045=CIRCLE('',#4198,0.0015);
#3046=CIRCLE('',#4200,0.0015);
#3047=CIRCLE('',#4201,0.0015);
#3048=CIRCLE('',#4203,0.00135000000000002);
#3049=CIRCLE('',#4204,0.00135000000000002);
#3050=CIRCLE('',#4206,0.00135);
#3051=CIRCLE('',#4207,0.00135);
#3052=CIRCLE('',#4210,0.005);
#3053=CIRCLE('',#4211,0.0125);
#3054=CIRCLE('',#4214,0.005);
#3055=CIRCLE('',#4215,0.0125);
#3056=CIRCLE('',#4217,0.004);
#3057=CIRCLE('',#4218,0.005);
#3058=CIRCLE('',#4219,0.005);
#3059=CIRCLE('',#4220,0.0125);
#3060=CIRCLE('',#4221,0.002);
#3061=CIRCLE('',#4222,0.002);
#3062=CIRCLE('',#4223,0.002);
#3063=CIRCLE('',#4224,0.002);
#3064=CIRCLE('',#4225,0.0125);
#3065=CIRCLE('',#4226,0.004);
#3066=CIRCLE('',#4227,0.0055);
#3067=CIRCLE('',#4229,0.007);
#3068=CIRCLE('',#4230,0.014);
#3069=CIRCLE('',#4231,0.014);
#3070=CIRCLE('',#4232,0.014);
#3071=CIRCLE('',#4233,0.014);
#3072=CIRCLE('',#4235,0.002);
#3073=CIRCLE('',#4236,0.002);
#3074=CIRCLE('',#4238,0.002);
#3075=CIRCLE('',#4239,0.002);
#3076=CIRCLE('',#4241,0.002);
#3077=CIRCLE('',#4242,0.002);
#3078=CIRCLE('',#4244,0.005);
#3079=CIRCLE('',#4245,0.002);
#3080=CIRCLE('',#4246,0.002);
#3081=CIRCLE('',#4247,0.002);
#3082=CIRCLE('',#4248,0.002);
#3083=CIRCLE('',#4249,0.005);
#3084=CIRCLE('',#4251,0.002);
#3085=CIRCLE('',#4253,0.002);
#3086=CIRCLE('',#4255,0.002);
#3087=CIRCLE('',#4257,0.002);
#3088=CIRCLE('',#4260,0.0125);
#3089=CIRCLE('',#4262,0.0125);
#3090=CIRCLE('',#4264,0.001);
#3091=CIRCLE('',#4265,0.001);
#3092=CIRCLE('',#4269,0.015);
#3093=CIRCLE('',#4270,0.015);
#3094=CIRCLE('',#4272,0.015);
#3095=CIRCLE('',#4273,0.015);
#3096=CIRCLE('',#4276,0.015);
#3097=CIRCLE('',#4277,0.015);
#3098=CIRCLE('',#4278,0.0137552365194784);
#3099=CIRCLE('',#4279,0.0137552365194785);
#3100=CIRCLE('',#4280,0.0137552365194785);
#3101=CIRCLE('',#4281,0.0137552365194785);
#3102=CIRCLE('',#4283,0.001);
#3103=CIRCLE('',#4284,0.001);
#3104=CIRCLE('',#4286,0.00245);
#3105=CIRCLE('',#4287,0.00245);
#3106=CIRCLE('',#4288,0.00245);
#3107=CIRCLE('',#4289,0.00245);
#3108=CIRCLE('',#4290,0.0137281811688397);
#3109=CIRCLE('',#4291,0.0137281811688397);
#3110=CIRCLE('',#4292,0.0137281811688397);
#3111=CIRCLE('',#4293,0.0137281811688397);
#3112=CIRCLE('',#4294,0.0125);
#3113=CIRCLE('',#4295,0.005);
#3114=CIRCLE('',#4296,0.005);
#3115=CIRCLE('',#4297,0.0125);
#3116=CIRCLE('',#4298,0.005);
#3117=CIRCLE('',#4299,0.005);
#3118=CIRCLE('',#4300,0.005);
#3119=CIRCLE('',#4301,0.005);
#3120=CIRCLE('',#4327,0.015);
#3121=CIRCLE('',#4330,0.015);
#3122=CIRCLE('',#4347,0.002);
#3123=CIRCLE('',#4350,0.002);
#3124=CIRCLE('',#4352,0.002);
#3125=CIRCLE('',#4355,0.002);
#3126=CIRCLE('',#4362,0.001);
#3127=CIRCLE('',#4363,0.001);
#3128=CIRCLE('',#4366,0.00225);
#3129=CIRCLE('',#4367,0.001);
#3130=CIRCLE('',#4368,0.001);
#3131=CIRCLE('',#4369,0.001);
#3132=CIRCLE('',#4370,0.001);
#3133=CIRCLE('',#4372,0.001);
#3134=CIRCLE('',#4373,0.001);
#3135=CIRCLE('',#4376,0.00224999999999997);
#3136=CIRCLE('',#4377,0.001);
#3137=CIRCLE('',#4378,0.001);
#3138=CIRCLE('',#4379,0.001);
#3139=CIRCLE('',#4380,0.001);
#3140=CIRCLE('',#4383,0.00224999999999997);
#3141=CIRCLE('',#4384,0.001);
#3142=CIRCLE('',#4385,0.001);
#3143=CIRCLE('',#4386,0.001);
#3144=CIRCLE('',#4387,0.001);
#3145=CIRCLE('',#4389,0.001);
#3146=CIRCLE('',#4390,0.001);
#3147=CIRCLE('',#4393,0.00225);
#3148=CIRCLE('',#4394,0.001);
#3149=CIRCLE('',#4395,0.001);
#3150=CIRCLE('',#4396,0.001);
#3151=CIRCLE('',#4397,0.001);
#3152=CIRCLE('',#4399,0.001);
#3153=CIRCLE('',#4400,0.001);
#3154=CIRCLE('',#4404,0.001);
#3155=CIRCLE('',#4405,0.001);
#3156=CIRCLE('',#4409,0.001);
#3157=CIRCLE('',#4411,0.001);
#3158=CIRCLE('',#4417,0.001);
#3159=CIRCLE('',#4418,0.001);
#3160=CIRCLE('',#4422,0.001);
#3161=CIRCLE('',#4424,0.001);
#3162=CIRCLE('',#4430,0.001);
#3163=CIRCLE('',#4432,0.001);
#3164=CIRCLE('',#4434,0.001);
#3165=CIRCLE('',#4436,0.001);
#3166=CIRCLE('',#4438,0.001);
#3167=CIRCLE('',#4440,0.001);
#3168=CIRCLE('',#4446,0.001);
#3169=CIRCLE('',#4448,0.001);
#3170=CIRCLE('',#4450,0.001);
#3171=CIRCLE('',#4452,0.001);
#3172=CIRCLE('',#4454,0.001);
#3173=CIRCLE('',#4456,0.001);
#3174=CIRCLE('',#4463,0.001);
#3175=CIRCLE('',#4465,0.001);
#3176=CIRCLE('',#4467,0.001);
#3177=CIRCLE('',#4469,0.001);
#3178=CIRCLE('',#4471,0.001);
#3179=CIRCLE('',#4473,0.001);
#3180=CIRCLE('',#4479,0.001);
#3181=CIRCLE('',#4481,0.001);
#3182=CIRCLE('',#4483,0.001);
#3183=CIRCLE('',#4485,0.001);
#3184=CIRCLE('',#4487,0.001);
#3185=CIRCLE('',#4489,0.001);
#3186=CIRCLE('',#4494,0.001);
#3187=CIRCLE('',#4495,0.001);
#3188=CIRCLE('',#4497,0.001);
#3189=CIRCLE('',#4499,0.001);
#3190=CIRCLE('',#4501,0.001);
#3191=CIRCLE('',#4503,0.001);
#3192=CIRCLE('',#4505,0.001);
#3193=CIRCLE('',#4507,0.001);
#3194=CIRCLE('',#4509,0.001);
#3195=CIRCLE('',#4511,0.001);
#3196=CIRCLE('',#4512,0.002);
#3197=CIRCLE('',#4515,0.001);
#3198=CIRCLE('',#4516,0.001);
#3199=CIRCLE('',#4518,0.001);
#3200=CIRCLE('',#4520,0.001);
#3201=CIRCLE('',#4522,0.001);
#3202=CIRCLE('',#4524,0.001);
#3203=CIRCLE('',#4525,0.002);
#3204=CIRCLE('',#4527,0.001);
#3205=CIRCLE('',#4529,0.001);
#3206=CIRCLE('',#4532,0.001);
#3207=CIRCLE('',#4533,0.001);
#3208=CIRCLE('',#4535,0.001);
#3209=CIRCLE('',#4537,0.001);
#3210=CIRCLE('',#4539,0.001);
#3211=CIRCLE('',#4541,0.001);
#3212=CIRCLE('',#4543,0.001);
#3213=CIRCLE('',#4545,0.001);
#3214=CIRCLE('',#4548,0.001);
#3215=CIRCLE('',#4549,0.001);
#3216=CIRCLE('',#4551,0.001);
#3217=CIRCLE('',#4553,0.001);
#3218=CIRCLE('',#4555,0.001);
#3219=CIRCLE('',#4557,0.001);
#3220=CIRCLE('',#4559,0.001);
#3221=CIRCLE('',#4561,0.001);
#3222=CIRCLE('',#4563,0.001);
#3223=CIRCLE('',#4565,0.001);
#3224=CIRCLE('',#4578,0.004);
#3225=CIRCLE('',#4579,0.004);
#3226=CIRCLE('',#4581,0.002025);
#3227=CIRCLE('',#4582,0.002025);
#3228=CIRCLE('',#4584,0.002425);
#3229=CIRCLE('',#4587,0.002425);
#3230=CIRCLE('',#4588,0.004);
#3231=CIRCLE('',#4591,0.002025);
#3232=CIRCLE('',#4592,0.002025);
#3233=CIRCLE('',#4595,0.0055);
#3234=CIRCLE('',#4596,0.0055);
#3235=CIRCLE('',#4600,0.00205);
#3236=CIRCLE('',#4601,0.00205);
#3237=CIRCLE('',#4605,0.00205);
#3238=CIRCLE('',#4606,0.00205);
#3239=CIRCLE('',#4609,0.00205);
#3240=CIRCLE('',#4610,0.00205);
#3241=CIRCLE('',#4614,0.00205);
#3242=CIRCLE('',#4615,0.00205);
#3243=CIRCLE('',#4627,0.002);
#3244=CIRCLE('',#4630,0.002);
#3245=CIRCLE('',#4633,0.00225);
#3246=CIRCLE('',#4636,0.00224999999999997);
#3247=CIRCLE('',#4639,0.00224999999999997);
#3248=CIRCLE('',#4642,0.00225);
#3249=EDGE_LOOP('',(#914));
#3250=EDGE_LOOP('',(#915));
#3251=EDGE_LOOP('',(#916));
#3252=EDGE_LOOP('',(#917));
#3253=EDGE_LOOP('',(#918));
#3254=EDGE_LOOP('',(#919));
#3255=EDGE_LOOP('',(#920));
#3256=EDGE_LOOP('',(#921));
#3257=EDGE_LOOP('',(#922,#923,#924,#925));
#3258=EDGE_LOOP('',(#926,#927,#928,#929));
#3259=EDGE_LOOP('',(#930,#931,#932,#933));
#3260=EDGE_LOOP('',(#934,#935,#936,#937));
#3261=EDGE_LOOP('',(#938,#939,#940,#941));
#3262=EDGE_LOOP('',(#942));
#3263=EDGE_LOOP('',(#943,#944,#945,#946,#947,#948,#949,#950,#951,#952,#953,
#954,#955,#956,#957,#958,#959,#960,#961,#962,#963,#964,#965,#966));
#3264=EDGE_LOOP('',(#967,#968));
#3265=EDGE_LOOP('',(#969));
#3266=EDGE_LOOP('',(#970,#971,#972,#973));
#3267=EDGE_LOOP('',(#974,#975,#976,#977,#978,#979,#980,#981));
#3268=EDGE_LOOP('',(#982,#983,#984,#985));
#3269=EDGE_LOOP('',(#986,#987,#988,#989));
#3270=EDGE_LOOP('',(#990,#991,#992,#993,#994,#995,#996,#997,#998));
#3271=EDGE_LOOP('',(#999,#1000,#1001,#1002,#1003,#1004));
#3272=EDGE_LOOP('',(#1005,#1006,#1007,#1008,#1009,#1010,#1011,#1012,#1013,
#1014,#1015,#1016,#1017,#1018,#1019,#1020,#1021,#1022,#1023,#1024,#1025,
#1026));
#3273=EDGE_LOOP('',(#1027,#1028,#1029,#1030,#1031,#1032));
#3274=EDGE_LOOP('',(#1033,#1034,#1035,#1036,#1037,#1038,#1039,#1040,#1041));
#3275=EDGE_LOOP('',(#1042,#1043,#1044,#1045,#1046,#1047,#1048,#1049,#1050));
#3276=EDGE_LOOP('',(#1051,#1052,#1053,#1054,#1055,#1056,#1057,#1058,#1059));
#3277=EDGE_LOOP('',(#1060,#1061,#1062,#1063,#1064,#1065,#1066,#1067,#1068));
#3278=EDGE_LOOP('',(#1069,#1070,#1071,#1072));
#3279=EDGE_LOOP('',(#1073,#1074,#1075,#1076));
#3280=EDGE_LOOP('',(#1077,#1078,#1079,#1080));
#3281=EDGE_LOOP('',(#1081,#1082,#1083,#1084,#1085,#1086,#1087,#1088,#1089,
#1090,#1091,#1092,#1093,#1094));
#3282=EDGE_LOOP('',(#1095,#1096,#1097,#1098));
#3283=EDGE_LOOP('',(#1099,#1100,#1101,#1102));
#3284=EDGE_LOOP('',(#1103,#1104,#1105,#1106));
#3285=EDGE_LOOP('',(#1107,#1108,#1109,#1110));
#3286=EDGE_LOOP('',(#1111,#1112,#1113,#1114));
#3287=EDGE_LOOP('',(#1115,#1116,#1117,#1118,#1119,#1120,#1121,#1122));
#3288=EDGE_LOOP('',(#1123,#1124,#1125,#1126,#1127,#1128,#1129,#1130));
#3289=EDGE_LOOP('',(#1131,#1132,#1133,#1134,#1135,#1136,#1137,#1138,#1139,
#1140,#1141,#1142,#1143,#1144));
#3290=EDGE_LOOP('',(#1145));
#3291=EDGE_LOOP('',(#1146));
#3292=EDGE_LOOP('',(#1147));
#3293=EDGE_LOOP('',(#1148));
#3294=EDGE_LOOP('',(#1149,#1150,#1151,#1152,#1153,#1154,#1155,#1156));
#3295=EDGE_LOOP('',(#1157,#1158,#1159,#1160,#1161,#1162,#1163,#1164,#1165,
#1166,#1167,#1168,#1169,#1170,#1171,#1172,#1173,#1174));
#3296=EDGE_LOOP('',(#1175,#1176,#1177,#1178));
#3297=EDGE_LOOP('',(#1179,#1180,#1181,#1182));
#3298=EDGE_LOOP('',(#1183,#1184,#1185,#1186));
#3299=EDGE_LOOP('',(#1187,#1188,#1189,#1190));
#3300=EDGE_LOOP('',(#1191,#1192,#1193,#1194));
#3301=EDGE_LOOP('',(#1195,#1196,#1197,#1198));
#3302=EDGE_LOOP('',(#1199,#1200,#1201,#1202));
#3303=EDGE_LOOP('',(#1203,#1204,#1205,#1206));
#3304=EDGE_LOOP('',(#1207,#1208,#1209,#1210));
#3305=EDGE_LOOP('',(#1211,#1212,#1213,#1214));
#3306=EDGE_LOOP('',(#1215,#1216,#1217,#1218));
#3307=EDGE_LOOP('',(#1219,#1220,#1221,#1222));
#3308=EDGE_LOOP('',(#1223,#1224,#1225,#1226));
#3309=EDGE_LOOP('',(#1227,#1228,#1229,#1230));
#3310=EDGE_LOOP('',(#1231,#1232,#1233,#1234));
#3311=EDGE_LOOP('',(#1235,#1236,#1237,#1238));
#3312=EDGE_LOOP('',(#1239,#1240,#1241,#1242));
#3313=EDGE_LOOP('',(#1243,#1244,#1245,#1246));
#3314=EDGE_LOOP('',(#1247,#1248,#1249,#1250));
#3315=EDGE_LOOP('',(#1251,#1252,#1253,#1254));
#3316=EDGE_LOOP('',(#1255,#1256,#1257,#1258));
#3317=EDGE_LOOP('',(#1259,#1260,#1261,#1262));
#3318=EDGE_LOOP('',(#1263,#1264,#1265,#1266));
#3319=EDGE_LOOP('',(#1267,#1268,#1269,#1270));
#3320=EDGE_LOOP('',(#1271,#1272,#1273,#1274,#1275,#1276));
#3321=EDGE_LOOP('',(#1277,#1278,#1279,#1280));
#3322=EDGE_LOOP('',(#1281,#1282,#1283,#1284));
#3323=EDGE_LOOP('',(#1285,#1286,#1287,#1288));
#3324=EDGE_LOOP('',(#1289,#1290,#1291,#1292));
#3325=EDGE_LOOP('',(#1293,#1294,#1295,#1296));
#3326=EDGE_LOOP('',(#1297,#1298,#1299,#1300));
#3327=EDGE_LOOP('',(#1301,#1302,#1303,#1304));
#3328=EDGE_LOOP('',(#1305,#1306,#1307,#1308));
#3329=EDGE_LOOP('',(#1309,#1310,#1311,#1312));
#3330=EDGE_LOOP('',(#1313,#1314,#1315,#1316));
#3331=EDGE_LOOP('',(#1317,#1318,#1319,#1320));
#3332=EDGE_LOOP('',(#1321,#1322,#1323,#1324));
#3333=EDGE_LOOP('',(#1325,#1326,#1327,#1328));
#3334=EDGE_LOOP('',(#1329,#1330,#1331,#1332));
#3335=EDGE_LOOP('',(#1333,#1334,#1335,#1336));
#3336=EDGE_LOOP('',(#1337,#1338,#1339,#1340));
#3337=EDGE_LOOP('',(#1341,#1342,#1343,#1344,#1345,#1346,#1347,#1348,#1349));
#3338=EDGE_LOOP('',(#1350,#1351,#1352,#1353,#1354,#1355,#1356,#1357,#1358));
#3339=EDGE_LOOP('',(#1359,#1360,#1361,#1362));
#3340=EDGE_LOOP('',(#1363,#1364,#1365,#1366,#1367,#1368,#1369,#1370,#1371,
#1372,#1373));
#3341=EDGE_LOOP('',(#1374,#1375,#1376,#1377));
#3342=EDGE_LOOP('',(#1378,#1379,#1380,#1381,#1382,#1383,#1384,#1385,#1386,
#1387,#1388));
#3343=EDGE_LOOP('',(#1389,#1390,#1391,#1392,#1393,#1394,#1395,#1396,#1397,
#1398,#1399));
#3344=EDGE_LOOP('',(#1400,#1401,#1402,#1403));
#3345=EDGE_LOOP('',(#1404,#1405,#1406,#1407,#1408,#1409,#1410,#1411,#1412,
#1413,#1414));
#3346=EDGE_LOOP('',(#1415,#1416,#1417,#1418));
#3347=EDGE_LOOP('',(#1419,#1420,#1421,#1422));
#3348=EDGE_LOOP('',(#1423,#1424,#1425,#1426));
#3349=EDGE_LOOP('',(#1427,#1428,#1429,#1430));
#3350=EDGE_LOOP('',(#1431,#1432,#1433,#1434));
#3351=EDGE_LOOP('',(#1435));
#3352=EDGE_LOOP('',(#1436,#1437,#1438,#1439,#1440,#1441,#1442,#1443));
#3353=EDGE_LOOP('',(#1444,#1445,#1446,#1447));
#3354=EDGE_LOOP('',(#1448));
#3355=EDGE_LOOP('',(#1449,#1450,#1451,#1452,#1453,#1454,#1455,#1456));
#3356=EDGE_LOOP('',(#1457));
#3357=EDGE_LOOP('',(#1458,#1459,#1460,#1461,#1462,#1463,#1464,#1465));
#3358=EDGE_LOOP('',(#1466,#1467,#1468,#1469));
#3359=EDGE_LOOP('',(#1470));
#3360=EDGE_LOOP('',(#1471,#1472,#1473,#1474,#1475,#1476,#1477,#1478));
#3361=EDGE_LOOP('',(#1479,#1480,#1481,#1482));
#3362=EDGE_LOOP('',(#1483));
#3363=EDGE_LOOP('',(#1484,#1485,#1486,#1487,#1488,#1489,#1490,#1491));
#3364=EDGE_LOOP('',(#1492,#1493,#1494,#1495,#1496,#1497,#1498,#1499));
#3365=EDGE_LOOP('',(#1500));
#3366=EDGE_LOOP('',(#1501,#1502,#1503,#1504));
#3367=EDGE_LOOP('',(#1505));
#3368=EDGE_LOOP('',(#1506,#1507,#1508,#1509,#1510,#1511,#1512,#1513));
#3369=EDGE_LOOP('',(#1514,#1515,#1516,#1517,#1518,#1519,#1520,#1521));
#3370=EDGE_LOOP('',(#1522));
#3371=EDGE_LOOP('',(#1523,#1524,#1525,#1526));
#3372=EDGE_LOOP('',(#1527,#1528,#1529,#1530));
#3373=EDGE_LOOP('',(#1531,#1532,#1533,#1534,#1535,#1536));
#3374=EDGE_LOOP('',(#1537,#1538,#1539,#1540));
#3375=EDGE_LOOP('',(#1541,#1542,#1543,#1544));
#3376=EDGE_LOOP('',(#1545,#1546,#1547,#1548,#1549,#1550));
#3377=EDGE_LOOP('',(#1551,#1552,#1553,#1554,#1555));
#3378=EDGE_LOOP('',(#1556,#1557,#1558,#1559));
#3379=EDGE_LOOP('',(#1560,#1561,#1562,#1563));
#3380=EDGE_LOOP('',(#1564,#1565,#1566,#1567));
#3381=EDGE_LOOP('',(#1568,#1569,#1570,#1571));
#3382=EDGE_LOOP('',(#1572,#1573,#1574,#1575,#1576,#1577));
#3383=EDGE_LOOP('',(#1578,#1579,#1580,#1581));
#3384=EDGE_LOOP('',(#1582,#1583,#1584,#1585));
#3385=EDGE_LOOP('',(#1586,#1587,#1588,#1589,#1590));
#3386=EDGE_LOOP('',(#1591,#1592,#1593,#1594,#1595,#1596));
#3387=EDGE_LOOP('',(#1597,#1598,#1599,#1600));
#3388=EDGE_LOOP('',(#1601,#1602,#1603,#1604));
#3389=EDGE_LOOP('',(#1605,#1606,#1607,#1608));
#3390=EDGE_LOOP('',(#1609,#1610,#1611,#1612));
#3391=EDGE_LOOP('',(#1613,#1614,#1615,#1616));
#3392=EDGE_LOOP('',(#1617,#1618,#1619,#1620));
#3393=EDGE_LOOP('',(#1621,#1622,#1623,#1624));
#3394=EDGE_LOOP('',(#1625,#1626,#1627,#1628));
#3395=EDGE_LOOP('',(#1629,#1630,#1631,#1632));
#3396=EDGE_LOOP('',(#1633,#1634,#1635,#1636));
#3397=EDGE_LOOP('',(#1637,#1638,#1639,#1640));
#3398=EDGE_LOOP('',(#1641,#1642,#1643,#1644));
#3399=EDGE_LOOP('',(#1645,#1646,#1647,#1648));
#3400=EDGE_LOOP('',(#1649,#1650,#1651,#1652));
#3401=EDGE_LOOP('',(#1653,#1654,#1655,#1656));
#3402=EDGE_LOOP('',(#1657,#1658,#1659,#1660));
#3403=EDGE_LOOP('',(#1661,#1662,#1663,#1664));
#3404=EDGE_LOOP('',(#1665,#1666,#1667,#1668));
#3405=EDGE_LOOP('',(#1669,#1670,#1671,#1672));
#3406=EDGE_LOOP('',(#1673,#1674,#1675,#1676));
#3407=EDGE_LOOP('',(#1677,#1678,#1679,#1680));
#3408=EDGE_LOOP('',(#1681,#1682,#1683,#1684));
#3409=EDGE_LOOP('',(#1685,#1686,#1687,#1688));
#3410=EDGE_LOOP('',(#1689,#1690,#1691,#1692));
#3411=EDGE_LOOP('',(#1693,#1694,#1695,#1696));
#3412=EDGE_LOOP('',(#1697,#1698,#1699,#1700));
#3413=EDGE_LOOP('',(#1701,#1702,#1703,#1704));
#3414=EDGE_LOOP('',(#1705,#1706,#1707,#1708));
#3415=EDGE_LOOP('',(#1709,#1710,#1711,#1712));
#3416=EDGE_LOOP('',(#1713,#1714,#1715,#1716));
#3417=EDGE_LOOP('',(#1717,#1718,#1719,#1720));
#3418=EDGE_LOOP('',(#1721,#1722,#1723,#1724));
#3419=EDGE_LOOP('',(#1725,#1726,#1727,#1728));
#3420=EDGE_LOOP('',(#1729,#1730,#1731,#1732));
#3421=EDGE_LOOP('',(#1733,#1734,#1735,#1736));
#3422=EDGE_LOOP('',(#1737,#1738,#1739,#1740));
#3423=EDGE_LOOP('',(#1741,#1742,#1743,#1744));
#3424=EDGE_LOOP('',(#1745,#1746,#1747,#1748));
#3425=EDGE_LOOP('',(#1749,#1750,#1751,#1752));
#3426=EDGE_LOOP('',(#1753,#1754,#1755,#1756));
#3427=EDGE_LOOP('',(#1757,#1758,#1759,#1760));
#3428=EDGE_LOOP('',(#1761,#1762,#1763,#1764));
#3429=EDGE_LOOP('',(#1765,#1766,#1767,#1768));
#3430=EDGE_LOOP('',(#1769,#1770,#1771,#1772));
#3431=EDGE_LOOP('',(#1773,#1774,#1775,#1776));
#3432=EDGE_LOOP('',(#1777,#1778,#1779,#1780));
#3433=EDGE_LOOP('',(#1781,#1782,#1783,#1784));
#3434=EDGE_LOOP('',(#1785,#1786,#1787,#1788));
#3435=EDGE_LOOP('',(#1789,#1790,#1791,#1792,#1793));
#3436=EDGE_LOOP('',(#1794,#1795,#1796,#1797));
#3437=EDGE_LOOP('',(#1798,#1799,#1800,#1801));
#3438=EDGE_LOOP('',(#1802,#1803,#1804,#1805,#1806));
#3439=EDGE_LOOP('',(#1807,#1808,#1809,#1810));
#3440=EDGE_LOOP('',(#1811,#1812,#1813,#1814));
#3441=EDGE_LOOP('',(#1815,#1816,#1817,#1818));
#3442=EDGE_LOOP('',(#1819,#1820,#1821,#1822,#1823));
#3443=EDGE_LOOP('',(#1824,#1825,#1826,#1827));
#3444=EDGE_LOOP('',(#1828,#1829,#1830,#1831));
#3445=EDGE_LOOP('',(#1832,#1833,#1834,#1835));
#3446=EDGE_LOOP('',(#1836,#1837,#1838,#1839));
#3447=EDGE_LOOP('',(#1840,#1841,#1842,#1843,#1844));
#3448=EDGE_LOOP('',(#1845,#1846,#1847,#1848));
#3449=EDGE_LOOP('',(#1849,#1850,#1851,#1852));
#3450=EDGE_LOOP('',(#1853,#1854,#1855,#1856));
#3451=EDGE_LOOP('',(#1857,#1858,#1859,#1860));
#3452=EDGE_LOOP('',(#1861,#1862,#1863,#1864));
#3453=EDGE_LOOP('',(#1865,#1866,#1867,#1868));
#3454=EDGE_LOOP('',(#1869,#1870,#1871,#1872));
#3455=EDGE_LOOP('',(#1873,#1874,#1875,#1876));
#3456=EDGE_LOOP('',(#1877,#1878,#1879,#1880));
#3457=EDGE_LOOP('',(#1881,#1882,#1883,#1884));
#3458=EDGE_LOOP('',(#1885,#1886,#1887,#1888));
#3459=EDGE_LOOP('',(#1889,#1890,#1891,#1892));
#3460=EDGE_LOOP('',(#1893,#1894,#1895,#1896));
#3461=EDGE_LOOP('',(#1897,#1898,#1899,#1900));
#3462=EDGE_LOOP('',(#1901,#1902,#1903,#1904));
#3463=EDGE_LOOP('',(#1905,#1906,#1907,#1908));
#3464=EDGE_LOOP('',(#1909,#1910,#1911,#1912));
#3465=EDGE_LOOP('',(#1913,#1914,#1915,#1916));
#3466=EDGE_LOOP('',(#1917,#1918,#1919,#1920));
#3467=EDGE_LOOP('',(#1921,#1922,#1923,#1924));
#3468=EDGE_LOOP('',(#1925,#1926,#1927,#1928));
#3469=EDGE_LOOP('',(#1929));
#3470=EDGE_LOOP('',(#1930,#1931));
#3471=EDGE_LOOP('',(#1932));
#3472=EDGE_LOOP('',(#1933));
#3473=EDGE_LOOP('',(#1934));
#3474=EDGE_LOOP('',(#1935));
#3475=EDGE_LOOP('',(#1936));
#3476=EDGE_LOOP('',(#1937));
#3477=EDGE_LOOP('',(#1938));
#3478=EDGE_LOOP('',(#1939));
#3479=EDGE_LOOP('',(#1940));
#3480=EDGE_LOOP('',(#1941));
#3481=EDGE_LOOP('',(#1942));
#3482=EDGE_LOOP('',(#1943));
#3483=EDGE_LOOP('',(#1944));
#3484=EDGE_LOOP('',(#1945,#1946));
#3485=EDGE_LOOP('',(#1947,#1948));
#3486=EDGE_LOOP('',(#1949,#1950,#1951,#1952));
#3487=EDGE_LOOP('',(#1953));
#3488=EDGE_LOOP('',(#1954));
#3489=EDGE_LOOP('',(#1955,#1956,#1957,#1958));
#3490=EDGE_LOOP('',(#1959,#1960,#1961,#1962));
#3491=EDGE_LOOP('',(#1963));
#3492=EDGE_LOOP('',(#1964));
#3493=EDGE_LOOP('',(#1965,#1966,#1967,#1968));
#3494=EDGE_LOOP('',(#1969));
#3495=EDGE_LOOP('',(#1970));
#3496=EDGE_LOOP('',(#1971,#1972,#1973,#1974));
#3497=EDGE_LOOP('',(#1975,#1976,#1977,#1978));
#3498=EDGE_LOOP('',(#1979));
#3499=EDGE_LOOP('',(#1980));
#3500=EDGE_LOOP('',(#1981));
#3501=EDGE_LOOP('',(#1982));
#3502=EDGE_LOOP('',(#1983));
#3503=EDGE_LOOP('',(#1984));
#3504=EDGE_LOOP('',(#1985));
#3505=EDGE_LOOP('',(#1986));
#3506=EDGE_LOOP('',(#1987));
#3507=EDGE_LOOP('',(#1988));
#3508=EDGE_LOOP('',(#1989));
#3509=EDGE_LOOP('',(#1990));
#3510=EDGE_LOOP('',(#1991));
#3511=EDGE_LOOP('',(#1992));
#3512=EDGE_LOOP('',(#1993));
#3513=EDGE_LOOP('',(#1994));
#3514=EDGE_LOOP('',(#1995));
#3515=EDGE_LOOP('',(#1996));
#3516=EDGE_LOOP('',(#1997,#1998,#1999,#2000));
#3517=EDGE_LOOP('',(#2001,#2002,#2003,#2004));
#3518=EDGE_LOOP('',(#2005,#2006,#2007,#2008));
#3519=EDGE_LOOP('',(#2009,#2010,#2011,#2012,#2013,#2014,#2015,#2016,#2017));
#3520=EDGE_LOOP('',(#2018));
#3521=EDGE_LOOP('',(#2019));
#3522=EDGE_LOOP('',(#2020));
#3523=EDGE_LOOP('',(#2021));
#3524=EDGE_LOOP('',(#2022));
#3525=EDGE_LOOP('',(#2023));
#3526=EDGE_LOOP('',(#2024));
#3527=EDGE_LOOP('',(#2025));
#3528=EDGE_LOOP('',(#2026));
#3529=EDGE_LOOP('',(#2027));
#3530=EDGE_LOOP('',(#2028));
#3531=EDGE_LOOP('',(#2029));
#3532=EDGE_LOOP('',(#2030));
#3533=EDGE_LOOP('',(#2031));
#3534=EDGE_LOOP('',(#2032));
#3535=EDGE_LOOP('',(#2033));
#3536=EDGE_LOOP('',(#2034,#2035,#2036,#2037));
#3537=EDGE_LOOP('',(#2038,#2039,#2040,#2041,#2042,#2043));
#3538=EDGE_LOOP('',(#2044,#2045,#2046,#2047));
#3539=EDGE_LOOP('',(#2048,#2049,#2050,#2051));
#3540=EDGE_LOOP('',(#2052,#2053,#2054,#2055));
#3541=EDGE_LOOP('',(#2056,#2057,#2058,#2059));
#3542=EDGE_LOOP('',(#2060,#2061,#2062,#2063));
#3543=EDGE_LOOP('',(#2064,#2065,#2066,#2067));
#3544=EDGE_LOOP('',(#2068,#2069,#2070,#2071));
#3545=EDGE_LOOP('',(#2072,#2073,#2074,#2075));
#3546=EDGE_LOOP('',(#2076,#2077,#2078,#2079));
#3547=EDGE_LOOP('',(#2080));
#3548=EDGE_LOOP('',(#2081));
#3549=FACE_BOUND('',#3249,.T.);
#3550=FACE_BOUND('',#3250,.T.);
#3551=FACE_BOUND('',#3251,.T.);
#3552=FACE_BOUND('',#3252,.T.);
#3553=FACE_BOUND('',#3253,.T.);
#3554=FACE_BOUND('',#3254,.T.);
#3555=FACE_BOUND('',#3255,.T.);
#3556=FACE_BOUND('',#3256,.T.);
#3557=FACE_BOUND('',#3257,.T.);
#3558=FACE_BOUND('',#3258,.T.);
#3559=FACE_BOUND('',#3259,.T.);
#3560=FACE_BOUND('',#3260,.T.);
#3561=FACE_BOUND('',#3261,.T.);
#3562=FACE_BOUND('',#3262,.T.);
#3563=FACE_BOUND('',#3263,.T.);
#3564=FACE_BOUND('',#3264,.T.);
#3565=FACE_BOUND('',#3265,.T.);
#3566=FACE_BOUND('',#3266,.T.);
#3567=FACE_BOUND('',#3267,.T.);
#3568=FACE_BOUND('',#3268,.T.);
#3569=FACE_BOUND('',#3269,.T.);
#3570=FACE_BOUND('',#3270,.T.);
#3571=FACE_BOUND('',#3271,.T.);
#3572=FACE_BOUND('',#3272,.T.);
#3573=FACE_BOUND('',#3273,.T.);
#3574=FACE_BOUND('',#3274,.T.);
#3575=FACE_BOUND('',#3275,.T.);
#3576=FACE_BOUND('',#3276,.T.);
#3577=FACE_BOUND('',#3277,.T.);
#3578=FACE_BOUND('',#3278,.T.);
#3579=FACE_BOUND('',#3279,.T.);
#3580=FACE_BOUND('',#3280,.T.);
#3581=FACE_BOUND('',#3281,.T.);
#3582=FACE_BOUND('',#3282,.T.);
#3583=FACE_BOUND('',#3283,.T.);
#3584=FACE_BOUND('',#3284,.T.);
#3585=FACE_BOUND('',#3285,.T.);
#3586=FACE_BOUND('',#3286,.T.);
#3587=FACE_BOUND('',#3287,.T.);
#3588=FACE_BOUND('',#3288,.T.);
#3589=FACE_BOUND('',#3289,.T.);
#3590=FACE_BOUND('',#3290,.T.);
#3591=FACE_BOUND('',#3291,.T.);
#3592=FACE_BOUND('',#3292,.T.);
#3593=FACE_BOUND('',#3293,.T.);
#3594=FACE_BOUND('',#3294,.T.);
#3595=FACE_BOUND('',#3295,.T.);
#3596=FACE_BOUND('',#3296,.T.);
#3597=FACE_BOUND('',#3297,.T.);
#3598=FACE_BOUND('',#3298,.T.);
#3599=FACE_BOUND('',#3299,.T.);
#3600=FACE_BOUND('',#3300,.T.);
#3601=FACE_BOUND('',#3301,.T.);
#3602=FACE_BOUND('',#3302,.T.);
#3603=FACE_BOUND('',#3303,.T.);
#3604=FACE_BOUND('',#3304,.T.);
#3605=FACE_BOUND('',#3305,.T.);
#3606=FACE_BOUND('',#3306,.T.);
#3607=FACE_BOUND('',#3307,.T.);
#3608=FACE_BOUND('',#3308,.T.);
#3609=FACE_BOUND('',#3309,.T.);
#3610=FACE_BOUND('',#3310,.T.);
#3611=FACE_BOUND('',#3311,.T.);
#3612=FACE_BOUND('',#3312,.T.);
#3613=FACE_BOUND('',#3313,.T.);
#3614=FACE_BOUND('',#3314,.T.);
#3615=FACE_BOUND('',#3315,.T.);
#3616=FACE_BOUND('',#3316,.T.);
#3617=FACE_BOUND('',#3317,.T.);
#3618=FACE_BOUND('',#3318,.T.);
#3619=FACE_BOUND('',#3319,.T.);
#3620=FACE_BOUND('',#3320,.T.);
#3621=FACE_BOUND('',#3321,.T.);
#3622=FACE_BOUND('',#3322,.T.);
#3623=FACE_BOUND('',#3323,.T.);
#3624=FACE_BOUND('',#3324,.T.);
#3625=FACE_BOUND('',#3325,.T.);
#3626=FACE_BOUND('',#3326,.T.);
#3627=FACE_BOUND('',#3327,.T.);
#3628=FACE_BOUND('',#3328,.T.);
#3629=FACE_BOUND('',#3329,.T.);
#3630=FACE_BOUND('',#3330,.T.);
#3631=FACE_BOUND('',#3331,.T.);
#3632=FACE_BOUND('',#3332,.T.);
#3633=FACE_BOUND('',#3333,.T.);
#3634=FACE_BOUND('',#3334,.T.);
#3635=FACE_BOUND('',#3335,.T.);
#3636=FACE_BOUND('',#3336,.T.);
#3637=FACE_BOUND('',#3337,.T.);
#3638=FACE_BOUND('',#3338,.T.);
#3639=FACE_BOUND('',#3339,.T.);
#3640=FACE_BOUND('',#3340,.T.);
#3641=FACE_BOUND('',#3341,.T.);
#3642=FACE_BOUND('',#3342,.T.);
#3643=FACE_BOUND('',#3343,.T.);
#3644=FACE_BOUND('',#3344,.T.);
#3645=FACE_BOUND('',#3345,.T.);
#3646=FACE_BOUND('',#3346,.T.);
#3647=FACE_BOUND('',#3347,.T.);
#3648=FACE_BOUND('',#3348,.T.);
#3649=FACE_BOUND('',#3349,.T.);
#3650=FACE_BOUND('',#3350,.T.);
#3651=FACE_BOUND('',#3351,.T.);
#3652=FACE_BOUND('',#3352,.T.);
#3653=FACE_BOUND('',#3353,.T.);
#3654=FACE_BOUND('',#3354,.T.);
#3655=FACE_BOUND('',#3355,.T.);
#3656=FACE_BOUND('',#3356,.T.);
#3657=FACE_BOUND('',#3357,.T.);
#3658=FACE_BOUND('',#3358,.T.);
#3659=FACE_BOUND('',#3359,.T.);
#3660=FACE_BOUND('',#3360,.T.);
#3661=FACE_BOUND('',#3361,.T.);
#3662=FACE_BOUND('',#3362,.T.);
#3663=FACE_BOUND('',#3363,.T.);
#3664=FACE_BOUND('',#3364,.T.);
#3665=FACE_BOUND('',#3365,.T.);
#3666=FACE_BOUND('',#3366,.T.);
#3667=FACE_BOUND('',#3367,.T.);
#3668=FACE_BOUND('',#3368,.T.);
#3669=FACE_BOUND('',#3369,.T.);
#3670=FACE_BOUND('',#3370,.T.);
#3671=FACE_BOUND('',#3371,.T.);
#3672=FACE_BOUND('',#3372,.T.);
#3673=FACE_BOUND('',#3373,.T.);
#3674=FACE_BOUND('',#3374,.T.);
#3675=FACE_BOUND('',#3375,.T.);
#3676=FACE_BOUND('',#3376,.T.);
#3677=FACE_BOUND('',#3377,.T.);
#3678=FACE_BOUND('',#3378,.T.);
#3679=FACE_BOUND('',#3379,.T.);
#3680=FACE_BOUND('',#3380,.T.);
#3681=FACE_BOUND('',#3381,.T.);
#3682=FACE_BOUND('',#3382,.T.);
#3683=FACE_BOUND('',#3383,.T.);
#3684=FACE_BOUND('',#3384,.T.);
#3685=FACE_BOUND('',#3385,.T.);
#3686=FACE_BOUND('',#3386,.T.);
#3687=FACE_BOUND('',#3387,.T.);
#3688=FACE_BOUND('',#3388,.T.);
#3689=FACE_BOUND('',#3389,.T.);
#3690=FACE_BOUND('',#3390,.T.);
#3691=FACE_BOUND('',#3391,.T.);
#3692=FACE_BOUND('',#3392,.T.);
#3693=FACE_BOUND('',#3393,.T.);
#3694=FACE_BOUND('',#3394,.T.);
#3695=FACE_BOUND('',#3395,.T.);
#3696=FACE_BOUND('',#3396,.T.);
#3697=FACE_BOUND('',#3397,.T.);
#3698=FACE_BOUND('',#3398,.T.);
#3699=FACE_BOUND('',#3399,.T.);
#3700=FACE_BOUND('',#3400,.T.);
#3701=FACE_BOUND('',#3401,.T.);
#3702=FACE_BOUND('',#3402,.T.);
#3703=FACE_BOUND('',#3403,.T.);
#3704=FACE_BOUND('',#3404,.T.);
#3705=FACE_BOUND('',#3405,.T.);
#3706=FACE_BOUND('',#3406,.T.);
#3707=FACE_BOUND('',#3407,.T.);
#3708=FACE_BOUND('',#3408,.T.);
#3709=FACE_BOUND('',#3409,.T.);
#3710=FACE_BOUND('',#3410,.T.);
#3711=FACE_BOUND('',#3411,.T.);
#3712=FACE_BOUND('',#3412,.T.);
#3713=FACE_BOUND('',#3413,.T.);
#3714=FACE_BOUND('',#3414,.T.);
#3715=FACE_BOUND('',#3415,.T.);
#3716=FACE_BOUND('',#3416,.T.);
#3717=FACE_BOUND('',#3417,.T.);
#3718=FACE_BOUND('',#3418,.T.);
#3719=FACE_BOUND('',#3419,.T.);
#3720=FACE_BOUND('',#3420,.T.);
#3721=FACE_BOUND('',#3421,.T.);
#3722=FACE_BOUND('',#3422,.T.);
#3723=FACE_BOUND('',#3423,.T.);
#3724=FACE_BOUND('',#3424,.T.);
#3725=FACE_BOUND('',#3425,.T.);
#3726=FACE_BOUND('',#3426,.T.);
#3727=FACE_BOUND('',#3427,.T.);
#3728=FACE_BOUND('',#3428,.T.);
#3729=FACE_BOUND('',#3429,.T.);
#3730=FACE_BOUND('',#3430,.T.);
#3731=FACE_BOUND('',#3431,.T.);
#3732=FACE_BOUND('',#3432,.T.);
#3733=FACE_BOUND('',#3433,.T.);
#3734=FACE_BOUND('',#3434,.T.);
#3735=FACE_BOUND('',#3435,.T.);
#3736=FACE_BOUND('',#3436,.T.);
#3737=FACE_BOUND('',#3437,.T.);
#3738=FACE_BOUND('',#3438,.T.);
#3739=FACE_BOUND('',#3439,.T.);
#3740=FACE_BOUND('',#3440,.T.);
#3741=FACE_BOUND('',#3441,.T.);
#3742=FACE_BOUND('',#3442,.T.);
#3743=FACE_BOUND('',#3443,.T.);
#3744=FACE_BOUND('',#3444,.T.);
#3745=FACE_BOUND('',#3445,.T.);
#3746=FACE_BOUND('',#3446,.T.);
#3747=FACE_BOUND('',#3447,.T.);
#3748=FACE_BOUND('',#3448,.T.);
#3749=FACE_BOUND('',#3449,.T.);
#3750=FACE_BOUND('',#3450,.T.);
#3751=FACE_BOUND('',#3451,.T.);
#3752=FACE_BOUND('',#3452,.T.);
#3753=FACE_BOUND('',#3453,.T.);
#3754=FACE_BOUND('',#3454,.T.);
#3755=FACE_BOUND('',#3455,.T.);
#3756=FACE_BOUND('',#3456,.T.);
#3757=FACE_BOUND('',#3457,.T.);
#3758=FACE_BOUND('',#3458,.T.);
#3759=FACE_BOUND('',#3459,.T.);
#3760=FACE_BOUND('',#3460,.T.);
#3761=FACE_BOUND('',#3461,.T.);
#3762=FACE_BOUND('',#3462,.T.);
#3763=FACE_BOUND('',#3463,.T.);
#3764=FACE_BOUND('',#3464,.T.);
#3765=FACE_BOUND('',#3465,.T.);
#3766=FACE_BOUND('',#3466,.T.);
#3767=FACE_BOUND('',#3467,.T.);
#3768=FACE_BOUND('',#3468,.T.);
#3769=FACE_BOUND('',#3469,.T.);
#3770=FACE_BOUND('',#3470,.T.);
#3771=FACE_BOUND('',#3471,.T.);
#3772=FACE_BOUND('',#3472,.T.);
#3773=FACE_BOUND('',#3473,.T.);
#3774=FACE_BOUND('',#3474,.T.);
#3775=FACE_BOUND('',#3475,.T.);
#3776=FACE_BOUND('',#3476,.T.);
#3777=FACE_BOUND('',#3477,.T.);
#3778=FACE_BOUND('',#3478,.T.);
#3779=FACE_BOUND('',#3479,.T.);
#3780=FACE_BOUND('',#3480,.T.);
#3781=FACE_BOUND('',#3481,.T.);
#3782=FACE_BOUND('',#3482,.T.);
#3783=FACE_BOUND('',#3483,.T.);
#3784=FACE_BOUND('',#3484,.T.);
#3785=FACE_BOUND('',#3485,.T.);
#3786=FACE_BOUND('',#3486,.T.);
#3787=FACE_BOUND('',#3487,.T.);
#3788=FACE_BOUND('',#3488,.T.);
#3789=FACE_BOUND('',#3489,.T.);
#3790=FACE_BOUND('',#3490,.T.);
#3791=FACE_BOUND('',#3491,.T.);
#3792=FACE_BOUND('',#3492,.T.);
#3793=FACE_BOUND('',#3493,.T.);
#3794=FACE_BOUND('',#3494,.T.);
#3795=FACE_BOUND('',#3495,.T.);
#3796=FACE_BOUND('',#3496,.T.);
#3797=FACE_BOUND('',#3497,.T.);
#3798=FACE_BOUND('',#3498,.T.);
#3799=FACE_BOUND('',#3499,.T.);
#3800=FACE_BOUND('',#3500,.T.);
#3801=FACE_BOUND('',#3501,.T.);
#3802=FACE_BOUND('',#3502,.T.);
#3803=FACE_BOUND('',#3503,.T.);
#3804=FACE_BOUND('',#3504,.T.);
#3805=FACE_BOUND('',#3505,.T.);
#3806=FACE_BOUND('',#3506,.T.);
#3807=FACE_BOUND('',#3507,.T.);
#3808=FACE_BOUND('',#3508,.T.);
#3809=FACE_BOUND('',#3509,.T.);
#3810=FACE_BOUND('',#3510,.T.);
#3811=FACE_BOUND('',#3511,.T.);
#3812=FACE_BOUND('',#3512,.T.);
#3813=FACE_BOUND('',#3513,.T.);
#3814=FACE_BOUND('',#3514,.T.);
#3815=FACE_BOUND('',#3515,.T.);
#3816=FACE_BOUND('',#3516,.T.);
#3817=FACE_BOUND('',#3517,.T.);
#3818=FACE_BOUND('',#3518,.T.);
#3819=FACE_BOUND('',#3519,.T.);
#3820=FACE_BOUND('',#3520,.T.);
#3821=FACE_BOUND('',#3521,.T.);
#3822=FACE_BOUND('',#3522,.T.);
#3823=FACE_BOUND('',#3523,.T.);
#3824=FACE_BOUND('',#3524,.T.);
#3825=FACE_BOUND('',#3525,.T.);
#3826=FACE_BOUND('',#3526,.T.);
#3827=FACE_BOUND('',#3527,.T.);
#3828=FACE_BOUND('',#3528,.T.);
#3829=FACE_BOUND('',#3529,.T.);
#3830=FACE_BOUND('',#3530,.T.);
#3831=FACE_BOUND('',#3531,.T.);
#3832=FACE_BOUND('',#3532,.T.);
#3833=FACE_BOUND('',#3533,.T.);
#3834=FACE_BOUND('',#3534,.T.);
#3835=FACE_BOUND('',#3535,.T.);
#3836=FACE_BOUND('',#3536,.T.);
#3837=FACE_BOUND('',#3537,.T.);
#3838=FACE_BOUND('',#3538,.T.);
#3839=FACE_BOUND('',#3539,.T.);
#3840=FACE_BOUND('',#3540,.T.);
#3841=FACE_BOUND('',#3541,.T.);
#3842=FACE_BOUND('',#3542,.T.);
#3843=FACE_BOUND('',#3543,.T.);
#3844=FACE_BOUND('',#3544,.T.);
#3845=FACE_BOUND('',#3545,.T.);
#3846=FACE_BOUND('',#3546,.T.);
#3847=FACE_BOUND('',#3547,.T.);
#3848=FACE_BOUND('',#3548,.T.);
#3849=CYLINDRICAL_SURFACE('',#4196,0.0015);
#3850=CYLINDRICAL_SURFACE('',#4199,0.0015);
#3851=CYLINDRICAL_SURFACE('',#4202,0.00135000000000002);
#3852=CYLINDRICAL_SURFACE('',#4205,0.00135);
#3853=CYLINDRICAL_SURFACE('',#4259,0.0125);
#3854=CYLINDRICAL_SURFACE('',#4261,0.0125);
#3855=CYLINDRICAL_SURFACE('',#4268,0.015);
#3856=CYLINDRICAL_SURFACE('',#4271,0.015);
#3857=CYLINDRICAL_SURFACE('',#4326,0.015);
#3858=CYLINDRICAL_SURFACE('',#4329,0.015);
#3859=CYLINDRICAL_SURFACE('',#4332,0.0125);
#3860=CYLINDRICAL_SURFACE('',#4338,0.0125);
#3861=CYLINDRICAL_SURFACE('',#4427,0.001);
#3862=CYLINDRICAL_SURFACE('',#4429,0.001);
#3863=CYLINDRICAL_SURFACE('',#4431,0.001);
#3864=CYLINDRICAL_SURFACE('',#4435,0.001);
#3865=CYLINDRICAL_SURFACE('',#4437,0.001);
#3866=CYLINDRICAL_SURFACE('',#4441,0.001);
#3867=CYLINDRICAL_SURFACE('',#4443,0.001);
#3868=CYLINDRICAL_SURFACE('',#4445,0.001);
#3869=CYLINDRICAL_SURFACE('',#4447,0.001);
#3870=CYLINDRICAL_SURFACE('',#4451,0.001);
#3871=CYLINDRICAL_SURFACE('',#4453,0.001);
#3872=CYLINDRICAL_SURFACE('',#4457,0.001);
#3873=CYLINDRICAL_SURFACE('',#4459,0.001);
#3874=CYLINDRICAL_SURFACE('',#4460,0.001);
#3875=CYLINDRICAL_SURFACE('',#4462,0.001);
#3876=CYLINDRICAL_SURFACE('',#4464,0.001);
#3877=CYLINDRICAL_SURFACE('',#4468,0.001);
#3878=CYLINDRICAL_SURFACE('',#4470,0.001);
#3879=CYLINDRICAL_SURFACE('',#4474,0.001);
#3880=CYLINDRICAL_SURFACE('',#4476,0.001);
#3881=CYLINDRICAL_SURFACE('',#4478,0.001);
#3882=CYLINDRICAL_SURFACE('',#4480,0.001);
#3883=CYLINDRICAL_SURFACE('',#4484,0.001);
#3884=CYLINDRICAL_SURFACE('',#4486,0.001);
#3885=CYLINDRICAL_SURFACE('',#4490,0.001);
#3886=CYLINDRICAL_SURFACE('',#4492,0.001);
#3887=CYLINDRICAL_SURFACE('',#4496,0.001);
#3888=CYLINDRICAL_SURFACE('',#4498,0.001);
#3889=CYLINDRICAL_SURFACE('',#4500,0.001);
#3890=CYLINDRICAL_SURFACE('',#4506,0.001);
#3891=CYLINDRICAL_SURFACE('',#4508,0.001);
#3892=CYLINDRICAL_SURFACE('',#4513,0.001);
#3893=CYLINDRICAL_SURFACE('',#4517,0.001);
#3894=CYLINDRICAL_SURFACE('',#4519,0.001);
#3895=CYLINDRICAL_SURFACE('',#4526,0.001);
#3896=CYLINDRICAL_SURFACE('',#4528,0.001);
#3897=CYLINDRICAL_SURFACE('',#4534,0.001);
#3898=CYLINDRICAL_SURFACE('',#4536,0.001);
#3899=CYLINDRICAL_SURFACE('',#4542,0.001);
#3900=CYLINDRICAL_SURFACE('',#4544,0.001);
#3901=CYLINDRICAL_SURFACE('',#4550,0.001);
#3902=CYLINDRICAL_SURFACE('',#4552,0.001);
#3903=CYLINDRICAL_SURFACE('',#4554,0.001);
#3904=CYLINDRICAL_SURFACE('',#4560,0.001);
#3905=CYLINDRICAL_SURFACE('',#4562,0.001);
#3906=CYLINDRICAL_SURFACE('',#4566,0.001);
#3907=CYLINDRICAL_SURFACE('',#4567,0.001);
#3908=CYLINDRICAL_SURFACE('',#4568,0.001);
#3909=CYLINDRICAL_SURFACE('',#4569,0.001);
#3910=CYLINDRICAL_SURFACE('',#4570,0.001);
#3911=CYLINDRICAL_SURFACE('',#4571,0.001);
#3912=CYLINDRICAL_SURFACE('',#4572,0.001);
#3913=CYLINDRICAL_SURFACE('',#4573,0.001);
#3914=CYLINDRICAL_SURFACE('',#4574,0.001);
#3915=CYLINDRICAL_SURFACE('',#4577,0.004);
#3916=CYLINDRICAL_SURFACE('',#4580,0.002025);
#3917=CYLINDRICAL_SURFACE('',#4589,0.004);
#3918=CYLINDRICAL_SURFACE('',#4590,0.002025);
#3919=CYLINDRICAL_SURFACE('',#4594,0.0055);
#3920=CYLINDRICAL_SURFACE('',#4598,0.005);
#3921=CYLINDRICAL_SURFACE('',#4599,0.00205);
#3922=CYLINDRICAL_SURFACE('',#4602,0.005);
#3923=CYLINDRICAL_SURFACE('',#4603,0.005);
#3924=CYLINDRICAL_SURFACE('',#4604,0.00205);
#3925=CYLINDRICAL_SURFACE('',#4607,0.005);
#3926=CYLINDRICAL_SURFACE('',#4608,0.00205);
#3927=CYLINDRICAL_SURFACE('',#4611,0.005);
#3928=CYLINDRICAL_SURFACE('',#4612,0.005);
#3929=CYLINDRICAL_SURFACE('',#4613,0.00205);
#3930=CYLINDRICAL_SURFACE('',#4626,0.002);
#3931=CYLINDRICAL_SURFACE('',#4629,0.002);
#3932=CYLINDRICAL_SURFACE('',#4632,0.00225);
#3933=CYLINDRICAL_SURFACE('',#4635,0.00224999999999997);
#3934=CYLINDRICAL_SURFACE('',#4638,0.00224999999999997);
#3935=CYLINDRICAL_SURFACE('',#4641,0.00225);
#3936=ADVANCED_FACE('',(#3549,#3550),#3849,.F.);
#3937=ADVANCED_FACE('',(#3551,#3552),#3850,.F.);
#3938=ADVANCED_FACE('',(#3553,#3554),#3851,.F.);
#3939=ADVANCED_FACE('',(#3555,#3556),#3852,.F.);
#3940=ADVANCED_FACE('',(#3557),#793,.F.);
#3941=ADVANCED_FACE('',(#3558),#794,.F.);
#3942=ADVANCED_FACE('',(#3559),#795,.F.);
#3943=ADVANCED_FACE('',(#3560),#796,.F.);
#3944=ADVANCED_FACE('',(#3561,#3562,#3563,#3564),#797,.F.);
#3945=ADVANCED_FACE('',(#3565,#3566,#3567,#3568),#798,.T.);
#3946=ADVANCED_FACE('',(#3569),#799,.F.);
#3947=ADVANCED_FACE('',(#3570),#800,.F.);
#3948=ADVANCED_FACE('',(#3571),#801,.F.);
#3949=ADVANCED_FACE('',(#3572,#3573),#802,.F.);
#3950=ADVANCED_FACE('',(#3574),#803,.T.);
#3951=ADVANCED_FACE('',(#3575),#804,.F.);
#3952=ADVANCED_FACE('',(#3576),#805,.T.);
#3953=ADVANCED_FACE('',(#3577),#806,.F.);
#3954=ADVANCED_FACE('NONE',(#3578),#807,.T.);
#3955=ADVANCED_FACE('NONE',(#3579),#3853,.F.);
#3956=ADVANCED_FACE('NONE',(#3580),#3854,.F.);
#3957=ADVANCED_FACE('NONE',(#3581),#808,.T.);
#3958=ADVANCED_FACE('NONE',(#3582),#809,.F.);
#3959=ADVANCED_FACE('NONE',(#3583),#810,.F.);
#3960=ADVANCED_FACE('NONE',(#3584),#3855,.T.);
#3961=ADVANCED_FACE('NONE',(#3585),#3856,.T.);
#3962=ADVANCED_FACE('NONE',(#3586),#811,.F.);
#3963=ADVANCED_FACE('NONE',(#3587,#3588),#812,.T.);
#3964=ADVANCED_FACE('NONE',(#3589),#813,.T.);
#3965=ADVANCED_FACE('NONE',(#3590,#3591,#3592,#3593,#3594,#3595,#3596,#3597),
#814,.T.);
#3966=ADVANCED_FACE('NONE',(#3598),#815,.T.);
#3967=ADVANCED_FACE('NONE',(#3599),#53,.T.);
#3968=ADVANCED_FACE('NONE',(#3600),#816,.T.);
#3969=ADVANCED_FACE('NONE',(#3601),#54,.T.);
#3970=ADVANCED_FACE('NONE',(#3602),#817,.T.);
#3971=ADVANCED_FACE('NONE',(#3603),#818,.F.);
#3972=ADVANCED_FACE('NONE',(#3604),#819,.F.);
#3973=ADVANCED_FACE('NONE',(#3605),#820,.F.);
#3974=ADVANCED_FACE('NONE',(#3606),#821,.F.);
#3975=ADVANCED_FACE('NONE',(#3607),#822,.F.);
#3976=ADVANCED_FACE('NONE',(#3608),#823,.F.);
#3977=ADVANCED_FACE('NONE',(#3609),#824,.T.);
#3978=ADVANCED_FACE('NONE',(#3610),#55,.T.);
#3979=ADVANCED_FACE('NONE',(#3611),#825,.T.);
#3980=ADVANCED_FACE('NONE',(#3612),#56,.T.);
#3981=ADVANCED_FACE('NONE',(#3613),#826,.T.);
#3982=ADVANCED_FACE('',(#3614),#827,.T.);
#3983=ADVANCED_FACE('',(#3615),#828,.F.);
#3984=ADVANCED_FACE('',(#3616),#829,.F.);
#3985=ADVANCED_FACE('',(#3617),#830,.T.);
#3986=ADVANCED_FACE('',(#3618),#831,.T.);
#3987=ADVANCED_FACE('',(#3619),#832,.T.);
#3988=ADVANCED_FACE('',(#3620),#833,.T.);
#3989=ADVANCED_FACE('NONE',(#3621),#834,.T.);
#3990=ADVANCED_FACE('NONE',(#3622),#3857,.T.);
#3991=ADVANCED_FACE('NONE',(#3623),#835,.F.);
#3992=ADVANCED_FACE('NONE',(#3624),#3858,.T.);
#3993=ADVANCED_FACE('NONE',(#3625),#836,.T.);
#3994=ADVANCED_FACE('NONE',(#3626),#3859,.F.);
#3995=ADVANCED_FACE('NONE',(#3627),#837,.F.);
#3996=ADVANCED_FACE('NONE',(#3628),#838,.F.);
#3997=ADVANCED_FACE('NONE',(#3629),#839,.T.);
#3998=ADVANCED_FACE('NONE',(#3630),#840,.F.);
#3999=ADVANCED_FACE('NONE',(#3631),#841,.F.);
#4000=ADVANCED_FACE('NONE',(#3632),#3860,.F.);
#4001=ADVANCED_FACE('NONE',(#3633),#57,.T.);
#4002=ADVANCED_FACE('NONE',(#3634),#58,.T.);
#4003=ADVANCED_FACE('NONE',(#3635),#59,.T.);
#4004=ADVANCED_FACE('NONE',(#3636),#60,.T.);
#4005=ADVANCED_FACE('',(#3637),#842,.T.);
#4006=ADVANCED_FACE('',(#3638),#843,.F.);
#4007=ADVANCED_FACE('',(#3639),#844,.T.);
#4008=ADVANCED_FACE('',(#3640),#845,.F.);
#4009=ADVANCED_FACE('',(#3641),#846,.F.);
#4010=ADVANCED_FACE('',(#3642),#847,.T.);
#4011=ADVANCED_FACE('',(#3643),#848,.F.);
#4012=ADVANCED_FACE('',(#3644),#849,.F.);
#4013=ADVANCED_FACE('',(#3645),#850,.T.);
#4014=ADVANCED_FACE('',(#3646),#851,.T.);
#4015=ADVANCED_FACE('',(#3647),#852,.F.);
#4016=ADVANCED_FACE('',(#3648),#853,.T.);
#4017=ADVANCED_FACE('',(#3649),#854,.F.);
#4018=ADVANCED_FACE('',(#3650),#855,.T.);
#4019=ADVANCED_FACE('',(#3651,#3652),#856,.F.);
#4020=ADVANCED_FACE('',(#3653),#857,.T.);
#4021=ADVANCED_FACE('',(#3654,#3655),#858,.T.);
#4022=ADVANCED_FACE('',(#3656,#3657),#859,.F.);
#4023=ADVANCED_FACE('',(#3658),#860,.T.);
#4024=ADVANCED_FACE('',(#3659,#3660),#861,.T.);
#4025=ADVANCED_FACE('',(#3661),#862,.T.);
#4026=ADVANCED_FACE('',(#3662,#3663),#863,.T.);
#4027=ADVANCED_FACE('',(#3664,#3665),#864,.F.);
#4028=ADVANCED_FACE('',(#3666),#865,.T.);
#4029=ADVANCED_FACE('',(#3667,#3668),#866,.T.);
#4030=ADVANCED_FACE('',(#3669,#3670),#867,.F.);
#4031=ADVANCED_FACE('',(#3671),#868,.T.);
#4032=ADVANCED_FACE('',(#3672),#869,.T.);
#4033=ADVANCED_FACE('',(#3673),#870,.F.);
#4034=ADVANCED_FACE('',(#3674),#871,.T.);
#4035=ADVANCED_FACE('',(#3675),#872,.T.);
#4036=ADVANCED_FACE('',(#3676),#873,.F.);
#4037=ADVANCED_FACE('',(#3677),#874,.F.);
#4038=ADVANCED_FACE('',(#3678),#875,.T.);
#4039=ADVANCED_FACE('',(#3679),#876,.T.);
#4040=ADVANCED_FACE('',(#3680),#877,.T.);
#4041=ADVANCED_FACE('',(#3681),#878,.F.);
#4042=ADVANCED_FACE('',(#3682),#879,.T.);
#4043=ADVANCED_FACE('',(#3683),#880,.T.);
#4044=ADVANCED_FACE('',(#3684),#881,.F.);
#4045=ADVANCED_FACE('',(#3685),#882,.T.);
#4046=ADVANCED_FACE('',(#3686),#883,.T.);
#4047=ADVANCED_FACE('',(#3687),#884,.F.);
#4048=ADVANCED_FACE('',(#3688),#885,.T.);
#4049=ADVANCED_FACE('',(#3689),#3861,.F.);
#4050=ADVANCED_FACE('',(#3690),#3862,.T.);
#4051=ADVANCED_FACE('',(#3691),#3863,.F.);
#4052=ADVANCED_FACE('',(#3692),#12,.F.);
#4053=ADVANCED_FACE('',(#3693),#3864,.T.);
#4054=ADVANCED_FACE('',(#3694),#3865,.F.);
#4055=ADVANCED_FACE('',(#3695),#13,.F.);
#4056=ADVANCED_FACE('',(#3696),#3866,.F.);
#4057=ADVANCED_FACE('',(#3697),#3867,.F.);
#4058=ADVANCED_FACE('',(#3698),#3868,.T.);
#4059=ADVANCED_FACE('',(#3699),#3869,.F.);
#4060=ADVANCED_FACE('',(#3700),#14,.F.);
#4061=ADVANCED_FACE('',(#3701),#3870,.T.);
#4062=ADVANCED_FACE('',(#3702),#3871,.F.);
#4063=ADVANCED_FACE('',(#3703),#15,.F.);
#4064=ADVANCED_FACE('',(#3704),#3872,.F.);
#4065=ADVANCED_FACE('',(#3705),#3873,.F.);
#4066=ADVANCED_FACE('',(#3706),#3874,.F.);
#4067=ADVANCED_FACE('',(#3707),#3875,.T.);
#4068=ADVANCED_FACE('',(#3708),#3876,.F.);
#4069=ADVANCED_FACE('',(#3709),#16,.F.);
#4070=ADVANCED_FACE('',(#3710),#3877,.T.);
#4071=ADVANCED_FACE('',(#3711),#3878,.F.);
#4072=ADVANCED_FACE('',(#3712),#17,.F.);
#4073=ADVANCED_FACE('',(#3713),#3879,.F.);
#4074=ADVANCED_FACE('',(#3714),#3880,.F.);
#4075=ADVANCED_FACE('',(#3715),#3881,.T.);
#4076=ADVANCED_FACE('',(#3716),#3882,.F.);
#4077=ADVANCED_FACE('',(#3717),#18,.F.);
#4078=ADVANCED_FACE('',(#3718),#3883,.T.);
#4079=ADVANCED_FACE('',(#3719),#3884,.F.);
#4080=ADVANCED_FACE('',(#3720),#19,.F.);
#4081=ADVANCED_FACE('',(#3721),#3885,.F.);
#4082=ADVANCED_FACE('',(#3722),#3886,.F.);
#4083=ADVANCED_FACE('',(#3723),#20,.T.);
#4084=ADVANCED_FACE('',(#3724),#3887,.F.);
#4085=ADVANCED_FACE('',(#3725),#3888,.T.);
#4086=ADVANCED_FACE('',(#3726),#3889,.F.);
#4087=ADVANCED_FACE('',(#3727),#21,.T.);
#4088=ADVANCED_FACE('',(#3728),#22,.F.);
#4089=ADVANCED_FACE('',(#3729),#3890,.T.);
#4090=ADVANCED_FACE('',(#3730),#3891,.F.);
#4091=ADVANCED_FACE('',(#3731),#23,.F.);
#4092=ADVANCED_FACE('',(#3732),#3892,.F.);
#4093=ADVANCED_FACE('',(#3733),#24,.T.);
#4094=ADVANCED_FACE('',(#3734),#3893,.F.);
#4095=ADVANCED_FACE('',(#3735),#3894,.T.);
#4096=ADVANCED_FACE('',(#3736),#25,.T.);
#4097=ADVANCED_FACE('',(#3737),#26,.F.);
#4098=ADVANCED_FACE('',(#3738),#3895,.T.);
#4099=ADVANCED_FACE('',(#3739),#3896,.F.);
#4100=ADVANCED_FACE('',(#3740),#27,.F.);
#4101=ADVANCED_FACE('',(#3741),#28,.T.);
#4102=ADVANCED_FACE('',(#3742),#3897,.T.);
#4103=ADVANCED_FACE('',(#3743),#3898,.F.);
#4104=ADVANCED_FACE('',(#3744),#29,.F.);
#4105=ADVANCED_FACE('',(#3745),#30,.T.);
#4106=ADVANCED_FACE('',(#3746),#3899,.F.);
#4107=ADVANCED_FACE('',(#3747),#3900,.T.);
#4108=ADVANCED_FACE('',(#3748),#31,.F.);
#4109=ADVANCED_FACE('',(#3749),#32,.T.);
#4110=ADVANCED_FACE('',(#3750),#3901,.F.);
#4111=ADVANCED_FACE('',(#3751),#3902,.T.);
#4112=ADVANCED_FACE('',(#3752),#3903,.F.);
#4113=ADVANCED_FACE('',(#3753),#33,.F.);
#4114=ADVANCED_FACE('',(#3754),#34,.T.);
#4115=ADVANCED_FACE('',(#3755),#3904,.F.);
#4116=ADVANCED_FACE('',(#3756),#3905,.T.);
#4117=ADVANCED_FACE('',(#3757),#35,.F.);
#4118=ADVANCED_FACE('',(#3758),#3906,.F.);
#4119=ADVANCED_FACE('',(#3759),#3907,.T.);
#4120=ADVANCED_FACE('',(#3760),#3908,.T.);
#4121=ADVANCED_FACE('',(#3761),#3909,.T.);
#4122=ADVANCED_FACE('',(#3762),#3910,.T.);
#4123=ADVANCED_FACE('',(#3763),#3911,.T.);
#4124=ADVANCED_FACE('',(#3764),#3912,.T.);
#4125=ADVANCED_FACE('',(#3765),#3913,.T.);
#4126=ADVANCED_FACE('',(#3766),#3914,.T.);
#4127=ADVANCED_FACE('',(#3767),#886,.F.);
#4128=ADVANCED_FACE('',(#3768),#887,.T.);
#4129=ADVANCED_FACE('',(#3769,#3770),#3915,.T.);
#4130=ADVANCED_FACE('',(#3771,#3772),#3916,.F.);
#4131=ADVANCED_FACE('',(#3773,#3774),#888,.T.);
#4132=ADVANCED_FACE('',(#3775),#889,.F.);
#4133=ADVANCED_FACE('',(#3776,#3777),#890,.T.);
#4134=ADVANCED_FACE('',(#3778,#3779),#3917,.T.);
#4135=ADVANCED_FACE('',(#3780,#3781),#3918,.F.);
#4136=ADVANCED_FACE('',(#3782),#891,.F.);
#4137=ADVANCED_FACE('',(#3783,#3784),#3919,.F.);
#4138=ADVANCED_FACE('',(#3785),#892,.T.);
#4139=ADVANCED_FACE('',(#3786),#3920,.T.);
#4140=ADVANCED_FACE('',(#3787,#3788),#3921,.F.);
#4141=ADVANCED_FACE('',(#3789),#3922,.T.);
#4142=ADVANCED_FACE('',(#3790),#3923,.T.);
#4143=ADVANCED_FACE('',(#3791,#3792),#3924,.F.);
#4144=ADVANCED_FACE('',(#3793),#3925,.T.);
#4145=ADVANCED_FACE('',(#3794,#3795),#3926,.F.);
#4146=ADVANCED_FACE('',(#3796),#3927,.T.);
#4147=ADVANCED_FACE('',(#3797),#3928,.T.);
#4148=ADVANCED_FACE('',(#3798,#3799),#3929,.F.);
#4149=ADVANCED_FACE('',(#3800,#3801),#61,.F.);
#4150=ADVANCED_FACE('',(#3802,#3803),#62,.F.);
#4151=ADVANCED_FACE('',(#3804,#3805),#63,.F.);
#4152=ADVANCED_FACE('',(#3806,#3807),#64,.F.);
#4153=ADVANCED_FACE('',(#3808,#3809),#65,.F.);
#4154=ADVANCED_FACE('',(#3810,#3811),#66,.F.);
#4155=ADVANCED_FACE('',(#3812),#893,.T.);
#4156=ADVANCED_FACE('',(#3813),#894,.T.);
#4157=ADVANCED_FACE('',(#3814),#895,.T.);
#4158=ADVANCED_FACE('',(#3815),#896,.T.);
#4159=ADVANCED_FACE('',(#3816),#3930,.T.);
#4160=ADVANCED_FACE('',(#3817),#897,.F.);
#4161=ADVANCED_FACE('',(#3818),#3931,.T.);
#4162=ADVANCED_FACE('',(#3819),#898,.F.);
#4163=ADVANCED_FACE('',(#3820,#3821),#3932,.F.);
#4164=ADVANCED_FACE('',(#3822,#3823),#899,.T.);
#4165=ADVANCED_FACE('',(#3824,#3825),#3933,.F.);
#4166=ADVANCED_FACE('',(#3826,#3827),#900,.T.);
#4167=ADVANCED_FACE('',(#3828,#3829),#3934,.F.);
#4168=ADVANCED_FACE('',(#3830,#3831),#901,.T.);
#4169=ADVANCED_FACE('',(#3832,#3833),#3935,.F.);
#4170=ADVANCED_FACE('',(#3834,#3835),#902,.T.);
#4171=ADVANCED_FACE('',(#3836),#903,.F.);
#4172=ADVANCED_FACE('',(#3837),#904,.F.);
#4173=ADVANCED_FACE('',(#3838),#905,.T.);
#4174=ADVANCED_FACE('',(#3839),#906,.T.);
#4175=ADVANCED_FACE('',(#3840),#907,.T.);
#4176=ADVANCED_FACE('',(#3841),#908,.T.);
#4177=ADVANCED_FACE('',(#3842),#909,.F.);
#4178=ADVANCED_FACE('',(#3843),#910,.T.);
#4179=ADVANCED_FACE('',(#3844),#911,.F.);
#4180=ADVANCED_FACE('',(#3845),#912,.F.);
#4181=ADVANCED_FACE('',(#3846),#913,.F.);
#4182=ADVANCED_FACE('',(#3847,#3848),#36,.T.);
#4183=CLOSED_SHELL('',(#3936,#3937,#3938,#3939,#3940,#3941,#3942,#3943,
#3944,#3945,#3946,#3947,#3948,#3949,#3950,#3951,#3952,#3953,#3954,#3955,
#3956,#3957,#3958,#3959,#3960,#3961,#3962,#3963,#3964,#3965,#3966,#3967,
#3968,#3969,#3970,#3971,#3972,#3973,#3974,#3975,#3976,#3977,#3978,#3979,
#3980,#3981,#3982,#3983,#3984,#3985,#3986,#3987,#3988,#3989,#3990,#3991,
#3992,#3993,#3994,#3995,#3996,#3997,#3998,#3999,#4000,#4001,#4002,#4003,
#4004,#4005,#4006,#4007,#4008,#4009,#4010,#4011,#4012,#4013,#4014,#4015,
#4016,#4017,#4018,#4019,#4020,#4021,#4022,#4023,#4024,#4025,#4026,#4027,
#4028,#4029,#4030,#4031,#4032,#4033,#4034,#4035,#4036,#4037,#4038,#4039,
#4040,#4041,#4042,#4043,#4044,#4045,#4046,#4047,#4048,#4049,#4050,#4051,
#4052,#4053,#4054,#4055,#4056,#4057,#4058,#4059,#4060,#4061,#4062,#4063,
#4064,#4065,#4066,#4067,#4068,#4069,#4070,#4071,#4072,#4073,#4074,#4075,
#4076,#4077,#4078,#4079,#4080,#4081,#4082,#4083,#4084,#4085,#4086,#4087,
#4088,#4089,#4090,#4091,#4092,#4093,#4094,#4095,#4096,#4097,#4098,#4099,
#4100,#4101,#4102,#4103,#4104,#4105,#4106,#4107,#4108,#4109,#4110,#4111,
#4112,#4113,#4114,#4115,#4116,#4117,#4118,#4119,#4120,#4121,#4122,#4123,
#4124,#4125,#4126,#4127,#4128,#4129,#4130,#4131,#4132,#4133,#4134,#4135,
#4136,#4137,#4138,#4139,#4140,#4141,#4142,#4143,#4144,#4145,#4146,#4147,
#4148,#4149,#4150,#4151,#4152,#4153,#4154,#4155,#4156,#4157,#4158,#4159,
#4160,#4161,#4162,#4163,#4164,#4165,#4166,#4167,#4168,#4169,#4170,#4171,
#4172,#4173,#4174,#4175,#4176,#4177,#4178,#4179,#4180,#4181,#4182));
#4184=STYLED_ITEM('',(#4185),#4192);
#4185=PRESENTATION_STYLE_ASSIGNMENT((#4186));
#4186=SURFACE_STYLE_USAGE(.BOTH.,#4187);
#4187=SURFACE_SIDE_STYLE('',(#4188));
#4188=SURFACE_STYLE_FILL_AREA(#4189);
#4189=FILL_AREA_STYLE('',(#4190));
#4190=FILL_AREA_STYLE_COLOUR('',#4191);
#4191=COLOUR_RGB('',0.792156862745098,0.819607843137255,0.933333333333333);
#4192=MANIFOLD_SOLID_BREP('Front-Display2-Included-Mount',#4183);
#4193=SHAPE_DEFINITION_REPRESENTATION(#7189,#4194);
#4194=SHAPE_REPRESENTATION('Front-Display2-Included-Mount',(#4195),#7184);
#4195=AXIS2_PLACEMENT_3D('',#5941,#4656,#4657);
#4196=AXIS2_PLACEMENT_3D('',#5942,#4658,#4659);
#4197=AXIS2_PLACEMENT_3D('',#5943,#4660,#4661);
#4198=AXIS2_PLACEMENT_3D('',#5945,#4662,#4663);
#4199=AXIS2_PLACEMENT_3D('',#5947,#4664,#4665);
#4200=AXIS2_PLACEMENT_3D('',#5948,#4666,#4667);
#4201=AXIS2_PLACEMENT_3D('',#5950,#4668,#4669);
#4202=AXIS2_PLACEMENT_3D('',#5952,#4670,#4671);
#4203=AXIS2_PLACEMENT_3D('',#5953,#4672,#4673);
#4204=AXIS2_PLACEMENT_3D('',#5955,#4674,#4675);
#4205=AXIS2_PLACEMENT_3D('',#5957,#4676,#4677);
#4206=AXIS2_PLACEMENT_3D('',#5958,#4678,#4679);
#4207=AXIS2_PLACEMENT_3D('',#5960,#4680,#4681);
#4208=AXIS2_PLACEMENT_3D('',#5962,#4682,#4683);
#4209=AXIS2_PLACEMENT_3D('',#5971,#4688,#4689);
#4210=AXIS2_PLACEMENT_3D('',#5972,#4690,#4691);
#4211=AXIS2_PLACEMENT_3D('',#5976,#4693,#4694);
#4212=AXIS2_PLACEMENT_3D('',#5977,#4695,#4696);
#4213=AXIS2_PLACEMENT_3D('',#5986,#4701,#4702);
#4214=AXIS2_PLACEMENT_3D('',#5987,#4703,#4704);
#4215=AXIS2_PLACEMENT_3D('',#5991,#4706,#4707);
#4216=AXIS2_PLACEMENT_3D('',#5992,#4708,#4709);
#4217=AXIS2_PLACEMENT_3D('',#6001,#4714,#4715);
#4218=AXIS2_PLACEMENT_3D('',#6006,#4717,#4718);
#4219=AXIS2_PLACEMENT_3D('',#6014,#4722,#4723);
#4220=AXIS2_PLACEMENT_3D('',#6018,#4725,#4726);
#4221=AXIS2_PLACEMENT_3D('',#6026,#4730,#4731);
#4222=AXIS2_PLACEMENT_3D('',#6030,#4733,#4734);
#4223=AXIS2_PLACEMENT_3D('',#6038,#4738,#4739);
#4224=AXIS2_PLACEMENT_3D('',#6042,#4741,#4742);
#4225=AXIS2_PLACEMENT_3D('',#6050,#4746,#4747);
#4226=AXIS2_PLACEMENT_3D('',#6051,#4748,#4749);
#4227=AXIS2_PLACEMENT_3D('',#6054,#4750,#4751);
#4228=AXIS2_PLACEMENT_3D('',#6055,#4752,#4753);
#4229=AXIS2_PLACEMENT_3D('',#6056,#4754,#4755);
#4230=AXIS2_PLACEMENT_3D('',#6069,#4761,#4762);
#4231=AXIS2_PLACEMENT_3D('',#6073,#4764,#4765);
#4232=AXIS2_PLACEMENT_3D('',#6077,#4767,#4768);
#4233=AXIS2_PLACEMENT_3D('',#6081,#4770,#4771);
#4234=AXIS2_PLACEMENT_3D('',#6090,#4776,#4777);
#4235=AXIS2_PLACEMENT_3D('',#6091,#4778,#4779);
#4236=AXIS2_PLACEMENT_3D('',#6096,#4781,#4782);
#4237=AXIS2_PLACEMENT_3D('',#6099,#4784,#4785);
#4238=AXIS2_PLACEMENT_3D('',#6105,#4788,#4789);
#4239=AXIS2_PLACEMENT_3D('',#6115,#4794,#4795);
#4240=AXIS2_PLACEMENT_3D('',#6118,#4797,#4798);
#4241=AXIS2_PLACEMENT_3D('',#6124,#4801,#4802);
#4242=AXIS2_PLACEMENT_3D('',#6128,#4804,#4805);
#4243=AXIS2_PLACEMENT_3D('',#6131,#4807,#4808);
#4244=AXIS2_PLACEMENT_3D('',#6135,#4810,#4811);
#4245=AXIS2_PLACEMENT_3D('',#6145,#4816,#4817);
#4246=AXIS2_PLACEMENT_3D('',#6149,#4819,#4820);
#4247=AXIS2_PLACEMENT_3D('',#6157,#4824,#4825);
#4248=AXIS2_PLACEMENT_3D('',#6161,#4827,#4828);
#4249=AXIS2_PLACEMENT_3D('',#6171,#4833,#4834);
#4250=AXIS2_PLACEMENT_3D('',#6188,#4843,#4844);
#4251=AXIS2_PLACEMENT_3D('',#6202,#4851,#4852);
#4252=AXIS2_PLACEMENT_3D('',#6207,#4855,#4856);
#4253=AXIS2_PLACEMENT_3D('',#6219,#4862,#4863);
#4254=AXIS2_PLACEMENT_3D('',#6226,#4867,#4868);
#4255=AXIS2_PLACEMENT_3D('',#6234,#4872,#4873);
#4256=AXIS2_PLACEMENT_3D('',#6245,#4879,#4880);
#4257=AXIS2_PLACEMENT_3D('',#6263,#4889,#4890);
#4258=AXIS2_PLACEMENT_3D('',#6264,#4891,#4892);
#4259=AXIS2_PLACEMENT_3D('',#6270,#4896,#4897);
#4260=AXIS2_PLACEMENT_3D('',#6273,#4899,#4900);
#4261=AXIS2_PLACEMENT_3D('',#6274,#4901,#4902);
#4262=AXIS2_PLACEMENT_3D('',#6277,#4904,#4905);
#4263=AXIS2_PLACEMENT_3D('',#6278,#4906,#4907);
#4264=AXIS2_PLACEMENT_3D('',#6282,#4909,#4910);
#4265=AXIS2_PLACEMENT_3D('',#6288,#4914,#4915);
#4266=AXIS2_PLACEMENT_3D('',#6298,#4921,#4922);
#4267=AXIS2_PLACEMENT_3D('',#6307,#4927,#4928);
#4268=AXIS2_PLACEMENT_3D('',#6316,#4933,#4934);
#4269=AXIS2_PLACEMENT_3D('',#6320,#4936,#4937);
#4270=AXIS2_PLACEMENT_3D('',#6321,#4938,#4939);
#4271=AXIS2_PLACEMENT_3D('',#6322,#4940,#4941);
#4272=AXIS2_PLACEMENT_3D('',#6323,#4942,#4943);
#4273=AXIS2_PLACEMENT_3D('',#6324,#4944,#4945);
#4274=AXIS2_PLACEMENT_3D('',#6325,#4946,#4947);
#4275=AXIS2_PLACEMENT_3D('',#6331,#4951,#4952);
#4276=AXIS2_PLACEMENT_3D('',#6332,#4953,#4954);
#4277=AXIS2_PLACEMENT_3D('',#6336,#4956,#4957);
#4278=AXIS2_PLACEMENT_3D('',#6340,#4959,#4960);
#4279=AXIS2_PLACEMENT_3D('',#6344,#4962,#4963);
#4280=AXIS2_PLACEMENT_3D('',#6348,#4965,#4966);
#4281=AXIS2_PLACEMENT_3D('',#6352,#4968,#4969);
#4282=AXIS2_PLACEMENT_3D('',#6353,#4970,#4971);
#4283=AXIS2_PLACEMENT_3D('',#6354,#4972,#4973);
#4284=AXIS2_PLACEMENT_3D('',#6370,#4981,#4982);
#4285=AXIS2_PLACEMENT_3D('',#6376,#4986,#4987);
#4286=AXIS2_PLACEMENT_3D('',#6377,#4988,#4989);
#4287=AXIS2_PLACEMENT_3D('',#6379,#4990,#4991);
#4288=AXIS2_PLACEMENT_3D('',#6381,#4992,#4993);
#4289=AXIS2_PLACEMENT_3D('',#6383,#4994,#4995);
#4290=AXIS2_PLACEMENT_3D('',#6388,#4997,#4998);
#4291=AXIS2_PLACEMENT_3D('',#6392,#5000,#5001);
#4292=AXIS2_PLACEMENT_3D('',#6396,#5003,#5004);
#4293=AXIS2_PLACEMENT_3D('',#6400,#5006,#5007);
#4294=AXIS2_PLACEMENT_3D('',#6401,#5008,#5009);
#4295=AXIS2_PLACEMENT_3D('',#6405,#5011,#5012);
#4296=AXIS2_PLACEMENT_3D('',#6413,#5016,#5017);
#4297=AXIS2_PLACEMENT_3D('',#6417,#5019,#5020);
#4298=AXIS2_PLACEMENT_3D('',#6420,#5022,#5023);
#4299=AXIS2_PLACEMENT_3D('',#6425,#5026,#5027);
#4300=AXIS2_PLACEMENT_3D('',#6430,#5030,#5031);
#4301=AXIS2_PLACEMENT_3D('',#6433,#5033,#5034);
#4302=AXIS2_PLACEMENT_3D('',#6434,#5035,#5036);
#4303=AXIS2_PLACEMENT_3D('',#6437,#5039,#5040);
#4304=AXIS2_PLACEMENT_3D('',#6439,#5042,#5043);
#4305=AXIS2_PLACEMENT_3D('',#6441,#5045,#5046);
#4306=AXIS2_PLACEMENT_3D('',#6443,#5048,#5049);
#4307=AXIS2_PLACEMENT_3D('',#6445,#5051,#5052);
#4308=AXIS2_PLACEMENT_3D('',#6447,#5054,#5055);
#4309=AXIS2_PLACEMENT_3D('',#6449,#5057,#5058);
#4310=AXIS2_PLACEMENT_3D('',#6451,#5060,#5061);
#4311=AXIS2_PLACEMENT_3D('',#6453,#5063,#5064);
#4312=AXIS2_PLACEMENT_3D('',#6455,#5066,#5067);
#4313=AXIS2_PLACEMENT_3D('',#6457,#5069,#5070);
#4314=AXIS2_PLACEMENT_3D('',#6460,#5073,#5074);
#4315=AXIS2_PLACEMENT_3D('',#6462,#5076,#5077);
#4316=AXIS2_PLACEMENT_3D('',#6464,#5079,#5080);
#4317=AXIS2_PLACEMENT_3D('',#6466,#5082,#5083);
#4318=AXIS2_PLACEMENT_3D('',#6468,#5085,#5086);
#4319=AXIS2_PLACEMENT_3D('',#6474,#5090,#5091);
#4320=AXIS2_PLACEMENT_3D('',#6478,#5094,#5095);
#4321=AXIS2_PLACEMENT_3D('',#6482,#5098,#5099);
#4322=AXIS2_PLACEMENT_3D('',#6486,#5102,#5103);
#4323=AXIS2_PLACEMENT_3D('',#6490,#5106,#5107);
#4324=AXIS2_PLACEMENT_3D('',#6492,#5109,#5110);
#4325=AXIS2_PLACEMENT_3D('',#6493,#5111,#5112);
#4326=AXIS2_PLACEMENT_3D('',#6499,#5116,#5117);
#4327=AXIS2_PLACEMENT_3D('',#6501,#5119,#5120);
#4328=AXIS2_PLACEMENT_3D('',#6502,#5121,#5122);
#4329=AXIS2_PLACEMENT_3D('',#6504,#5124,#5125);
#4330=AXIS2_PLACEMENT_3D('',#6505,#5126,#5127);
#4331=AXIS2_PLACEMENT_3D('',#6506,#5128,#5129);
#4332=AXIS2_PLACEMENT_3D('',#6509,#5132,#5133);
#4333=AXIS2_PLACEMENT_3D('',#6511,#5135,#5136);
#4334=AXIS2_PLACEMENT_3D('',#6513,#5138,#5139);
#4335=AXIS2_PLACEMENT_3D('',#6516,#5142,#5143);
#4336=AXIS2_PLACEMENT_3D('',#6518,#5145,#5146);
#4337=AXIS2_PLACEMENT_3D('',#6520,#5148,#5149);
#4338=AXIS2_PLACEMENT_3D('',#6523,#5152,#5153);
#4339=AXIS2_PLACEMENT_3D('',#6524,#5154,#5155);
#4340=AXIS2_PLACEMENT_3D('',#6525,#5156,#5157);
#4341=AXIS2_PLACEMENT_3D('',#6526,#5158,#5159);
#4342=AXIS2_PLACEMENT_3D('',#6527,#5160,#5161);
#4343=AXIS2_PLACEMENT_3D('',#6528,#5162,#5163);
#4344=AXIS2_PLACEMENT_3D('',#6538,#5170,#5171);
#4345=AXIS2_PLACEMENT_3D('',#6548,#5178,#5179);
#4346=AXIS2_PLACEMENT_3D('',#6557,#5184,#5185);
#4347=AXIS2_PLACEMENT_3D('',#6561,#5187,#5188);
#4348=AXIS2_PLACEMENT_3D('',#6580,#5198,#5199);
#4349=AXIS2_PLACEMENT_3D('',#6589,#5204,#5205);
#4350=AXIS2_PLACEMENT_3D('',#6605,#5213,#5214);
#4351=AXIS2_PLACEMENT_3D('',#6612,#5218,#5219);
#4352=AXIS2_PLACEMENT_3D('',#6616,#5221,#5222);
#4353=AXIS2_PLACEMENT_3D('',#6635,#5232,#5233);
#4354=AXIS2_PLACEMENT_3D('',#6644,#5238,#5239);
#4355=AXIS2_PLACEMENT_3D('',#6660,#5247,#5248);
#4356=AXIS2_PLACEMENT_3D('',#6667,#5252,#5253);
#4357=AXIS2_PLACEMENT_3D('',#6676,#5258,#5259);
#4358=AXIS2_PLACEMENT_3D('',#6685,#5264,#5265);
#4359=AXIS2_PLACEMENT_3D('',#6694,#5270,#5271);
#4360=AXIS2_PLACEMENT_3D('',#6703,#5276,#5277);
#4361=AXIS2_PLACEMENT_3D('',#6712,#5282,#5283);
#4362=AXIS2_PLACEMENT_3D('',#6721,#5285,#5286);
#4363=AXIS2_PLACEMENT_3D('',#6725,#5288,#5289);
#4364=AXIS2_PLACEMENT_3D('',#6731,#5290,#5291);
#4365=AXIS2_PLACEMENT_3D('',#6737,#5295,#5296);
#4366=AXIS2_PLACEMENT_3D('',#6738,#5297,#5298);
#4367=AXIS2_PLACEMENT_3D('',#6740,#5299,#5300);
#4368=AXIS2_PLACEMENT_3D('',#6741,#5301,#5302);
#4369=AXIS2_PLACEMENT_3D('',#6742,#5303,#5304);
#4370=AXIS2_PLACEMENT_3D('',#6743,#5305,#5306);
#4371=AXIS2_PLACEMENT_3D('',#6744,#5307,#5308);
#4372=AXIS2_PLACEMENT_3D('',#6753,#5310,#5311);
#4373=AXIS2_PLACEMENT_3D('',#6757,#5313,#5314);
#4374=AXIS2_PLACEMENT_3D('',#6763,#5315,#5316);
#4375=AXIS2_PLACEMENT_3D('',#6769,#5320,#5321);
#4376=AXIS2_PLACEMENT_3D('',#6770,#5322,#5323);
#4377=AXIS2_PLACEMENT_3D('',#6772,#5324,#5325);
#4378=AXIS2_PLACEMENT_3D('',#6773,#5326,#5327);
#4379=AXIS2_PLACEMENT_3D('',#6774,#5328,#5329);
#4380=AXIS2_PLACEMENT_3D('',#6775,#5330,#5331);
#4381=AXIS2_PLACEMENT_3D('',#6776,#5332,#5333);
#4382=AXIS2_PLACEMENT_3D('',#6785,#5338,#5339);
#4383=AXIS2_PLACEMENT_3D('',#6786,#5340,#5341);
#4384=AXIS2_PLACEMENT_3D('',#6788,#5342,#5343);
#4385=AXIS2_PLACEMENT_3D('',#6789,#5344,#5345);
#4386=AXIS2_PLACEMENT_3D('',#6790,#5346,#5347);
#4387=AXIS2_PLACEMENT_3D('',#6791,#5348,#5349);
#4388=AXIS2_PLACEMENT_3D('',#6792,#5350,#5351);
#4389=AXIS2_PLACEMENT_3D('',#6806,#5353,#5354);
#4390=AXIS2_PLACEMENT_3D('',#6807,#5355,#5356);
#4391=AXIS2_PLACEMENT_3D('',#6808,#5357,#5358);
#4392=AXIS2_PLACEMENT_3D('',#6817,#5363,#5364);
#4393=AXIS2_PLACEMENT_3D('',#6818,#5365,#5366);
#4394=AXIS2_PLACEMENT_3D('',#6820,#5367,#5368);
#4395=AXIS2_PLACEMENT_3D('',#6821,#5369,#5370);
#4396=AXIS2_PLACEMENT_3D('',#6822,#5371,#5372);
#4397=AXIS2_PLACEMENT_3D('',#6823,#5373,#5374);
#4398=AXIS2_PLACEMENT_3D('',#6824,#5375,#5376);
#4399=AXIS2_PLACEMENT_3D('',#6838,#5378,#5379);
#4400=AXIS2_PLACEMENT_3D('',#6839,#5380,#5381);
#4401=AXIS2_PLACEMENT_3D('',#6840,#5382,#5383);
#4402=AXIS2_PLACEMENT_3D('',#6843,#5386,#5387);
#4403=AXIS2_PLACEMENT_3D('',#6845,#5389,#5390);
#4404=AXIS2_PLACEMENT_3D('',#6846,#5391,#5392);
#4405=AXIS2_PLACEMENT_3D('',#6851,#5395,#5396);
#4406=AXIS2_PLACEMENT_3D('',#6852,#5397,#5398);
#4407=AXIS2_PLACEMENT_3D('',#6855,#5401,#5402);
#4408=AXIS2_PLACEMENT_3D('',#6857,#5404,#5405);
#4409=AXIS2_PLACEMENT_3D('',#6860,#5407,#5408);
#4410=AXIS2_PLACEMENT_3D('',#6865,#5411,#5412);
#4411=AXIS2_PLACEMENT_3D('',#6866,#5413,#5414);
#4412=AXIS2_PLACEMENT_3D('',#6870,#5417,#5418);
#4413=AXIS2_PLACEMENT_3D('',#6873,#5421,#5422);
#4414=AXIS2_PLACEMENT_3D('',#6874,#5423,#5424);
#4415=AXIS2_PLACEMENT_3D('',#6877,#5427,#5428);
#4416=AXIS2_PLACEMENT_3D('',#6879,#5430,#5431);
#4417=AXIS2_PLACEMENT_3D('',#6880,#5432,#5433);
#4418=AXIS2_PLACEMENT_3D('',#6881,#5434,#5435);
#4419=AXIS2_PLACEMENT_3D('',#6882,#5436,#5437);
#4420=AXIS2_PLACEMENT_3D('',#6885,#5440,#5441);
#4421=AXIS2_PLACEMENT_3D('',#6887,#5443,#5444);
#4422=AXIS2_PLACEMENT_3D('',#6888,#5445,#5446);
#4423=AXIS2_PLACEMENT_3D('',#6889,#5447,#5448);
#4424=AXIS2_PLACEMENT_3D('',#6894,#5451,#5452);
#4425=AXIS2_PLACEMENT_3D('',#6896,#5454,#5455);
#4426=AXIS2_PLACEMENT_3D('',#6899,#5458,#5459);
#4427=AXIS2_PLACEMENT_3D('',#6900,#5460,#5461);
#4428=AXIS2_PLACEMENT_3D('',#6901,#5462,#5463);
#4429=AXIS2_PLACEMENT_3D('',#6902,#5464,#5465);
#4430=AXIS2_PLACEMENT_3D('',#6903,#5466,#5467);
#4431=AXIS2_PLACEMENT_3D('',#6904,#5468,#5469);
#4432=AXIS2_PLACEMENT_3D('',#6905,#5470,#5471);
#4433=AXIS2_PLACEMENT_3D('',#6906,#5472,#5473);
#4434=AXIS2_PLACEMENT_3D('',#6907,#5474,#5475);
#4435=AXIS2_PLACEMENT_3D('',#6908,#5476,#5477);
#4436=AXIS2_PLACEMENT_3D('',#6909,#5478,#5479);
#4437=AXIS2_PLACEMENT_3D('',#6910,#5480,#5481);
#4438=AXIS2_PLACEMENT_3D('',#6911,#5482,#5483);
#4439=AXIS2_PLACEMENT_3D('',#6912,#5484,#5485);
#4440=AXIS2_PLACEMENT_3D('',#6913,#5486,#5487);
#4441=AXIS2_PLACEMENT_3D('',#6914,#5488,#5489);
#4442=AXIS2_PLACEMENT_3D('',#6915,#5490,#5491);
#4443=AXIS2_PLACEMENT_3D('',#6916,#5492,#5493);
#4444=AXIS2_PLACEMENT_3D('',#6917,#5494,#5495);
#4445=AXIS2_PLACEMENT_3D('',#6918,#5496,#5497);
#4446=AXIS2_PLACEMENT_3D('',#6919,#5498,#5499);
#4447=AXIS2_PLACEMENT_3D('',#6920,#5500,#5501);
#4448=AXIS2_PLACEMENT_3D('',#6921,#5502,#5503);
#4449=AXIS2_PLACEMENT_3D('',#6922,#5504,#5505);
#4450=AXIS2_PLACEMENT_3D('',#6923,#5506,#5507);
#4451=AXIS2_PLACEMENT_3D('',#6924,#5508,#5509);
#4452=AXIS2_PLACEMENT_3D('',#6925,#5510,#5511);
#4453=AXIS2_PLACEMENT_3D('',#6926,#5512,#5513);
#4454=AXIS2_PLACEMENT_3D('',#6927,#5514,#5515);
#4455=AXIS2_PLACEMENT_3D('',#6928,#5516,#5517);
#4456=AXIS2_PLACEMENT_3D('',#6929,#5518,#5519);
#4457=AXIS2_PLACEMENT_3D('',#6930,#5520,#5521);
#4458=AXIS2_PLACEMENT_3D('',#6931,#5522,#5523);
#4459=AXIS2_PLACEMENT_3D('',#6932,#5524,#5525);
#4460=AXIS2_PLACEMENT_3D('',#6933,#5526,#5527);
#4461=AXIS2_PLACEMENT_3D('',#6934,#5528,#5529);
#4462=AXIS2_PLACEMENT_3D('',#6935,#5530,#5531);
#4463=AXIS2_PLACEMENT_3D('',#6936,#5532,#5533);
#4464=AXIS2_PLACEMENT_3D('',#6937,#5534,#5535);
#4465=AXIS2_PLACEMENT_3D('',#6938,#5536,#5537);
#4466=AXIS2_PLACEMENT_3D('',#6939,#5538,#5539);
#4467=AXIS2_PLACEMENT_3D('',#6940,#5540,#5541);
#4468=AXIS2_PLACEMENT_3D('',#6941,#5542,#5543);
#4469=AXIS2_PLACEMENT_3D('',#6942,#5544,#5545);
#4470=AXIS2_PLACEMENT_3D('',#6943,#5546,#5547);
#4471=AXIS2_PLACEMENT_3D('',#6944,#5548,#5549);
#4472=AXIS2_PLACEMENT_3D('',#6945,#5550,#5551);
#4473=AXIS2_PLACEMENT_3D('',#6946,#5552,#5553);
#4474=AXIS2_PLACEMENT_3D('',#6947,#5554,#5555);
#4475=AXIS2_PLACEMENT_3D('',#6948,#5556,#5557);
#4476=AXIS2_PLACEMENT_3D('',#6949,#5558,#5559);
#4477=AXIS2_PLACEMENT_3D('',#6950,#5560,#5561);
#4478=AXIS2_PLACEMENT_3D('',#6951,#5562,#5563);
#4479=AXIS2_PLACEMENT_3D('',#6952,#5564,#5565);
#4480=AXIS2_PLACEMENT_3D('',#6953,#5566,#5567);
#4481=AXIS2_PLACEMENT_3D('',#6954,#5568,#5569);
#4482=AXIS2_PLACEMENT_3D('',#6955,#5570,#5571);
#4483=AXIS2_PLACEMENT_3D('',#6956,#5572,#5573);
#4484=AXIS2_PLACEMENT_3D('',#6957,#5574,#5575);
#4485=AXIS2_PLACEMENT_3D('',#6958,#5576,#5577);
#4486=AXIS2_PLACEMENT_3D('',#6959,#5578,#5579);
#4487=AXIS2_PLACEMENT_3D('',#6960,#5580,#5581);
#4488=AXIS2_PLACEMENT_3D('',#6961,#5582,#5583);
#4489=AXIS2_PLACEMENT_3D('',#6962,#5584,#5585);
#4490=AXIS2_PLACEMENT_3D('',#6963,#5586,#5587);
#4491=AXIS2_PLACEMENT_3D('',#6964,#5588,#5589);
#4492=AXIS2_PLACEMENT_3D('',#6965,#5590,#5591);
#4493=AXIS2_PLACEMENT_3D('',#6966,#5592,#5593);
#4494=AXIS2_PLACEMENT_3D('',#6967,#5594,#5595);
#4495=AXIS2_PLACEMENT_3D('',#6968,#5596,#5597);
#4496=AXIS2_PLACEMENT_3D('',#6969,#5598,#5599);
#4497=AXIS2_PLACEMENT_3D('',#6970,#5600,#5601);
#4498=AXIS2_PLACEMENT_3D('',#6971,#5602,#5603);
#4499=AXIS2_PLACEMENT_3D('',#6972,#5604,#5605);
#4500=AXIS2_PLACEMENT_3D('',#6973,#5606,#5607);
#4501=AXIS2_PLACEMENT_3D('',#6974,#5608,#5609);
#4502=AXIS2_PLACEMENT_3D('',#6975,#5610,#5611);
#4503=AXIS2_PLACEMENT_3D('',#6976,#5612,#5613);
#4504=AXIS2_PLACEMENT_3D('',#6977,#5614,#5615);
#4505=AXIS2_PLACEMENT_3D('',#6978,#5616,#5617);
#4506=AXIS2_PLACEMENT_3D('',#6979,#5618,#5619);
#4507=AXIS2_PLACEMENT_3D('',#6980,#5620,#5621);
#4508=AXIS2_PLACEMENT_3D('',#6981,#5622,#5623);
#4509=AXIS2_PLACEMENT_3D('',#6982,#5624,#5625);
#4510=AXIS2_PLACEMENT_3D('',#6983,#5626,#5627);
#4511=AXIS2_PLACEMENT_3D('',#6984,#5628,#5629);
#4512=AXIS2_PLACEMENT_3D('',#6986,#5630,#5631);
#4513=AXIS2_PLACEMENT_3D('',#6987,#5632,#5633);
#4514=AXIS2_PLACEMENT_3D('',#6989,#5635,#5636);
#4515=AXIS2_PLACEMENT_3D('',#6990,#5637,#5638);
#4516=AXIS2_PLACEMENT_3D('',#6991,#5639,#5640);
#4517=AXIS2_PLACEMENT_3D('',#6992,#5641,#5642);
#4518=AXIS2_PLACEMENT_3D('',#6993,#5643,#5644);
#4519=AXIS2_PLACEMENT_3D('',#6994,#5645,#5646);
#4520=AXIS2_PLACEMENT_3D('',#6995,#5647,#5648);
#4521=AXIS2_PLACEMENT_3D('',#6996,#5649,#5650);
#4522=AXIS2_PLACEMENT_3D('',#6997,#5651,#5652);
#4523=AXIS2_PLACEMENT_3D('',#6998,#5653,#5654);
#4524=AXIS2_PLACEMENT_3D('',#6999,#5655,#5656);
#4525=AXIS2_PLACEMENT_3D('',#7000,#5657,#5658);
#4526=AXIS2_PLACEMENT_3D('',#7001,#5659,#5660);
#4527=AXIS2_PLACEMENT_3D('',#7002,#5661,#5662);
#4528=AXIS2_PLACEMENT_3D('',#7003,#5663,#5664);
#4529=AXIS2_PLACEMENT_3D('',#7004,#5665,#5666);
#4530=AXIS2_PLACEMENT_3D('',#7005,#5667,#5668);
#4531=AXIS2_PLACEMENT_3D('',#7006,#5669,#5670);
#4532=AXIS2_PLACEMENT_3D('',#7007,#5671,#5672);
#4533=AXIS2_PLACEMENT_3D('',#7008,#5673,#5674);
#4534=AXIS2_PLACEMENT_3D('',#7009,#5675,#5676);
#4535=AXIS2_PLACEMENT_3D('',#7010,#5677,#5678);
#4536=AXIS2_PLACEMENT_3D('',#7011,#5679,#5680);
#4537=AXIS2_PLACEMENT_3D('',#7012,#5681,#5682);
#4538=AXIS2_PLACEMENT_3D('',#7013,#5683,#5684);
#4539=AXIS2_PLACEMENT_3D('',#7014,#5685,#5686);
#4540=AXIS2_PLACEMENT_3D('',#7015,#5687,#5688);
#4541=AXIS2_PLACEMENT_3D('',#7016,#5689,#5690);
#4542=AXIS2_PLACEMENT_3D('',#7017,#5691,#5692);
#4543=AXIS2_PLACEMENT_3D('',#7018,#5693,#5694);
#4544=AXIS2_PLACEMENT_3D('',#7019,#5695,#5696);
#4545=AXIS2_PLACEMENT_3D('',#7020,#5697,#5698);
#4546=AXIS2_PLACEMENT_3D('',#7021,#5699,#5700);
#4547=AXIS2_PLACEMENT_3D('',#7022,#5701,#5702);
#4548=AXIS2_PLACEMENT_3D('',#7023,#5703,#5704);
#4549=AXIS2_PLACEMENT_3D('',#7024,#5705,#5706);
#4550=AXIS2_PLACEMENT_3D('',#7025,#5707,#5708);
#4551=AXIS2_PLACEMENT_3D('',#7026,#5709,#5710);
#4552=AXIS2_PLACEMENT_3D('',#7027,#5711,#5712);
#4553=AXIS2_PLACEMENT_3D('',#7028,#5713,#5714);
#4554=AXIS2_PLACEMENT_3D('',#7029,#5715,#5716);
#4555=AXIS2_PLACEMENT_3D('',#7030,#5717,#5718);
#4556=AXIS2_PLACEMENT_3D('',#7031,#5719,#5720);
#4557=AXIS2_PLACEMENT_3D('',#7032,#5721,#5722);
#4558=AXIS2_PLACEMENT_3D('',#7033,#5723,#5724);
#4559=AXIS2_PLACEMENT_3D('',#7034,#5725,#5726);
#4560=AXIS2_PLACEMENT_3D('',#7035,#5727,#5728);
#4561=AXIS2_PLACEMENT_3D('',#7036,#5729,#5730);
#4562=AXIS2_PLACEMENT_3D('',#7037,#5731,#5732);
#4563=AXIS2_PLACEMENT_3D('',#7038,#5733,#5734);
#4564=AXIS2_PLACEMENT_3D('',#7039,#5735,#5736);
#4565=AXIS2_PLACEMENT_3D('',#7040,#5737,#5738);
#4566=AXIS2_PLACEMENT_3D('',#7041,#5739,#5740);
#4567=AXIS2_PLACEMENT_3D('',#7042,#5741,#5742);
#4568=AXIS2_PLACEMENT_3D('',#7043,#5743,#5744);
#4569=AXIS2_PLACEMENT_3D('',#7044,#5745,#5746);
#4570=AXIS2_PLACEMENT_3D('',#7045,#5747,#5748);
#4571=AXIS2_PLACEMENT_3D('',#7046,#5749,#5750);
#4572=AXIS2_PLACEMENT_3D('',#7047,#5751,#5752);
#4573=AXIS2_PLACEMENT_3D('',#7048,#5753,#5754);
#4574=AXIS2_PLACEMENT_3D('',#7049,#5755,#5756);
#4575=AXIS2_PLACEMENT_3D('',#7050,#5757,#5758);
#4576=AXIS2_PLACEMENT_3D('',#7051,#5759,#5760);
#4577=AXIS2_PLACEMENT_3D('',#7053,#5762,#5763);
#4578=AXIS2_PLACEMENT_3D('',#7054,#5764,#5765);
#4579=AXIS2_PLACEMENT_3D('',#7056,#5766,#5767);
#4580=AXIS2_PLACEMENT_3D('',#7057,#5768,#5769);
#4581=AXIS2_PLACEMENT_3D('',#7058,#5770,#5771);
#4582=AXIS2_PLACEMENT_3D('',#7060,#5772,#5773);
#4583=AXIS2_PLACEMENT_3D('',#7062,#5774,#5775);
#4584=AXIS2_PLACEMENT_3D('',#7063,#5776,#5777);
#4585=AXIS2_PLACEMENT_3D('',#7065,#5778,#5779);
#4586=AXIS2_PLACEMENT_3D('',#7066,#5780,#5781);
#4587=AXIS2_PLACEMENT_3D('',#7067,#5782,#5783);
#4588=AXIS2_PLACEMENT_3D('',#7069,#5784,#5785);
#4589=AXIS2_PLACEMENT_3D('',#7071,#5786,#5787);
#4590=AXIS2_PLACEMENT_3D('',#7072,#5788,#5789);
#4591=AXIS2_PLACEMENT_3D('',#7073,#5790,#5791);
#4592=AXIS2_PLACEMENT_3D('',#7075,#5792,#5793);
#4593=AXIS2_PLACEMENT_3D('',#7077,#5794,#5795);
#4594=AXIS2_PLACEMENT_3D('',#7078,#5796,#5797);
#4595=AXIS2_PLACEMENT_3D('',#7079,#5798,#5799);
#4596=AXIS2_PLACEMENT_3D('',#7081,#5800,#5801);
#4597=AXIS2_PLACEMENT_3D('',#7082,#5802,#5803);
#4598=AXIS2_PLACEMENT_3D('',#7083,#5804,#5805);
#4599=AXIS2_PLACEMENT_3D('',#7084,#5806,#5807);
#4600=AXIS2_PLACEMENT_3D('',#7085,#5808,#5809);
#4601=AXIS2_PLACEMENT_3D('',#7087,#5810,#5811);
#4602=AXIS2_PLACEMENT_3D('',#7089,#5812,#5813);
#4603=AXIS2_PLACEMENT_3D('',#7090,#5814,#5815);
#4604=AXIS2_PLACEMENT_3D('',#7091,#5816,#5817);
#4605=AXIS2_PLACEMENT_3D('',#7092,#5818,#5819);
#4606=AXIS2_PLACEMENT_3D('',#7094,#5820,#5821);
#4607=AXIS2_PLACEMENT_3D('',#7096,#5822,#5823);
#4608=AXIS2_PLACEMENT_3D('',#7097,#5824,#5825);
#4609=AXIS2_PLACEMENT_3D('',#7098,#5826,#5827);
#4610=AXIS2_PLACEMENT_3D('',#7100,#5828,#5829);
#4611=AXIS2_PLACEMENT_3D('',#7102,#5830,#5831);
#4612=AXIS2_PLACEMENT_3D('',#7103,#5832,#5833);
#4613=AXIS2_PLACEMENT_3D('',#7104,#5834,#5835);
#4614=AXIS2_PLACEMENT_3D('',#7105,#5836,#5837);
#4615=AXIS2_PLACEMENT_3D('',#7107,#5838,#5839);
#4616=AXIS2_PLACEMENT_3D('',#7109,#5840,#5841);
#4617=AXIS2_PLACEMENT_3D('',#7110,#5842,#5843);
#4618=AXIS2_PLACEMENT_3D('',#7111,#5844,#5845);
#4619=AXIS2_PLACEMENT_3D('',#7112,#5846,#5847);
#4620=AXIS2_PLACEMENT_3D('',#7113,#5848,#5849);
#4621=AXIS2_PLACEMENT_3D('',#7114,#5850,#5851);
#4622=AXIS2_PLACEMENT_3D('',#7115,#5852,#5853);
#4623=AXIS2_PLACEMENT_3D('',#7116,#5854,#5855);
#4624=AXIS2_PLACEMENT_3D('',#7117,#5856,#5857);
#4625=AXIS2_PLACEMENT_3D('',#7118,#5858,#5859);
#4626=AXIS2_PLACEMENT_3D('',#7119,#5860,#5861);
#4627=AXIS2_PLACEMENT_3D('',#7122,#5863,#5864);
#4628=AXIS2_PLACEMENT_3D('',#7123,#5865,#5866);
#4629=AXIS2_PLACEMENT_3D('',#7125,#5868,#5869);
#4630=AXIS2_PLACEMENT_3D('',#7126,#5870,#5871);
#4631=AXIS2_PLACEMENT_3D('',#7127,#5872,#5873);
#4632=AXIS2_PLACEMENT_3D('',#7128,#5874,#5875);
#4633=AXIS2_PLACEMENT_3D('',#7129,#5876,#5877);
#4634=AXIS2_PLACEMENT_3D('',#7131,#5878,#5879);
#4635=AXIS2_PLACEMENT_3D('',#7132,#5880,#5881);
#4636=AXIS2_PLACEMENT_3D('',#7133,#5882,#5883);
#4637=AXIS2_PLACEMENT_3D('',#7135,#5884,#5885);
#4638=AXIS2_PLACEMENT_3D('',#7136,#5886,#5887);
#4639=AXIS2_PLACEMENT_3D('',#7137,#5888,#5889);
#4640=AXIS2_PLACEMENT_3D('',#7139,#5890,#5891);
#4641=AXIS2_PLACEMENT_3D('',#7140,#5892,#5893);
#4642=AXIS2_PLACEMENT_3D('',#7141,#5894,#5895);
#4643=AXIS2_PLACEMENT_3D('',#7143,#5896,#5897);
#4644=AXIS2_PLACEMENT_3D('',#7144,#5898,#5899);
#4645=AXIS2_PLACEMENT_3D('',#7150,#5903,#5904);
#4646=AXIS2_PLACEMENT_3D('',#7159,#5910,#5911);
#4647=AXIS2_PLACEMENT_3D('',#7164,#5915,#5916);
#4648=AXIS2_PLACEMENT_3D('',#7166,#5918,#5919);
#4649=AXIS2_PLACEMENT_3D('',#7170,#5922,#5923);
#4650=AXIS2_PLACEMENT_3D('',#7174,#5926,#5927);
#4651=AXIS2_PLACEMENT_3D('',#7176,#5929,#5930);
#4652=AXIS2_PLACEMENT_3D('',#7177,#5931,#5932);
#4653=AXIS2_PLACEMENT_3D('',#7180,#5935,#5936);
#4654=AXIS2_PLACEMENT_3D('',#7181,#5937,#5938);
#4655=AXIS2_PLACEMENT_3D('',#7182,#5939,#5940);
#4656=DIRECTION('',(0.,0.,1.));
#4657=DIRECTION('',(1.,0.,0.));
#4658=DIRECTION('',(0.,0.,1.));
#4659=DIRECTION('',(1.,0.,0.));
#4660=DIRECTION('',(0.,0.,-1.));
#4661=DIRECTION('',(-1.,0.,0.));
#4662=DIRECTION('',(0.,0.,-1.));
#4663=DIRECTION('',(-1.,0.,0.));
#4664=DIRECTION('',(0.,0.,1.));
#4665=DIRECTION('',(1.,0.,0.));
#4666=DIRECTION('',(0.,0.,-1.));
#4667=DIRECTION('',(-1.,0.,0.));
#4668=DIRECTION('',(0.,0.,-1.));
#4669=DIRECTION('',(-1.,0.,0.));
#4670=DIRECTION('',(0.,0.,1.));
#4671=DIRECTION('',(1.,0.,0.));
#4672=DIRECTION('',(0.,0.,-1.));
#4673=DIRECTION('',(-1.,0.,0.));
#4674=DIRECTION('',(0.,0.,-1.));
#4675=DIRECTION('',(-1.,0.,0.));
#4676=DIRECTION('',(0.,0.,1.));
#4677=DIRECTION('',(1.,0.,0.));
#4678=DIRECTION('',(0.,0.,-1.));
#4679=DIRECTION('',(-1.,0.,0.));
#4680=DIRECTION('',(0.,0.,-1.));
#4681=DIRECTION('',(-1.,0.,0.));
#4682=DIRECTION('',(0.,1.,0.));
#4683=DIRECTION('',(0.,0.,1.));
#4684=DIRECTION('',(0.,0.,-1.));
#4685=DIRECTION('',(1.,0.,0.));
#4686=DIRECTION('',(0.,0.,-1.));
#4687=DIRECTION('',(-1.,0.,0.));
#4688=DIRECTION('',(0.,0.,1.));
#4689=DIRECTION('',(1.,0.,0.));
#4690=DIRECTION('',(0.,0.,1.));
#4691=DIRECTION('',(1.,0.,0.));
#4692=DIRECTION('',(0.,1.,0.));
#4693=DIRECTION('',(0.,0.,-1.));
#4694=DIRECTION('',(-1.,0.,0.));
#4695=DIRECTION('',(-1.,0.,0.));
#4696=DIRECTION('',(0.,0.,1.));
#4697=DIRECTION('',(0.,0.,-1.));
#4698=DIRECTION('',(0.,1.,0.));
#4699=DIRECTION('',(0.,0.,-1.));
#4700=DIRECTION('',(0.,1.,0.));
#4701=DIRECTION('',(0.,0.,1.));
#4702=DIRECTION('',(1.,0.,0.));
#4703=DIRECTION('',(0.,0.,1.));
#4704=DIRECTION('',(1.,0.,0.));
#4705=DIRECTION('',(1.,0.,0.));
#4706=DIRECTION('',(0.,0.,-1.));
#4707=DIRECTION('',(-1.,0.,0.));
#4708=DIRECTION('',(0.,0.,1.));
#4709=DIRECTION('',(1.,0.,0.));
#4710=DIRECTION('',(1.,0.,0.));
#4711=DIRECTION('',(0.,1.,0.));
#4712=DIRECTION('',(-1.,0.,0.));
#4713=DIRECTION('',(0.,-1.,0.));
#4714=DIRECTION('',(0.,0.,1.));
#4715=DIRECTION('',(1.,0.,0.));
#4716=DIRECTION('',(1.61916723668181E-15,1.,0.));
#4717=DIRECTION('',(0.,0.,1.));
#4718=DIRECTION('',(1.,0.,0.));
#4719=DIRECTION('',(1.61916723668181E-15,-1.,0.));
#4720=DIRECTION('',(1.,0.,0.));
#4721=DIRECTION('',(1.61916723668181E-15,1.,0.));
#4722=DIRECTION('',(0.,0.,1.));
#4723=DIRECTION('',(1.,0.,0.));
#4724=DIRECTION('',(1.61916723668181E-15,-1.,0.));
#4725=DIRECTION('',(0.,0.,-1.));
#4726=DIRECTION('',(-1.,0.,0.));
#4727=DIRECTION('',(-7.01426215071668E-17,-1.,0.));
#4728=DIRECTION('',(-1.,1.46400976947817E-16,0.));
#4729=DIRECTION('',(0.,-1.,0.));
#4730=DIRECTION('',(0.,0.,1.));
#4731=DIRECTION('',(1.,0.,0.));
#4732=DIRECTION('',(-1.,0.,0.));
#4733=DIRECTION('',(0.,0.,1.));
#4734=DIRECTION('',(1.,0.,0.));
#4735=DIRECTION('',(0.,-1.,0.));
#4736=DIRECTION('',(-1.,1.46400976947817E-16,0.));
#4737=DIRECTION('',(0.,-1.,0.));
#4738=DIRECTION('',(0.,0.,1.));
#4739=DIRECTION('',(1.,0.,0.));
#4740=DIRECTION('',(-1.,0.,0.));
#4741=DIRECTION('',(0.,0.,1.));
#4742=DIRECTION('',(1.,0.,0.));
#4743=DIRECTION('',(0.,-1.,0.));
#4744=DIRECTION('',(-1.,1.46400976947817E-16,0.));
#4745=DIRECTION('',(-7.01426215071668E-17,1.,0.));
#4746=DIRECTION('',(0.,0.,-1.));
#4747=DIRECTION('',(-1.,0.,0.));
#4748=DIRECTION('',(0.,0.,1.));
#4749=DIRECTION('',(1.,0.,0.));
#4750=DIRECTION('',(0.,0.,1.));
#4751=DIRECTION('',(1.,0.,0.));
#4752=DIRECTION('',(0.,0.,1.));
#4753=DIRECTION('',(1.,0.,0.));
#4754=DIRECTION('',(0.,0.,1.));
#4755=DIRECTION('',(1.,0.,0.));
#4756=DIRECTION('',(-1.,0.,0.));
#4757=DIRECTION('',(0.,1.,0.));
#4758=DIRECTION('',(-1.,0.,0.));
#4759=DIRECTION('',(0.,-1.,0.));
#4760=DIRECTION('',(0.,1.,0.));
#4761=DIRECTION('',(0.,0.,-1.));
#4762=DIRECTION('',(-1.,0.,0.));
#4763=DIRECTION('',(1.,0.,0.));
#4764=DIRECTION('',(0.,0.,-1.));
#4765=DIRECTION('',(-1.,0.,0.));
#4766=DIRECTION('',(0.,1.,0.));
#4767=DIRECTION('',(0.,0.,-1.));
#4768=DIRECTION('',(-1.,0.,0.));
#4769=DIRECTION('',(1.,0.,0.));
#4770=DIRECTION('',(0.,0.,-1.));
#4771=DIRECTION('',(-1.,0.,0.));
#4772=DIRECTION('',(5.51198006466665E-16,1.,0.));
#4773=DIRECTION('',(-1.,2.45552128713909E-16,0.));
#4774=DIRECTION('',(2.75599003233333E-16,1.,0.));
#4775=DIRECTION('',(-1.,2.45552128713909E-16,0.));
#4776=DIRECTION('',(0.,0.,1.));
#4777=DIRECTION('',(1.,0.,0.));
#4778=DIRECTION('',(0.,0.,1.));
#4779=DIRECTION('',(1.,0.,0.));
#4780=DIRECTION('',(1.,-2.45552128713909E-16,0.));
#4781=DIRECTION('',(0.,0.,1.));
#4782=DIRECTION('',(1.,0.,0.));
#4783=DIRECTION('',(-1.,0.,0.));
#4784=DIRECTION('',(0.,0.,1.));
#4785=DIRECTION('',(1.,0.,0.));
#4786=DIRECTION('',(-5.51198006466665E-16,-1.,0.));
#4787=DIRECTION('',(1.,-2.45552128713909E-16,0.));
#4788=DIRECTION('',(0.,0.,1.));
#4789=DIRECTION('',(1.,0.,0.));
#4790=DIRECTION('',(-1.,0.,0.));
#4791=DIRECTION('',(-7.01426215071668E-17,-1.,0.));
#4792=DIRECTION('',(-1.,1.46400976947817E-16,0.));
#4793=DIRECTION('',(0.,-1.,0.));
#4794=DIRECTION('',(0.,0.,1.));
#4795=DIRECTION('',(1.,0.,0.));
#4796=DIRECTION('',(1.,-2.45552128713909E-16,0.));
#4797=DIRECTION('',(0.,0.,1.));
#4798=DIRECTION('',(1.,0.,0.));
#4799=DIRECTION('',(-1.,1.46400976947817E-16,0.));
#4800=DIRECTION('',(0.,-1.,0.));
#4801=DIRECTION('',(0.,0.,1.));
#4802=DIRECTION('',(1.,0.,0.));
#4803=DIRECTION('',(1.,-2.45552128713909E-16,0.));
#4804=DIRECTION('',(0.,0.,1.));
#4805=DIRECTION('',(1.,0.,0.));
#4806=DIRECTION('',(0.,-1.,0.));
#4807=DIRECTION('',(0.,0.,1.));
#4808=DIRECTION('',(1.,0.,0.));
#4809=DIRECTION('',(0.,1.,0.));
#4810=DIRECTION('',(0.,0.,1.));
#4811=DIRECTION('',(1.,0.,0.));
#4812=DIRECTION('',(1.,0.,0.));
#4813=DIRECTION('',(-7.01426215071668E-17,1.,0.));
#4814=DIRECTION('',(-1.,0.,0.));
#4815=DIRECTION('',(0.,-1.,0.));
#4816=DIRECTION('',(0.,0.,1.));
#4817=DIRECTION('',(1.,0.,0.));
#4818=DIRECTION('',(-1.,0.,0.));
#4819=DIRECTION('',(0.,0.,1.));
#4820=DIRECTION('',(1.,0.,0.));
#4821=DIRECTION('',(0.,-1.,0.));
#4822=DIRECTION('',(-1.,0.,0.));
#4823=DIRECTION('',(0.,-1.,0.));
#4824=DIRECTION('',(0.,0.,1.));
#4825=DIRECTION('',(1.,0.,0.));
#4826=DIRECTION('',(-1.,0.,0.));
#4827=DIRECTION('',(0.,0.,1.));
#4828=DIRECTION('',(1.,0.,0.));
#4829=DIRECTION('',(0.,-1.,0.));
#4830=DIRECTION('',(-1.,0.,0.));
#4831=DIRECTION('',(-7.01426215071668E-17,-1.,0.));
#4832=DIRECTION('',(1.,0.,0.));
#4833=DIRECTION('',(0.,0.,1.));
#4834=DIRECTION('',(1.,0.,0.));
#4835=DIRECTION('',(0.,1.,0.));
#4836=DIRECTION('',(1.,0.,0.));
#4837=DIRECTION('',(0.,-1.,0.));
#4838=DIRECTION('',(1.,0.,0.));
#4839=DIRECTION('',(0.,-1.,0.));
#4840=DIRECTION('',(1.,0.,0.));
#4841=DIRECTION('',(0.,-1.,0.));
#4842=DIRECTION('',(1.,-1.38899264618433E-16,0.));
#4843=DIRECTION('',(-1.,0.,0.));
#4844=DIRECTION('',(0.,0.,1.));
#4845=DIRECTION('',(0.,0.,-1.));
#4846=DIRECTION('',(0.,-1.,0.));
#4847=DIRECTION('',(0.,0.,1.));
#4848=DIRECTION('',(0.,-1.,0.));
#4849=DIRECTION('',(0.,0.,1.));
#4850=DIRECTION('',(0.,-1.,0.));
#4851=DIRECTION('',(-1.,0.,0.));
#4852=DIRECTION('',(0.,0.,1.));
#4853=DIRECTION('',(0.,0.,1.));
#4854=DIRECTION('',(0.,-1.,0.));
#4855=DIRECTION('',(-1.,0.,0.));
#4856=DIRECTION('',(0.,0.,1.));
#4857=DIRECTION('',(0.,0.,1.));
#4858=DIRECTION('',(0.,-1.,0.));
#4859=DIRECTION('',(0.,0.,-1.));
#4860=DIRECTION('',(0.,-1.,0.));
#4861=DIRECTION('',(0.,0.,1.));
#4862=DIRECTION('',(-1.,0.,0.));
#4863=DIRECTION('',(0.,0.,1.));
#4864=DIRECTION('',(0.,-1.,0.));
#4865=DIRECTION('',(0.,0.,1.));
#4866=DIRECTION('',(0.,-1.,0.));
#4867=DIRECTION('',(-1.,0.,0.));
#4868=DIRECTION('',(0.,0.,1.));
#4869=DIRECTION('',(0.,-1.,0.));
#4870=DIRECTION('',(0.,0.,1.));
#4871=DIRECTION('',(0.,-1.,0.));
#4872=DIRECTION('',(-1.,0.,0.));
#4873=DIRECTION('',(0.,0.,1.));
#4874=DIRECTION('',(0.,0.,1.));
#4875=DIRECTION('',(0.,-1.,0.));
#4876=DIRECTION('',(0.,0.,-1.));
#4877=DIRECTION('',(0.,-1.,0.));
#4878=DIRECTION('',(0.,0.,1.));
#4879=DIRECTION('',(-1.,0.,0.));
#4880=DIRECTION('',(0.,0.,1.));
#4881=DIRECTION('',(0.,-1.,0.));
#4882=DIRECTION('',(0.,0.,1.));
#4883=DIRECTION('',(0.,-1.,0.));
#4884=DIRECTION('',(0.,0.,1.));
#4885=DIRECTION('',(0.,-1.,0.));
#4886=DIRECTION('',(0.,0.,-1.));
#4887=DIRECTION('',(0.,-1.,0.));
#4888=DIRECTION('',(0.,0.,1.));
#4889=DIRECTION('',(-1.,0.,0.));
#4890=DIRECTION('',(0.,0.,1.));
#4891=DIRECTION('',(0.,1.,0.));
#4892=DIRECTION('',(0.,0.,1.));
#4893=DIRECTION('',(1.,0.,0.));
#4894=DIRECTION('',(0.,0.,1.));
#4895=DIRECTION('',(0.,0.,-1.));
#4896=DIRECTION('',(0.,0.,-1.));
#4897=DIRECTION('',(-1.,0.,0.));
#4898=DIRECTION('',(0.,0.,-1.));
#4899=DIRECTION('',(0.,0.,-1.));
#4900=DIRECTION('',(-1.,0.,0.));
#4901=DIRECTION('',(0.,0.,-1.));
#4902=DIRECTION('',(-1.,0.,0.));
#4903=DIRECTION('',(0.,0.,-1.));
#4904=DIRECTION('',(0.,0.,-1.));
#4905=DIRECTION('',(-1.,0.,0.));
#4906=DIRECTION('',(-1.,7.01426215071668E-17,0.));
#4907=DIRECTION('',(-7.01426215071668E-17,-1.,0.));
#4908=DIRECTION('',(0.,0.,1.));
#4909=DIRECTION('',(-1.,7.01426215071668E-17,0.));
#4910=DIRECTION('',(-7.01426215071668E-17,-1.,0.));
#4911=DIRECTION('',(0.,0.,1.));
#4912=DIRECTION('',(-7.01426215071668E-17,-1.,0.));
#4913=DIRECTION('',(0.,0.,1.));
#4914=DIRECTION('',(-1.,7.01426215071668E-17,0.));
#4915=DIRECTION('',(-7.01426215071668E-17,-1.,0.));
#4916=DIRECTION('',(0.,0.,1.));
#4917=DIRECTION('',(-7.01426215071668E-17,-1.,0.));
#4918=DIRECTION('',(0.,0.,1.));
#4919=DIRECTION('',(0.,0.,1.));
#4920=DIRECTION('',(-7.01426215071668E-17,-1.,0.));
#4921=DIRECTION('',(1.,7.01426215071668E-17,0.));
#4922=DIRECTION('',(-7.01426215071668E-17,1.,0.));
#4923=DIRECTION('',(-7.01426215071668E-17,1.,0.));
#4924=DIRECTION('',(0.,0.,1.));
#4925=DIRECTION('',(0.,1.,0.));
#4926=DIRECTION('',(0.,0.,-1.));
#4927=DIRECTION('',(0.,1.,0.));
#4928=DIRECTION('',(0.,0.,1.));
#4929=DIRECTION('',(0.,0.,-1.));
#4930=DIRECTION('',(1.,0.,0.));
#4931=DIRECTION('',(0.,0.,1.));
#4932=DIRECTION('',(-1.,0.,0.));
#4933=DIRECTION('',(0.,0.,-1.));
#4934=DIRECTION('',(-1.,0.,0.));
#4935=DIRECTION('',(0.,0.,1.));
#4936=DIRECTION('',(0.,0.,-1.));
#4937=DIRECTION('',(-1.,0.,0.));
#4938=DIRECTION('',(0.,0.,-1.));
#4939=DIRECTION('',(-1.,0.,0.));
#4940=DIRECTION('',(0.,0.,-1.));
#4941=DIRECTION('',(-1.,0.,0.));
#4942=DIRECTION('',(0.,0.,-1.));
#4943=DIRECTION('',(-1.,0.,0.));
#4944=DIRECTION('',(0.,0.,-1.));
#4945=DIRECTION('',(-1.,0.,0.));
#4946=DIRECTION('',(-1.,7.01426215071668E-17,0.));
#4947=DIRECTION('',(-7.01426215071668E-17,-1.,0.));
#4948=DIRECTION('',(0.,1.,0.));
#4949=DIRECTION('',(0.,0.,-1.));
#4950=DIRECTION('',(-7.01426215071668E-17,-1.,0.));
#4951=DIRECTION('',(0.,0.,-1.));
#4952=DIRECTION('',(-1.,0.,0.));
#4953=DIRECTION('',(0.,0.,-1.));
#4954=DIRECTION('',(-1.,0.,0.));
#4955=DIRECTION('',(-1.,0.,0.));
#4956=DIRECTION('',(0.,0.,-1.));
#4957=DIRECTION('',(-1.,0.,0.));
#4958=DIRECTION('',(1.40285243014334E-16,1.,3.85185988877447E-34));
#4959=DIRECTION('',(0.,0.,1.));
#4960=DIRECTION('',(1.,0.,0.));
#4961=DIRECTION('',(-1.,2.52958109580666E-16,-1.54074395550979E-33));
#4962=DIRECTION('',(0.,0.,1.));
#4963=DIRECTION('',(1.,0.,0.));
#4964=DIRECTION('',(0.,-1.,0.));
#4965=DIRECTION('',(0.,0.,1.));
#4966=DIRECTION('',(1.,0.,0.));
#4967=DIRECTION('',(1.,0.,0.));
#4968=DIRECTION('',(0.,0.,1.));
#4969=DIRECTION('',(1.,0.,0.));
#4970=DIRECTION('',(1.,7.01426215071668E-17,0.));
#4971=DIRECTION('',(-7.01426215071668E-17,1.,0.));
#4972=DIRECTION('',(1.,7.01426215071668E-17,0.));
#4973=DIRECTION('',(-7.01426215071668E-17,1.,0.));
#4974=DIRECTION('',(0.,0.,1.));
#4975=DIRECTION('',(-7.01426215071668E-17,1.,0.));
#4976=DIRECTION('',(0.,0.,1.));
#4977=DIRECTION('',(-7.01426215071668E-17,1.,0.));
#4978=DIRECTION('',(0.,0.,1.));
#4979=DIRECTION('',(-7.01426215071668E-17,1.,0.));
#4980=DIRECTION('',(0.,0.,1.));
#4981=DIRECTION('',(1.,7.01426215071668E-17,0.));
#4982=DIRECTION('',(-7.01426215071668E-17,1.,0.));
#4983=DIRECTION('',(0.,0.,-1.));
#4984=DIRECTION('',(-7.01426215071668E-17,1.,0.));
#4985=DIRECTION('',(0.,0.,-1.));
#4986=DIRECTION('',(0.,0.,-1.));
#4987=DIRECTION('',(-1.,0.,0.));
#4988=DIRECTION('',(0.,0.,-1.));
#4989=DIRECTION('',(-1.,0.,0.));
#4990=DIRECTION('',(0.,0.,-1.));
#4991=DIRECTION('',(-1.,0.,0.));
#4992=DIRECTION('',(0.,0.,-1.));
#4993=DIRECTION('',(-1.,0.,0.));
#4994=DIRECTION('',(0.,0.,-1.));
#4995=DIRECTION('',(-1.,0.,0.));
#4996=DIRECTION('',(0.,1.,0.));
#4997=DIRECTION('',(0.,0.,1.));
#4998=DIRECTION('',(1.,0.,0.));
#4999=DIRECTION('',(-1.,0.,0.));
#5000=DIRECTION('',(0.,0.,1.));
#5001=DIRECTION('',(1.,0.,0.));
#5002=DIRECTION('',(0.,1.,0.));
#5003=DIRECTION('',(0.,0.,1.));
#5004=DIRECTION('',(1.,0.,0.));
#5005=DIRECTION('',(-1.,0.,0.));
#5006=DIRECTION('',(0.,0.,1.));
#5007=DIRECTION('',(1.,0.,0.));
#5008=DIRECTION('',(0.,0.,-1.));
#5009=DIRECTION('',(-1.,0.,0.));
#5010=DIRECTION('',(0.,1.,0.));
#5011=DIRECTION('',(0.,0.,-1.));
#5012=DIRECTION('',(-1.,0.,0.));
#5013=DIRECTION('',(0.,1.,0.));
#5014=DIRECTION('',(1.,0.,0.));
#5015=DIRECTION('',(0.,1.,0.));
#5016=DIRECTION('',(0.,0.,-1.));
#5017=DIRECTION('',(-1.,0.,0.));
#5018=DIRECTION('',(0.,1.,0.));
#5019=DIRECTION('',(0.,0.,-1.));
#5020=DIRECTION('',(-1.,0.,0.));
#5021=DIRECTION('',(-1.,0.,0.));
#5022=DIRECTION('',(0.,0.,-1.));
#5023=DIRECTION('',(-1.,0.,0.));
#5024=DIRECTION('',(0.,1.,0.));
#5025=DIRECTION('',(0.,1.,0.));
#5026=DIRECTION('',(0.,0.,-1.));
#5027=DIRECTION('',(-1.,0.,0.));
#5028=DIRECTION('',(-1.,0.,0.));
#5029=DIRECTION('',(0.,1.,0.));
#5030=DIRECTION('',(0.,0.,-1.));
#5031=DIRECTION('',(-1.,0.,0.));
#5032=DIRECTION('',(-1.,0.,0.));
#5033=DIRECTION('',(0.,0.,-1.));
#5034=DIRECTION('',(-1.,0.,0.));
#5035=DIRECTION('',(0.999847695156391,-1.40263876892336E-16,-0.0174524064372835));
#5036=DIRECTION('',(-0.0174524064372835,2.44831507823924E-18,-0.999847695156391));
#5037=DIRECTION('',(-0.0174524064372835,2.44831507823924E-18,-0.999847695156391));
#5038=DIRECTION('',(0.0174524064372835,-2.13730336808379E-18,0.999847695156391));
#5039=DIRECTION('',(0.,0.,1.));
#5040=DIRECTION('',(-1.,0.,0.));
#5041=DIRECTION('',(0.,0.0174524064372835,-0.999847695156391));
#5042=DIRECTION('',(0.,-0.999847695156391,-0.0174524064372835));
#5043=DIRECTION('',(0.,0.0174524064372835,-0.999847695156391));
#5044=DIRECTION('',(6.6817737006735E-18,-0.0174524064372835,0.999847695156391));
#5045=DIRECTION('',(0.,0.,1.));
#5046=DIRECTION('',(-1.,0.,0.));
#5047=DIRECTION('',(0.0174524064372835,0.,-0.999847695156391));
#5048=DIRECTION('',(-0.999847695156391,0.,-0.0174524064372835));
#5049=DIRECTION('',(0.0174524064372835,0.,-0.999847695156391));
#5050=DIRECTION('',(-0.0174524064372835,0.,0.999847695156391));
#5051=DIRECTION('',(0.,-1.,0.));
#5052=DIRECTION('',(0.,0.,-1.));
#5053=DIRECTION('',(0.,0.,-1.));
#5054=DIRECTION('',(0.,1.,0.));
#5055=DIRECTION('',(0.,0.,1.));
#5056=DIRECTION('',(0.,0.,-1.));
#5057=DIRECTION('',(1.,0.,0.));
#5058=DIRECTION('',(0.,0.,-1.));
#5059=DIRECTION('',(0.,0.,-1.));
#5060=DIRECTION('',(-1.,0.,0.));
#5061=DIRECTION('',(0.,0.,1.));
#5062=DIRECTION('',(0.,0.,-1.));
#5063=DIRECTION('',(1.,0.,0.));
#5064=DIRECTION('',(0.,0.,-1.));
#5065=DIRECTION('',(0.,0.,-1.));
#5066=DIRECTION('',(0.,-1.,0.));
#5067=DIRECTION('',(0.,0.,-1.));
#5068=DIRECTION('',(0.,0.,-1.));
#5069=DIRECTION('',(0.707106781186538,-4.95983233179184E-17,0.707106781186557));
#5070=DIRECTION('',(-7.01426215071668E-17,-1.,1.23259516440783E-32));
#5071=DIRECTION('',(0.707106781186557,8.65956056235505E-17,-0.707106781186538));
#5072=DIRECTION('',(0.707106781186555,8.65956056235502E-17,-0.70710678118654));
#5073=DIRECTION('',(0.,0.,-1.));
#5074=DIRECTION('',(-1.,0.,0.));
#5075=DIRECTION('',(0.,-0.707106781186557,-0.707106781186538));
#5076=DIRECTION('',(0.,-0.707106781186538,0.707106781186557));
#5077=DIRECTION('',(-1.,0.,0.));
#5078=DIRECTION('',(1.29893408435326E-16,-0.70710678118656,-0.707106781186535));
#5079=DIRECTION('',(0.,0.,-1.));
#5080=DIRECTION('',(-1.,0.,0.));
#5081=DIRECTION('',(-0.707106781186557,-4.95983233179197E-17,-0.707106781186538));
#5082=DIRECTION('',(-0.707106781186538,-4.95983233179184E-17,0.707106781186557));
#5083=DIRECTION('',(-7.01426215071668E-17,1.,-1.23259516440783E-32));
#5084=DIRECTION('',(-0.707106781186557,-4.95983233179197E-17,-0.707106781186538));
#5085=DIRECTION('',(1.,0.,0.));
#5086=DIRECTION('',(0.,0.,-1.));
#5087=DIRECTION('',(0.,0.,-1.));
#5088=DIRECTION('',(0.,-1.,0.));
#5089=DIRECTION('',(0.,0.,-1.));
#5090=DIRECTION('',(1.38899264618433E-16,1.,0.));
#5091=DIRECTION('',(-1.,1.38899264618433E-16,0.));
#5092=DIRECTION('',(0.,0.,-1.));
#5093=DIRECTION('',(1.,-1.38899264618433E-16,0.));
#5094=DIRECTION('',(1.,0.,0.));
#5095=DIRECTION('',(0.,0.,-1.));
#5096=DIRECTION('',(0.,0.,-1.));
#5097=DIRECTION('',(0.,-1.,0.));
#5098=DIRECTION('',(0.,1.,0.));
#5099=DIRECTION('',(0.,0.,1.));
#5100=DIRECTION('',(0.,0.,-1.));
#5101=DIRECTION('',(1.,0.,0.));
#5102=DIRECTION('',(1.,0.,0.));
#5103=DIRECTION('',(0.,0.,-1.));
#5104=DIRECTION('',(0.,0.,-1.));
#5105=DIRECTION('',(0.,-1.,0.));
#5106=DIRECTION('',(0.,1.,0.));
#5107=DIRECTION('',(0.,0.,1.));
#5108=DIRECTION('',(1.,0.,0.));
#5109=DIRECTION('',(0.,0.,-1.));
#5110=DIRECTION('',(1.,0.,0.));
#5111=DIRECTION('',(0.,0.707106781186543,0.707106781186553));
#5112=DIRECTION('',(1.,0.,0.));
#5113=DIRECTION('',(0.,0.707106781186553,-0.707106781186543));
#5114=DIRECTION('',(1.,0.,0.));
#5115=DIRECTION('',(2.70720688924984E-16,0.707106781186557,-0.707106781186538));
#5116=DIRECTION('',(0.,0.,-1.));
#5117=DIRECTION('',(-1.,0.,0.));
#5118=DIRECTION('',(0.,0.,-1.));
#5119=DIRECTION('',(0.,0.,-1.));
#5120=DIRECTION('',(-1.,0.,0.));
#5121=DIRECTION('',(0.,-1.,0.));
#5122=DIRECTION('',(0.,0.,-1.));
#5123=DIRECTION('',(0.,0.,-1.));
#5124=DIRECTION('',(0.,0.,-1.));
#5125=DIRECTION('',(-1.,0.,0.));
#5126=DIRECTION('',(0.,0.,-1.));
#5127=DIRECTION('',(-1.,0.,0.));
#5128=DIRECTION('',(2.52919582835346E-16,0.999847695156391,-0.0174524064372835));
#5129=DIRECTION('',(-4.41472774000868E-18,-0.0174524064372835,-0.999847695156391));
#5130=DIRECTION('',(3.2059550521257E-18,0.0174524064372835,0.999847695156391));
#5131=DIRECTION('',(-4.41472774000868E-18,-0.0174524064372835,-0.999847695156391));
#5132=DIRECTION('',(0.,0.,-1.));
#5133=DIRECTION('',(-1.,0.,0.));
#5134=DIRECTION('',(0.,0.,-1.));
#5135=DIRECTION('',(1.,-1.61916723668181E-15,0.));
#5136=DIRECTION('',(1.61916723668181E-15,1.,0.));
#5137=DIRECTION('',(0.,0.,-1.));
#5138=DIRECTION('',(-1.,-1.61916723668181E-15,0.));
#5139=DIRECTION('',(1.61916723668181E-15,-1.,0.));
#5140=DIRECTION('',(0.,0.,-1.));
#5141=DIRECTION('',(0.,0.,1.));
#5142=DIRECTION('',(0.,-1.,0.));
#5143=DIRECTION('',(0.,0.,-1.));
#5144=DIRECTION('',(0.,0.,-1.));
#5145=DIRECTION('',(1.,-1.61916723668181E-15,0.));
#5146=DIRECTION('',(1.61916723668181E-15,1.,0.));
#5147=DIRECTION('',(0.,0.,-1.));
#5148=DIRECTION('',(-1.,-1.61916723668181E-15,0.));
#5149=DIRECTION('',(1.61916723668181E-15,-1.,0.));
#5150=DIRECTION('',(0.,0.,-1.));
#5151=DIRECTION('',(0.,0.,-1.));
#5152=DIRECTION('',(0.,0.,-1.));
#5153=DIRECTION('',(-1.,0.,0.));
#5154=DIRECTION('',(0.,0.,1.));
#5155=DIRECTION('',(-1.,0.,0.));
#5156=DIRECTION('',(0.,0.,1.));
#5157=DIRECTION('',(-1.,0.,0.));
#5158=DIRECTION('',(0.,0.,-1.));
#5159=DIRECTION('',(-1.,0.,0.));
#5160=DIRECTION('',(0.,0.,-1.));
#5161=DIRECTION('',(-1.,0.,0.));
#5162=DIRECTION('',(2.45552128713909E-16,1.,0.));
#5163=DIRECTION('',(-1.,2.45552128713909E-16,0.));
#5164=DIRECTION('',(0.,0.,-1.));
#5165=DIRECTION('',(1.,-2.45552128713909E-16,0.));
#5166=DIRECTION('',(0.,0.,-1.));
#5167=DIRECTION('',(0.,0.,-1.));
#5168=DIRECTION('',(1.,-2.45552128713909E-16,0.));
#5169=DIRECTION('',(1.,-2.45552128713909E-16,0.));
#5170=DIRECTION('',(2.45552128713909E-16,1.,0.));
#5171=DIRECTION('',(-1.,2.45552128713909E-16,0.));
#5172=DIRECTION('',(1.,-2.45552128713909E-16,0.));
#5173=DIRECTION('',(0.,0.,-1.));
#5174=DIRECTION('',(1.,-2.45552128713909E-16,0.));
#5175=DIRECTION('',(1.,-2.45552128713909E-16,0.));
#5176=DIRECTION('',(0.,0.,-1.));
#5177=DIRECTION('',(0.,0.,-1.));
#5178=DIRECTION('',(0.,1.,0.));
#5179=DIRECTION('',(0.,0.,1.));
#5180=DIRECTION('',(-1.,0.,0.));
#5181=DIRECTION('',(0.,0.,1.));
#5182=DIRECTION('',(-1.,0.,0.));
#5183=DIRECTION('',(0.,0.,1.));
#5184=DIRECTION('',(-1.,0.,0.));
#5185=DIRECTION('',(0.,0.,1.));
#5186=DIRECTION('',(0.,1.,0.));
#5187=DIRECTION('',(-1.,0.,0.));
#5188=DIRECTION('',(0.,0.,1.));
#5189=DIRECTION('',(0.,0.,1.));
#5190=DIRECTION('',(0.,-1.,0.));
#5191=DIRECTION('',(0.,0.,-1.));
#5192=DIRECTION('',(0.,-1.,0.));
#5193=DIRECTION('',(0.,0.,-1.));
#5194=DIRECTION('',(0.,-1.,0.));
#5195=DIRECTION('',(0.,0.,1.));
#5196=DIRECTION('',(0.,1.,0.));
#5197=DIRECTION('',(0.,0.,1.));
#5198=DIRECTION('',(0.,1.,0.));
#5199=DIRECTION('',(0.,0.,1.));
#5200=DIRECTION('',(-1.,0.,0.));
#5201=DIRECTION('',(0.,0.,1.));
#5202=DIRECTION('',(-1.,0.,0.));
#5203=DIRECTION('',(0.,0.,1.));
#5204=DIRECTION('',(-1.,0.,0.));
#5205=DIRECTION('',(0.,0.,1.));
#5206=DIRECTION('',(0.,0.,1.));
#5207=DIRECTION('',(0.,-1.,0.));
#5208=DIRECTION('',(0.,0.,-1.));
#5209=DIRECTION('',(0.,-1.,0.));
#5210=DIRECTION('',(0.,0.,-1.));
#5211=DIRECTION('',(0.,-1.,0.));
#5212=DIRECTION('',(0.,0.,1.));
#5213=DIRECTION('',(-1.,0.,0.));
#5214=DIRECTION('',(0.,0.,1.));
#5215=DIRECTION('',(0.,1.,0.));
#5216=DIRECTION('',(0.,0.,1.));
#5217=DIRECTION('',(0.,1.,0.));
#5218=DIRECTION('',(-1.,0.,0.));
#5219=DIRECTION('',(0.,0.,1.));
#5220=DIRECTION('',(0.,1.,0.));
#5221=DIRECTION('',(-1.,0.,0.));
#5222=DIRECTION('',(0.,0.,1.));
#5223=DIRECTION('',(0.,0.,1.));
#5224=DIRECTION('',(0.,-1.,0.));
#5225=DIRECTION('',(0.,0.,-1.));
#5226=DIRECTION('',(0.,-1.,0.));
#5227=DIRECTION('',(0.,0.,-1.));
#5228=DIRECTION('',(0.,-1.,0.));
#5229=DIRECTION('',(0.,0.,1.));
#5230=DIRECTION('',(0.,1.,0.));
#5231=DIRECTION('',(0.,0.,1.));
#5232=DIRECTION('',(0.,1.,0.));
#5233=DIRECTION('',(0.,0.,1.));
#5234=DIRECTION('',(-1.,0.,0.));
#5235=DIRECTION('',(0.,0.,1.));
#5236=DIRECTION('',(-1.,0.,0.));
#5237=DIRECTION('',(0.,0.,1.));
#5238=DIRECTION('',(-1.,0.,0.));
#5239=DIRECTION('',(0.,0.,1.));
#5240=DIRECTION('',(0.,0.,1.));
#5241=DIRECTION('',(0.,-1.,0.));
#5242=DIRECTION('',(0.,0.,-1.));
#5243=DIRECTION('',(0.,-1.,0.));
#5244=DIRECTION('',(0.,0.,-1.));
#5245=DIRECTION('',(0.,-1.,0.));
#5246=DIRECTION('',(0.,0.,1.));
#5247=DIRECTION('',(-1.,0.,0.));
#5248=DIRECTION('',(0.,0.,1.));
#5249=DIRECTION('',(0.,1.,0.));
#5250=DIRECTION('',(0.,0.,1.));
#5251=DIRECTION('',(0.,1.,0.));
#5252=DIRECTION('',(0.,1.,0.));
#5253=DIRECTION('',(0.,0.,1.));
#5254=DIRECTION('',(-1.,0.,0.));
#5255=DIRECTION('',(0.,0.,1.));
#5256=DIRECTION('',(-1.,0.,0.));
#5257=DIRECTION('',(0.,0.,1.));
#5258=DIRECTION('',(0.,1.,0.));
#5259=DIRECTION('',(0.,0.,1.));
#5260=DIRECTION('',(-1.,0.,0.));
#5261=DIRECTION('',(0.,0.,1.));
#5262=DIRECTION('',(-1.,0.,0.));
#5263=DIRECTION('',(0.,0.,1.));
#5264=DIRECTION('',(0.,1.,0.));
#5265=DIRECTION('',(0.,0.,1.));
#5266=DIRECTION('',(1.,0.,0.));
#5267=DIRECTION('',(0.,0.,1.));
#5268=DIRECTION('',(-1.,0.,0.));
#5269=DIRECTION('',(0.,0.,1.));
#5270=DIRECTION('',(0.,1.,0.));
#5271=DIRECTION('',(0.,0.,1.));
#5272=DIRECTION('',(-1.,0.,0.));
#5273=DIRECTION('',(0.,0.,1.));
#5274=DIRECTION('',(-1.,0.,0.));
#5275=DIRECTION('',(0.,0.,1.));
#5276=DIRECTION('',(0.,1.,0.));
#5277=DIRECTION('',(0.,0.,1.));
#5278=DIRECTION('',(-1.,0.,0.));
#5279=DIRECTION('',(0.,0.,1.));
#5280=DIRECTION('',(-1.,0.,0.));
#5281=DIRECTION('',(0.,0.,1.));
#5282=DIRECTION('',(0.,0.,-1.));
#5283=DIRECTION('',(1.,0.,0.));
#5284=DIRECTION('',(-1.,0.,0.));
#5285=DIRECTION('',(0.,0.,-1.));
#5286=DIRECTION('',(-1.,0.,0.));
#5287=DIRECTION('',(1.,0.,0.));
#5288=DIRECTION('',(0.,0.,-1.));
#5289=DIRECTION('',(-1.,0.,0.));
#5290=DIRECTION('',(0.,-1.,0.));
#5291=DIRECTION('',(0.,0.,-1.));
#5292=DIRECTION('',(0.,0.,1.));
#5293=DIRECTION('',(1.,0.,0.));
#5294=DIRECTION('',(0.,0.,1.));
#5295=DIRECTION('',(0.,0.,-1.));
#5296=DIRECTION('',(1.,0.,0.));
#5297=DIRECTION('',(0.,0.,-1.));
#5298=DIRECTION('',(-1.,0.,0.));
#5299=DIRECTION('',(0.,0.,-1.));
#5300=DIRECTION('',(-1.,0.,0.));
#5301=DIRECTION('',(0.,0.,-1.));
#5302=DIRECTION('',(-1.,0.,0.));
#5303=DIRECTION('',(0.,0.,-1.));
#5304=DIRECTION('',(-1.,0.,0.));
#5305=DIRECTION('',(0.,0.,-1.));
#5306=DIRECTION('',(-1.,0.,0.));
#5307=DIRECTION('',(0.,0.,-1.));
#5308=DIRECTION('',(1.,0.,0.));
#5309=DIRECTION('',(-1.,0.,0.));
#5310=DIRECTION('',(0.,0.,-1.));
#5311=DIRECTION('',(-1.,0.,0.));
#5312=DIRECTION('',(1.,0.,0.));
#5313=DIRECTION('',(0.,0.,-1.));
#5314=DIRECTION('',(-1.,0.,0.));
#5315=DIRECTION('',(0.,-1.,0.));
#5316=DIRECTION('',(0.,0.,-1.));
#5317=DIRECTION('',(1.,0.,0.));
#5318=DIRECTION('',(0.,0.,1.));
#5319=DIRECTION('',(0.,0.,1.));
#5320=DIRECTION('',(0.,0.,-1.));
#5321=DIRECTION('',(1.,0.,0.));
#5322=DIRECTION('',(0.,0.,-1.));
#5323=DIRECTION('',(-1.,0.,0.));
#5324=DIRECTION('',(0.,0.,-1.));
#5325=DIRECTION('',(-1.,0.,0.));
#5326=DIRECTION('',(0.,0.,-1.));
#5327=DIRECTION('',(-1.,0.,0.));
#5328=DIRECTION('',(0.,0.,-1.));
#5329=DIRECTION('',(-1.,0.,0.));
#5330=DIRECTION('',(0.,0.,-1.));
#5331=DIRECTION('',(-1.,0.,0.));
#5332=DIRECTION('',(0.,1.,0.));
#5333=DIRECTION('',(0.,0.,1.));
#5334=DIRECTION('',(-1.,0.,0.));
#5335=DIRECTION('',(0.,0.,1.));
#5336=DIRECTION('',(-1.,0.,0.));
#5337=DIRECTION('',(0.,0.,1.));
#5338=DIRECTION('',(0.,0.,-1.));
#5339=DIRECTION('',(1.,0.,0.));
#5340=DIRECTION('',(0.,0.,-1.));
#5341=DIRECTION('',(-1.,0.,0.));
#5342=DIRECTION('',(0.,0.,-1.));
#5343=DIRECTION('',(-1.,0.,0.));
#5344=DIRECTION('',(0.,0.,-1.));
#5345=DIRECTION('',(-1.,0.,0.));
#5346=DIRECTION('',(0.,0.,-1.));
#5347=DIRECTION('',(-1.,0.,0.));
#5348=DIRECTION('',(0.,0.,-1.));
#5349=DIRECTION('',(-1.,0.,0.));
#5350=DIRECTION('',(0.,0.,-1.));
#5351=DIRECTION('',(1.,0.,0.));
#5352=DIRECTION('',(-1.,0.,0.));
#5353=DIRECTION('',(0.,0.,-1.));
#5354=DIRECTION('',(-1.,0.,0.));
#5355=DIRECTION('',(0.,0.,-1.));
#5356=DIRECTION('',(-1.,0.,0.));
#5357=DIRECTION('',(3.46944695195361E-16,1.,0.));
#5358=DIRECTION('',(-1.,3.46944695195361E-16,0.));
#5359=DIRECTION('',(-1.,3.46944695195361E-16,0.));
#5360=DIRECTION('',(0.,0.,1.));
#5361=DIRECTION('',(-1.,3.46944695195361E-16,0.));
#5362=DIRECTION('',(0.,0.,1.));
#5363=DIRECTION('',(0.,0.,-1.));
#5364=DIRECTION('',(1.,0.,0.));
#5365=DIRECTION('',(0.,0.,-1.));
#5366=DIRECTION('',(-1.,0.,0.));
#5367=DIRECTION('',(0.,0.,-1.));
#5368=DIRECTION('',(-1.,0.,0.));
#5369=DIRECTION('',(0.,0.,-1.));
#5370=DIRECTION('',(-1.,0.,0.));
#5371=DIRECTION('',(0.,0.,-1.));
#5372=DIRECTION('',(-1.,0.,0.));
#5373=DIRECTION('',(0.,0.,-1.));
#5374=DIRECTION('',(-1.,0.,0.));
#5375=DIRECTION('',(0.,0.,-1.));
#5376=DIRECTION('',(1.,0.,0.));
#5377=DIRECTION('',(-1.,0.,0.));
#5378=DIRECTION('',(0.,0.,-1.));
#5379=DIRECTION('',(-1.,0.,0.));
#5380=DIRECTION('',(0.,0.,-1.));
#5381=DIRECTION('',(-1.,0.,0.));
#5382=DIRECTION('',(0.,0.,-1.));
#5383=DIRECTION('',(1.,0.,0.));
#5384=DIRECTION('',(-1.,1.46400976947817E-16,0.));
#5385=DIRECTION('',(-1.,0.,0.));
#5386=DIRECTION('',(1.46400976947817E-16,1.,0.));
#5387=DIRECTION('',(-1.,1.46400976947817E-16,0.));
#5388=DIRECTION('',(-1.,1.46400976947817E-16,0.));
#5389=DIRECTION('',(0.,1.,0.));
#5390=DIRECTION('',(0.,0.,1.));
#5391=DIRECTION('',(0.,1.,0.));
#5392=DIRECTION('',(0.,0.,1.));
#5393=DIRECTION('',(0.,0.,-1.));
#5394=DIRECTION('',(0.,0.,-1.));
#5395=DIRECTION('',(0.,1.,0.));
#5396=DIRECTION('',(0.,0.,1.));
#5397=DIRECTION('',(0.,0.,-1.));
#5398=DIRECTION('',(1.,0.,0.));
#5399=DIRECTION('',(-1.,1.46400976947817E-16,0.));
#5400=DIRECTION('',(-1.,0.,0.));
#5401=DIRECTION('',(1.46400976947817E-16,1.,0.));
#5402=DIRECTION('',(-1.,1.46400976947817E-16,0.));
#5403=DIRECTION('',(-1.,1.46400976947817E-16,0.));
#5404=DIRECTION('',(0.,1.,0.));
#5405=DIRECTION('',(0.,0.,1.));
#5406=DIRECTION('',(0.,0.,-1.));
#5407=DIRECTION('',(0.,1.,0.));
#5408=DIRECTION('',(0.,0.,1.));
#5409=DIRECTION('',(0.,0.,-1.));
#5410=DIRECTION('',(-1.,0.,0.));
#5411=DIRECTION('',(0.,1.,0.));
#5412=DIRECTION('',(0.,0.,1.));
#5413=DIRECTION('',(0.,1.,0.));
#5414=DIRECTION('',(0.,0.,1.));
#5415=DIRECTION('',(0.,0.,-1.));
#5416=DIRECTION('',(-1.,0.,0.));
#5417=DIRECTION('',(1.46400976947817E-16,1.,0.));
#5418=DIRECTION('',(-1.,1.46400976947817E-16,0.));
#5419=DIRECTION('',(-1.,1.46400976947817E-16,0.));
#5420=DIRECTION('',(-1.,1.46400976947817E-16,0.));
#5421=DIRECTION('',(0.,0.,-1.));
#5422=DIRECTION('',(1.,0.,0.));
#5423=DIRECTION('',(0.,0.,-1.));
#5424=DIRECTION('',(1.,0.,0.));
#5425=DIRECTION('',(-1.,1.46400976947817E-16,0.));
#5426=DIRECTION('',(-1.,0.,0.));
#5427=DIRECTION('',(0.,1.,0.));
#5428=DIRECTION('',(0.,0.,1.));
#5429=DIRECTION('',(-1.,0.,0.));
#5430=DIRECTION('',(1.46400976947817E-16,1.,0.));
#5431=DIRECTION('',(-1.,1.46400976947817E-16,0.));
#5432=DIRECTION('',(1.46400976947817E-16,1.,0.));
#5433=DIRECTION('',(-1.,1.46400976947817E-16,0.));
#5434=DIRECTION('',(1.46400976947817E-16,1.,0.));
#5435=DIRECTION('',(-1.,1.46400976947817E-16,0.));
#5436=DIRECTION('',(0.,0.,-1.));
#5437=DIRECTION('',(1.,0.,0.));
#5438=DIRECTION('',(-1.,1.46400976947817E-16,0.));
#5439=DIRECTION('',(-1.,0.,0.));
#5440=DIRECTION('',(0.,1.,0.));
#5441=DIRECTION('',(0.,0.,1.));
#5442=DIRECTION('',(-1.,0.,0.));
#5443=DIRECTION('',(1.46400976947817E-16,1.,0.));
#5444=DIRECTION('',(-1.,1.46400976947817E-16,0.));
#5445=DIRECTION('',(1.46400976947817E-16,1.,0.));
#5446=DIRECTION('',(-1.,1.46400976947817E-16,0.));
#5447=DIRECTION('',(1.46400976947817E-16,1.,0.));
#5448=DIRECTION('',(-1.,1.46400976947817E-16,0.));
#5449=DIRECTION('',(-1.,1.46400976947817E-16,0.));
#5450=DIRECTION('',(0.,0.,-1.));
#5451=DIRECTION('',(1.46400976947817E-16,1.,0.));
#5452=DIRECTION('',(-1.,1.46400976947817E-16,0.));
#5453=DIRECTION('',(-1.,1.46400976947817E-16,0.));
#5454=DIRECTION('',(0.,1.,0.));
#5455=DIRECTION('',(0.,0.,1.));
#5456=DIRECTION('',(-1.,0.,0.));
#5457=DIRECTION('',(-1.,0.,0.));
#5458=DIRECTION('',(0.,0.,-1.));
#5459=DIRECTION('',(1.,0.,0.));
#5460=DIRECTION('',(-1.,1.46400976947817E-16,0.));
#5461=DIRECTION('',(-1.46400976947817E-16,-1.,0.));
#5462=DIRECTION('',(-0.707106781186548,0.707106781186548,0.));
#5463=DIRECTION('',(-0.707106781186548,-0.707106781186548,0.));
#5464=DIRECTION('',(0.,0.,-1.));
#5465=DIRECTION('',(-1.,0.,0.));
#5466=DIRECTION('',(0.,0.,1.));
#5467=DIRECTION('',(1.,0.,0.));
#5468=DIRECTION('',(0.,1.,0.));
#5469=DIRECTION('',(0.,0.,1.));
#5470=DIRECTION('',(0.,-1.,0.));
#5471=DIRECTION('',(0.,0.,-1.));
#5472=DIRECTION('',(0.,0.,1.));
#5473=DIRECTION('',(1.,0.,0.));
#5474=DIRECTION('',(-1.,0.,0.));
#5475=DIRECTION('',(0.,0.,1.));
#5476=DIRECTION('',(0.,0.,1.));
#5477=DIRECTION('',(1.,0.,0.));
#5478=DIRECTION('',(0.,0.,1.));
#5479=DIRECTION('',(1.,0.,0.));
#5480=DIRECTION('',(-1.,0.,0.));
#5481=DIRECTION('',(0.,0.,1.));
#5482=DIRECTION('',(1.,0.,0.));
#5483=DIRECTION('',(0.,0.,-1.));
#5484=DIRECTION('',(0.,0.,1.));
#5485=DIRECTION('',(1.,0.,0.));
#5486=DIRECTION('',(0.,-1.,0.));
#5487=DIRECTION('',(0.,0.,-1.));
#5488=DIRECTION('',(0.,-1.,0.));
#5489=DIRECTION('',(0.,0.,-1.));
#5490=DIRECTION('',(-0.707106781186548,-0.707106781186548,0.));
#5491=DIRECTION('',(-0.707106781186548,0.707106781186548,0.));
#5492=DIRECTION('',(-1.,1.46400976947817E-16,0.));
#5493=DIRECTION('',(-1.46400976947817E-16,-1.,0.));
#5494=DIRECTION('',(-0.707106781186548,0.707106781186548,0.));
#5495=DIRECTION('',(-0.707106781186548,-0.707106781186548,0.));
#5496=DIRECTION('',(0.,0.,-1.));
#5497=DIRECTION('',(-1.,0.,0.));
#5498=DIRECTION('',(0.,0.,1.));
#5499=DIRECTION('',(1.,0.,0.));
#5500=DIRECTION('',(0.,1.,0.));
#5501=DIRECTION('',(0.,0.,1.));
#5502=DIRECTION('',(0.,-1.,0.));
#5503=DIRECTION('',(0.,0.,-1.));
#5504=DIRECTION('',(0.,0.,1.));
#5505=DIRECTION('',(1.,0.,0.));
#5506=DIRECTION('',(-1.,0.,0.));
#5507=DIRECTION('',(0.,0.,1.));
#5508=DIRECTION('',(0.,0.,1.));
#5509=DIRECTION('',(1.,0.,0.));
#5510=DIRECTION('',(0.,0.,1.));
#5511=DIRECTION('',(1.,0.,0.));
#5512=DIRECTION('',(-1.,0.,0.));
#5513=DIRECTION('',(0.,0.,1.));
#5514=DIRECTION('',(1.,0.,0.));
#5515=DIRECTION('',(0.,0.,-1.));
#5516=DIRECTION('',(0.,0.,1.));
#5517=DIRECTION('',(1.,0.,0.));
#5518=DIRECTION('',(0.,-1.,0.));
#5519=DIRECTION('',(0.,0.,-1.));
#5520=DIRECTION('',(0.,-1.,0.));
#5521=DIRECTION('',(0.,0.,-1.));
#5522=DIRECTION('',(-0.707106781186548,-0.707106781186548,0.));
#5523=DIRECTION('',(-0.707106781186548,0.707106781186548,0.));
#5524=DIRECTION('',(-1.,1.46400976947817E-16,0.));
#5525=DIRECTION('',(-1.46400976947817E-16,-1.,0.));
#5526=DIRECTION('',(1.,0.,0.));
#5527=DIRECTION('',(0.,0.,-1.));
#5528=DIRECTION('',(0.707106781186548,-0.707106781186548,0.));
#5529=DIRECTION('',(0.707106781186548,0.707106781186548,0.));
#5530=DIRECTION('',(0.,0.,-1.));
#5531=DIRECTION('',(-1.,0.,0.));
#5532=DIRECTION('',(0.,0.,1.));
#5533=DIRECTION('',(1.,0.,0.));
#5534=DIRECTION('',(0.,-1.,0.));
#5535=DIRECTION('',(0.,0.,-1.));
#5536=DIRECTION('',(0.,1.,0.));
#5537=DIRECTION('',(0.,0.,1.));
#5538=DIRECTION('',(0.,0.,1.));
#5539=DIRECTION('',(1.,0.,0.));
#5540=DIRECTION('',(1.,0.,0.));
#5541=DIRECTION('',(0.,0.,-1.));
#5542=DIRECTION('',(0.,0.,1.));
#5543=DIRECTION('',(1.,0.,0.));
#5544=DIRECTION('',(0.,0.,1.));
#5545=DIRECTION('',(1.,0.,0.));
#5546=DIRECTION('',(1.,0.,0.));
#5547=DIRECTION('',(0.,0.,-1.));
#5548=DIRECTION('',(-1.,0.,0.));
#5549=DIRECTION('',(0.,0.,1.));
#5550=DIRECTION('',(0.,0.,1.));
#5551=DIRECTION('',(1.,0.,0.));
#5552=DIRECTION('',(0.,1.,0.));
#5553=DIRECTION('',(0.,0.,1.));
#5554=DIRECTION('',(0.,1.,0.));
#5555=DIRECTION('',(0.,0.,1.));
#5556=DIRECTION('',(0.707106781186548,0.707106781186548,0.));
#5557=DIRECTION('',(0.707106781186548,-0.707106781186548,0.));
#5558=DIRECTION('',(1.,0.,0.));
#5559=DIRECTION('',(0.,0.,-1.));
#5560=DIRECTION('',(0.707106781186548,-0.707106781186548,0.));
#5561=DIRECTION('',(0.707106781186548,0.707106781186548,0.));
#5562=DIRECTION('',(0.,0.,-1.));
#5563=DIRECTION('',(-1.,0.,0.));
#5564=DIRECTION('',(0.,0.,1.));
#5565=DIRECTION('',(1.,0.,0.));
#5566=DIRECTION('',(0.,-1.,0.));
#5567=DIRECTION('',(0.,0.,-1.));
#5568=DIRECTION('',(0.,1.,0.));
#5569=DIRECTION('',(0.,0.,1.));
#5570=DIRECTION('',(0.,0.,1.));
#5571=DIRECTION('',(1.,0.,0.));
#5572=DIRECTION('',(1.,0.,0.));
#5573=DIRECTION('',(0.,0.,-1.));
#5574=DIRECTION('',(0.,0.,1.));
#5575=DIRECTION('',(1.,0.,0.));
#5576=DIRECTION('',(0.,0.,1.));
#5577=DIRECTION('',(1.,0.,0.));
#5578=DIRECTION('',(1.,0.,0.));
#5579=DIRECTION('',(0.,0.,-1.));
#5580=DIRECTION('',(-1.,0.,0.));
#5581=DIRECTION('',(0.,0.,1.));
#5582=DIRECTION('',(0.,0.,1.));
#5583=DIRECTION('',(1.,0.,0.));
#5584=DIRECTION('',(0.,1.,0.));
#5585=DIRECTION('',(0.,0.,1.));
#5586=DIRECTION('',(0.,1.,0.));
#5587=DIRECTION('',(0.,0.,1.));
#5588=DIRECTION('',(0.707106781186548,0.707106781186548,0.));
#5589=DIRECTION('',(0.707106781186548,-0.707106781186548,0.));
#5590=DIRECTION('',(1.,0.,0.));
#5591=DIRECTION('',(0.,0.,-1.));
#5592=DIRECTION('',(-1.,0.,0.));
#5593=DIRECTION('',(0.,0.,1.));
#5594=DIRECTION('',(-1.,0.,0.));
#5595=DIRECTION('',(0.,0.,1.));
#5596=DIRECTION('',(0.,0.,1.));
#5597=DIRECTION('',(1.,0.,0.));
#5598=DIRECTION('',(-1.,0.,0.));
#5599=DIRECTION('',(0.,0.,1.));
#5600=DIRECTION('',(-1.,0.,0.));
#5601=DIRECTION('',(0.,0.,1.));
#5602=DIRECTION('',(0.,0.,-1.));
#5603=DIRECTION('',(-1.,0.,0.));
#5604=DIRECTION('',(0.,0.,1.));
#5605=DIRECTION('',(1.,0.,0.));
#5606=DIRECTION('',(0.,1.,0.));
#5607=DIRECTION('',(0.,0.,1.));
#5608=DIRECTION('',(0.,-1.,0.));
#5609=DIRECTION('',(0.,0.,-1.));
#5610=DIRECTION('',(-1.,0.,0.));
#5611=DIRECTION('',(0.,0.,1.));
#5612=DIRECTION('',(0.,0.,1.));
#5613=DIRECTION('',(1.,0.,0.));
#5614=DIRECTION('',(0.,0.,1.));
#5615=DIRECTION('',(1.,0.,0.));
#5616=DIRECTION('',(-1.,0.,0.));
#5617=DIRECTION('',(0.,0.,1.));
#5618=DIRECTION('',(0.,0.,1.));
#5619=DIRECTION('',(1.,0.,0.));
#5620=DIRECTION('',(0.,0.,1.));
#5621=DIRECTION('',(1.,0.,0.));
#5622=DIRECTION('',(-1.,0.,0.));
#5623=DIRECTION('',(0.,0.,1.));
#5624=DIRECTION('',(1.,0.,0.));
#5625=DIRECTION('',(0.,0.,-1.));
#5626=DIRECTION('',(0.,0.,1.));
#5627=DIRECTION('',(1.,0.,0.));
#5628=DIRECTION('',(0.,-1.,0.));
#5629=DIRECTION('',(0.,0.,-1.));
#5630=DIRECTION('',(0.,0.,1.));
#5631=DIRECTION('',(1.,0.,0.));
#5632=DIRECTION('',(0.,-1.,0.));
#5633=DIRECTION('',(0.,0.,-1.));
#5634=DIRECTION('',(0.,-1.,0.));
#5635=DIRECTION('',(-1.,0.,0.));
#5636=DIRECTION('',(0.,0.,1.));
#5637=DIRECTION('',(-1.,0.,0.));
#5638=DIRECTION('',(0.,0.,1.));
#5639=DIRECTION('',(0.,0.,1.));
#5640=DIRECTION('',(1.,0.,0.));
#5641=DIRECTION('',(1.,0.,0.));
#5642=DIRECTION('',(0.,0.,-1.));
#5643=DIRECTION('',(-1.,0.,0.));
#5644=DIRECTION('',(0.,0.,1.));
#5645=DIRECTION('',(0.,0.,-1.));
#5646=DIRECTION('',(-1.,0.,0.));
#5647=DIRECTION('',(0.,0.,1.));
#5648=DIRECTION('',(1.,0.,0.));
#5649=DIRECTION('',(-1.,0.,0.));
#5650=DIRECTION('',(0.,0.,1.));
#5651=DIRECTION('',(0.,0.,1.));
#5652=DIRECTION('',(1.,0.,0.));
#5653=DIRECTION('',(0.,0.,1.));
#5654=DIRECTION('',(1.,0.,0.));
#5655=DIRECTION('',(1.,0.,0.));
#5656=DIRECTION('',(0.,0.,-1.));
#5657=DIRECTION('',(0.,0.,1.));
#5658=DIRECTION('',(1.,0.,0.));
#5659=DIRECTION('',(0.,0.,1.));
#5660=DIRECTION('',(1.,0.,0.));
#5661=DIRECTION('',(0.,0.,1.));
#5662=DIRECTION('',(1.,0.,0.));
#5663=DIRECTION('',(1.,0.,0.));
#5664=DIRECTION('',(0.,0.,-1.));
#5665=DIRECTION('',(-1.,0.,0.));
#5666=DIRECTION('',(0.,0.,1.));
#5667=DIRECTION('',(0.,0.,1.));
#5668=DIRECTION('',(1.,0.,0.));
#5669=DIRECTION('',(-1.,0.,0.));
#5670=DIRECTION('',(0.,0.,1.));
#5671=DIRECTION('',(0.,0.,1.));
#5672=DIRECTION('',(1.,0.,0.));
#5673=DIRECTION('',(-1.,0.,0.));
#5674=DIRECTION('',(0.,0.,1.));
#5675=DIRECTION('',(0.,0.,1.));
#5676=DIRECTION('',(1.,0.,0.));
#5677=DIRECTION('',(0.,0.,1.));
#5678=DIRECTION('',(1.,0.,0.));
#5679=DIRECTION('',(1.,0.,0.));
#5680=DIRECTION('',(0.,0.,-1.));
#5681=DIRECTION('',(-1.,0.,0.));
#5682=DIRECTION('',(0.,0.,1.));
#5683=DIRECTION('',(0.,0.,1.));
#5684=DIRECTION('',(1.,0.,0.));
#5685=DIRECTION('',(-1.,0.,0.));
#5686=DIRECTION('',(0.,0.,1.));
#5687=DIRECTION('',(-1.,0.,0.));
#5688=DIRECTION('',(0.,0.,1.));
#5689=DIRECTION('',(0.,0.,1.));
#5690=DIRECTION('',(1.,0.,0.));
#5691=DIRECTION('',(1.,0.,0.));
#5692=DIRECTION('',(0.,0.,-1.));
#5693=DIRECTION('',(1.,0.,0.));
#5694=DIRECTION('',(0.,0.,-1.));
#5695=DIRECTION('',(0.,0.,-1.));
#5696=DIRECTION('',(-1.,0.,0.));
#5697=DIRECTION('',(0.,0.,1.));
#5698=DIRECTION('',(1.,0.,0.));
#5699=DIRECTION('',(0.,0.,1.));
#5700=DIRECTION('',(1.,0.,0.));
#5701=DIRECTION('',(-1.,0.,0.));
#5702=DIRECTION('',(0.,0.,1.));
#5703=DIRECTION('',(0.,0.,1.));
#5704=DIRECTION('',(1.,0.,0.));
#5705=DIRECTION('',(-1.,0.,0.));
#5706=DIRECTION('',(0.,0.,1.));
#5707=DIRECTION('',(0.,-1.,0.));
#5708=DIRECTION('',(0.,0.,-1.));
#5709=DIRECTION('',(0.,-1.,0.));
#5710=DIRECTION('',(0.,0.,-1.));
#5711=DIRECTION('',(0.,0.,1.));
#5712=DIRECTION('',(1.,0.,0.));
#5713=DIRECTION('',(0.,0.,1.));
#5714=DIRECTION('',(1.,0.,0.));
#5715=DIRECTION('',(-1.,0.,0.));
#5716=DIRECTION('',(0.,0.,1.));
#5717=DIRECTION('',(-1.,0.,0.));
#5718=DIRECTION('',(0.,0.,1.));
#5719=DIRECTION('',(0.,0.,1.));
#5720=DIRECTION('',(1.,0.,0.));
#5721=DIRECTION('',(1.,0.,0.));
#5722=DIRECTION('',(0.,0.,-1.));
#5723=DIRECTION('',(-1.,0.,0.));
#5724=DIRECTION('',(0.,0.,1.));
#5725=DIRECTION('',(0.,0.,1.));
#5726=DIRECTION('',(1.,0.,0.));
#5727=DIRECTION('',(-1.,0.,0.));
#5728=DIRECTION('',(0.,0.,1.));
#5729=DIRECTION('',(-1.,0.,0.));
#5730=DIRECTION('',(0.,0.,1.));
#5731=DIRECTION('',(0.,0.,-1.));
#5732=DIRECTION('',(-1.,0.,0.));
#5733=DIRECTION('',(0.,0.,1.));
#5734=DIRECTION('',(1.,0.,0.));
#5735=DIRECTION('',(0.,0.,1.));
#5736=DIRECTION('',(1.,0.,0.));
#5737=DIRECTION('',(0.,-1.,0.));
#5738=DIRECTION('',(0.,0.,-1.));
#5739=DIRECTION('',(0.,1.,0.));
#5740=DIRECTION('',(0.,0.,1.));
#5741=DIRECTION('',(0.,0.,1.));
#5742=DIRECTION('',(1.,0.,0.));
#5743=DIRECTION('',(0.,0.,-1.));
#5744=DIRECTION('',(-1.,0.,0.));
#5745=DIRECTION('',(0.,0.,1.));
#5746=DIRECTION('',(1.,0.,0.));
#5747=DIRECTION('',(0.,0.,-1.));
#5748=DIRECTION('',(-1.,0.,0.));
#5749=DIRECTION('',(0.,0.,1.));
#5750=DIRECTION('',(1.,0.,0.));
#5751=DIRECTION('',(0.,0.,-1.));
#5752=DIRECTION('',(-1.,0.,0.));
#5753=DIRECTION('',(0.,0.,-1.));
#5754=DIRECTION('',(-1.,0.,0.));
#5755=DIRECTION('',(0.,0.,1.));
#5756=DIRECTION('',(1.,0.,0.));
#5757=DIRECTION('',(1.,-5.51198006466665E-16,0.));
#5758=DIRECTION('',(5.51198006466665E-16,1.,0.));
#5759=DIRECTION('',(1.,-2.75599003233333E-16,0.));
#5760=DIRECTION('',(2.75599003233333E-16,1.,0.));
#5761=DIRECTION('',(-2.75599003233333E-16,-1.,0.));
#5762=DIRECTION('',(0.,0.,-1.));
#5763=DIRECTION('',(-1.,0.,0.));
#5764=DIRECTION('',(0.,0.,-1.));
#5765=DIRECTION('',(-1.,0.,0.));
#5766=DIRECTION('',(0.,0.,1.));
#5767=DIRECTION('',(1.,0.,0.));
#5768=DIRECTION('',(0.,0.,-1.));
#5769=DIRECTION('',(-1.,0.,0.));
#5770=DIRECTION('',(0.,0.,-1.));
#5771=DIRECTION('',(-1.,0.,0.));
#5772=DIRECTION('',(0.,0.,1.));
#5773=DIRECTION('',(1.,0.,0.));
#5774=DIRECTION('',(0.,0.,-1.));
#5775=DIRECTION('',(1.,0.,0.));
#5776=DIRECTION('',(0.,0.,-1.));
#5777=DIRECTION('',(-1.,0.,0.));
#5778=DIRECTION('',(0.,0.,1.));
#5779=DIRECTION('',(1.,0.,0.));
#5780=DIRECTION('',(0.,0.,-1.));
#5781=DIRECTION('',(1.,0.,0.));
#5782=DIRECTION('',(0.,0.,-1.));
#5783=DIRECTION('',(-1.,0.,0.));
#5784=DIRECTION('',(0.,0.,-1.));
#5785=DIRECTION('',(-1.,0.,0.));
#5786=DIRECTION('',(0.,0.,-1.));
#5787=DIRECTION('',(-1.,0.,0.));
#5788=DIRECTION('',(0.,0.,-1.));
#5789=DIRECTION('',(-1.,0.,0.));
#5790=DIRECTION('',(0.,0.,-1.));
#5791=DIRECTION('',(-1.,0.,0.));
#5792=DIRECTION('',(0.,0.,1.));
#5793=DIRECTION('',(1.,0.,0.));
#5794=DIRECTION('',(0.,0.,1.));
#5795=DIRECTION('',(1.,0.,0.));
#5796=DIRECTION('',(0.,0.,-1.));
#5797=DIRECTION('',(-1.,0.,0.));
#5798=DIRECTION('',(0.,0.,1.));
#5799=DIRECTION('',(1.,0.,0.));
#5800=DIRECTION('',(0.,0.,1.));
#5801=DIRECTION('',(1.,0.,0.));
#5802=DIRECTION('',(0.,0.,1.));
#5803=DIRECTION('',(1.,0.,0.));
#5804=DIRECTION('',(0.,0.,-1.));
#5805=DIRECTION('',(-1.,0.,0.));
#5806=DIRECTION('',(0.,0.,-1.));
#5807=DIRECTION('',(-1.,0.,0.));
#5808=DIRECTION('',(0.,0.,-1.));
#5809=DIRECTION('',(-1.,0.,0.));
#5810=DIRECTION('',(0.,0.,-1.));
#5811=DIRECTION('',(-1.,0.,0.));
#5812=DIRECTION('',(0.,0.,-1.));
#5813=DIRECTION('',(-1.,0.,0.));
#5814=DIRECTION('',(0.,0.,-1.));
#5815=DIRECTION('',(-1.,0.,0.));
#5816=DIRECTION('',(0.,0.,-1.));
#5817=DIRECTION('',(-1.,0.,0.));
#5818=DIRECTION('',(0.,0.,-1.));
#5819=DIRECTION('',(-1.,0.,0.));
#5820=DIRECTION('',(0.,0.,-1.));
#5821=DIRECTION('',(-1.,0.,0.));
#5822=DIRECTION('',(0.,0.,-1.));
#5823=DIRECTION('',(-1.,0.,0.));
#5824=DIRECTION('',(0.,0.,-1.));
#5825=DIRECTION('',(-1.,0.,0.));
#5826=DIRECTION('',(0.,0.,-1.));
#5827=DIRECTION('',(-1.,0.,0.));
#5828=DIRECTION('',(0.,0.,-1.));
#5829=DIRECTION('',(-1.,0.,0.));
#5830=DIRECTION('',(0.,0.,-1.));
#5831=DIRECTION('',(-1.,0.,0.));
#5832=DIRECTION('',(0.,0.,-1.));
#5833=DIRECTION('',(-1.,0.,0.));
#5834=DIRECTION('',(0.,0.,-1.));
#5835=DIRECTION('',(-1.,0.,0.));
#5836=DIRECTION('',(0.,0.,-1.));
#5837=DIRECTION('',(-1.,0.,0.));
#5838=DIRECTION('',(0.,0.,-1.));
#5839=DIRECTION('',(-1.,0.,0.));
#5840=DIRECTION('',(0.,0.,-1.));
#5841=DIRECTION('',(-1.,0.,0.));
#5842=DIRECTION('',(0.,0.,-1.));
#5843=DIRECTION('',(-1.,0.,0.));
#5844=DIRECTION('',(0.,0.,-1.));
#5845=DIRECTION('',(-1.,0.,0.));
#5846=DIRECTION('',(0.,0.,-1.));
#5847=DIRECTION('',(-1.,0.,0.));
#5848=DIRECTION('',(0.,0.,-1.));
#5849=DIRECTION('',(-1.,0.,0.));
#5850=DIRECTION('',(0.,0.,-1.));
#5851=DIRECTION('',(-1.,0.,0.));
#5852=DIRECTION('',(0.,0.,-1.));
#5853=DIRECTION('',(-1.,0.,0.));
#5854=DIRECTION('',(0.,0.,-1.));
#5855=DIRECTION('',(-1.,0.,0.));
#5856=DIRECTION('',(0.,0.,-1.));
#5857=DIRECTION('',(-1.,0.,0.));
#5858=DIRECTION('',(0.,0.,-1.));
#5859=DIRECTION('',(-1.,0.,0.));
#5860=DIRECTION('',(0.,0.,-1.));
#5861=DIRECTION('',(-1.,0.,0.));
#5862=DIRECTION('',(0.,0.,-1.));
#5863=DIRECTION('',(0.,0.,1.));
#5864=DIRECTION('',(1.,0.,0.));
#5865=DIRECTION('',(1.,0.,0.));
#5866=DIRECTION('',(0.,0.,-1.));
#5867=DIRECTION('',(0.,-1.,0.));
#5868=DIRECTION('',(0.,0.,-1.));
#5869=DIRECTION('',(-1.,0.,0.));
#5870=DIRECTION('',(0.,0.,1.));
#5871=DIRECTION('',(1.,0.,0.));
#5872=DIRECTION('',(0.,0.,1.));
#5873=DIRECTION('',(1.,0.,0.));
#5874=DIRECTION('',(0.,0.,-1.));
#5875=DIRECTION('',(-1.,0.,0.));
#5876=DIRECTION('',(0.,0.,-1.));
#5877=DIRECTION('',(-1.,0.,0.));
#5878=DIRECTION('',(0.,0.,-1.));
#5879=DIRECTION('',(1.,0.,0.));
#5880=DIRECTION('',(0.,0.,-1.));
#5881=DIRECTION('',(-1.,0.,0.));
#5882=DIRECTION('',(0.,0.,-1.));
#5883=DIRECTION('',(-1.,0.,0.));
#5884=DIRECTION('',(0.,0.,-1.));
#5885=DIRECTION('',(1.,0.,0.));
#5886=DIRECTION('',(0.,0.,-1.));
#5887=DIRECTION('',(-1.,0.,0.));
#5888=DIRECTION('',(0.,0.,-1.));
#5889=DIRECTION('',(-1.,0.,0.));
#5890=DIRECTION('',(0.,0.,-1.));
#5891=DIRECTION('',(1.,0.,0.));
#5892=DIRECTION('',(0.,0.,-1.));
#5893=DIRECTION('',(-1.,0.,0.));
#5894=DIRECTION('',(0.,0.,-1.));
#5895=DIRECTION('',(-1.,0.,0.));
#5896=DIRECTION('',(0.,0.,-1.));
#5897=DIRECTION('',(1.,0.,0.));
#5898=DIRECTION('',(0.,1.,0.));
#5899=DIRECTION('',(0.,0.,1.));
#5900=DIRECTION('',(0.707106781186548,0.,-0.707106781186547));
#5901=DIRECTION('',(1.,0.,0.));
#5902=DIRECTION('',(0.,0.,1.));
#5903=DIRECTION('',(-1.,0.,0.));
#5904=DIRECTION('',(0.,0.,1.));
#5905=DIRECTION('',(0.,-0.707106781186548,0.707106781186547));
#5906=DIRECTION('',(0.,0.,1.));
#5907=DIRECTION('',(0.,0.,1.));
#5908=DIRECTION('',(0.,0.707106781186548,0.707106781186547));
#5909=DIRECTION('',(0.,-1.,0.));
#5910=DIRECTION('',(0.,1.,0.));
#5911=DIRECTION('',(0.,0.,1.));
#5912=DIRECTION('',(0.,0.,1.));
#5913=DIRECTION('',(-1.,0.,0.));
#5914=DIRECTION('',(-0.707106781186548,0.,0.707106781186547));
#5915=DIRECTION('',(-1.,0.,0.));
#5916=DIRECTION('',(0.,0.,1.));
#5917=DIRECTION('',(0.,-1.,0.));
#5918=DIRECTION('',(0.,0.707106781186547,0.707106781186548));
#5919=DIRECTION('',(1.,0.,0.));
#5920=DIRECTION('',(-0.577350269189626,0.577350269189626,-0.577350269189626));
#5921=DIRECTION('',(1.,0.,0.));
#5922=DIRECTION('',(-0.707106781186547,0.,0.707106781186548));
#5923=DIRECTION('',(0.,1.,0.));
#5924=DIRECTION('',(0.577350269189626,0.577350269189626,0.577350269189626));
#5925=DIRECTION('',(0.,1.,0.));
#5926=DIRECTION('',(0.,0.707106781186547,-0.707106781186548));
#5927=DIRECTION('',(-1.,0.,0.));
#5928=DIRECTION('',(-1.,0.,0.));
#5929=DIRECTION('',(0.707106781186547,0.,0.707106781186548));
#5930=DIRECTION('',(0.,1.,0.));
#5931=DIRECTION('',(1.,0.,0.));
#5932=DIRECTION('',(0.,0.,-1.));
#5933=DIRECTION('',(0.,0.,1.));
#5934=DIRECTION('',(0.,0.,1.));
#5935=DIRECTION('',(0.,1.,0.));
#5936=DIRECTION('',(0.,0.,1.));
#5937=DIRECTION('',(0.,-1.,0.));
#5938=DIRECTION('',(0.,0.,-1.));
#5939=DIRECTION('',(0.,0.,1.));
#5940=DIRECTION('',(1.,0.,0.));
#5941=CARTESIAN_POINT('',(0.,0.,0.));
#5942=CARTESIAN_POINT('',(0.161,0.04579,-0.0097));
#5943=CARTESIAN_POINT('',(0.161,0.04579,-0.0067));
#5944=CARTESIAN_POINT('',(0.1595,0.04579,-0.0067));
#5945=CARTESIAN_POINT('',(0.161,0.04579,-0.0082));
#5946=CARTESIAN_POINT('',(0.1595,0.04579,-0.0082));
#5947=CARTESIAN_POINT('',(0.301,0.04579,-0.0097));
#5948=CARTESIAN_POINT('',(0.301,0.04579,-0.0067));
#5949=CARTESIAN_POINT('',(0.2995,0.04579,-0.0067));
#5950=CARTESIAN_POINT('',(0.301,0.04579,-0.0082));
#5951=CARTESIAN_POINT('',(0.2995,0.04579,-0.0082));
#5952=CARTESIAN_POINT('',(0.301,-0.02492,-0.0097));
#5953=CARTESIAN_POINT('',(0.301,-0.02492,-0.0067));
#5954=CARTESIAN_POINT('',(0.29965,-0.02492,-0.0067));
#5955=CARTESIAN_POINT('',(0.301,-0.02492,-0.0082));
#5956=CARTESIAN_POINT('',(0.29965,-0.02492,-0.0082));
#5957=CARTESIAN_POINT('',(0.161,-0.02492,-0.0097));
#5958=CARTESIAN_POINT('',(0.161,-0.02492,-0.0067));
#5959=CARTESIAN_POINT('',(0.15965,-0.02492,-0.0067));
#5960=CARTESIAN_POINT('',(0.161,-0.02492,-0.0082));
#5961=CARTESIAN_POINT('',(0.15965,-0.02492,-0.0082));
#5962=CARTESIAN_POINT('',(0.136207,-0.125311,-0.0363245237791561));
#5963=CARTESIAN_POINT('',(0.143763570016679,-0.125311,0.000302000000000005));
#5964=CARTESIAN_POINT('',(0.143763570016679,-0.125311,0.000300000000000005));
#5965=CARTESIAN_POINT('',(0.143763570016679,-0.125311,-0.01299));
#5966=CARTESIAN_POINT('',(0.136207,-0.125311,0.0003));
#5967=CARTESIAN_POINT('',(0.136229520286532,-0.125311,0.000300000000000004));
#5968=CARTESIAN_POINT('',(0.136229520286532,-0.125311,0.0028));
#5969=CARTESIAN_POINT('',(0.136229520286532,-0.125311,-0.01299));
#5970=CARTESIAN_POINT('',(0.313293,-0.125311,-0.01299));
#5971=CARTESIAN_POINT('',(0.313293,-0.124561,0.000300000000000005));
#5972=CARTESIAN_POINT('',(0.148707,-0.124561,0.000300000000000005));
#5973=CARTESIAN_POINT('',(0.147957,-0.129504429983321,0.000300000000000005));
#5974=CARTESIAN_POINT('',(0.147957,-0.128490058411375,0.0003));
#5975=CARTESIAN_POINT('',(0.147957,-0.137038479713468,0.000300000000000004));
#5976=CARTESIAN_POINT('',(0.148707,-0.124561,0.000300000000000006));
#5977=CARTESIAN_POINT('',(0.314043,-0.128490058411375,-0.0363245237791561));
#5978=CARTESIAN_POINT('',(0.314043,-0.129504429983321,0.000302000000000005));
#5979=CARTESIAN_POINT('',(0.314043,-0.129504429983321,0.000300000000000005));
#5980=CARTESIAN_POINT('',(0.314043,-0.129504429983321,-0.01299));
#5981=CARTESIAN_POINT('',(0.314043,-0.128490058411375,0.0003));
#5982=CARTESIAN_POINT('',(0.314043,-0.137038479713468,0.000300000000000004));
#5983=CARTESIAN_POINT('',(0.314043,-0.137038479713468,0.0028));
#5984=CARTESIAN_POINT('',(0.314043,-0.137038479713468,-0.01299));
#5985=CARTESIAN_POINT('',(0.314043,0.07329,-0.01299));
#5986=CARTESIAN_POINT('',(0.313293,-0.124561,0.000300000000000005));
#5987=CARTESIAN_POINT('',(0.313293,-0.124561,0.000300000000000005));
#5988=CARTESIAN_POINT('',(0.318236429983321,-0.125311,0.000300000000000005));
#5989=CARTESIAN_POINT('',(0.325793,-0.125311,0.0003));
#5990=CARTESIAN_POINT('',(0.325770479713468,-0.125311,0.000300000000000004));
#5991=CARTESIAN_POINT('',(0.313293,-0.124561,0.000300000000000006));
#5992=CARTESIAN_POINT('',(0.313293,-0.124561,0.000300000000000005));
#5993=CARTESIAN_POINT('',(0.313293,0.07259,0.000300000000000005));
#5994=CARTESIAN_POINT('',(0.2185,0.07259,0.000300000000000005));
#5995=CARTESIAN_POINT('',(0.2425,0.07259,0.000300000000000005));
#5996=CARTESIAN_POINT('',(0.2425,-0.124561,0.000300000000000005));
#5997=CARTESIAN_POINT('',(0.2425,0.09359,0.000300000000000005));
#5998=CARTESIAN_POINT('',(0.313293,0.09359,0.000300000000000005));
#5999=CARTESIAN_POINT('',(0.2185,0.09359,0.000300000000000005));
#6000=CARTESIAN_POINT('',(0.2185,-0.124561,0.000300000000000005));
#6001=CARTESIAN_POINT('',(0.301329564888403,0.0919760698072612,0.000300000000000005));
#6002=CARTESIAN_POINT('',(0.305329564888403,0.0919760698072612,0.000300000000000005));
#6003=CARTESIAN_POINT('',(0.147957,0.10579,0.0003));
#6004=CARTESIAN_POINT('',(0.147957,0.0982334299833213,0.000300000000000005));
#6005=CARTESIAN_POINT('',(0.147957,0.105767479713468,0.000300000000000004));
#6006=CARTESIAN_POINT('',(0.148707,0.09329,0.000300000000000005));
#6007=CARTESIAN_POINT('',(0.149457,0.0982334299833213,0.000300000000000005));
#6008=CARTESIAN_POINT('',(0.149457,0.10579,0.0003));
#6009=CARTESIAN_POINT('',(0.149457,0.10579,0.000300000000000004));
#6010=CARTESIAN_POINT('',(0.148707,0.10579,0.000300000000000006));
#6011=CARTESIAN_POINT('',(0.312543,0.10579,0.000300000000000005));
#6012=CARTESIAN_POINT('',(0.312543,0.10579,0.0003));
#6013=CARTESIAN_POINT('',(0.312543,0.0982334299833213,0.000300000000000005));
#6014=CARTESIAN_POINT('',(0.313293,0.09329,0.000300000000000005));
#6015=CARTESIAN_POINT('',(0.314043,0.0982334299833213,0.000300000000000005));
#6016=CARTESIAN_POINT('',(0.314043,0.10579,0.0003));
#6017=CARTESIAN_POINT('',(0.314043,0.105767479713468,0.000300000000000004));
#6018=CARTESIAN_POINT('',(0.313293,0.09329,0.000300000000000006));
#6019=CARTESIAN_POINT('',(0.325793,0.09329,0.000300000000000006));
#6020=CARTESIAN_POINT('',(0.325793,0.07329,0.000300000000000006));
#6021=CARTESIAN_POINT('',(0.325793,0.06629,0.000300000000000006));
#6022=CARTESIAN_POINT('',(0.313293,0.06629,0.000300000000000005));
#6023=CARTESIAN_POINT('',(0.307,0.06629,0.000300000000000005));
#6024=CARTESIAN_POINT('',(0.307,0.06879,0.000300000000000005));
#6025=CARTESIAN_POINT('',(0.307,0.06779,0.000300000000000005));
#6026=CARTESIAN_POINT('',(0.305,0.06779,0.000300000000000005));
#6027=CARTESIAN_POINT('',(0.305,0.06979,0.000300000000000005));
#6028=CARTESIAN_POINT('',(0.313293,0.06979,0.000300000000000005));
#6029=CARTESIAN_POINT('',(0.297,0.06979,0.000300000000000005));
#6030=CARTESIAN_POINT('',(0.297,0.06779,0.000300000000000005));
#6031=CARTESIAN_POINT('',(0.295,0.06779,0.000300000000000005));
#6032=CARTESIAN_POINT('',(0.295,-0.124561,0.000300000000000005));
#6033=CARTESIAN_POINT('',(0.295,0.06629,0.000300000000000005));
#6034=CARTESIAN_POINT('',(0.313293,0.06629,0.000300000000000005));
#6035=CARTESIAN_POINT('',(0.167,0.06629,0.000300000000000005));
#6036=CARTESIAN_POINT('',(0.167,0.06879,0.000300000000000005));
#6037=CARTESIAN_POINT('',(0.167,0.06779,0.000300000000000005));
#6038=CARTESIAN_POINT('',(0.165,0.06779,0.000300000000000005));
#6039=CARTESIAN_POINT('',(0.165,0.06979,0.000300000000000005));
#6040=CARTESIAN_POINT('',(0.313293,0.06979,0.000300000000000005));
#6041=CARTESIAN_POINT('',(0.157,0.06979,0.000300000000000005));
#6042=CARTESIAN_POINT('',(0.157,0.06779,0.000300000000000005));
#6043=CARTESIAN_POINT('',(0.155,0.06779,0.000300000000000005));
#6044=CARTESIAN_POINT('',(0.155,-0.124561,0.000300000000000005));
#6045=CARTESIAN_POINT('',(0.155,0.06629,0.000300000000000005));
#6046=CARTESIAN_POINT('',(0.313293,0.06629,0.000300000000000005));
#6047=CARTESIAN_POINT('',(0.136207,0.06629,0.000300000000000006));
#6048=CARTESIAN_POINT('',(0.136207,0.07329,0.000300000000000006));
#6049=CARTESIAN_POINT('',(0.136207,0.09329,0.000300000000000006));
#6050=CARTESIAN_POINT('',(0.148707,0.09329,0.000300000000000006));
#6051=CARTESIAN_POINT('',(0.263029564888403,0.0919760698072612,0.000300000000000005));
#6052=CARTESIAN_POINT('',(0.263210168021067,0.0879801490737541,0.000300000000000005));
#6053=CARTESIAN_POINT('',(0.264815919147789,0.0883971120735107,0.000300000000000005));
#6054=CARTESIAN_POINT('',(0.265379564888403,0.0829260698072612,0.000300000000000005));
#6055=CARTESIAN_POINT('',(0.313293,-0.124561,0.0028));
#6056=CARTESIAN_POINT('',(0.265379564888403,0.0829260698072612,0.0028));
#6057=CARTESIAN_POINT('',(0.272379564888403,0.0829260698072612,0.0028));
#6058=CARTESIAN_POINT('',(0.231,0.07159,0.0028));
#6059=CARTESIAN_POINT('',(0.2435,0.07159,0.0028));
#6060=CARTESIAN_POINT('',(0.2175,0.07159,0.0028));
#6061=CARTESIAN_POINT('',(0.2175,0.09459,0.0028));
#6062=CARTESIAN_POINT('',(0.2175,0.09459,0.0028));
#6063=CARTESIAN_POINT('',(0.231,0.09459,0.0028));
#6064=CARTESIAN_POINT('',(0.2435,0.09459,0.0028));
#6065=CARTESIAN_POINT('',(0.2435,0.08309,0.0028));
#6066=CARTESIAN_POINT('',(0.327293,-0.124561,0.0028));
#6067=CARTESIAN_POINT('',(0.327293,-0.124561,0.0028));
#6068=CARTESIAN_POINT('',(0.327293,0.09329,0.0028));
#6069=CARTESIAN_POINT('',(0.313293,0.09329,0.0028));
#6070=CARTESIAN_POINT('',(0.313293,0.10729,0.0028));
#6071=CARTESIAN_POINT('',(0.313293,0.10729,0.0028));
#6072=CARTESIAN_POINT('',(0.148707,0.10729,0.0028));
#6073=CARTESIAN_POINT('',(0.148707,0.09329,0.0028));
#6074=CARTESIAN_POINT('',(0.134707,0.09329,0.0028));
#6075=CARTESIAN_POINT('',(0.134707,-0.124561,0.0028));
#6076=CARTESIAN_POINT('',(0.134707,-0.124561,0.0028));
#6077=CARTESIAN_POINT('',(0.148707,-0.124561,0.0028));
#6078=CARTESIAN_POINT('',(0.148707,-0.138561,0.0028));
#6079=CARTESIAN_POINT('',(0.313293,-0.138561,0.0028));
#6080=CARTESIAN_POINT('',(0.313293,-0.138561,0.0028));
#6081=CARTESIAN_POINT('',(0.313293,-0.124561,0.0028));
#6082=CARTESIAN_POINT('',(0.319775,-0.124561,0.0028));
#6083=CARTESIAN_POINT('',(0.319775,-0.03992,0.0028));
#6084=CARTESIAN_POINT('',(0.319775,0.06079,0.0028));
#6085=CARTESIAN_POINT('',(0.313293,-0.03992,0.0028));
#6086=CARTESIAN_POINT('',(0.150225,-0.03992,0.0028));
#6087=CARTESIAN_POINT('',(0.150225,-0.124561,0.0028));
#6088=CARTESIAN_POINT('',(0.150225,0.06079,0.0028));
#6089=CARTESIAN_POINT('',(0.313293,0.06079,0.0028));
#6090=CARTESIAN_POINT('',(0.313293,-0.124561,0.000300000000000005));
#6091=CARTESIAN_POINT('',(0.297,0.06279,0.000300000000000005));
#6092=CARTESIAN_POINT('',(0.297,0.06079,0.000300000000000005));
#6093=CARTESIAN_POINT('',(0.295,0.06279,0.000300000000000005));
#6094=CARTESIAN_POINT('',(0.231,0.06079,0.000300000000000005));
#6095=CARTESIAN_POINT('',(0.165,0.06079,0.000300000000000005));
#6096=CARTESIAN_POINT('',(0.165,0.06279,0.000300000000000005));
#6097=CARTESIAN_POINT('',(0.167,0.06279,0.000300000000000005));
#6098=CARTESIAN_POINT('',(0.231,0.06279,0.000300000000000005));
#6099=CARTESIAN_POINT('',(0.313293,-0.124561,0.000300000000000005));
#6100=CARTESIAN_POINT('',(0.319775,0.010435,0.000300000000000005));
#6101=CARTESIAN_POINT('',(0.319775,0.06079,0.000300000000000005));
#6102=CARTESIAN_POINT('',(0.319775,-0.03992,0.000300000000000005));
#6103=CARTESIAN_POINT('',(0.231,0.06079,0.000300000000000005));
#6104=CARTESIAN_POINT('',(0.305,0.06079,0.000300000000000005));
#6105=CARTESIAN_POINT('',(0.305,0.06279,0.000300000000000005));
#6106=CARTESIAN_POINT('',(0.307,0.06279,0.000300000000000005));
#6107=CARTESIAN_POINT('',(0.231,0.06279,0.000300000000000005));
#6108=CARTESIAN_POINT('',(0.325793,0.06279,0.000300000000000006));
#6109=CARTESIAN_POINT('',(0.325793,0.07329,0.000300000000000006));
#6110=CARTESIAN_POINT('',(0.325793,-0.04242,0.000300000000000006));
#6111=CARTESIAN_POINT('',(0.231,-0.04242,0.000300000000000005));
#6112=CARTESIAN_POINT('',(0.307,-0.04242,0.000300000000000005));
#6113=CARTESIAN_POINT('',(0.307,-0.04092,0.000300000000000005));
#6114=CARTESIAN_POINT('',(0.307,-0.04192,0.000300000000000005));
#6115=CARTESIAN_POINT('',(0.305,-0.04192,0.000300000000000005));
#6116=CARTESIAN_POINT('',(0.305,-0.03992,0.000300000000000005));
#6117=CARTESIAN_POINT('',(0.231,-0.03992,0.000300000000000005));
#6118=CARTESIAN_POINT('',(0.313293,-0.124561,0.000300000000000005));
#6119=CARTESIAN_POINT('',(0.231,-0.04242,0.000300000000000005));
#6120=CARTESIAN_POINT('',(0.295,-0.04242,0.000300000000000005));
#6121=CARTESIAN_POINT('',(0.167,-0.04242,0.000300000000000005));
#6122=CARTESIAN_POINT('',(0.167,-0.04092,0.000300000000000005));
#6123=CARTESIAN_POINT('',(0.167,-0.04192,0.000300000000000005));
#6124=CARTESIAN_POINT('',(0.165,-0.04192,0.000300000000000005));
#6125=CARTESIAN_POINT('',(0.165,-0.03992,0.000300000000000005));
#6126=CARTESIAN_POINT('',(0.231,-0.03992,0.000300000000000005));
#6127=CARTESIAN_POINT('',(0.297,-0.03992,0.000300000000000005));
#6128=CARTESIAN_POINT('',(0.297,-0.04192,0.000300000000000005));
#6129=CARTESIAN_POINT('',(0.295,-0.04192,0.000300000000000005));
#6130=CARTESIAN_POINT('',(0.295,-0.124561,0.000300000000000005));
#6131=CARTESIAN_POINT('',(0.313293,-0.124561,0.000300000000000005));
#6132=CARTESIAN_POINT('',(0.149457,-0.128490058411375,0.000300000000000015));
#6133=CARTESIAN_POINT('',(0.149457,-0.129504429983321,0.000300000000000005));
#6134=CARTESIAN_POINT('',(0.149457,-0.137061,0.000300000000000011));
#6135=CARTESIAN_POINT('',(0.148707,-0.124561,0.000300000000000005));
#6136=CARTESIAN_POINT('',(0.143763570016679,-0.123811,0.000300000000000005));
#6137=CARTESIAN_POINT('',(0.136207,-0.123811,0.0003));
#6138=CARTESIAN_POINT('',(0.136207,-0.123811,0.000300000000000004));
#6139=CARTESIAN_POINT('',(0.136207,0.07329,0.000300000000000006));
#6140=CARTESIAN_POINT('',(0.136207,-0.04542,0.000300000000000006));
#6141=CARTESIAN_POINT('',(0.156,-0.04542,0.000300000000000005));
#6142=CARTESIAN_POINT('',(0.155,-0.04542,0.000300000000000005));
#6143=CARTESIAN_POINT('',(0.155,-0.124561,0.000300000000000005));
#6144=CARTESIAN_POINT('',(0.155,-0.04692,0.000300000000000005));
#6145=CARTESIAN_POINT('',(0.157,-0.04692,0.000300000000000005));
#6146=CARTESIAN_POINT('',(0.157,-0.04892,0.000300000000000005));
#6147=CARTESIAN_POINT('',(0.166,-0.04892,0.000300000000000005));
#6148=CARTESIAN_POINT('',(0.165,-0.04892,0.000300000000000005));
#6149=CARTESIAN_POINT('',(0.165,-0.04692,0.000300000000000005));
#6150=CARTESIAN_POINT('',(0.167,-0.04692,0.000300000000000005));
#6151=CARTESIAN_POINT('',(0.167,-0.04442,0.000300000000000005));
#6152=CARTESIAN_POINT('',(0.167,-0.04542,0.000300000000000005));
#6153=CARTESIAN_POINT('',(0.296,-0.04542,0.000300000000000005));
#6154=CARTESIAN_POINT('',(0.295,-0.04542,0.000300000000000005));
#6155=CARTESIAN_POINT('',(0.295,-0.124561,0.000300000000000005));
#6156=CARTESIAN_POINT('',(0.295,-0.04692,0.000300000000000005));
#6157=CARTESIAN_POINT('',(0.297,-0.04692,0.000300000000000005));
#6158=CARTESIAN_POINT('',(0.297,-0.04892,0.000300000000000005));
#6159=CARTESIAN_POINT('',(0.306,-0.04892,0.000300000000000005));
#6160=CARTESIAN_POINT('',(0.305,-0.04892,0.000300000000000005));
#6161=CARTESIAN_POINT('',(0.305,-0.04692,0.000300000000000005));
#6162=CARTESIAN_POINT('',(0.307,-0.04692,0.000300000000000005));
#6163=CARTESIAN_POINT('',(0.307,-0.04442,0.000300000000000005));
#6164=CARTESIAN_POINT('',(0.307,-0.04542,0.000300000000000005));
#6165=CARTESIAN_POINT('',(0.325793,-0.04542,0.000300000000000005));
#6166=CARTESIAN_POINT('',(0.325793,-0.04542,0.000300000000000006));
#6167=CARTESIAN_POINT('',(0.325793,0.07329,0.000300000000000006));
#6168=CARTESIAN_POINT('',(0.325793,-0.123811,0.000300000000000011));
#6169=CARTESIAN_POINT('',(0.325793,-0.123811,0.000300000000000015));
#6170=CARTESIAN_POINT('',(0.318236429983321,-0.123811,0.000300000000000005));
#6171=CARTESIAN_POINT('',(0.313293,-0.124561,0.000300000000000005));
#6172=CARTESIAN_POINT('',(0.312543,-0.129504429983321,0.000300000000000005));
#6173=CARTESIAN_POINT('',(0.312543,-0.128490058411375,0.0003));
#6174=CARTESIAN_POINT('',(0.312543,-0.137061,0.000300000000000004));
#6175=CARTESIAN_POINT('',(0.148707,-0.137061,0.000300000000000006));
#6176=CARTESIAN_POINT('',(0.138341054562309,-0.109952545190849,0.000300000000000005));
#6177=CARTESIAN_POINT('',(0.138341054562309,-0.0522533584751217,0.000300000000000005));
#6178=CARTESIAN_POINT('',(0.138341054562309,-0.119402505603817,0.000300000000000005));
#6179=CARTESIAN_POINT('',(0.146086715987091,-0.119402505603817,0.000300000000000005));
#6180=CARTESIAN_POINT('',(0.153832377411872,-0.119402505603817,0.000300000000000005));
#6181=CARTESIAN_POINT('',(0.153832377411872,-0.12410174539711,0.000300000000000005));
#6182=CARTESIAN_POINT('',(0.153832377411872,-0.128800985190403,0.000300000000000005));
#6183=CARTESIAN_POINT('',(0.180519688705936,-0.128800985190403,0.000300000000000005));
#6184=CARTESIAN_POINT('',(0.307119608219617,-0.128800985190403,0.000300000000000005));
#6185=CARTESIAN_POINT('',(0.307119608219617,-0.0631666198804499,0.000300000000000005));
#6186=CARTESIAN_POINT('',(0.307119608219617,-0.0522533584751218,0.000300000000000005));
#6187=CARTESIAN_POINT('',(0.257163304109809,-0.0522533584751217,0.000300000000000005));
#6188=CARTESIAN_POINT('',(0.296,0.06529,-0.0067));
#6189=CARTESIAN_POINT('',(0.296,0.06529,-0.0067));
#6190=CARTESIAN_POINT('',(0.296,0.06529,-0.0007));
#6191=CARTESIAN_POINT('',(0.296,0.06529,-0.0037));
#6192=CARTESIAN_POINT('',(0.296,0.06529,-0.0007));
#6193=CARTESIAN_POINT('',(0.296,0.06779,-0.0007));
#6194=CARTESIAN_POINT('',(0.296,0.06779,-0.0067));
#6195=CARTESIAN_POINT('',(0.296,0.06779,-0.0097));
#6196=CARTESIAN_POINT('',(0.296,0.05504,-0.0097));
#6197=CARTESIAN_POINT('',(0.296,0.04229,-0.0097));
#6198=CARTESIAN_POINT('',(0.296,0.04229,-0.0067));
#6199=CARTESIAN_POINT('',(0.296,0.04229,-0.0067));
#6200=CARTESIAN_POINT('',(0.296,0.05504,-0.0067));
#6201=CARTESIAN_POINT('',(0.296,0.0590579491924312,-0.0067));
#6202=CARTESIAN_POINT('',(0.296,0.06079,-0.0057));
#6203=CARTESIAN_POINT('',(0.296,0.06279,-0.0057));
#6204=CARTESIAN_POINT('',(0.296,0.06279,0.000300000000000005));
#6205=CARTESIAN_POINT('',(0.296,0.06279,-0.0037));
#6206=CARTESIAN_POINT('',(0.296,0.06529,-0.0037));
#6207=CARTESIAN_POINT('',(0.306,0.06529,-0.0067));
#6208=CARTESIAN_POINT('',(0.306,0.06779,0.000300000000000005));
#6209=CARTESIAN_POINT('',(0.306,0.06779,-0.0097));
#6210=CARTESIAN_POINT('',(0.306,0.06779,-0.0007));
#6211=CARTESIAN_POINT('',(0.306,0.06529,-0.0007));
#6212=CARTESIAN_POINT('',(0.306,0.06529,-0.0007));
#6213=CARTESIAN_POINT('',(0.306,0.06529,-0.0067));
#6214=CARTESIAN_POINT('',(0.306,0.06529,-0.0037));
#6215=CARTESIAN_POINT('',(0.306,0.06529,-0.0037));
#6216=CARTESIAN_POINT('',(0.306,0.06279,-0.0037));
#6217=CARTESIAN_POINT('',(0.306,0.06279,-0.0067));
#6218=CARTESIAN_POINT('',(0.306,0.06279,-0.0057));
#6219=CARTESIAN_POINT('',(0.306,0.06079,-0.0057));
#6220=CARTESIAN_POINT('',(0.306,0.0590579491924312,-0.0067));
#6221=CARTESIAN_POINT('',(0.306,0.05504,-0.0067));
#6222=CARTESIAN_POINT('',(0.306,0.04229,-0.0067));
#6223=CARTESIAN_POINT('',(0.306,0.04229,-0.0097));
#6224=CARTESIAN_POINT('',(0.306,0.04229,-0.0097));
#6225=CARTESIAN_POINT('',(0.306,0.05504,-0.0097));
#6226=CARTESIAN_POINT('',(0.156,0.06529,-0.0067));
#6227=CARTESIAN_POINT('',(0.156,0.05504,-0.0097));
#6228=CARTESIAN_POINT('',(0.156,0.06779,-0.0097));
#6229=CARTESIAN_POINT('',(0.156,0.04229,-0.0097));
#6230=CARTESIAN_POINT('',(0.156,0.04229,-0.0067));
#6231=CARTESIAN_POINT('',(0.156,0.04229,-0.0067));
#6232=CARTESIAN_POINT('',(0.156,0.05504,-0.0067));
#6233=CARTESIAN_POINT('',(0.156,0.0590579491924312,-0.0067));
#6234=CARTESIAN_POINT('',(0.156,0.06079,-0.0057));
#6235=CARTESIAN_POINT('',(0.156,0.06279,-0.0057));
#6236=CARTESIAN_POINT('',(0.156,0.06279,0.000300000000000005));
#6237=CARTESIAN_POINT('',(0.156,0.06279,-0.0037));
#6238=CARTESIAN_POINT('',(0.156,0.06529,-0.0037));
#6239=CARTESIAN_POINT('',(0.156,0.06529,-0.0037));
#6240=CARTESIAN_POINT('',(0.156,0.06529,-0.0067));
#6241=CARTESIAN_POINT('',(0.156,0.06529,-0.0007));
#6242=CARTESIAN_POINT('',(0.156,0.06529,-0.0007));
#6243=CARTESIAN_POINT('',(0.156,0.06779,-0.0007));
#6244=CARTESIAN_POINT('',(0.156,0.06779,-0.0067));
#6245=CARTESIAN_POINT('',(0.166,0.06529,-0.0067));
#6246=CARTESIAN_POINT('',(0.166,0.05504,-0.0067));
#6247=CARTESIAN_POINT('',(0.166,0.0590579491924312,-0.0067));
#6248=CARTESIAN_POINT('',(0.166,0.04229,-0.0067));
#6249=CARTESIAN_POINT('',(0.166,0.04229,-0.0097));
#6250=CARTESIAN_POINT('',(0.166,0.04229,-0.0097));
#6251=CARTESIAN_POINT('',(0.166,0.05504,-0.0097));
#6252=CARTESIAN_POINT('',(0.166,0.06779,-0.0097));
#6253=CARTESIAN_POINT('',(0.166,0.06779,0.000300000000000005));
#6254=CARTESIAN_POINT('',(0.166,0.06779,-0.0007));
#6255=CARTESIAN_POINT('',(0.166,0.06529,-0.0007));
#6256=CARTESIAN_POINT('',(0.166,0.06529,-0.0007));
#6257=CARTESIAN_POINT('',(0.166,0.06529,-0.0067));
#6258=CARTESIAN_POINT('',(0.166,0.06529,-0.0037));
#6259=CARTESIAN_POINT('',(0.166,0.06529,-0.0037));
#6260=CARTESIAN_POINT('',(0.166,0.06279,-0.0037));
#6261=CARTESIAN_POINT('',(0.166,0.06279,-0.0067));
#6262=CARTESIAN_POINT('',(0.166,0.06279,-0.0057));
#6263=CARTESIAN_POINT('',(0.166,0.06079,-0.0057));
#6264=CARTESIAN_POINT('',(0.148707,-0.137061,0.0028));
#6265=CARTESIAN_POINT('',(0.148707,-0.137061,-0.01299));
#6266=CARTESIAN_POINT('',(0.312543,-0.137061,-0.01299));
#6267=CARTESIAN_POINT('',(0.149457,-0.137061,-0.01299));
#6268=CARTESIAN_POINT('',(0.149457,-0.137061,0.0028));
#6269=CARTESIAN_POINT('',(0.312543,-0.137061,-0.0363245237791561));
#6270=CARTESIAN_POINT('',(0.313293,-0.124561,0.0028));
#6271=CARTESIAN_POINT('',(0.325770479713468,-0.125311,0.0028));
#6272=CARTESIAN_POINT('',(0.325770479713468,-0.125311,-0.01299));
#6273=CARTESIAN_POINT('',(0.313293,-0.124561,-0.01299));
#6274=CARTESIAN_POINT('',(0.148707,-0.124561,0.0028));
#6275=CARTESIAN_POINT('',(0.147957,-0.137038479713468,0.0028));
#6276=CARTESIAN_POINT('',(0.147957,-0.137038479713468,-0.01299));
#6277=CARTESIAN_POINT('',(0.148707,-0.124561,-0.01299));
#6278=CARTESIAN_POINT('',(0.325793,0.07329,0.0028));
#6279=CARTESIAN_POINT('',(0.325793,0.06529,-0.0037));
#6280=CARTESIAN_POINT('',(0.325793,0.06529,-0.0037));
#6281=CARTESIAN_POINT('',(0.325793,0.06529,-0.0007));
#6282=CARTESIAN_POINT('',(0.325793,0.06629,-0.0007));
#6283=CARTESIAN_POINT('',(0.325793,0.09329,0.0028));
#6284=CARTESIAN_POINT('',(0.325793,0.09329,-0.01299));
#6285=CARTESIAN_POINT('',(0.325793,0.07329,-0.01299));
#6286=CARTESIAN_POINT('',(0.325793,-0.123811,-0.01299));
#6287=CARTESIAN_POINT('',(0.325793,-0.123811,0.0028));
#6288=CARTESIAN_POINT('',(0.325793,-0.04542,-0.0007));
#6289=CARTESIAN_POINT('',(0.325793,-0.04442,-0.0007));
#6290=CARTESIAN_POINT('',(0.325793,-0.04442,-0.0037));
#6291=CARTESIAN_POINT('',(0.325793,-0.04442,-0.0037));
#6292=CARTESIAN_POINT('',(0.325793,0.07329,-0.0037));
#6293=CARTESIAN_POINT('',(0.325793,-0.04242,-0.0037));
#6294=CARTESIAN_POINT('',(0.325793,-0.04242,-0.0037));
#6295=CARTESIAN_POINT('',(0.325793,0.06279,-0.0037));
#6296=CARTESIAN_POINT('',(0.325793,0.06279,-0.0037));
#6297=CARTESIAN_POINT('',(0.325793,0.07329,-0.0037));
#6298=CARTESIAN_POINT('',(0.133707,0.07329,0.0028));
#6299=CARTESIAN_POINT('',(0.133707,0.07329,0.00180000000000003));
#6300=CARTESIAN_POINT('',(0.133707,-0.124561,0.00180000000000003));
#6301=CARTESIAN_POINT('',(0.133707,0.09329,0.00180000000000003));
#6302=CARTESIAN_POINT('',(0.133707,0.09329,0.0028));
#6303=CARTESIAN_POINT('',(0.133707,0.09329,-0.01144));
#6304=CARTESIAN_POINT('',(0.133707,0.,-0.01144));
#6305=CARTESIAN_POINT('',(0.133707,-0.124561,-0.01144));
#6306=CARTESIAN_POINT('',(0.133707,-0.124561,0.0028));
#6307=CARTESIAN_POINT('',(0.148707,-0.139561,0.0028));
#6308=CARTESIAN_POINT('',(0.313293,-0.139561,0.0028));
#6309=CARTESIAN_POINT('',(0.313293,-0.139561,0.00180000000000003));
#6310=CARTESIAN_POINT('',(0.313293,-0.139561,-0.01144));
#6311=CARTESIAN_POINT('',(0.148707,-0.139561,0.00180000000000003));
#6312=CARTESIAN_POINT('',(0.148707,-0.139561,0.00180000000000005));
#6313=CARTESIAN_POINT('',(0.148707,-0.139561,0.0028));
#6314=CARTESIAN_POINT('',(0.148707,-0.139561,-0.01144));
#6315=CARTESIAN_POINT('',(0.231,-0.139561,-0.01144));
#6316=CARTESIAN_POINT('',(0.313293,-0.124561,0.0028));
#6317=CARTESIAN_POINT('',(0.328293,-0.124561,0.0028));
#6318=CARTESIAN_POINT('',(0.328293,-0.124561,0.00180000000000002));
#6319=CARTESIAN_POINT('',(0.328293,-0.124561,-0.01144));
#6320=CARTESIAN_POINT('',(0.313293,-0.124561,0.00180000000000003));
#6321=CARTESIAN_POINT('',(0.313293,-0.124561,-0.01144));
#6322=CARTESIAN_POINT('',(0.148707,-0.124561,0.0028));
#6323=CARTESIAN_POINT('',(0.148707,-0.124561,0.00180000000000003));
#6324=CARTESIAN_POINT('',(0.148707,-0.124561,-0.01144));
#6325=CARTESIAN_POINT('',(0.328293,0.07329,0.0028));
#6326=CARTESIAN_POINT('',(0.328293,0.,-0.01144));
#6327=CARTESIAN_POINT('',(0.328293,0.09329,-0.01144));
#6328=CARTESIAN_POINT('',(0.328293,0.09329,0.0028));
#6329=CARTESIAN_POINT('',(0.328293,0.09329,0.00180000000000003));
#6330=CARTESIAN_POINT('',(0.328293,0.07329,0.00180000000000003));
#6331=CARTESIAN_POINT('',(0.231,0.,-0.01144));
#6332=CARTESIAN_POINT('',(0.148707,0.09329,-0.01144));
#6333=CARTESIAN_POINT('',(0.148707,0.10829,-0.01144));
#6334=CARTESIAN_POINT('',(0.231,0.10829,-0.01144));
#6335=CARTESIAN_POINT('',(0.313293,0.10829,-0.01144));
#6336=CARTESIAN_POINT('',(0.313293,0.09329,-0.01144));
#6337=CARTESIAN_POINT('',(0.327048236519479,0.07329,-0.01144));
#6338=CARTESIAN_POINT('',(0.327048236519479,0.09329,-0.01144));
#6339=CARTESIAN_POINT('',(0.327048236519479,-0.124561,-0.01144));
#6340=CARTESIAN_POINT('',(0.313293,0.09329,-0.01144));
#6341=CARTESIAN_POINT('',(0.313293,0.107045236519478,-0.01144));
#6342=CARTESIAN_POINT('',(0.148707,0.107045236519478,-0.01144));
#6343=CARTESIAN_POINT('',(0.148707,0.107045236519478,-0.01144));
#6344=CARTESIAN_POINT('',(0.148707,0.09329,-0.01144));
#6345=CARTESIAN_POINT('',(0.134951763480521,0.09329,-0.01144));
#6346=CARTESIAN_POINT('',(0.134951763480521,-0.124561,-0.01144));
#6347=CARTESIAN_POINT('',(0.134951763480521,-0.124561,-0.01144));
#6348=CARTESIAN_POINT('',(0.148707,-0.124561,-0.01144));
#6349=CARTESIAN_POINT('',(0.148707,-0.138316236519478,-0.01144));
#6350=CARTESIAN_POINT('',(0.313293,-0.138316236519478,-0.01144));
#6351=CARTESIAN_POINT('',(0.313293,-0.138316236519478,-0.01144));
#6352=CARTESIAN_POINT('',(0.313293,-0.124561,-0.01144));
#6353=CARTESIAN_POINT('',(0.136207,0.07329,0.0028));
#6354=CARTESIAN_POINT('',(0.136207,0.06629,-0.0007));
#6355=CARTESIAN_POINT('',(0.136207,0.06529,-0.0007));
#6356=CARTESIAN_POINT('',(0.136207,0.06529,-0.0037));
#6357=CARTESIAN_POINT('',(0.136207,0.06529,-0.0037));
#6358=CARTESIAN_POINT('',(0.136207,0.07329,-0.0037));
#6359=CARTESIAN_POINT('',(0.136207,0.06279,-0.0037));
#6360=CARTESIAN_POINT('',(0.136207,0.06279,-0.0037));
#6361=CARTESIAN_POINT('',(0.136207,0.06279,0.0013));
#6362=CARTESIAN_POINT('',(0.136207,0.07329,0.0013));
#6363=CARTESIAN_POINT('',(0.136207,-0.04242,0.0013));
#6364=CARTESIAN_POINT('',(0.136207,-0.04242,-0.0037));
#6365=CARTESIAN_POINT('',(0.136207,-0.04242,-0.0037));
#6366=CARTESIAN_POINT('',(0.136207,0.07329,-0.0037));
#6367=CARTESIAN_POINT('',(0.136207,-0.04442,-0.0037));
#6368=CARTESIAN_POINT('',(0.136207,-0.04442,-0.0037));
#6369=CARTESIAN_POINT('',(0.136207,-0.04442,-0.0007));
#6370=CARTESIAN_POINT('',(0.136207,-0.04542,-0.0007));
#6371=CARTESIAN_POINT('',(0.136207,-0.123811,-0.0363245237791561));
#6372=CARTESIAN_POINT('',(0.136207,-0.123811,-0.01299));
#6373=CARTESIAN_POINT('',(0.136207,0.07329,-0.01299));
#6374=CARTESIAN_POINT('',(0.136207,0.09329,-0.01299));
#6375=CARTESIAN_POINT('',(0.136207,0.09329,0.0028));
#6376=CARTESIAN_POINT('',(0.313293,0.07329,-0.01299));
#6377=CARTESIAN_POINT('',(0.148707,-0.124561,-0.01299));
#6378=CARTESIAN_POINT('',(0.146257,-0.124561,-0.01299));
#6379=CARTESIAN_POINT('',(0.148707,0.09329,-0.01299));
#6380=CARTESIAN_POINT('',(0.146257,0.09329,-0.01299));
#6381=CARTESIAN_POINT('',(0.313293,-0.124561,-0.01299));
#6382=CARTESIAN_POINT('',(0.310843,-0.124561,-0.01299));
#6383=CARTESIAN_POINT('',(0.313293,0.09329,-0.01299));
#6384=CARTESIAN_POINT('',(0.310843,0.09329,-0.01299));
#6385=CARTESIAN_POINT('',(0.13497881883116,0.07329,-0.01299));
#6386=CARTESIAN_POINT('',(0.13497881883116,-0.124561,-0.01299));
#6387=CARTESIAN_POINT('',(0.13497881883116,0.09329,-0.01299));
#6388=CARTESIAN_POINT('',(0.148707,0.09329,-0.01299));
#6389=CARTESIAN_POINT('',(0.148707,0.10701818116884,-0.01299));
#6390=CARTESIAN_POINT('',(0.313293,0.10701818116884,-0.01299));
#6391=CARTESIAN_POINT('',(0.313293,0.10701818116884,-0.01299));
#6392=CARTESIAN_POINT('',(0.313293,0.09329,-0.01299));
#6393=CARTESIAN_POINT('',(0.327021181168839,0.09329,-0.01299));
#6394=CARTESIAN_POINT('',(0.327021181168839,0.07329,-0.01299));
#6395=CARTESIAN_POINT('',(0.327021181168839,-0.124561,-0.01299));
#6396=CARTESIAN_POINT('',(0.313293,-0.124561,-0.01299));
#6397=CARTESIAN_POINT('',(0.313293,-0.13828918116884,-0.01299));
#6398=CARTESIAN_POINT('',(0.313293,-0.13828918116884,-0.01299));
#6399=CARTESIAN_POINT('',(0.148707,-0.13828918116884,-0.01299));
#6400=CARTESIAN_POINT('',(0.148707,-0.124561,-0.01299));
#6401=CARTESIAN_POINT('',(0.313293,0.09329,-0.01299));
#6402=CARTESIAN_POINT('',(0.314043,0.105767479713468,-0.01299));
#6403=CARTESIAN_POINT('',(0.314043,0.09329,-0.01299));
#6404=CARTESIAN_POINT('',(0.314043,0.0982334299833213,-0.01299));
#6405=CARTESIAN_POINT('',(0.313293,0.09329,-0.01299));
#6406=CARTESIAN_POINT('',(0.312543,0.0982334299833213,-0.01299));
#6407=CARTESIAN_POINT('',(0.312543,0.09329,-0.01299));
#6408=CARTESIAN_POINT('',(0.312543,0.10579,-0.01299));
#6409=CARTESIAN_POINT('',(0.148707,0.10579,-0.01299));
#6410=CARTESIAN_POINT('',(0.149457,0.10579,-0.01299));
#6411=CARTESIAN_POINT('',(0.149457,0.09329,-0.01299));
#6412=CARTESIAN_POINT('',(0.149457,0.0982334299833213,-0.01299));
#6413=CARTESIAN_POINT('',(0.148707,0.09329,-0.01299));
#6414=CARTESIAN_POINT('',(0.147957,0.0982334299833213,-0.01299));
#6415=CARTESIAN_POINT('',(0.147957,0.09329,-0.01299));
#6416=CARTESIAN_POINT('',(0.147957,0.105767479713468,-0.01299));
#6417=CARTESIAN_POINT('',(0.148707,0.09329,-0.01299));
#6418=CARTESIAN_POINT('',(0.313293,-0.123811,-0.01299));
#6419=CARTESIAN_POINT('',(0.143763570016679,-0.123811,-0.01299));
#6420=CARTESIAN_POINT('',(0.148707,-0.124561,-0.01299));
#6421=CARTESIAN_POINT('',(0.149457,-0.129504429983321,-0.01299));
#6422=CARTESIAN_POINT('',(0.149457,0.07329,-0.01299));
#6423=CARTESIAN_POINT('',(0.312543,0.07329,-0.01299));
#6424=CARTESIAN_POINT('',(0.312543,-0.129504429983321,-0.01299));
#6425=CARTESIAN_POINT('',(0.313293,-0.124561,-0.01299));
#6426=CARTESIAN_POINT('',(0.318236429983321,-0.123811,-0.01299));
#6427=CARTESIAN_POINT('',(0.313293,-0.123811,-0.01299));
#6428=CARTESIAN_POINT('',(0.147957,0.07329,-0.01299));
#6429=CARTESIAN_POINT('',(0.147957,-0.129504429983321,-0.01299));
#6430=CARTESIAN_POINT('',(0.148707,-0.124561,-0.01299));
#6431=CARTESIAN_POINT('',(0.313293,-0.125311,-0.01299));
#6432=CARTESIAN_POINT('',(0.318236429983321,-0.125311,-0.01299));
#6433=CARTESIAN_POINT('',(0.313293,-0.124561,-0.01299));
#6434=CARTESIAN_POINT('',(0.327043,0.07329,-0.01174));
#6435=CARTESIAN_POINT('',(0.327043,0.09329,-0.01174));
#6436=CARTESIAN_POINT('',(0.327043,-0.124561,-0.01174));
#6437=CARTESIAN_POINT('',(0.313293,-0.124561,-0.01174));
#6438=CARTESIAN_POINT('',(0.313293,-0.138311,-0.01174));
#6439=CARTESIAN_POINT('',(0.313293,-0.138311,-0.01174));
#6440=CARTESIAN_POINT('',(0.148707,-0.138311,-0.01174));
#6441=CARTESIAN_POINT('',(0.148707,-0.124561,-0.01174));
#6442=CARTESIAN_POINT('',(0.134957,-0.124561,-0.01174));
#6443=CARTESIAN_POINT('',(0.134957,-0.124561,-0.01174));
#6444=CARTESIAN_POINT('',(0.134957,0.09329,-0.01174));
#6445=CARTESIAN_POINT('',(0.325793,-0.123811,-0.0363245237791561));
#6446=CARTESIAN_POINT('',(0.318236429983321,-0.123811,0.000302000000000005));
#6447=CARTESIAN_POINT('',(0.325793,-0.125311,-0.0363245237791561));
#6448=CARTESIAN_POINT('',(0.318236429983321,-0.125311,0.000302000000000005));
#6449=CARTESIAN_POINT('',(0.312543,-0.128490058411375,-0.0363245237791561));
#6450=CARTESIAN_POINT('',(0.312543,-0.129504429983321,0.000302000000000005));
#6451=CARTESIAN_POINT('',(0.149457,-0.128490058411375,-0.0363245237791561));
#6452=CARTESIAN_POINT('',(0.149457,-0.129504429983321,0.000302000000000005));
#6453=CARTESIAN_POINT('',(0.147957,-0.128490058411375,-0.0363245237791561));
#6454=CARTESIAN_POINT('',(0.147957,-0.129504429983321,0.000302000000000005));
#6455=CARTESIAN_POINT('',(0.136207,-0.123811,-0.0363245237791561));
#6456=CARTESIAN_POINT('',(0.143763570016679,-0.123811,0.000302000000000005));
#6457=CARTESIAN_POINT('',(0.327293,-0.124561,0.0028));
#6458=CARTESIAN_POINT('',(0.327293,0.09329,0.0028));
#6459=CARTESIAN_POINT('',(0.327293,-0.124561,0.0028));
#6460=CARTESIAN_POINT('',(0.313293,-0.124561,0.0028));
#6461=CARTESIAN_POINT('',(0.313293,-0.138561,0.0028));
#6462=CARTESIAN_POINT('',(0.313293,-0.138561,0.0028));
#6463=CARTESIAN_POINT('',(0.148707,-0.138561,0.0028));
#6464=CARTESIAN_POINT('',(0.148707,-0.124561,0.0028));
#6465=CARTESIAN_POINT('',(0.134707,-0.124561,0.0028));
#6466=CARTESIAN_POINT('',(0.134707,-0.124561,0.0028));
#6467=CARTESIAN_POINT('',(0.134707,0.09329,0.0028));
#6468=CARTESIAN_POINT('',(0.138341054562309,-0.109952545190849,0.0013));
#6469=CARTESIAN_POINT('',(0.138341054562309,-0.0522533584751217,0.0013));
#6470=CARTESIAN_POINT('',(0.138341054562309,-0.0522533584751217,0.0013));
#6471=CARTESIAN_POINT('',(0.138341054562309,-0.109952545190849,0.0013));
#6472=CARTESIAN_POINT('',(0.138341054562309,-0.119402505603817,0.0013));
#6473=CARTESIAN_POINT('',(0.138341054562309,-0.119402505603817,0.0013));
#6474=CARTESIAN_POINT('',(0.257163304109809,-0.0522533584751217,0.0013));
#6475=CARTESIAN_POINT('',(0.307119608219617,-0.0522533584751218,0.0013));
#6476=CARTESIAN_POINT('',(0.307119608219617,-0.0522533584751218,0.0013));
#6477=CARTESIAN_POINT('',(0.257163304109809,-0.0522533584751217,0.0013));
#6478=CARTESIAN_POINT('',(0.307119608219617,-0.0631666198804499,0.0013));
#6479=CARTESIAN_POINT('',(0.307119608219617,-0.128800985190403,0.0013));
#6480=CARTESIAN_POINT('',(0.307119608219617,-0.128800985190403,0.0013));
#6481=CARTESIAN_POINT('',(0.307119608219617,-0.0631666198804499,0.0013));
#6482=CARTESIAN_POINT('',(0.180519688705936,-0.128800985190403,0.0013));
#6483=CARTESIAN_POINT('',(0.153832377411872,-0.128800985190403,0.0013));
#6484=CARTESIAN_POINT('',(0.153832377411872,-0.128800985190403,0.0013));
#6485=CARTESIAN_POINT('',(0.180519688705936,-0.128800985190403,0.0013));
#6486=CARTESIAN_POINT('',(0.153832377411872,-0.12410174539711,0.0013));
#6487=CARTESIAN_POINT('',(0.153832377411872,-0.119402505603817,0.0013));
#6488=CARTESIAN_POINT('',(0.153832377411872,-0.119402505603817,0.0013));
#6489=CARTESIAN_POINT('',(0.153832377411872,-0.12410174539711,0.0013));
#6490=CARTESIAN_POINT('',(0.146086715987091,-0.119402505603817,0.0013));
#6491=CARTESIAN_POINT('',(0.146086715987091,-0.119402505603817,0.0013));
#6492=CARTESIAN_POINT('',(0.231,-0.0256355,0.0013));
#6493=CARTESIAN_POINT('',(0.313293,0.10729,0.0028));
#6494=CARTESIAN_POINT('',(0.313293,0.10729,0.0028));
#6495=CARTESIAN_POINT('',(0.313293,0.10829,0.00180000000000004));
#6496=CARTESIAN_POINT('',(0.148707,0.10829,0.00180000000000003));
#6497=CARTESIAN_POINT('',(0.148707,0.10829,0.00180000000000003));
#6498=CARTESIAN_POINT('',(0.148707,0.10729,0.0028));
#6499=CARTESIAN_POINT('',(0.313293,0.09329,0.0028));
#6500=CARTESIAN_POINT('',(0.313293,0.10829,0.0028));
#6501=CARTESIAN_POINT('',(0.313293,0.09329,0.00180000000000003));
#6502=CARTESIAN_POINT('',(0.148707,0.10829,0.0028));
#6503=CARTESIAN_POINT('',(0.148707,0.10829,0.0028));
#6504=CARTESIAN_POINT('',(0.148707,0.09329,0.0028));
#6505=CARTESIAN_POINT('',(0.148707,0.09329,0.00180000000000003));
#6506=CARTESIAN_POINT('',(0.148707,0.10704,-0.01174));
#6507=CARTESIAN_POINT('',(0.313293,0.10704,-0.01174));
#6508=CARTESIAN_POINT('',(0.148707,0.10704,-0.01174));
#6509=CARTESIAN_POINT('',(0.148707,0.09329,0.0028));
#6510=CARTESIAN_POINT('',(0.147957,0.105767479713468,0.0028));
#6511=CARTESIAN_POINT('',(0.147957,0.10579,-0.0363245237791561));
#6512=CARTESIAN_POINT('',(0.147957,0.0982334299833213,0.000302000000000005));
#6513=CARTESIAN_POINT('',(0.149457,0.10579,-0.0363245237791561));
#6514=CARTESIAN_POINT('',(0.149457,0.0982334299833213,0.000302000000000005));
#6515=CARTESIAN_POINT('',(0.149457,0.10579,-0.0363245237791561));
#6516=CARTESIAN_POINT('',(0.148707,0.10579,0.0028));
#6517=CARTESIAN_POINT('',(0.312543,0.10579,0.0028));
#6518=CARTESIAN_POINT('',(0.312543,0.10579,-0.0363245237791561));
#6519=CARTESIAN_POINT('',(0.312543,0.0982334299833213,0.000302000000000005));
#6520=CARTESIAN_POINT('',(0.314043,0.10579,-0.0363245237791561));
#6521=CARTESIAN_POINT('',(0.314043,0.0982334299833213,0.000302000000000005));
#6522=CARTESIAN_POINT('',(0.314043,0.105767479713468,0.0028));
#6523=CARTESIAN_POINT('',(0.313293,0.09329,0.0028));
#6524=CARTESIAN_POINT('',(0.313293,0.09329,-0.01174));
#6525=CARTESIAN_POINT('',(0.148707,0.09329,-0.01174));
#6526=CARTESIAN_POINT('',(0.313293,0.09329,0.0028));
#6527=CARTESIAN_POINT('',(0.148707,0.09329,0.0028));
#6528=CARTESIAN_POINT('',(0.231,-0.03992,0.0253));
#6529=CARTESIAN_POINT('',(0.157,-0.03992,0.0013));
#6530=CARTESIAN_POINT('',(0.157,-0.03992,0.0013));
#6531=CARTESIAN_POINT('',(0.157,-0.03992,0.000300000000000005));
#6532=CARTESIAN_POINT('',(0.231,-0.03992,0.0013));
#6533=CARTESIAN_POINT('',(0.150225,-0.03992,0.0013));
#6534=CARTESIAN_POINT('',(0.150225,-0.03992,0.0253));
#6535=CARTESIAN_POINT('',(0.319775,-0.03992,0.0253));
#6536=CARTESIAN_POINT('',(0.231,-0.03992,0.000300000000000005));
#6537=CARTESIAN_POINT('',(0.231,-0.03992,0.000300000000000005));
#6538=CARTESIAN_POINT('',(0.231,0.06079,0.0253));
#6539=CARTESIAN_POINT('',(0.231,0.06079,0.0013));
#6540=CARTESIAN_POINT('',(0.150225,0.06079,0.0013));
#6541=CARTESIAN_POINT('',(0.157,0.06079,0.0013));
#6542=CARTESIAN_POINT('',(0.157,0.06079,0.0013));
#6543=CARTESIAN_POINT('',(0.157,0.06079,0.000300000000000005));
#6544=CARTESIAN_POINT('',(0.231,0.06079,0.000300000000000005));
#6545=CARTESIAN_POINT('',(0.231,0.06079,0.000300000000000005));
#6546=CARTESIAN_POINT('',(0.319775,0.06079,0.0253));
#6547=CARTESIAN_POINT('',(0.150225,0.06079,0.0253));
#6548=CARTESIAN_POINT('',(0.1635,-0.04092,-0.0067));
#6549=CARTESIAN_POINT('',(0.1635,-0.04092,-0.0057));
#6550=CARTESIAN_POINT('',(0.165,-0.04092,-0.0057));
#6551=CARTESIAN_POINT('',(0.157,-0.04092,-0.0057));
#6552=CARTESIAN_POINT('',(0.157,-0.04092,-0.0067));
#6553=CARTESIAN_POINT('',(0.157,-0.04092,-0.0007));
#6554=CARTESIAN_POINT('',(0.1635,-0.04092,-0.0007));
#6555=CARTESIAN_POINT('',(0.165,-0.04092,-0.0007));
#6556=CARTESIAN_POINT('',(0.165,-0.04092,-0.0067));
#6557=CARTESIAN_POINT('',(0.166,-0.04442,-0.0067));
#6558=CARTESIAN_POINT('',(0.166,-0.034245,-0.0067));
#6559=CARTESIAN_POINT('',(0.166,-0.0381879491924311,-0.0067));
#6560=CARTESIAN_POINT('',(0.166,-0.02157,-0.0067));
#6561=CARTESIAN_POINT('',(0.166,-0.03992,-0.0057));
#6562=CARTESIAN_POINT('',(0.166,-0.04192,-0.0057));
#6563=CARTESIAN_POINT('',(0.166,-0.04192,0.000300000000000005));
#6564=CARTESIAN_POINT('',(0.166,-0.04192,-0.0007));
#6565=CARTESIAN_POINT('',(0.166,-0.04242,-0.0007));
#6566=CARTESIAN_POINT('',(0.166,-0.04242,-0.0007));
#6567=CARTESIAN_POINT('',(0.166,-0.04242,-0.0067));
#6568=CARTESIAN_POINT('',(0.166,-0.04242,-0.0037));
#6569=CARTESIAN_POINT('',(0.166,-0.04442,-0.0037));
#6570=CARTESIAN_POINT('',(0.166,-0.04442,-0.0037));
#6571=CARTESIAN_POINT('',(0.166,-0.04442,-0.0067));
#6572=CARTESIAN_POINT('',(0.166,-0.04442,-0.0007));
#6573=CARTESIAN_POINT('',(0.166,-0.04792,-0.0007));
#6574=CARTESIAN_POINT('',(0.166,-0.04692,-0.0007));
#6575=CARTESIAN_POINT('',(0.166,-0.04692,-0.0067));
#6576=CARTESIAN_POINT('',(0.166,-0.04692,-0.0097));
#6577=CARTESIAN_POINT('',(0.166,-0.034245,-0.0097));
#6578=CARTESIAN_POINT('',(0.166,-0.02157,-0.0097));
#6579=CARTESIAN_POINT('',(0.166,-0.02157,-0.0067));
#6580=CARTESIAN_POINT('',(0.1635,-0.04792,-0.0067));
#6581=CARTESIAN_POINT('',(0.156,-0.04792,-0.0007));
#6582=CARTESIAN_POINT('',(0.165,-0.04792,-0.0007));
#6583=CARTESIAN_POINT('',(0.157,-0.04792,-0.0007));
#6584=CARTESIAN_POINT('',(0.157,-0.04792,-0.0097));
#6585=CARTESIAN_POINT('',(0.157,-0.04792,-0.0097));
#6586=CARTESIAN_POINT('',(0.161,-0.04792,-0.0097));
#6587=CARTESIAN_POINT('',(0.165,-0.04792,-0.0097));
#6588=CARTESIAN_POINT('',(0.165,-0.04792,-0.0067));
#6589=CARTESIAN_POINT('',(0.156,-0.04442,-0.0067));
#6590=CARTESIAN_POINT('',(0.156,-0.04692,0.000300000000000005));
#6591=CARTESIAN_POINT('',(0.156,-0.04692,-0.0097));
#6592=CARTESIAN_POINT('',(0.156,-0.04692,-0.0007));
#6593=CARTESIAN_POINT('',(0.156,-0.04442,-0.0007));
#6594=CARTESIAN_POINT('',(0.156,-0.04442,-0.0007));
#6595=CARTESIAN_POINT('',(0.156,-0.04442,-0.0067));
#6596=CARTESIAN_POINT('',(0.156,-0.04442,-0.0037));
#6597=CARTESIAN_POINT('',(0.156,-0.04442,-0.0037));
#6598=CARTESIAN_POINT('',(0.156,-0.04242,-0.0037));
#6599=CARTESIAN_POINT('',(0.156,-0.04242,-0.0067));
#6600=CARTESIAN_POINT('',(0.156,-0.04242,-0.0007));
#6601=CARTESIAN_POINT('',(0.156,-0.04442,-0.0007));
#6602=CARTESIAN_POINT('',(0.156,-0.04192,-0.0007));
#6603=CARTESIAN_POINT('',(0.156,-0.04192,-0.0067));
#6604=CARTESIAN_POINT('',(0.156,-0.04192,-0.0057));
#6605=CARTESIAN_POINT('',(0.156,-0.03992,-0.0057));
#6606=CARTESIAN_POINT('',(0.156,-0.0381879491924311,-0.0067));
#6607=CARTESIAN_POINT('',(0.156,-0.034245,-0.0067));
#6608=CARTESIAN_POINT('',(0.156,-0.02157,-0.0067));
#6609=CARTESIAN_POINT('',(0.156,-0.02157,-0.0067));
#6610=CARTESIAN_POINT('',(0.156,-0.02157,-0.0097));
#6611=CARTESIAN_POINT('',(0.156,-0.034245,-0.0097));
#6612=CARTESIAN_POINT('',(0.306,-0.04442,-0.0067));
#6613=CARTESIAN_POINT('',(0.306,-0.034245,-0.0067));
#6614=CARTESIAN_POINT('',(0.306,-0.0381879491924311,-0.0067));
#6615=CARTESIAN_POINT('',(0.306,-0.02157,-0.0067));
#6616=CARTESIAN_POINT('',(0.306,-0.03992,-0.0057));
#6617=CARTESIAN_POINT('',(0.306,-0.04192,-0.0057));
#6618=CARTESIAN_POINT('',(0.306,-0.04192,0.000300000000000005));
#6619=CARTESIAN_POINT('',(0.306,-0.04192,-0.0007));
#6620=CARTESIAN_POINT('',(0.306,-0.04242,-0.0007));
#6621=CARTESIAN_POINT('',(0.306,-0.04242,-0.0007));
#6622=CARTESIAN_POINT('',(0.306,-0.04242,-0.0067));
#6623=CARTESIAN_POINT('',(0.306,-0.04242,-0.0037));
#6624=CARTESIAN_POINT('',(0.306,-0.04442,-0.0037));
#6625=CARTESIAN_POINT('',(0.306,-0.04442,-0.0037));
#6626=CARTESIAN_POINT('',(0.306,-0.04442,-0.0067));
#6627=CARTESIAN_POINT('',(0.306,-0.04442,-0.0007));
#6628=CARTESIAN_POINT('',(0.306,-0.04792,-0.0007));
#6629=CARTESIAN_POINT('',(0.306,-0.04692,-0.0007));
#6630=CARTESIAN_POINT('',(0.306,-0.04692,-0.0067));
#6631=CARTESIAN_POINT('',(0.306,-0.04692,-0.0097));
#6632=CARTESIAN_POINT('',(0.306,-0.034245,-0.0097));
#6633=CARTESIAN_POINT('',(0.306,-0.02157,-0.0097));
#6634=CARTESIAN_POINT('',(0.306,-0.02157,-0.0067));
#6635=CARTESIAN_POINT('',(0.2985,-0.04792,-0.0067));
#6636=CARTESIAN_POINT('',(0.301,-0.04792,-0.0097));
#6637=CARTESIAN_POINT('',(0.305,-0.04792,-0.0097));
#6638=CARTESIAN_POINT('',(0.297,-0.04792,-0.0097));
#6639=CARTESIAN_POINT('',(0.305,-0.04792,-0.0067));
#6640=CARTESIAN_POINT('',(0.305,-0.04792,-0.0007));
#6641=CARTESIAN_POINT('',(0.296,-0.04792,-0.0007));
#6642=CARTESIAN_POINT('',(0.297,-0.04792,-0.0007));
#6643=CARTESIAN_POINT('',(0.297,-0.04792,-0.0097));
#6644=CARTESIAN_POINT('',(0.296,-0.04442,-0.0067));
#6645=CARTESIAN_POINT('',(0.296,-0.04692,0.000300000000000005));
#6646=CARTESIAN_POINT('',(0.296,-0.04692,-0.0097));
#6647=CARTESIAN_POINT('',(0.296,-0.04692,-0.0007));
#6648=CARTESIAN_POINT('',(0.296,-0.04442,-0.0007));
#6649=CARTESIAN_POINT('',(0.296,-0.04442,-0.0007));
#6650=CARTESIAN_POINT('',(0.296,-0.04442,-0.0067));
#6651=CARTESIAN_POINT('',(0.296,-0.04442,-0.0037));
#6652=CARTESIAN_POINT('',(0.296,-0.04442,-0.0037));
#6653=CARTESIAN_POINT('',(0.296,-0.04242,-0.0037));
#6654=CARTESIAN_POINT('',(0.296,-0.04242,-0.0067));
#6655=CARTESIAN_POINT('',(0.296,-0.04242,-0.0007));
#6656=CARTESIAN_POINT('',(0.296,-0.04442,-0.0007));
#6657=CARTESIAN_POINT('',(0.296,-0.04192,-0.0007));
#6658=CARTESIAN_POINT('',(0.296,-0.04192,-0.0067));
#6659=CARTESIAN_POINT('',(0.296,-0.04192,-0.0057));
#6660=CARTESIAN_POINT('',(0.296,-0.03992,-0.0057));
#6661=CARTESIAN_POINT('',(0.296,-0.0381879491924311,-0.0067));
#6662=CARTESIAN_POINT('',(0.296,-0.034245,-0.0067));
#6663=CARTESIAN_POINT('',(0.296,-0.02157,-0.0067));
#6664=CARTESIAN_POINT('',(0.296,-0.02157,-0.0067));
#6665=CARTESIAN_POINT('',(0.296,-0.02157,-0.0097));
#6666=CARTESIAN_POINT('',(0.296,-0.034245,-0.0097));
#6667=CARTESIAN_POINT('',(0.2985,-0.04092,-0.0067));
#6668=CARTESIAN_POINT('',(0.2985,-0.04092,-0.0057));
#6669=CARTESIAN_POINT('',(0.305,-0.04092,-0.0057));
#6670=CARTESIAN_POINT('',(0.297,-0.04092,-0.0057));
#6671=CARTESIAN_POINT('',(0.297,-0.04092,-0.0067));
#6672=CARTESIAN_POINT('',(0.297,-0.04092,-0.0007));
#6673=CARTESIAN_POINT('',(0.2985,-0.04092,-0.0007));
#6674=CARTESIAN_POINT('',(0.305,-0.04092,-0.0007));
#6675=CARTESIAN_POINT('',(0.305,-0.04092,-0.0067));
#6676=CARTESIAN_POINT('',(0.3035,0.06179,-0.0067));
#6677=CARTESIAN_POINT('',(0.296,0.06179,-0.0007));
#6678=CARTESIAN_POINT('',(0.305,0.06179,-0.0007));
#6679=CARTESIAN_POINT('',(0.297,0.06179,-0.0007));
#6680=CARTESIAN_POINT('',(0.297,0.06179,-0.0067));
#6681=CARTESIAN_POINT('',(0.297,0.06179,-0.0057));
#6682=CARTESIAN_POINT('',(0.306,0.06179,-0.0057));
#6683=CARTESIAN_POINT('',(0.305,0.06179,-0.0057));
#6684=CARTESIAN_POINT('',(0.305,0.06179,-0.0067));
#6685=CARTESIAN_POINT('',(0.3035,0.06879,-0.0067));
#6686=CARTESIAN_POINT('',(0.301,0.06879,-0.0097));
#6687=CARTESIAN_POINT('',(0.297,0.06879,-0.0097));
#6688=CARTESIAN_POINT('',(0.305,0.06879,-0.0097));
#6689=CARTESIAN_POINT('',(0.297,0.06879,-0.0067));
#6690=CARTESIAN_POINT('',(0.297,0.06879,-0.0007));
#6691=CARTESIAN_POINT('',(0.3035,0.06879,-0.0007));
#6692=CARTESIAN_POINT('',(0.305,0.06879,-0.0007));
#6693=CARTESIAN_POINT('',(0.305,0.06879,-0.0097));
#6694=CARTESIAN_POINT('',(0.1635,0.06179,-0.0067));
#6695=CARTESIAN_POINT('',(0.156,0.06179,-0.0007));
#6696=CARTESIAN_POINT('',(0.165,0.06179,-0.0007));
#6697=CARTESIAN_POINT('',(0.157,0.06179,-0.0007));
#6698=CARTESIAN_POINT('',(0.157,0.06179,-0.0067));
#6699=CARTESIAN_POINT('',(0.157,0.06179,-0.0057));
#6700=CARTESIAN_POINT('',(0.166,0.06179,-0.0057));
#6701=CARTESIAN_POINT('',(0.165,0.06179,-0.0057));
#6702=CARTESIAN_POINT('',(0.165,0.06179,-0.0067));
#6703=CARTESIAN_POINT('',(0.1635,0.06879,-0.0067));
#6704=CARTESIAN_POINT('',(0.1635,0.06879,-0.0097));
#6705=CARTESIAN_POINT('',(0.165,0.06879,-0.0097));
#6706=CARTESIAN_POINT('',(0.157,0.06879,-0.0097));
#6707=CARTESIAN_POINT('',(0.157,0.06879,-0.0067));
#6708=CARTESIAN_POINT('',(0.157,0.06879,-0.0007));
#6709=CARTESIAN_POINT('',(0.1635,0.06879,-0.0007));
#6710=CARTESIAN_POINT('',(0.165,0.06879,-0.0007));
#6711=CARTESIAN_POINT('',(0.165,0.06879,-0.0097));
#6712=CARTESIAN_POINT('',(0.231,0.010435,-0.0067));
#6713=CARTESIAN_POINT('',(0.156,0.06079,-0.0067));
#6714=CARTESIAN_POINT('',(0.165,0.06079,-0.0067));
#6715=CARTESIAN_POINT('',(0.157,0.06079,-0.0067));
#6716=CARTESIAN_POINT('',(0.156,0.0590579491924312,-0.0067));
#6717=CARTESIAN_POINT('',(0.156,0.0594046032983813,-0.0067));
#6718=CARTESIAN_POINT('',(0.156267154570762,0.060057836642182,-0.0067));
#6719=CARTESIAN_POINT('',(0.156758702272301,0.0605487010657975,-0.0067));
#6720=CARTESIAN_POINT('',(0.157,0.06079,-0.0067));
#6721=CARTESIAN_POINT('',(0.157,0.04229,-0.0067));
#6722=CARTESIAN_POINT('',(0.157,0.04129,-0.0067));
#6723=CARTESIAN_POINT('',(0.161,0.04129,-0.0067));
#6724=CARTESIAN_POINT('',(0.165,0.04129,-0.0067));
#6725=CARTESIAN_POINT('',(0.165,0.04229,-0.0067));
#6726=CARTESIAN_POINT('',(0.166,0.0590579491924312,-0.0067));
#6727=CARTESIAN_POINT('',(0.166,0.0594046032983813,-0.0067));
#6728=CARTESIAN_POINT('',(0.165732845429239,0.0600578366421824,-0.0067));
#6729=CARTESIAN_POINT('',(0.165241297727699,0.0605487010657967,-0.0067));
#6730=CARTESIAN_POINT('',(0.165,0.06079,-0.0067));
#6731=CARTESIAN_POINT('',(0.161,0.04129,-0.0097));
#6732=CARTESIAN_POINT('',(0.157,0.04129,-0.0097));
#6733=CARTESIAN_POINT('',(0.157,0.04129,-0.0097));
#6734=CARTESIAN_POINT('',(0.161,0.04129,-0.0097));
#6735=CARTESIAN_POINT('',(0.165,0.04129,-0.0097));
#6736=CARTESIAN_POINT('',(0.165,0.04129,-0.0067));
#6737=CARTESIAN_POINT('',(0.231,0.010435,-0.0097));
#6738=CARTESIAN_POINT('',(0.161,0.04579,-0.0097));
#6739=CARTESIAN_POINT('',(0.15875,0.04579,-0.0097));
#6740=CARTESIAN_POINT('',(0.157,0.04229,-0.0097));
#6741=CARTESIAN_POINT('',(0.157,0.06779,-0.0097));
#6742=CARTESIAN_POINT('',(0.165,0.06779,-0.0097));
#6743=CARTESIAN_POINT('',(0.165,0.04229,-0.0097));
#6744=CARTESIAN_POINT('',(0.231,0.010435,-0.0067));
#6745=CARTESIAN_POINT('',(0.296,0.06079,-0.0067));
#6746=CARTESIAN_POINT('',(0.305,0.06079,-0.0067));
#6747=CARTESIAN_POINT('',(0.297,0.06079,-0.0067));
#6748=CARTESIAN_POINT('',(0.296,0.0590579491924312,-0.0067));
#6749=CARTESIAN_POINT('',(0.296,0.0594046032983813,-0.0067));
#6750=CARTESIAN_POINT('',(0.296267154570763,0.0600578366421807,-0.0067));
#6751=CARTESIAN_POINT('',(0.296758702272298,0.0605487010658001,-0.0067));
#6752=CARTESIAN_POINT('',(0.297,0.06079,-0.0067));
#6753=CARTESIAN_POINT('',(0.297,0.04229,-0.0067));
#6754=CARTESIAN_POINT('',(0.297,0.04129,-0.0067));
#6755=CARTESIAN_POINT('',(0.301,0.04129,-0.0067));
#6756=CARTESIAN_POINT('',(0.305,0.04129,-0.0067));
#6757=CARTESIAN_POINT('',(0.305,0.04229,-0.0067));
#6758=CARTESIAN_POINT('',(0.306,0.0590579491924312,-0.0067));
#6759=CARTESIAN_POINT('',(0.306,0.0594046032983813,-0.0067));
#6760=CARTESIAN_POINT('',(0.305732845429236,0.0600578366421799,-0.0067));
#6761=CARTESIAN_POINT('',(0.305241297727704,0.0605487010658016,-0.0067));
#6762=CARTESIAN_POINT('',(0.305,0.06079,-0.0067));
#6763=CARTESIAN_POINT('',(0.301,0.04129,-0.0097));
#6764=CARTESIAN_POINT('',(0.301,0.04129,-0.0097));
#6765=CARTESIAN_POINT('',(0.297,0.04129,-0.0097));
#6766=CARTESIAN_POINT('',(0.305,0.04129,-0.0097));
#6767=CARTESIAN_POINT('',(0.305,0.04129,-0.0067));
#6768=CARTESIAN_POINT('',(0.297,0.04129,-0.0097));
#6769=CARTESIAN_POINT('',(0.231,0.010435,-0.0097));
#6770=CARTESIAN_POINT('',(0.301,0.04579,-0.0097));
#6771=CARTESIAN_POINT('',(0.29875,0.04579,-0.0097));
#6772=CARTESIAN_POINT('',(0.297,0.06779,-0.0097));
#6773=CARTESIAN_POINT('',(0.305,0.06779,-0.0097));
#6774=CARTESIAN_POINT('',(0.305,0.04229,-0.0097));
#6775=CARTESIAN_POINT('',(0.297,0.04229,-0.0097));
#6776=CARTESIAN_POINT('',(0.301,-0.02057,-0.0097));
#6777=CARTESIAN_POINT('',(0.301,-0.02057,-0.0097));
#6778=CARTESIAN_POINT('',(0.305,-0.02057,-0.0097));
#6779=CARTESIAN_POINT('',(0.297,-0.02057,-0.0097));
#6780=CARTESIAN_POINT('',(0.297,-0.02057,-0.0097));
#6781=CARTESIAN_POINT('',(0.297,-0.02057,-0.0067));
#6782=CARTESIAN_POINT('',(0.301,-0.02057,-0.0067));
#6783=CARTESIAN_POINT('',(0.305,-0.02057,-0.0067));
#6784=CARTESIAN_POINT('',(0.305,-0.02057,-0.0097));
#6785=CARTESIAN_POINT('',(0.231,0.010435,-0.0097));
#6786=CARTESIAN_POINT('',(0.301,-0.02492,-0.0097));
#6787=CARTESIAN_POINT('',(0.29875,-0.02492,-0.0097));
#6788=CARTESIAN_POINT('',(0.305,-0.04692,-0.0097));
#6789=CARTESIAN_POINT('',(0.297,-0.04692,-0.0097));
#6790=CARTESIAN_POINT('',(0.297,-0.02157,-0.0097));
#6791=CARTESIAN_POINT('',(0.305,-0.02157,-0.0097));
#6792=CARTESIAN_POINT('',(0.231,0.010435,-0.0067));
#6793=CARTESIAN_POINT('',(0.296,-0.0381879491924311,-0.0067));
#6794=CARTESIAN_POINT('',(0.296,-0.0385346032983812,-0.0067));
#6795=CARTESIAN_POINT('',(0.296267154570762,-0.039187836642182,-0.0067));
#6796=CARTESIAN_POINT('',(0.296758702272301,-0.0396787010657975,-0.0067));
#6797=CARTESIAN_POINT('',(0.297,-0.03992,-0.0067));
#6798=CARTESIAN_POINT('',(0.297,-0.03992,-0.0067));
#6799=CARTESIAN_POINT('',(0.231,-0.03992,-0.0067));
#6800=CARTESIAN_POINT('',(0.305,-0.03992,-0.0067));
#6801=CARTESIAN_POINT('',(0.306,-0.0381879491924311,-0.0067));
#6802=CARTESIAN_POINT('',(0.306,-0.0385346032983812,-0.0067));
#6803=CARTESIAN_POINT('',(0.305732845429238,-0.0391878366421812,-0.0067));
#6804=CARTESIAN_POINT('',(0.305241297727701,-0.039678701065799,-0.0067));
#6805=CARTESIAN_POINT('',(0.305,-0.03992,-0.0067));
#6806=CARTESIAN_POINT('',(0.305,-0.02157,-0.0067));
#6807=CARTESIAN_POINT('',(0.297,-0.02157,-0.0067));
#6808=CARTESIAN_POINT('',(0.161,-0.02057,-0.0097));
#6809=CARTESIAN_POINT('',(0.161,-0.02057,-0.0097));
#6810=CARTESIAN_POINT('',(0.165,-0.02057,-0.0097));
#6811=CARTESIAN_POINT('',(0.157,-0.02057,-0.0097));
#6812=CARTESIAN_POINT('',(0.157,-0.02057,-0.0097));
#6813=CARTESIAN_POINT('',(0.157,-0.02057,-0.0067));
#6814=CARTESIAN_POINT('',(0.161,-0.02057,-0.0067));
#6815=CARTESIAN_POINT('',(0.165,-0.02057,-0.0067));
#6816=CARTESIAN_POINT('',(0.165,-0.02057,-0.0097));
#6817=CARTESIAN_POINT('',(0.231,0.010435,-0.0097));
#6818=CARTESIAN_POINT('',(0.161,-0.02492,-0.0097));
#6819=CARTESIAN_POINT('',(0.15875,-0.02492,-0.0097));
#6820=CARTESIAN_POINT('',(0.157,-0.04692,-0.0097));
#6821=CARTESIAN_POINT('',(0.157,-0.02157,-0.0097));
#6822=CARTESIAN_POINT('',(0.165,-0.02157,-0.0097));
#6823=CARTESIAN_POINT('',(0.165,-0.04692,-0.0097));
#6824=CARTESIAN_POINT('',(0.231,0.010435,-0.0067));
#6825=CARTESIAN_POINT('',(0.156,-0.0381879491924311,-0.0067));
#6826=CARTESIAN_POINT('',(0.156,-0.0385346032983812,-0.0067));
#6827=CARTESIAN_POINT('',(0.156267154570761,-0.0391878366421826,-0.0067));
#6828=CARTESIAN_POINT('',(0.156758702272302,-0.0396787010657962,-0.0067));
#6829=CARTESIAN_POINT('',(0.157,-0.03992,-0.0067));
#6830=CARTESIAN_POINT('',(0.157,-0.03992,-0.0067));
#6831=CARTESIAN_POINT('',(0.231,-0.03992,-0.0067));
#6832=CARTESIAN_POINT('',(0.165,-0.03992,-0.0067));
#6833=CARTESIAN_POINT('',(0.166,-0.0381879491924311,-0.0067));
#6834=CARTESIAN_POINT('',(0.166,-0.0385346032983812,-0.0067));
#6835=CARTESIAN_POINT('',(0.165732845429239,-0.039187836642183,-0.0067));
#6836=CARTESIAN_POINT('',(0.165241297727697,-0.0396787010657954,-0.0067));
#6837=CARTESIAN_POINT('',(0.165,-0.03992,-0.0067));
#6838=CARTESIAN_POINT('',(0.165,-0.02157,-0.0067));
#6839=CARTESIAN_POINT('',(0.157,-0.02157,-0.0067));
#6840=CARTESIAN_POINT('',(0.231,-0.0156355,-0.0037));
#6841=CARTESIAN_POINT('',(0.231,0.06529,-0.0037));
#6842=CARTESIAN_POINT('',(0.231,0.06279,-0.0037));
#6843=CARTESIAN_POINT('',(0.231,0.06529,-0.0037));
#6844=CARTESIAN_POINT('',(0.231,0.06529,-0.0007));
#6845=CARTESIAN_POINT('',(0.231,0.06279,-0.0037));
#6846=CARTESIAN_POINT('',(0.167,0.06279,-0.0007));
#6847=CARTESIAN_POINT('',(0.166,0.06279,-0.0007));
#6848=CARTESIAN_POINT('',(0.166,0.06279,-0.0067));
#6849=CARTESIAN_POINT('',(0.296,0.06279,-0.0067));
#6850=CARTESIAN_POINT('',(0.296,0.06279,-0.0007));
#6851=CARTESIAN_POINT('',(0.295,0.06279,-0.0007));
#6852=CARTESIAN_POINT('',(0.231,-0.0156355,-0.0037));
#6853=CARTESIAN_POINT('',(0.231,0.06529,-0.0037));
#6854=CARTESIAN_POINT('',(0.231,0.06279,-0.0037));
#6855=CARTESIAN_POINT('',(0.231,0.06529,-0.0037));
#6856=CARTESIAN_POINT('',(0.231,0.06529,-0.0007));
#6857=CARTESIAN_POINT('',(0.231,0.06279,-0.0037));
#6858=CARTESIAN_POINT('',(0.156,0.06279,-0.0067));
#6859=CARTESIAN_POINT('',(0.156,0.06279,-0.0007));
#6860=CARTESIAN_POINT('',(0.155,0.06279,-0.0007));
#6861=CARTESIAN_POINT('',(0.155,0.06279,0.000300000000000005));
#6862=CARTESIAN_POINT('',(0.155,0.06279,0.0013));
#6863=CARTESIAN_POINT('',(0.155,0.06279,0.0013));
#6864=CARTESIAN_POINT('',(0.231,0.06279,0.0013));
#6865=CARTESIAN_POINT('',(0.231,0.06279,-0.0037));
#6866=CARTESIAN_POINT('',(0.307,0.06279,-0.0007));
#6867=CARTESIAN_POINT('',(0.306,0.06279,-0.0007));
#6868=CARTESIAN_POINT('',(0.306,0.06279,-0.0067));
#6869=CARTESIAN_POINT('',(0.231,0.06279,-0.0037));
#6870=CARTESIAN_POINT('',(0.231,0.06529,-0.0037));
#6871=CARTESIAN_POINT('',(0.231,0.06529,-0.0007));
#6872=CARTESIAN_POINT('',(0.231,0.06529,-0.0037));
#6873=CARTESIAN_POINT('',(0.231,-0.0156355,-0.0037));
#6874=CARTESIAN_POINT('',(0.231,-0.0156355,-0.0037));
#6875=CARTESIAN_POINT('',(0.231,-0.04242,-0.0037));
#6876=CARTESIAN_POINT('',(0.231,-0.04442,-0.0037));
#6877=CARTESIAN_POINT('',(0.231,-0.04442,-0.0037));
#6878=CARTESIAN_POINT('',(0.166,-0.04442,-0.0007));
#6879=CARTESIAN_POINT('',(0.231,-0.04242,-0.0037));
#6880=CARTESIAN_POINT('',(0.167,-0.04242,-0.0007));
#6881=CARTESIAN_POINT('',(0.295,-0.04242,-0.0007));
#6882=CARTESIAN_POINT('',(0.231,-0.0156355,-0.0037));
#6883=CARTESIAN_POINT('',(0.231,-0.04242,-0.0037));
#6884=CARTESIAN_POINT('',(0.231,-0.04442,-0.0037));
#6885=CARTESIAN_POINT('',(0.231,-0.04442,-0.0037));
#6886=CARTESIAN_POINT('',(0.306,-0.04442,-0.0007));
#6887=CARTESIAN_POINT('',(0.231,-0.04242,-0.0037));
#6888=CARTESIAN_POINT('',(0.307,-0.04242,-0.0007));
#6889=CARTESIAN_POINT('',(0.231,-0.04242,-0.0037));
#6890=CARTESIAN_POINT('',(0.231,-0.04242,0.0013));
#6891=CARTESIAN_POINT('',(0.155,-0.04242,0.0013));
#6892=CARTESIAN_POINT('',(0.155,-0.04242,0.0013));
#6893=CARTESIAN_POINT('',(0.155,-0.04242,0.000300000000000005));
#6894=CARTESIAN_POINT('',(0.155,-0.04242,-0.0007));
#6895=CARTESIAN_POINT('',(0.231,-0.04242,-0.0037));
#6896=CARTESIAN_POINT('',(0.231,-0.04442,-0.0037));
#6897=CARTESIAN_POINT('',(0.136207,-0.04442,-0.0007));
#6898=CARTESIAN_POINT('',(0.231,-0.04442,-0.0037));
#6899=CARTESIAN_POINT('',(0.231,-0.0156355,-0.0037));
#6900=CARTESIAN_POINT('',(0.313293,0.06629,-0.0007));
#6901=CARTESIAN_POINT('',(0.307,0.06629,-0.0007));
#6902=CARTESIAN_POINT('',(0.305,0.06779,-0.0067));
#6903=CARTESIAN_POINT('',(0.305,0.06779,-0.0007));
#6904=CARTESIAN_POINT('',(0.307,0.06529,-0.0007));
#6905=CARTESIAN_POINT('',(0.307,0.06779,-0.0007));
#6906=CARTESIAN_POINT('',(0.305,0.06779,-0.0007));
#6907=CARTESIAN_POINT('',(0.305,0.06979,-0.0007));
#6908=CARTESIAN_POINT('',(0.297,0.06779,-0.0067));
#6909=CARTESIAN_POINT('',(0.297,0.06779,-0.0007));
#6910=CARTESIAN_POINT('',(0.313293,0.06979,-0.0007));
#6911=CARTESIAN_POINT('',(0.297,0.06979,-0.0007));
#6912=CARTESIAN_POINT('',(0.297,0.06779,-0.0007));
#6913=CARTESIAN_POINT('',(0.295,0.06779,-0.0007));
#6914=CARTESIAN_POINT('',(0.295,-0.124561,-0.0007));
#6915=CARTESIAN_POINT('',(0.295,0.06629,-0.0007));
#6916=CARTESIAN_POINT('',(0.313293,0.06629,-0.0007));
#6917=CARTESIAN_POINT('',(0.167,0.06629,-0.0007));
#6918=CARTESIAN_POINT('',(0.165,0.06779,-0.0067));
#6919=CARTESIAN_POINT('',(0.165,0.06779,-0.0007));
#6920=CARTESIAN_POINT('',(0.167,0.06529,-0.0007));
#6921=CARTESIAN_POINT('',(0.167,0.06779,-0.0007));
#6922=CARTESIAN_POINT('',(0.165,0.06779,-0.0007));
#6923=CARTESIAN_POINT('',(0.165,0.06979,-0.0007));
#6924=CARTESIAN_POINT('',(0.157,0.06779,-0.0067));
#6925=CARTESIAN_POINT('',(0.157,0.06779,-0.0007));
#6926=CARTESIAN_POINT('',(0.313293,0.06979,-0.0007));
#6927=CARTESIAN_POINT('',(0.157,0.06979,-0.0007));
#6928=CARTESIAN_POINT('',(0.157,0.06779,-0.0007));
#6929=CARTESIAN_POINT('',(0.155,0.06779,-0.0007));
#6930=CARTESIAN_POINT('',(0.155,-0.124561,-0.0007));
#6931=CARTESIAN_POINT('',(0.155,0.06629,-0.0007));
#6932=CARTESIAN_POINT('',(0.313293,0.06629,-0.0007));
#6933=CARTESIAN_POINT('',(0.231,-0.04542,-0.0007));
#6934=CARTESIAN_POINT('',(0.155,-0.04542,-0.0007));
#6935=CARTESIAN_POINT('',(0.157,-0.04692,-0.0067));
#6936=CARTESIAN_POINT('',(0.157,-0.04692,-0.0007));
#6937=CARTESIAN_POINT('',(0.155,-0.124561,-0.0007));
#6938=CARTESIAN_POINT('',(0.155,-0.04692,-0.0007));
#6939=CARTESIAN_POINT('',(0.157,-0.04692,-0.0007));
#6940=CARTESIAN_POINT('',(0.157,-0.04892,-0.0007));
#6941=CARTESIAN_POINT('',(0.165,-0.04692,-0.0067));
#6942=CARTESIAN_POINT('',(0.165,-0.04692,-0.0007));
#6943=CARTESIAN_POINT('',(0.1635,-0.04892,-0.0007));
#6944=CARTESIAN_POINT('',(0.165,-0.04892,-0.0007));
#6945=CARTESIAN_POINT('',(0.165,-0.04692,-0.0007));
#6946=CARTESIAN_POINT('',(0.167,-0.04692,-0.0007));
#6947=CARTESIAN_POINT('',(0.167,-0.04442,-0.0007));
#6948=CARTESIAN_POINT('',(0.167,-0.04542,-0.0007));
#6949=CARTESIAN_POINT('',(0.231,-0.04542,-0.0007));
#6950=CARTESIAN_POINT('',(0.295,-0.04542,-0.0007));
#6951=CARTESIAN_POINT('',(0.297,-0.04692,-0.0067));
#6952=CARTESIAN_POINT('',(0.297,-0.04692,-0.0007));
#6953=CARTESIAN_POINT('',(0.295,-0.124561,-0.0007));
#6954=CARTESIAN_POINT('',(0.295,-0.04692,-0.0007));
#6955=CARTESIAN_POINT('',(0.297,-0.04692,-0.0007));
#6956=CARTESIAN_POINT('',(0.297,-0.04892,-0.0007));
#6957=CARTESIAN_POINT('',(0.305,-0.04692,-0.0067));
#6958=CARTESIAN_POINT('',(0.305,-0.04692,-0.0007));
#6959=CARTESIAN_POINT('',(0.2985,-0.04892,-0.0007));
#6960=CARTESIAN_POINT('',(0.305,-0.04892,-0.0007));
#6961=CARTESIAN_POINT('',(0.305,-0.04692,-0.0007));
#6962=CARTESIAN_POINT('',(0.307,-0.04692,-0.0007));
#6963=CARTESIAN_POINT('',(0.307,-0.04442,-0.0007));
#6964=CARTESIAN_POINT('',(0.307,-0.04542,-0.0007));
#6965=CARTESIAN_POINT('',(0.231,-0.04542,-0.0007));
#6966=CARTESIAN_POINT('',(0.165,-0.03992,-0.0057));
#6967=CARTESIAN_POINT('',(0.165,-0.03992,-0.0057));
#6968=CARTESIAN_POINT('',(0.165,-0.04192,-0.0057));
#6969=CARTESIAN_POINT('',(0.1635,-0.03992,-0.0057));
#6970=CARTESIAN_POINT('',(0.157,-0.03992,-0.0057));
#6971=CARTESIAN_POINT('',(0.165,-0.04192,-0.0067));
#6972=CARTESIAN_POINT('',(0.165,-0.04192,-0.0007));
#6973=CARTESIAN_POINT('',(0.167,-0.04442,-0.0007));
#6974=CARTESIAN_POINT('',(0.167,-0.04192,-0.0007));
#6975=CARTESIAN_POINT('',(0.157,-0.03992,-0.0057));
#6976=CARTESIAN_POINT('',(0.157,-0.04192,-0.0057));
#6977=CARTESIAN_POINT('',(0.165,-0.04192,-0.0007));
#6978=CARTESIAN_POINT('',(0.165,-0.03992,-0.0007));
#6979=CARTESIAN_POINT('',(0.157,-0.04192,-0.0067));
#6980=CARTESIAN_POINT('',(0.157,-0.04192,-0.0007));
#6981=CARTESIAN_POINT('',(0.313293,-0.03992,-0.0007));
#6982=CARTESIAN_POINT('',(0.157,-0.03992,-0.0007));
#6983=CARTESIAN_POINT('',(0.157,-0.04192,-0.0007));
#6984=CARTESIAN_POINT('',(0.155,-0.04192,-0.0007));
#6985=CARTESIAN_POINT('',(0.155,-0.04192,0.000300000000000005));
#6986=CARTESIAN_POINT('',(0.157,-0.04192,0.000300000000000005));
#6987=CARTESIAN_POINT('',(0.155,-0.124561,-0.0007));
#6988=CARTESIAN_POINT('',(0.155,-0.124561,0.000300000000000005));
#6989=CARTESIAN_POINT('',(0.157,0.06079,-0.0057));
#6990=CARTESIAN_POINT('',(0.157,0.06079,-0.0057));
#6991=CARTESIAN_POINT('',(0.157,0.06279,-0.0057));
#6992=CARTESIAN_POINT('',(0.231,0.06079,-0.0057));
#6993=CARTESIAN_POINT('',(0.165,0.06079,-0.0057));
#6994=CARTESIAN_POINT('',(0.157,0.06279,-0.0067));
#6995=CARTESIAN_POINT('',(0.157,0.06279,-0.0007));
#6996=CARTESIAN_POINT('',(0.165,0.06079,-0.0057));
#6997=CARTESIAN_POINT('',(0.165,0.06279,-0.0057));
#6998=CARTESIAN_POINT('',(0.157,0.06279,-0.0007));
#6999=CARTESIAN_POINT('',(0.157,0.06079,-0.0007));
#7000=CARTESIAN_POINT('',(0.157,0.06279,0.000300000000000005));
#7001=CARTESIAN_POINT('',(0.165,0.06279,-0.0067));
#7002=CARTESIAN_POINT('',(0.165,0.06279,-0.0007));
#7003=CARTESIAN_POINT('',(0.1635,0.06079,-0.0007));
#7004=CARTESIAN_POINT('',(0.165,0.06079,-0.0007));
#7005=CARTESIAN_POINT('',(0.165,0.06279,-0.0007));
#7006=CARTESIAN_POINT('',(0.305,0.06079,-0.0057));
#7007=CARTESIAN_POINT('',(0.305,0.06279,-0.0057));
#7008=CARTESIAN_POINT('',(0.305,0.06079,-0.0057));
#7009=CARTESIAN_POINT('',(0.305,0.06279,-0.0067));
#7010=CARTESIAN_POINT('',(0.305,0.06279,-0.0007));
#7011=CARTESIAN_POINT('',(0.231,0.06079,-0.0057));
#7012=CARTESIAN_POINT('',(0.297,0.06079,-0.0057));
#7013=CARTESIAN_POINT('',(0.305,0.06279,-0.0007));
#7014=CARTESIAN_POINT('',(0.305,0.06079,-0.0007));
#7015=CARTESIAN_POINT('',(0.297,0.06079,-0.0057));
#7016=CARTESIAN_POINT('',(0.297,0.06279,-0.0057));
#7017=CARTESIAN_POINT('',(0.3035,0.06079,-0.0007));
#7018=CARTESIAN_POINT('',(0.297,0.06079,-0.0007));
#7019=CARTESIAN_POINT('',(0.297,0.06279,-0.0067));
#7020=CARTESIAN_POINT('',(0.297,0.06279,-0.0007));
#7021=CARTESIAN_POINT('',(0.297,0.06279,-0.0007));
#7022=CARTESIAN_POINT('',(0.297,-0.03992,-0.0057));
#7023=CARTESIAN_POINT('',(0.297,-0.04192,-0.0057));
#7024=CARTESIAN_POINT('',(0.297,-0.03992,-0.0057));
#7025=CARTESIAN_POINT('',(0.295,-0.124561,-0.0007));
#7026=CARTESIAN_POINT('',(0.295,-0.04192,-0.0007));
#7027=CARTESIAN_POINT('',(0.297,-0.04192,-0.0067));
#7028=CARTESIAN_POINT('',(0.297,-0.04192,-0.0007));
#7029=CARTESIAN_POINT('',(0.2985,-0.03992,-0.0057));
#7030=CARTESIAN_POINT('',(0.305,-0.03992,-0.0057));
#7031=CARTESIAN_POINT('',(0.297,-0.04192,-0.0007));
#7032=CARTESIAN_POINT('',(0.297,-0.03992,-0.0007));
#7033=CARTESIAN_POINT('',(0.305,-0.03992,-0.0057));
#7034=CARTESIAN_POINT('',(0.305,-0.04192,-0.0057));
#7035=CARTESIAN_POINT('',(0.313293,-0.03992,-0.0007));
#7036=CARTESIAN_POINT('',(0.305,-0.03992,-0.0007));
#7037=CARTESIAN_POINT('',(0.305,-0.04192,-0.0067));
#7038=CARTESIAN_POINT('',(0.305,-0.04192,-0.0007));
#7039=CARTESIAN_POINT('',(0.305,-0.04192,-0.0007));
#7040=CARTESIAN_POINT('',(0.307,-0.04192,-0.0007));
#7041=CARTESIAN_POINT('',(0.307,-0.04442,-0.0007));
#7042=CARTESIAN_POINT('',(0.157,0.04229,-0.0067));
#7043=CARTESIAN_POINT('',(0.165,0.04229,-0.0097));
#7044=CARTESIAN_POINT('',(0.157,-0.02157,-0.0097));
#7045=CARTESIAN_POINT('',(0.165,-0.02157,-0.0067));
#7046=CARTESIAN_POINT('',(0.297,-0.02157,-0.0097));
#7047=CARTESIAN_POINT('',(0.305,-0.02157,-0.0067));
#7048=CARTESIAN_POINT('',(0.305,0.04229,-0.0097));
#7049=CARTESIAN_POINT('',(0.297,0.04229,-0.0067));
#7050=CARTESIAN_POINT('',(0.319775,0.010435,0.0253));
#7051=CARTESIAN_POINT('',(0.150225,0.010435,0.0253));
#7052=CARTESIAN_POINT('',(0.150225,0.010435,0.0013));
#7053=CARTESIAN_POINT('',(0.263029564888403,0.0919760698072612,0.000302000000000005));
#7054=CARTESIAN_POINT('',(0.263029564888403,0.0919760698072612,-0.0031));
#7055=CARTESIAN_POINT('',(0.259029564888403,0.0919760698072612,-0.0031));
#7056=CARTESIAN_POINT('',(0.263029564888403,0.0919760698072612,0.000300000000000005));
#7057=CARTESIAN_POINT('',(0.263029564888403,0.0919760698072612,0.000302000000000005));
#7058=CARTESIAN_POINT('',(0.263029564888403,0.0919760698072612,-0.0027));
#7059=CARTESIAN_POINT('',(0.261004564888403,0.0919760698072612,-0.0027));
#7060=CARTESIAN_POINT('',(0.263029564888403,0.0919760698072612,0.000300000000000005));
#7061=CARTESIAN_POINT('',(0.265054564888403,0.0919760698072612,0.000300000000000005));
#7062=CARTESIAN_POINT('',(0.282179564888403,0.0836010698072612,-0.0031));
#7063=CARTESIAN_POINT('',(0.263029564888403,0.0919760698072612,-0.0031));
#7064=CARTESIAN_POINT('',(0.260604564888403,0.0919760698072612,-0.0031));
#7065=CARTESIAN_POINT('',(0.313293,-0.124561,0.000300000000000005));
#7066=CARTESIAN_POINT('',(0.282179564888403,0.0836010698072612,-0.0031));
#7067=CARTESIAN_POINT('',(0.301329564888403,0.0919760698072612,-0.0031));
#7068=CARTESIAN_POINT('',(0.298904564888403,0.0919760698072612,-0.0031));
#7069=CARTESIAN_POINT('',(0.301329564888403,0.0919760698072612,-0.0031));
#7070=CARTESIAN_POINT('',(0.297329564888403,0.0919760698072612,-0.0031));
#7071=CARTESIAN_POINT('',(0.301329564888403,0.0919760698072612,0.000302000000000005));
#7072=CARTESIAN_POINT('',(0.301329564888403,0.0919760698072612,0.000302000000000005));
#7073=CARTESIAN_POINT('',(0.301329564888403,0.0919760698072612,-0.0027));
#7074=CARTESIAN_POINT('',(0.299304564888403,0.0919760698072612,-0.0027));
#7075=CARTESIAN_POINT('',(0.301329564888403,0.0919760698072612,0.000300000000000005));
#7076=CARTESIAN_POINT('',(0.303354564888403,0.0919760698072612,0.000300000000000005));
#7077=CARTESIAN_POINT('',(0.313293,-0.124561,0.000300000000000005));
#7078=CARTESIAN_POINT('',(0.265379564888403,0.0829260698072612,0.002802));
#7079=CARTESIAN_POINT('',(0.265379564888403,0.0829260698072612,0.0013));
#7080=CARTESIAN_POINT('',(0.270879564888403,0.0829260698072612,0.0013));
#7081=CARTESIAN_POINT('',(0.265379564888403,0.0829260698072612,0.000300000000000005));
#7082=CARTESIAN_POINT('',(0.265379564888403,0.0829260698072612,0.000300000000000005));
#7083=CARTESIAN_POINT('',(0.313293,0.09329,0.000302000000000005));
#7084=CARTESIAN_POINT('',(0.313293,0.09329,0.000302000000000005));
#7085=CARTESIAN_POINT('',(0.313293,0.09329,-0.01259));
#7086=CARTESIAN_POINT('',(0.311243,0.09329,-0.01259));
#7087=CARTESIAN_POINT('',(0.313293,0.09329,-0.00599));
#7088=CARTESIAN_POINT('',(0.311243,0.09329,-0.00599));
#7089=CARTESIAN_POINT('',(0.313293,-0.124561,0.000302000000000005));
#7090=CARTESIAN_POINT('',(0.313293,-0.124561,0.000302000000000005));
#7091=CARTESIAN_POINT('',(0.313293,-0.124561,0.000302000000000005));
#7092=CARTESIAN_POINT('',(0.313293,-0.124561,-0.01259));
#7093=CARTESIAN_POINT('',(0.311243,-0.124561,-0.01259));
#7094=CARTESIAN_POINT('',(0.313293,-0.124561,-0.00599));
#7095=CARTESIAN_POINT('',(0.311243,-0.124561,-0.00599));
#7096=CARTESIAN_POINT('',(0.148707,0.09329,0.000302000000000005));
#7097=CARTESIAN_POINT('',(0.148707,0.09329,0.000302000000000005));
#7098=CARTESIAN_POINT('',(0.148707,0.09329,-0.01259));
#7099=CARTESIAN_POINT('',(0.146657,0.09329,-0.01259));
#7100=CARTESIAN_POINT('',(0.148707,0.09329,-0.00599));
#7101=CARTESIAN_POINT('',(0.146657,0.09329,-0.00599));
#7102=CARTESIAN_POINT('',(0.148707,-0.124561,0.000302000000000005));
#7103=CARTESIAN_POINT('',(0.148707,-0.124561,0.000302000000000005));
#7104=CARTESIAN_POINT('',(0.148707,-0.124561,0.000302000000000005));
#7105=CARTESIAN_POINT('',(0.148707,-0.124561,-0.01259));
#7106=CARTESIAN_POINT('',(0.146657,-0.124561,-0.01259));
#7107=CARTESIAN_POINT('',(0.148707,-0.124561,-0.00599));
#7108=CARTESIAN_POINT('',(0.146657,-0.124561,-0.00599));
#7109=CARTESIAN_POINT('',(0.148707,-0.124561,-0.01259));
#7110=CARTESIAN_POINT('',(0.148707,0.09329,-0.01259));
#7111=CARTESIAN_POINT('',(0.313293,-0.124561,-0.01259));
#7112=CARTESIAN_POINT('',(0.313293,0.09329,-0.01259));
#7113=CARTESIAN_POINT('',(0.263029564888403,0.0919760698072612,-0.0027));
#7114=CARTESIAN_POINT('',(0.301329564888403,0.0919760698072612,-0.0027));
#7115=CARTESIAN_POINT('',(0.148707,-0.124561,-0.00599));
#7116=CARTESIAN_POINT('',(0.148707,0.09329,-0.00599));
#7117=CARTESIAN_POINT('',(0.313293,-0.124561,-0.00599));
#7118=CARTESIAN_POINT('',(0.313293,0.09329,-0.00599));
#7119=CARTESIAN_POINT('',(0.157,-0.04192,0.0013));
#7120=CARTESIAN_POINT('',(0.155,-0.04192,0.0013));
#7121=CARTESIAN_POINT('',(0.155,-0.04192,0.0013));
#7122=CARTESIAN_POINT('',(0.157,-0.04192,0.0013));
#7123=CARTESIAN_POINT('',(0.155,-0.124561,0.0013));
#7124=CARTESIAN_POINT('',(0.155,-0.124561,0.0013));
#7125=CARTESIAN_POINT('',(0.157,0.06279,0.0013));
#7126=CARTESIAN_POINT('',(0.157,0.06279,0.0013));
#7127=CARTESIAN_POINT('',(0.313293,-0.124561,0.0013));
#7128=CARTESIAN_POINT('',(0.161,-0.02492,-0.0082));
#7129=CARTESIAN_POINT('',(0.161,-0.02492,-0.0082));
#7130=CARTESIAN_POINT('',(0.15875,-0.02492,-0.0082));
#7131=CARTESIAN_POINT('',(0.229625,0.02081,-0.0082));
#7132=CARTESIAN_POINT('',(0.301,-0.02492,-0.0082));
#7133=CARTESIAN_POINT('',(0.301,-0.02492,-0.0082));
#7134=CARTESIAN_POINT('',(0.29875,-0.02492,-0.0082));
#7135=CARTESIAN_POINT('',(0.229625,0.02081,-0.0082));
#7136=CARTESIAN_POINT('',(0.301,0.04579,-0.0082));
#7137=CARTESIAN_POINT('',(0.301,0.04579,-0.0082));
#7138=CARTESIAN_POINT('',(0.29875,0.04579,-0.0082));
#7139=CARTESIAN_POINT('',(0.229625,0.02081,-0.0082));
#7140=CARTESIAN_POINT('',(0.161,0.04579,-0.0082));
#7141=CARTESIAN_POINT('',(0.161,0.04579,-0.0082));
#7142=CARTESIAN_POINT('',(0.15875,0.04579,-0.0082));
#7143=CARTESIAN_POINT('',(0.229625,0.02081,-0.0082));
#7144=CARTESIAN_POINT('',(0.231,0.09459,0.0008));
#7145=CARTESIAN_POINT('',(0.22525,0.09459,-0.00495));
#7146=CARTESIAN_POINT('',(0.2185,0.09459,0.0018));
#7147=CARTESIAN_POINT('',(0.231,0.09459,0.0018));
#7148=CARTESIAN_POINT('',(0.2435,0.09459,0.0018));
#7149=CARTESIAN_POINT('',(0.2435,0.09459,0.0008));
#7150=CARTESIAN_POINT('',(0.2185,0.08309,0.0008));
#7151=CARTESIAN_POINT('',(0.2185,0.07159,0.0018));
#7152=CARTESIAN_POINT('',(0.2185,0.07159,0.0018));
#7153=CARTESIAN_POINT('',(0.2185,0.07259,0.0008));
#7154=CARTESIAN_POINT('',(0.2185,0.07259,-0.0242));
#7155=CARTESIAN_POINT('',(0.2185,0.09359,-0.0242));
#7156=CARTESIAN_POINT('',(0.2185,0.09359,0.0008));
#7157=CARTESIAN_POINT('',(0.2185,0.09359,0.0008));
#7158=CARTESIAN_POINT('',(0.2185,0.07159,0.0018));
#7159=CARTESIAN_POINT('',(0.231,0.07159,0.0008));
#7160=CARTESIAN_POINT('',(0.2435,0.07159,0.0008));
#7161=CARTESIAN_POINT('',(0.2435,0.07159,0.0018));
#7162=CARTESIAN_POINT('',(0.2185,0.07159,0.0018));
#7163=CARTESIAN_POINT('',(0.2185,0.07159,0.0018));
#7164=CARTESIAN_POINT('',(0.2435,0.08309,0.0008));
#7165=CARTESIAN_POINT('',(0.2435,0.07159,0.0018));
#7166=CARTESIAN_POINT('',(0.231,0.07159,0.0018));
#7167=CARTESIAN_POINT('',(0.239666666666667,0.0754233333333333,-0.00203333333333333));
#7168=CARTESIAN_POINT('',(0.2425,0.07259,0.0008));
#7169=CARTESIAN_POINT('',(0.2435,0.07259,0.0008));
#7170=CARTESIAN_POINT('',(0.2435,0.08309,0.0018));
#7171=CARTESIAN_POINT('',(0.238666666666666,0.0897566666666667,-0.00303333333333332));
#7172=CARTESIAN_POINT('',(0.2425,0.09359,0.0008));
#7173=CARTESIAN_POINT('',(0.2425,0.09459,0.0008));
#7174=CARTESIAN_POINT('',(0.231,0.09359,0.0008));
#7175=CARTESIAN_POINT('',(0.231,0.09359,0.0008));
#7176=CARTESIAN_POINT('',(0.2185,0.08309,0.0018));
#7177=CARTESIAN_POINT('',(0.2425,0.09459,-0.0242));
#7178=CARTESIAN_POINT('',(0.2425,0.07259,-0.0242));
#7179=CARTESIAN_POINT('',(0.2425,0.09359,-0.0242));
#7180=CARTESIAN_POINT('',(0.231,0.09359,-0.0242));
#7181=CARTESIAN_POINT('',(0.2435,0.07259,-0.0242));
#7182=CARTESIAN_POINT('',(0.265379564888403,0.0829260698072612,0.0013));
#7183=MECHANICAL_DESIGN_GEOMETRIC_PRESENTATION_REPRESENTATION('',(#4184),
#7184);
#7184=(
GEOMETRIC_REPRESENTATION_CONTEXT(3)
GLOBAL_UNCERTAINTY_ASSIGNED_CONTEXT((#7185))
GLOBAL_UNIT_ASSIGNED_CONTEXT((#7188,#7187,#7186))
REPRESENTATION_CONTEXT('Front-Display2-Included-Mount',
'TOP_LEVEL_ASSEMBLY_PART')
);
#7185=UNCERTAINTY_MEASURE_WITH_UNIT(LENGTH_MEASURE(2.E-5),#7188,
'DISTANCE_ACCURACY_VALUE','Maximum Tolerance applied to model');
#7186=(
NAMED_UNIT(*)
SI_UNIT($,.STERADIAN.)
SOLID_ANGLE_UNIT()
);
#7187=(
NAMED_UNIT(*)
PLANE_ANGLE_UNIT()
SI_UNIT($,.RADIAN.)
);
#7188=(
LENGTH_UNIT()
NAMED_UNIT(*)
SI_UNIT($,.METRE.)
);
#7189=PRODUCT_DEFINITION_SHAPE('','',#7190);
#7190=PRODUCT_DEFINITION('','',#7192,#7191);
#7191=PRODUCT_DEFINITION_CONTEXT('',#7198,'design');
#7192=PRODUCT_DEFINITION_FORMATION_WITH_SPECIFIED_SOURCE('','',#7194,
 .NOT_KNOWN.);
#7193=PRODUCT_RELATED_PRODUCT_CATEGORY('','',(#7194));
#7194=PRODUCT('Front-Display2-Included-Mount',
'Front-Display2-Included-Mount','Front-Display2-Included-Mount',(#7196));
#7195=PRODUCT_CATEGORY('','');
#7196=PRODUCT_CONTEXT('',#7198,'mechanical');
#7197=APPLICATION_PROTOCOL_DEFINITION('international standard',
'ap242_managed_model_based_3d_engineering',2020,#7198);
#7198=APPLICATION_CONTEXT('managed model based 3d engineering');
ENDSEC;
END-ISO-10303-21;
